date,temp_max_f,temp_min_f,temp_mean_f,apparent_temp_max_f,apparent_temp_min_f,apparent_temp_mean_f,pressure_msl_mean_hpa,pressure_msl_max_hpa,pressure_msl_min_hpa,humidity_mean_pct,humidity_max_pct,humidity_min_pct,wind_speed_max_mph,wind_speed_mean_mph,precipitation_mm
2006-04-01,85.4,68.5,75.0,84.3,70.4,75.9,1014.8,1017.0,1011.7,77,98,47,16.7,12.6,0.6
2006-04-02,86.3,69.5,76.5,88.2,70.7,78.1,1013.4,1015.0,1011.8,71,95,45,13.4,10.1,0.0
2006-04-03,86.3,65.7,74.4,90.6,65.8,76.6,1017.5,1020.0,1015.0,69,98,44,10.0,6.6,0.0
2006-04-04,86.3,63.1,73.4,87.3,60.6,72.3,1017.9,1021.2,1014.2,53,70,38,12.2,7.3,0.0
2006-04-05,86.2,67.4,74.5,84.0,67.1,73.1,1012.1,1015.8,1008.0,64,89,36,15.7,12.9,0.0
2006-04-06,89.6,65.9,76.4,89.3,65.8,75.8,1005.1,1008.8,1001.7,65,92,35,17.6,12.3,0.0
2006-04-07,92.6,65.9,77.5,85.6,57.8,73.9,1006.1,1012.9,1003.0,44,98,7,18.0,8.9,0.0
2006-04-08,75.4,56.2,65.4,70.5,47.6,58.9,1018.0,1020.9,1014.1,42,55,31,15.5,11.8,0.0
2006-04-09,80.4,52.9,67.4,80.0,50.1,65.0,1018.5,1021.2,1015.5,48,82,25,7.3,4.6,0.0
2006-04-10,82.6,56.4,69.6,78.4,55.1,65.6,1016.4,1018.6,1013.5,49,89,21,12.9,9.1,0.0
2006-04-11,81.8,60.2,70.7,80.0,58.1,67.8,1017.7,1020.0,1015.8,59,88,36,12.9,10.4,0.0
2006-04-12,80.4,64.0,71.5,79.8,63.7,71.5,1021.4,1023.2,1019.6,68,86,47,10.3,8.2,0.1
2006-04-13,85.9,64.9,74.2,86.1,66.4,74.4,1020.9,1023.3,1017.8,65,98,34,11.3,8.0,0.0
2006-04-14,88.0,59.2,73.1,84.9,58.2,70.7,1015.2,1019.2,1010.5,58,94,28,15.4,11.3,0.0
2006-04-15,91.8,66.0,76.1,88.3,63.9,73.9,1008.4,1012.6,1004.0,63,89,28,17.0,15.3,0.0
2006-04-16,93.4,67.0,79.2,96.3,68.5,80.4,1007.1,1009.3,1004.6,62,93,35,15.0,10.1,0.0
2006-04-17,97.7,70.5,82.3,100.8,73.4,84.7,1006.7,1009.3,1003.6,61,93,28,13.2,9.1,0.0
2006-04-18,96.4,68.1,81.5,99.5,71.2,84.3,1006.1,1007.4,1002.3,62,94,31,12.3,8.1,0.0
2006-04-19,94.2,70.1,81.6,97.4,74.4,84.9,1008.4,1011.6,1005.1,61,89,34,13.0,7.0,0.0
2006-04-20,88.4,70.6,77.3,88.2,74.8,80.2,1010.7,1012.9,1007.7,69,90,38,13.8,7.3,3.1
2006-04-21,83.5,64.9,72.4,86.1,67.0,74.5,1014.0,1016.7,1011.3,71,97,40,9.2,5.3,18.0
2006-04-22,87.2,61.3,75.0,90.2,61.7,76.4,1016.0,1018.8,1013.1,60,89,36,10.4,6.0,0.0
2006-04-23,87.1,68.5,77.1,86.0,71.2,77.8,1013.9,1016.4,1011.0,66,91,42,13.3,10.5,0.0
2006-04-24,83.1,71.2,77.0,86.1,72.7,79.5,1010.3,1012.4,1008.1,74,89,58,11.8,10.4,0.5
2006-04-25,81.9,63.1,73.5,85.5,61.4,75.7,1011.3,1015.3,1008.7,77,92,53,12.1,8.8,8.1
2006-04-26,75.4,58.9,65.7,74.7,53.8,63.1,1017.0,1019.4,1015.0,62,86,43,12.1,8.8,2.8
2006-04-27,77.7,55.7,67.9,77.4,54.4,66.7,1016.4,1019.0,1013.1,63,89,44,12.2,6.6,0.0
2006-04-28,86.0,66.8,75.7,84.1,68.6,75.8,1009.2,1012.6,1004.6,73,93,49,19.5,14.1,0.2
2006-04-29,80.0,64.8,72.8,77.3,62.3,71.4,1008.7,1013.5,1004.6,61,92,33,19.9,11.0,7.0
2006-04-30,87.8,55.2,72.6,85.6,52.8,69.2,1013.4,1015.5,1010.5,44,83,17,12.9,7.4,0.0
2006-05-01,91.7,61.9,76.5,92.0,61.9,75.8,1013.3,1015.1,1011.0,57,90,28,12.9,10.3,0.0
2006-05-02,88.1,71.4,78.0,94.2,74.5,80.6,1014.2,1016.2,1011.1,71,94,47,14.6,10.3,3.0
2006-05-03,89.1,71.7,78.6,91.6,73.7,79.7,1013.3,1014.9,1010.7,66,89,40,14.8,11.6,0.7
2006-05-04,89.9,69.2,78.5,94.2,74.7,81.9,1012.8,1015.3,1008.6,69,92,43,11.1,6.8,4.9
2006-05-05,88.6,68.9,78.2,93.1,71.1,82.0,1011.5,1014.6,1008.3,69,98,39,11.9,6.2,0.2
2006-05-06,81.2,68.8,73.4,87.5,72.9,78.2,1009.5,1012.3,1008.0,82,97,60,11.0,4.5,16.9
2006-05-07,79.9,67.3,72.6,82.7,70.1,75.1,1011.8,1014.1,1009.5,77,93,58,9.0,6.9,0.2
2006-05-08,84.9,70.3,78.2,90.3,72.5,82.5,1009.3,1011.7,1006.5,73,90,57,9.0,6.7,0.3
2006-05-09,94.1,73.8,83.1,101.7,79.5,88.8,1005.4,1007.5,1002.7,71,98,45,13.2,8.9,0.0
2006-05-10,89.2,69.6,79.8,92.9,64.7,81.3,1008.0,1017.7,1003.8,66,94,45,19.5,12.7,0.0
2006-05-11,81.8,60.3,71.3,78.2,57.8,67.1,1019.1,1022.2,1016.5,41,68,19,12.1,8.6,0.0
2006-05-12,87.7,58.9,74.0,84.9,57.2,70.3,1014.6,1017.9,1010.5,37,65,18,12.3,6.7,0.0
2006-05-13,94.1,64.2,78.9,95.2,62.2,78.4,1010.2,1012.4,1006.8,53,77,32,14.4,10.6,0.0
2006-05-14,83.4,71.7,76.2,89.5,74.4,80.1,1012.2,1017.3,1008.4,78,90,64,13.8,8.2,0.8
2006-05-15,81.0,65.6,72.4,77.2,62.4,69.8,1019.9,1021.5,1017.5,52,95,26,13.7,9.5,0.0
2006-05-16,87.3,57.6,73.1,81.6,55.7,69.7,1017.8,1021.1,1013.6,42,76,17,13.6,7.1,0.0
2006-05-17,88.2,60.3,75.3,86.9,57.4,73.1,1014.9,1016.7,1012.5,37,62,18,7.4,4.5,0.0
2006-05-18,92.6,61.1,78.3,95.2,59.3,76.8,1013.5,1015.7,1010.6,36,66,17,7.7,4.3,0.0
2006-05-19,97.4,68.2,82.7,97.4,68.6,81.6,1011.7,1013.4,1009.1,44,73,20,14.5,9.0,0.0
2006-05-20,94.4,69.2,81.1,95.1,70.7,80.9,1011.8,1013.6,1009.6,53,84,28,14.0,10.8,0.0
2006-05-21,91.8,68.0,79.4,91.9,69.0,79.3,1012.0,1013.7,1009.3,56,91,26,12.0,10.1,0.0
2006-05-22,92.1,71.8,81.2,91.2,76.2,83.0,1013.5,1015.3,1011.4,60,92,29,12.3,9.0,0.0
2006-05-23,92.0,72.3,81.9,93.1,76.0,83.4,1015.0,1016.9,1013.3,60,91,36,13.2,10.5,0.0
2006-05-24,93.9,71.9,82.1,94.9,75.3,83.5,1014.7,1016.8,1011.7,59,88,33,13.2,10.2,0.0
2006-05-25,93.5,73.0,82.5,93.6,76.3,84.1,1012.1,1015.2,1008.0,61,90,33,13.0,10.6,0.0
2006-05-26,94.8,72.7,83.0,94.2,76.1,83.8,1009.3,1011.6,1005.6,60,91,32,14.7,12.8,0.0
2006-05-27,93.9,73.9,82.8,94.1,77.5,83.9,1008.8,1010.7,1005.5,62,89,36,15.4,13.2,0.3
2006-05-28,88.9,75.5,81.4,91.7,79.9,85.3,1011.2,1012.9,1009.5,71,89,51,14.1,10.8,1.4
2006-05-29,91.1,71.9,78.9,98.0,76.9,84.0,1013.2,1015.1,1011.2,77,96,49,11.8,8.4,4.8
2006-05-30,86.4,74.1,78.4,91.2,78.7,83.4,1014.3,1015.9,1012.1,76,90,52,11.6,6.7,1.2
2006-05-31,84.3,69.0,76.1,84.4,73.8,78.7,1016.2,1017.4,1014.6,71,97,45,13.8,7.5,0.5
2006-06-01,82.4,68.6,74.6,86.2,72.2,78.3,1016.8,1018.7,1014.9,76,93,54,8.9,5.6,8.1
2006-06-02,88.3,69.3,79.4,92.2,73.3,83.3,1015.8,1017.7,1013.5,64,89,43,7.2,4.9,0.0
2006-06-03,92.7,69.7,81.7,95.6,74.2,85.0,1014.1,1016.6,1011.2,57,90,29,6.8,4.5,0.0
2006-06-04,93.9,71.4,83.1,97.8,75.3,85.8,1011.8,1014.2,1009.1,56,84,33,9.6,7.4,0.0
2006-06-05,95.0,72.3,83.5,98.1,76.0,86.2,1011.6,1013.3,1010.2,57,88,32,11.6,8.9,0.0
2006-06-06,95.8,71.6,83.6,97.7,74.9,85.9,1012.1,1014.1,1010.0,55,83,30,10.6,8.6,0.0
2006-06-07,97.2,73.1,85.0,103.2,77.6,89.0,1012.8,1015.0,1010.6,58,86,34,11.0,7.2,0.0
2006-06-08,97.3,76.1,86.7,101.2,80.5,89.7,1014.0,1016.1,1011.8,46,68,28,7.8,4.5,0.0
2006-06-09,97.1,75.3,86.7,100.9,79.8,89.4,1013.1,1015.6,1010.4,48,73,29,10.1,6.6,0.0
2006-06-10,96.5,74.8,86.0,97.6,76.2,86.3,1009.9,1011.8,1007.0,43,62,24,12.5,9.0,0.0
2006-06-11,95.6,72.8,83.9,99.9,76.6,86.5,1008.9,1010.6,1007.3,57,90,32,10.8,9.0,0.0
2006-06-12,97.6,72.6,85.3,100.1,76.9,87.7,1012.6,1013.9,1011.0,49,88,23,8.5,5.5,0.0
2006-06-13,101.5,75.0,89.1,105.4,77.1,91.3,1013.6,1015.5,1011.0,39,61,24,7.9,4.4,0.0
2006-06-14,97.2,78.8,88.0,100.0,79.1,88.6,1013.5,1015.9,1010.7,39,59,21,9.5,7.4,0.0
2006-06-15,93.9,74.8,84.3,94.3,80.7,86.5,1012.4,1014.1,1009.5,59,88,34,14.8,10.9,0.0
2006-06-16,93.1,75.9,82.1,94.5,80.5,85.1,1011.0,1012.8,1008.4,71,89,43,16.9,13.4,1.9
2006-06-17,94.0,77.3,83.7,97.6,81.9,89.1,1011.8,1014.8,1009.4,70,91,45,15.1,9.6,4.0
2006-06-18,94.6,76.9,85.1,102.0,84.4,91.7,1013.6,1015.1,1011.9,65,95,32,9.2,4.6,0.2
2006-06-19,97.6,74.3,84.9,101.8,82.0,89.6,1013.9,1015.1,1012.1,61,94,29,14.4,6.6,0.0
2006-06-20,87.7,74.1,79.5,91.1,80.6,84.4,1014.6,1016.4,1012.6,73,87,50,11.0,7.2,2.0
2006-06-21,92.8,75.3,82.3,97.8,80.9,86.6,1014.8,1016.4,1012.9,69,91,46,13.5,10.1,1.2
2006-06-22,92.6,75.3,82.2,97.4,81.6,87.4,1017.3,1018.7,1015.3,71,93,44,10.8,8.7,1.5
2006-06-23,93.2,75.4,84.1,99.1,82.3,89.9,1017.0,1019.3,1014.0,64,92,39,8.2,5.5,0.3
2006-06-24,92.9,78.3,83.8,100.4,83.9,88.7,1016.9,1019.4,1014.8,58,79,40,7.0,4.0,0.7
2006-06-25,95.9,76.0,86.0,100.5,81.5,88.4,1016.1,1018.0,1013.5,47,74,28,10.5,5.3,0.0
2006-06-26,94.1,74.3,85.2,94.0,72.3,83.0,1016.1,1017.7,1014.7,33,46,23,11.0,8.3,0.0
2006-06-27,93.1,71.9,83.1,93.4,69.8,81.2,1018.2,1020.0,1017.0,30,48,18,6.6,5.4,0.0
2006-06-28,94.1,71.7,83.1,95.0,70.4,82.3,1019.6,1021.8,1017.7,36,57,22,7.9,5.3,0.0
2006-06-29,92.1,72.6,82.8,93.9,76.3,84.2,1019.4,1021.5,1016.5,46,78,26,8.3,4.7,0.0
2006-06-30,94.3,73.2,84.2,97.0,77.2,86.1,1017.1,1019.3,1013.9,48,81,24,10.9,5.5,0.0
2006-07-01,91.5,74.8,80.3,96.5,80.4,86.0,1018.0,1019.2,1016.6,71,92,41,8.9,5.2,5.7
2006-07-02,86.5,73.5,79.3,92.1,79.5,84.3,1019.1,1020.7,1017.3,71,94,49,10.7,5.6,1.0
2006-07-03,89.5,73.2,80.8,95.1,80.2,86.5,1017.8,1019.6,1015.2,70,93,48,9.3,5.4,1.1
2006-07-04,87.8,72.7,78.4,96.9,79.5,85.8,1015.9,1017.8,1012.8,81,96,59,7.6,4.4,15.1
2006-07-05,87.6,72.4,78.5,97.3,80.8,87.0,1014.3,1015.8,1011.9,85,100,59,6.0,3.5,8.7
2006-07-06,86.7,73.6,79.5,92.1,80.5,85.8,1016.7,1018.7,1015.2,79,96,59,10.4,7.3,1.4
2006-07-07,89.1,75.0,81.5,93.1,80.4,86.2,1018.6,1020.1,1016.8,67,88,45,10.0,7.0,0.2
2006-07-08,91.2,73.7,81.2,99.2,80.3,88.1,1017.4,1019.6,1014.4,74,91,49,8.3,5.1,1.5
2006-07-09,91.7,75.0,82.0,99.3,82.3,88.5,1014.6,1016.6,1012.1,74,92,49,12.2,7.5,0.7
2006-07-10,94.0,75.7,84.1,97.2,82.2,88.6,1013.6,1015.5,1011.2,67,91,41,13.9,10.7,0.9
2006-07-11,97.1,76.4,85.4,98.6,82.5,88.7,1014.8,1016.1,1012.8,63,91,34,14.3,12.0,0.0
2006-07-12,98.6,76.1,85.8,101.3,81.7,89.5,1015.7,1017.7,1013.0,61,90,29,11.7,10.4,0.0
2006-07-13,98.0,76.7,86.2,101.8,83.3,90.9,1015.0,1016.7,1012.7,61,89,34,11.0,9.3,0.6
2006-07-14,95.1,76.4,84.9,100.8,83.2,90.3,1015.6,1017.6,1014.2,64,90,38,9.7,7.5,0.8
2006-07-15,98.5,76.8,87.7,103.6,84.2,92.6,1017.9,1019.9,1015.5,54,86,31,7.9,5.6,0.3
2006-07-16,100.2,79.1,89.6,106.8,86.6,95.2,1016.9,1019.5,1013.7,52,78,33,9.1,5.3,0.1
2006-07-17,101.9,79.9,90.8,106.1,86.6,95.3,1014.7,1016.7,1012.0,49,74,26,9.6,6.7,0.0
2006-07-18,103.2,80.7,91.4,105.0,87.2,95.0,1014.1,1015.7,1011.8,46,71,22,10.6,6.7,0.0
2006-07-19,99.8,78.5,88.7,104.6,85.8,93.5,1014.8,1016.5,1012.5,52,80,32,9.4,6.2,0.0
2006-07-20,96.4,78.6,87.6,103.7,85.8,92.1,1016.3,1018.1,1014.5,53,79,33,9.0,5.6,0.0
2006-07-21,98.1,78.0,88.4,104.3,86.1,93.7,1015.2,1017.4,1012.7,53,83,33,8.1,5.1,0.0
2006-07-22,99.8,80.5,88.7,105.6,86.3,93.6,1013.7,1015.4,1011.5,51,70,29,7.4,5.1,1.8
2006-07-23,100.2,81.8,90.1,102.0,85.4,92.3,1012.0,1013.9,1008.9,42,65,21,8.8,5.9,0.0
2006-07-24,95.5,77.7,86.4,97.9,85.4,90.7,1012.2,1013.5,1010.0,57,83,33,12.6,7.4,0.0
2006-07-25,93.1,77.3,83.7,97.5,82.7,88.1,1012.7,1014.2,1010.7,64,84,41,11.4,8.6,0.2
2006-07-26,92.9,76.7,83.3,99.3,81.5,89.0,1010.8,1012.6,1008.7,66,81,44,10.4,5.7,0.2
2006-07-27,94.2,77.3,85.0,98.6,84.1,89.2,1012.2,1015.1,1010.4,66,93,38,15.0,11.3,3.1
2006-07-28,98.5,77.3,86.4,101.4,83.9,90.2,1015.8,1017.6,1013.9,61,90,34,13.4,10.9,0.3
2006-07-29,98.2,77.7,86.5,103.1,84.3,91.0,1016.5,1018.5,1013.2,62,88,35,12.7,10.0,0.2
2006-07-30,98.0,76.4,86.3,102.4,83.2,90.8,1013.6,1016.1,1010.0,61,89,35,11.4,9.0,0.0
2006-07-31,98.2,77.7,86.7,100.7,84.0,90.1,1011.8,1013.1,1009.4,60,87,34,14.8,11.5,0.0
2006-08-01,98.4,78.2,87.0,100.0,83.8,89.9,1013.8,1015.8,1012.3,59,85,32,13.9,12.0,0.0
2006-08-02,96.0,77.5,86.1,99.4,83.3,89.9,1015.0,1016.7,1012.3,62,88,38,13.4,11.0,0.2
2006-08-03,98.9,77.5,87.4,103.0,84.5,91.8,1014.9,1017.0,1011.7,58,89,28,12.0,8.3,0.0
2006-08-04,100.2,77.4,87.7,105.1,85.4,92.9,1015.2,1017.5,1011.5,58,89,28,13.3,6.9,0.0
2006-08-05,99.8,78.1,89.1,102.9,86.1,93.7,1013.6,1016.0,1010.6,52,83,28,9.2,6.1,0.0
2006-08-06,99.5,78.6,87.5,103.4,85.8,92.2,1014.4,1015.7,1012.6,55,79,30,9.3,5.9,1.4
2006-08-07,94.8,77.5,85.4,99.5,84.4,90.5,1017.3,1019.3,1015.8,61,85,37,9.2,6.5,0.0
2006-08-08,98.0,77.3,87.3,104.2,85.2,92.7,1018.1,1020.2,1015.5,57,86,34,10.9,6.7,0.0
2006-08-09,100.2,78.6,88.9,104.4,86.3,93.6,1016.6,1018.9,1013.0,55,84,30,11.0,7.4,0.0
2006-08-10,101.7,78.7,89.2,106.4,84.7,93.3,1013.5,1016.4,1009.8,53,80,28,13.6,8.6,0.0
2006-08-11,101.0,78.3,88.5,106.0,84.3,92.6,1010.7,1012.7,1007.7,54,79,31,12.5,8.9,0.0
2006-08-12,100.0,78.9,88.3,103.6,84.7,91.8,1010.9,1012.3,1008.6,54,80,31,12.8,9.7,0.0
2006-08-13,99.4,77.3,87.4,101.2,82.9,90.2,1013.2,1015.0,1011.0,56,84,32,12.9,11.2,0.3
2006-08-14,100.3,77.7,88.3,102.6,84.2,92.4,1014.9,1017.2,1012.0,56,87,28,11.3,8.6,0.0
2006-08-15,101.4,78.2,89.7,104.2,85.7,93.8,1014.4,1016.2,1011.5,52,85,25,10.9,7.8,0.0
2006-08-16,103.2,78.1,90.6,106.0,85.8,94.5,1014.4,1016.6,1011.4,51,87,23,11.7,7.9,0.0
2006-08-17,102.2,78.4,90.9,104.7,83.4,94.0,1014.4,1016.6,1011.4,45,73,24,9.7,6.7,0.0
2006-08-18,100.6,83.1,91.7,103.6,89.6,95.2,1013.4,1015.1,1010.7,45,65,30,12.4,7.1,0.0
2006-08-19,97.4,81.3,89.4,100.5,89.1,94.1,1013.2,1015.2,1010.7,51,73,36,9.0,6.0,0.0
2006-08-20,99.5,80.8,90.1,104.4,89.3,95.5,1013.5,1015.6,1010.7,51,76,30,9.6,5.2,0.0
2006-08-21,100.2,80.6,90.4,104.7,88.8,95.1,1015.4,1017.3,1013.1,49,76,28,9.2,5.5,0.0
2006-08-22,99.7,80.2,89.5,104.4,87.6,94.2,1017.0,1019.4,1013.6,50,75,29,11.6,5.9,0.0
2006-08-23,98.1,81.3,88.9,105.9,87.8,94.3,1015.2,1017.7,1011.5,53,72,35,9.9,6.3,0.4
2006-08-24,100.9,80.0,89.6,107.7,86.0,94.6,1010.5,1013.3,1006.8,53,74,33,11.9,7.3,0.1
2006-08-25,101.6,79.6,89.3,105.7,85.4,93.4,1009.2,1011.3,1006.0,54,79,30,12.8,9.4,0.8
2006-08-26,100.7,80.2,89.0,104.8,87.4,93.3,1010.3,1012.5,1007.4,57,84,31,14.0,10.2,0.0
2006-08-27,99.5,80.0,88.4,104.5,86.7,93.3,1012.0,1014.2,1008.6,59,84,35,14.3,9.7,0.4
2006-08-28,96.2,80.2,87.9,102.2,85.7,92.8,1013.1,1014.2,1011.5,57,81,36,13.0,7.3,0.0
2006-08-29,88.2,78.5,82.7,92.7,85.1,88.9,1014.8,1017.0,1013.2,66,82,52,6.4,4.5,10.1
2006-08-30,92.8,73.9,83.2,95.5,77.1,85.9,1014.4,1017.2,1011.3,51,77,30,7.4,5.0,0.0
2006-08-31,98.0,72.6,85.7,100.5,73.1,86.2,1013.2,1015.8,1010.5,36,56,20,7.3,3.8,0.0
2006-09-01,99.5,76.1,88.5,103.3,78.8,89.6,1012.9,1015.2,1010.2,39,66,20,7.6,5.2,0.0
2006-09-02,97.9,79.1,88.3,100.7,80.7,89.5,1013.6,1015.3,1011.7,40,58,25,8.2,5.6,0.0
2006-09-03,92.4,79.2,86.5,97.8,83.5,89.5,1015.4,1017.2,1013.7,45,65,35,7.4,3.8,0.0
2006-09-04,90.8,79.0,84.7,93.0,79.4,86.5,1016.3,1018.6,1014.7,46,60,35,11.6,4.9,0.0
2006-09-05,80.8,70.1,75.3,82.4,72.6,77.4,1019.3,1021.5,1018.0,67,86,50,7.9,5.8,2.5
2006-09-06,88.3,69.2,78.4,86.9,68.3,77.4,1017.4,1019.8,1014.6,45,74,24,9.2,6.6,0.0
2006-09-07,91.7,68.0,80.2,93.5,66.7,79.4,1014.4,1016.8,1011.3,39,58,23,6.5,4.8,0.0
2006-09-08,90.7,71.9,80.5,91.6,73.4,81.7,1014.5,1016.0,1012.6,47,69,30,7.2,3.8,1.1
2006-09-09,83.0,72.8,76.6,88.4,79.0,82.0,1013.6,1015.6,1011.4,77,93,59,7.4,4.7,9.3
2006-09-10,89.9,71.5,80.7,97.4,77.6,86.8,1012.2,1013.8,1008.8,69,93,46,7.9,3.8,0.5
2006-09-11,89.6,74.5,81.6,97.0,83.2,88.8,1014.2,1015.6,1012.6,71,96,51,7.5,3.6,3.5
2006-09-12,90.1,72.2,81.5,96.8,78.6,87.1,1015.2,1016.9,1013.7,65,94,42,6.4,3.4,0.0
2006-09-13,89.1,73.4,80.6,89.9,71.9,80.4,1014.2,1016.7,1011.5,44,69,28,9.1,6.1,0.0
2006-09-14,93.9,66.5,81.0,94.7,64.0,80.0,1012.0,1014.1,1009.7,37,77,22,10.3,4.9,0.0
2006-09-15,94.3,75.3,83.7,98.7,81.5,88.4,1011.9,1014.2,1009.0,66,89,43,11.5,8.6,0.6
2006-09-16,95.6,78.1,85.6,99.5,85.2,90.3,1011.2,1013.3,1008.5,67,91,44,13.3,11.3,0.3
2006-09-17,89.0,76.4,80.7,93.5,85.4,87.7,1009.4,1011.0,1006.5,83,98,57,13.4,8.7,5.7
2006-09-18,84.7,68.9,76.3,87.0,68.7,79.4,1012.0,1015.9,1008.7,68,99,42,9.4,5.8,5.0
2006-09-19,85.6,63.2,74.2,84.1,60.8,72.0,1017.7,1020.3,1016.1,43,66,23,7.7,6.0,0.0
2006-09-20,87.6,66.0,76.1,85.5,64.7,74.0,1015.2,1017.8,1011.8,45,65,24,10.7,7.2,0.0
2006-09-21,94.4,66.5,80.1,92.7,67.4,80.6,1006.3,1011.9,1001.3,62,85,35,16.5,11.6,0.0
2006-09-22,96.3,77.3,84.8,97.8,82.0,88.3,1004.3,1005.7,1002.7,70,91,40,18.4,14.8,0.0
2006-09-23,91.8,74.1,81.4,96.7,80.7,87.2,1008.6,1013.5,1006.2,79,95,54,17.6,10.4,18.9
2006-09-24,78.5,68.1,73.6,79.8,65.0,69.9,1018.3,1021.1,1014.2,49,97,34,15.0,11.3,2.5
2006-09-25,81.2,61.1,70.8,80.8,59.4,69.7,1021.5,1024.2,1018.6,51,71,32,5.5,4.5,0.0
2006-09-26,85.9,61.2,73.3,87.4,61.4,72.8,1019.7,1022.5,1016.6,52,83,29,8.6,4.5,0.0
2006-09-27,91.4,65.5,77.9,89.3,63.9,76.5,1014.4,1017.1,1010.8,51,71,30,13.3,10.0,0.0
2006-09-28,85.8,69.6,77.4,82.5,65.6,75.5,1016.2,1018.6,1012.6,47,78,26,15.8,9.2,0.0
2006-09-29,88.9,64.0,76.0,89.7,60.1,74.9,1015.8,1018.8,1011.8,45,77,33,9.6,6.8,0.0
2006-09-30,91.7,72.7,81.0,93.0,77.9,83.8,1014.7,1016.4,1012.8,66,95,37,10.5,9.3,0.0
2006-10-01,91.0,72.8,81.0,91.9,77.6,83.8,1017.4,1019.6,1015.9,67,94,39,12.7,9.9,0.1
2006-10-02,91.5,72.4,80.8,92.5,77.8,83.3,1018.7,1020.8,1016.4,64,93,32,10.9,8.6,0.0
2006-10-03,90.0,72.8,80.3,90.8,78.4,83.2,1018.9,1020.5,1016.5,65,96,36,9.3,7.7,0.0
2006-10-04,90.6,69.2,79.4,92.8,74.5,83.1,1019.6,1021.6,1018.1,63,96,33,6.4,4.1,0.0
2006-10-05,92.1,69.0,81.1,93.6,72.2,83.2,1020.2,1022.8,1018.0,52,86,28,5.7,4.4,0.0
2006-10-06,93.3,70.6,81.7,95.1,73.1,83.3,1019.7,1022.2,1017.5,52,75,28,7.3,5.4,0.0
2006-10-07,87.2,68.6,77.3,89.1,68.0,76.8,1019.0,1021.2,1016.5,47,66,32,7.0,5.7,0.0
2006-10-08,86.5,65.7,75.3,85.3,64.9,73.7,1017.6,1020.1,1015.0,43,64,23,7.9,4.6,0.0
2006-10-09,85.9,64.7,75.3,88.2,62.3,75.6,1016.1,1018.4,1013.6,53,82,36,8.1,4.9,0.0
2006-10-10,81.4,70.0,74.3,84.2,74.3,78.4,1013.2,1015.5,1011.2,82,99,57,11.1,7.1,10.6
2006-10-11,88.8,61.3,74.6,88.8,62.9,75.7,1011.3,1013.2,1008.9,63,93,31,9.9,5.5,0.0
2006-10-12,87.0,64.6,74.7,92.7,60.8,77.4,1010.4,1014.2,1007.1,75,96,53,12.0,8.0,6.6
2006-10-13,76.4,57.2,66.7,75.3,52.2,64.3,1015.2,1017.7,1013.4,59,72,34,10.0,7.8,0.0
2006-10-14,82.2,64.4,71.8,81.7,64.1,71.8,1014.7,1017.7,1012.1,65,83,48,10.1,7.2,2.1
2006-10-15,76.4,69.7,73.1,84.6,71.5,78.3,1005.8,1012.1,1000.9,92,97,84,10.0,7.4,7.7
2006-10-16,81.1,68.0,75.4,87.2,70.3,80.1,999.2,1002.4,996.8,81,99,51,9.6,6.2,2.9
2006-10-17,90.0,62.0,75.6,87.5,61.5,75.4,1005.0,1006.9,1002.5,60,90,27,11.2,7.7,0.0
2006-10-18,86.8,70.5,76.3,95.0,72.8,82.8,1007.8,1010.4,1005.0,88,100,64,13.9,6.1,4.0
2006-10-19,70.1,55.7,61.9,70.9,48.9,55.9,1014.6,1017.2,1010.8,54,86,35,16.6,11.5,0.0
2006-10-20,72.7,49.0,60.5,69.1,45.2,56.5,1013.8,1017.3,1009.6,53,80,32,8.3,5.6,0.0
2006-10-21,84.7,58.4,68.8,87.1,54.1,67.6,1011.2,1018.0,1008.6,64,82,45,16.1,7.3,0.0
2006-10-22,65.6,49.7,57.4,57.9,39.9,49.4,1023.3,1025.8,1019.1,47,64,30,15.9,12.2,0.0
2006-10-23,69.7,47.7,58.4,63.5,43.0,52.8,1024.9,1028.0,1022.2,43,64,22,7.0,5.5,0.0
2006-10-24,73.7,54.2,64.2,70.0,51.0,60.9,1019.7,1022.7,1016.6,63,77,51,13.5,8.8,0.1
2006-10-25,70.5,66.4,69.2,77.0,64.1,71.8,1013.4,1016.7,1010.6,88,97,69,11.9,7.2,23.9
2006-10-26,86.2,70.4,76.2,91.4,73.4,81.0,1009.6,1011.7,1006.6,83,98,57,10.9,8.0,0.8
2006-10-27,71.5,57.6,65.1,69.7,48.0,56.3,1016.2,1021.6,1011.4,41,75,19,22.1,16.1,0.0
2006-10-28,74.4,52.9,62.9,72.7,46.7,58.4,1021.9,1025.1,1019.7,42,57,29,9.7,5.4,0.0
2006-10-29,77.7,50.9,63.9,72.0,46.4,59.2,1017.3,1020.2,1014.2,52,82,29,12.8,8.7,0.0
2006-10-30,79.3,59.1,68.4,75.9,56.2,66.2,1012.3,1014.7,1009.2,71,89,46,17.1,11.6,0.0
2006-10-31,81.2,64.1,71.4,83.8,59.2,71.8,1013.8,1016.8,1012.0,71,96,48,11.9,7.9,0.0
2006-11-01,63.4,54.3,57.1,58.6,47.9,52.0,1019.6,1023.9,1016.5,64,74,50,11.1,9.1,2.6
2006-11-02,62.7,50.2,56.5,55.8,43.1,49.6,1026.5,1029.1,1023.6,52,65,41,13.2,10.4,0.0
2006-11-03,62.7,44.7,53.6,57.4,38.9,47.8,1027.4,1030.7,1024.1,46,59,33,8.3,5.4,0.0
2006-11-04,68.8,52.6,61.6,67.7,48.8,58.5,1021.9,1025.0,1019.5,64,74,56,10.0,7.3,0.7
2006-11-05,74.2,62.7,67.7,76.0,62.0,68.5,1017.8,1020.2,1014.7,81,97,64,9.4,7.4,0.0
2006-11-06,75.7,61.1,67.9,78.2,62.8,70.6,1015.8,1017.2,1013.7,86,100,66,7.7,4.9,13.7
2006-11-07,77.2,53.1,64.4,76.5,52.5,64.1,1015.2,1018.0,1012.4,72,97,37,6.5,3.8,0.0
2006-11-08,83.1,58.3,69.1,80.9,55.5,67.3,1008.9,1012.9,1005.3,65,86,42,12.4,9.3,0.0
2006-11-09,83.8,65.8,73.5,84.8,66.1,75.1,1006.3,1007.7,1004.4,81,98,55,14.0,11.4,0.0
2006-11-10,86.1,63.5,75.2,88.7,55.0,76.1,1011.2,1021.0,1007.3,70,98,40,18.1,10.8,0.0
2006-11-11,63.3,47.8,56.5,56.1,42.2,48.9,1024.9,1027.8,1021.6,47,66,33,16.1,10.8,0.0
2006-11-12,69.1,42.7,55.8,62.7,38.2,50.9,1019.7,1024.3,1015.6,62,83,35,10.9,7.4,0.0
2006-11-13,73.7,57.5,64.8,71.4,57.9,63.6,1016.0,1018.9,1012.6,67,95,38,8.1,4.8,0.0
2006-11-14,83.6,64.2,73.6,81.0,63.5,73.7,1005.1,1012.6,998.3,71,96,42,13.8,10.3,0.0
2006-11-15,71.9,53.7,62.1,70.6,42.5,50.5,1010.0,1017.3,999.4,32,66,23,26.8,19.1,0.0
2006-11-16,65.2,46.6,54.4,57.1,37.5,45.7,1017.6,1020.8,1015.4,27,36,15,12.7,8.5,0.0
2006-11-17,72.2,43.1,56.4,63.2,35.9,49.0,1016.0,1018.5,1014.1,34,69,15,11.7,6.9,0.0
2006-11-18,72.7,45.2,58.3,70.3,41.9,55.2,1020.7,1022.8,1018.8,62,90,34,6.2,3.9,0.0
2006-11-19,69.0,47.8,57.5,63.2,43.5,52.6,1027.0,1029.8,1023.1,50,86,27,8.8,5.1,0.0
2006-11-20,64.1,44.4,53.3,57.6,38.7,47.2,1031.5,1033.8,1029.2,44,64,26,6.5,5.4,0.0
2006-11-21,67.8,40.2,52.9,59.5,34.2,46.1,1029.5,1032.6,1025.8,43,67,23,9.4,6.4,0.0
2006-11-22,73.0,44.8,57.9,66.1,40.5,52.3,1023.3,1025.6,1020.3,56,88,30,11.5,8.0,0.0
2006-11-23,76.9,51.2,62.6,71.2,49.2,59.5,1020.3,1022.5,1018.0,71,97,31,10.7,8.4,0.0
2006-11-24,75.9,57.5,64.4,71.5,55.8,62.1,1019.0,1021.0,1016.7,73,97,40,12.0,8.7,0.0
2006-11-25,74.5,55.2,63.7,69.8,54.1,61.0,1018.2,1020.2,1016.2,71,96,41,12.1,8.7,0.0
2006-11-26,75.3,57.8,66.1,71.0,56.9,64.0,1018.6,1020.8,1016.6,69,92,39,11.6,8.1,0.0
2006-11-27,74.6,63.1,67.4,73.4,63.0,67.8,1016.8,1019.4,1013.8,86,97,61,12.5,9.9,0.4
2006-11-28,81.9,66.1,71.6,80.3,67.1,71.8,1013.3,1015.1,1011.0,77,96,44,13.8,10.7,0.3
2006-11-29,78.4,67.4,71.7,78.0,68.4,72.3,1010.4,1013.0,1007.6,84,96,65,15.2,13.1,2.5
2006-11-30,69.5,35.4,45.5,69.3,23.7,35.7,1019.4,1028.1,1007.9,67,100,34,23.2,17.1,10.3
2006-12-01,56.6,32.4,43.7,50.5,25.0,36.5,1026.0,1028.4,1023.0,41,63,26,12.2,4.9,0.0
2006-12-02,57.8,36.9,46.2,50.2,30.8,39.7,1026.5,1029.7,1024.5,50,77,28,6.9,5.0,0.0
2006-12-03,51.2,38.6,43.7,39.8,29.9,34.4,1035.7,1040.3,1030.1,50,67,35,15.8,10.9,0.0
2006-12-04,51.6,30.8,41.1,45.5,23.6,34.0,1037.3,1040.7,1033.3,46,71,26,7.4,4.6,0.0
2006-12-05,59.9,34.4,46.8,50.7,27.8,39.2,1028.2,1032.7,1023.3,45,69,26,10.4,6.9,0.0
2006-12-06,71.9,46.8,57.9,69.9,40.8,54.4,1021.2,1023.4,1018.7,69,92,46,10.3,6.7,0.0
2006-12-07,58.6,42.6,53.4,50.2,31.8,44.6,1031.8,1038.3,1024.5,50,72,27,16.0,12.8,0.0
2006-12-08,46.7,34.1,40.9,39.0,24.3,32.2,1038.0,1040.8,1035.1,29,40,20,11.2,6.3,0.0
2006-12-09,51.5,40.4,45.8,42.8,32.6,37.7,1030.7,1034.6,1027.4,31,48,22,8.6,5.8,0.0
2006-12-10,53.9,46.1,49.8,52.3,39.8,46.6,1024.0,1027.5,1021.2,82,98,51,6.6,4.7,1.0
2006-12-11,69.2,54.6,60.8,67.3,53.1,59.8,1020.2,1021.6,1018.8,88,96,69,11.7,7.7,0.0
2006-12-12,71.9,50.3,58.7,63.2,44.6,53.1,1021.7,1023.8,1020.2,52,95,16,9.8,7.0,0.0
2006-12-13,73.9,49.9,59.4,66.8,43.9,53.3,1020.8,1023.4,1017.8,34,56,17,8.1,4.6,0.0
2006-12-14,74.6,48.4,60.3,72.1,44.9,58.4,1016.8,1018.8,1014.0,77,97,49,10.4,6.9,0.0
2006-12-15,74.5,58.9,65.7,71.9,58.6,65.6,1014.1,1015.8,1011.9,82,99,53,11.9,8.0,0.0
2006-12-16,76.4,60.1,66.2,73.9,59.4,64.7,1013.8,1015.8,1011.5,80,99,49,15.7,10.7,0.1
2006-12-17,78.1,61.9,68.7,75.8,61.2,68.3,1016.7,1018.8,1015.2,79,98,47,13.3,10.0,0.1
2006-12-18,76.9,64.7,68.9,76.0,66.5,70.3,1020.4,1022.8,1018.8,84,99,50,10.3,7.7,1.1
2006-12-19,69.3,63.4,65.7,70.8,62.9,67.0,1020.8,1023.6,1016.1,91,100,77,12.4,8.1,7.7
2006-12-20,67.4,53.8,62.5,69.5,49.1,60.3,1014.3,1016.0,1012.9,71,100,31,14.6,8.4,5.1
2006-12-21,63.8,45.2,54.0,59.6,41.6,50.0,1016.3,1018.2,1014.3,60,84,29,6.7,3.2,0.5
2006-12-22,61.2,40.2,50.3,56.8,34.4,44.6,1018.6,1021.6,1016.7,49,73,32,8.0,4.4,0.0
2006-12-23,57.0,40.2,47.6,48.3,34.1,40.9,1021.6,1023.9,1019.4,68,91,39,13.4,8.8,8.0
2006-12-24,47.2,45.3,46.0,42.1,39.8,41.1,1019.1,1022.6,1015.3,92,95,84,10.4,7.8,24.1
2006-12-25,54.1,41.7,46.3,41.5,33.0,36.7,1020.2,1024.1,1015.1,58,96,24,18.8,13.5,0.5
2006-12-26,57.5,32.5,44.4,51.4,25.4,37.7,1023.6,1026.6,1021.2,48,74,33,7.3,4.7,0.0
2006-12-27,63.9,38.0,50.3,56.2,31.2,43.4,1018.1,1022.3,1014.0,64,87,43,15.4,10.2,0.0
2006-12-28,70.7,50.3,60.4,65.6,45.8,56.0,1011.1,1014.5,1008.5,82,95,58,22.8,14.2,0.2
2006-12-29,69.7,52.8,63.4,69.2,49.2,61.8,1012.0,1014.9,1008.7,89,100,70,16.0,12.2,9.4
2006-12-30,62.4,45.9,53.2,58.1,41.2,49.2,1016.3,1019.1,1014.7,71,92,40,7.0,5.4,6.0
2006-12-31,57.6,42.6,48.7,48.6,36.1,41.7,1021.3,1025.2,1019.1,59,88,40,13.5,8.3,0.0
2007-01-01,52.7,37.0,43.4,45.9,29.1,36.3,1026.6,1029.0,1025.4,55,76,43,10.2,6.6,0.0
2007-01-02,52.8,33.3,43.3,47.5,27.3,37.6,1027.3,1029.9,1025.2,68,90,48,6.0,4.6,0.0
2007-01-03,53.2,47.5,49.9,47.8,42.4,45.0,1023.4,1026.8,1019.3,63,91,55,7.9,4.7,2.9
2007-01-04,65.1,44.9,53.8,60.7,41.4,50.0,1011.8,1018.6,1007.3,78,97,48,10.1,6.6,16.1
2007-01-05,74.1,45.5,57.4,71.3,41.0,54.0,1007.6,1010.1,1005.8,72,97,37,7.8,6.5,0.0
2007-01-06,52.8,48.7,50.6,51.2,42.6,45.6,1016.8,1020.5,1010.5,86,95,72,14.6,9.7,6.8
2007-01-07,60.5,42.2,50.7,52.2,35.9,43.6,1022.5,1028.6,1018.8,62,93,37,15.2,9.9,1.2
2007-01-08,60.4,33.8,46.6,53.5,27.7,40.3,1027.2,1029.2,1024.0,54,79,34,8.3,5.4,0.0
2007-01-09,61.5,38.5,48.6,55.6,32.4,42.7,1031.6,1035.2,1028.7,64,86,38,10.0,6.7,0.0
2007-01-10,64.6,39.4,52.3,56.5,34.5,46.3,1025.1,1030.6,1020.3,70,92,49,17.5,9.9,0.0
2007-01-11,68.8,53.1,60.9,65.4,49.0,57.1,1018.3,1020.8,1016.0,79,91,65,17.8,12.1,0.0
2007-01-12,70.7,62.6,66.2,72.9,60.2,66.4,1017.8,1019.7,1016.3,89,95,82,13.6,10.2,2.5
2007-01-13,69.1,45.7,59.2,71.8,40.7,58.2,1018.1,1020.2,1015.6,98,100,95,12.9,10.2,50.6
2007-01-14,53.7,40.3,45.5,53.3,32.5,41.0,1018.6,1021.7,1015.4,95,99,86,12.8,7.3,6.8
2007-01-15,38.8,30.8,33.9,30.4,19.1,22.5,1028.9,1033.6,1022.4,65,98,38,16.8,15.2,13.1
2007-01-16,33.7,29.3,31.4,23.8,18.2,21.1,1036.1,1038.5,1033.6,60,84,39,14.4,11.5,7.1
2007-01-17,33.7,29.3,31.1,28.3,21.1,24.4,1034.1,1036.8,1031.0,83,89,75,9.6,4.9,5.4
2007-01-18,46.3,32.2,40.0,43.2,26.6,35.2,1029.0,1031.0,1026.1,77,82,70,7.3,2.9,0.0
2007-01-19,43.9,39.2,40.7,37.5,31.1,33.6,1029.4,1031.9,1026.7,79,91,71,10.1,8.8,0.9
2007-01-20,44.9,38.8,41.4,42.2,32.5,36.7,1019.9,1026.8,1014.5,94,98,89,8.2,5.6,6.3
2007-01-21,64.4,34.1,47.8,61.6,27.7,43.7,1014.7,1017.1,1012.5,79,99,44,7.1,4.7,0.0
2007-01-22,44.4,35.9,41.8,37.2,26.5,33.5,1022.8,1025.5,1018.4,67,89,57,13.7,10.5,0.0
2007-01-23,43.1,40.5,41.8,36.4,32.5,34.5,1023.9,1025.1,1022.4,68,80,61,10.1,8.1,3.2
2007-01-24,47.4,41.0,43.7,42.7,35.8,38.7,1025.7,1027.9,1023.7,81,91,71,7.8,5.3,9.3
2007-01-25,59.3,36.3,46.7,56.1,30.0,41.7,1027.8,1030.6,1025.8,73,91,46,8.4,5.6,0.0
2007-01-26,60.0,41.5,50.8,54.2,37.9,46.2,1021.8,1026.3,1017.6,65,81,42,8.8,4.9,0.0
2007-01-27,65.3,48.0,55.6,60.0,40.5,51.4,1016.5,1024.4,1013.1,71,95,44,15.5,7.8,0.5
2007-01-28,49.6,36.1,42.8,42.4,27.2,34.6,1027.9,1031.5,1025.1,53,75,41,12.8,9.0,0.0
2007-01-29,52.2,31.7,43.0,46.7,25.4,37.0,1024.0,1027.9,1019.9,68,85,47,9.2,5.5,0.0
2007-01-30,54.2,44.9,49.4,47.5,37.9,43.8,1023.1,1025.3,1021.2,73,90,59,11.8,7.9,0.1
2007-01-31,51.4,37.3,44.3,48.2,31.2,39.4,1017.6,1024.7,1011.7,74,92,62,6.3,4.8,0.1
2007-02-01,54.0,44.1,47.7,51.2,39.6,44.3,1009.3,1012.5,1006.5,92,97,82,10.5,5.2,2.3
2007-02-02,47.6,35.5,40.9,40.6,29.3,34.0,1020.0,1026.8,1012.9,71,95,54,9.9,7.6,0.0
2007-02-03,50.6,30.0,39.6,42.9,24.0,32.7,1026.8,1029.2,1024.7,66,86,46,9.6,6.1,0.0
2007-02-04,63.3,33.5,47.5,61.8,27.5,43.1,1026.8,1028.9,1025.0,71,91,44,7.0,4.8,0.0
2007-02-05,64.6,37.9,50.6,62.6,33.4,47.1,1028.7,1031.4,1026.9,79,99,50,6.7,5.1,0.0
2007-02-06,66.6,41.3,53.4,61.9,36.8,49.1,1025.4,1028.8,1021.8,74,94,49,11.5,7.4,0.0
2007-02-07,72.7,51.4,60.0,70.7,47.5,57.8,1019.0,1022.4,1015.3,84,98,56,12.0,8.6,0.0
2007-02-08,60.2,49.1,55.9,63.2,45.0,53.9,1020.6,1022.8,1017.9,86,100,70,9.6,6.5,1.4
2007-02-09,48.7,44.9,46.5,45.0,38.6,40.9,1023.7,1026.4,1021.3,78,86,71,9.8,7.7,0.3
2007-02-10,50.9,38.4,45.6,45.4,32.2,39.5,1026.1,1028.4,1023.7,68,83,59,10.3,6.8,0.0
2007-02-11,51.0,45.0,48.1,47.2,40.4,43.9,1021.8,1024.5,1017.9,77,88,67,7.5,4.8,0.1
2007-02-12,65.2,51.2,58.3,63.8,47.7,56.4,1011.5,1017.0,1007.4,92,100,74,11.3,9.1,1.9
2007-02-13,56.0,41.0,50.4,50.5,29.8,42.0,1015.0,1020.3,1008.7,60,89,46,17.7,13.6,0.0
2007-02-14,43.4,31.3,36.5,35.3,21.5,27.0,1023.5,1025.7,1020.5,54,62,47,15.3,10.8,0.0
2007-02-15,44.4,28.7,35.4,36.1,18.8,26.7,1028.4,1031.7,1025.9,55,65,42,11.3,8.9,0.0
2007-02-16,51.7,24.4,37.6,42.6,17.4,29.6,1026.0,1031.7,1018.3,54,70,41,12.1,8.0,0.0
2007-02-17,62.0,38.7,49.1,52.8,31.4,40.7,1024.4,1031.9,1018.6,52,83,29,15.6,10.8,0.0
2007-02-18,61.0,33.2,47.3,55.4,27.0,40.8,1028.7,1032.5,1023.2,52,80,29,11.4,6.3,0.0
2007-02-19,71.6,43.7,56.4,66.3,35.7,50.4,1016.2,1023.1,1011.1,67,91,47,17.9,12.3,0.0
2007-02-20,74.6,57.0,63.5,75.5,53.7,62.5,1012.0,1013.8,1009.7,83,95,56,11.8,8.2,0.0
2007-02-21,78.8,53.0,64.4,74.7,49.2,61.4,1015.6,1017.9,1013.9,57,96,19,7.6,5.6,0.0
2007-02-22,78.9,46.1,62.9,78.2,42.2,60.7,1018.7,1021.4,1016.5,66,92,40,10.2,6.5,0.0
2007-02-23,70.9,59.6,64.7,70.2,59.6,64.0,1012.7,1017.9,1006.2,89,100,72,15.3,10.9,1.5
2007-02-24,74.9,54.2,66.7,67.0,45.6,60.2,1005.9,1011.2,1002.7,49,95,9,21.1,13.7,0.0
2007-02-25,69.4,44.7,56.5,64.1,37.7,49.6,1014.0,1018.4,1011.0,33,57,17,9.3,6.6,0.0
2007-02-26,85.3,51.4,64.8,79.9,43.3,58.5,1008.3,1011.1,1005.7,39,56,11,12.7,8.6,0.0
2007-02-27,79.1,49.6,63.7,76.6,47.7,61.9,1010.1,1012.8,1007.6,74,99,44,12.8,8.4,0.0
2007-02-28,79.0,62.8,69.4,78.0,61.3,68.2,1005.0,1009.3,1000.5,79,97,48,17.5,12.7,0.1
2007-03-01,69.8,49.4,64.5,69.4,42.2,57.8,1006.0,1010.9,1000.0,42,98,11,17.2,11.9,1.7
2007-03-02,71.1,41.3,56.2,65.0,33.9,49.0,1011.7,1014.6,1009.0,30,54,11,8.3,6.0,0.0
2007-03-03,61.0,42.8,51.6,51.4,32.8,42.1,1021.4,1028.5,1013.6,28,50,15,16.5,10.3,0.0
2007-03-04,60.7,35.7,48.6,52.7,28.1,40.4,1032.2,1035.9,1028.9,27,50,13,11.0,6.9,0.0
2007-03-05,68.7,34.6,52.0,64.3,27.6,45.4,1030.2,1032.7,1026.7,32,61,13,5.9,4.3,0.0
2007-03-06,70.0,40.4,55.7,62.5,34.4,48.7,1025.8,1029.6,1021.9,41,72,17,11.3,7.9,0.0
2007-03-07,75.3,45.8,60.6,73.2,42.7,57.5,1020.8,1023.3,1017.6,65,96,35,9.5,6.7,0.0
2007-03-08,76.0,49.4,63.2,74.1,47.1,60.6,1018.6,1021.2,1014.9,64,94,35,8.1,6.4,0.0
2007-03-09,77.3,53.6,64.9,75.4,53.0,64.0,1017.1,1019.0,1015.0,73,98,42,9.9,5.7,0.3
2007-03-10,80.0,58.8,69.4,79.8,59.5,69.3,1017.9,1019.9,1016.0,71,97,46,10.1,7.1,0.1
2007-03-11,70.3,58.1,64.1,68.4,56.7,62.8,1017.9,1020.6,1015.6,83,97,64,14.9,10.0,18.1
2007-03-12,74.1,62.6,67.0,76.2,60.5,68.8,1018.1,1020.0,1015.8,84,100,59,15.3,5.2,2.8
2007-03-13,68.3,61.1,63.2,68.3,61.9,64.7,1018.8,1021.0,1016.7,94,98,79,11.4,5.8,14.9
2007-03-14,68.8,56.2,61.8,71.7,54.7,62.6,1012.6,1015.7,1010.1,92,100,77,9.6,5.6,2.0
2007-03-15,75.9,57.2,64.5,78.8,58.5,66.1,1013.9,1017.1,1012.2,82,100,54,5.0,3.7,0.0
2007-03-16,68.5,53.5,61.7,64.6,50.5,58.5,1022.7,1026.1,1017.1,70,92,52,14.1,9.2,0.0
2007-03-17,72.5,48.2,60.6,69.5,44.6,57.6,1021.7,1024.9,1017.5,67,87,50,11.1,7.2,0.0
2007-03-18,72.8,59.0,65.5,71.8,58.6,64.3,1017.4,1019.3,1015.0,82,96,64,14.1,10.6,0.1
2007-03-19,75.9,64.4,68.7,71.6,62.1,65.9,1017.3,1019.9,1015.1,75,92,54,17.5,14.4,0.5
2007-03-20,74.6,63.7,68.4,72.5,62.1,67.5,1020.0,1021.8,1018.3,79,94,61,14.2,11.3,1.7
2007-03-21,77.3,65.0,69.9,75.6,65.9,69.6,1018.7,1020.4,1017.1,81,99,57,16.1,12.1,1.7
2007-03-22,76.0,64.9,69.4,75.0,65.1,68.8,1018.2,1020.0,1016.5,80,95,60,16.5,12.1,0.4
2007-03-23,75.9,66.1,70.0,74.9,65.4,69.4,1017.1,1018.6,1015.2,81,94,65,16.1,12.9,0.7
2007-03-24,80.0,64.4,70.9,77.2,63.3,69.7,1018.7,1020.9,1015.4,72,91,42,14.1,11.4,0.1
2007-03-25,77.0,66.3,70.6,76.8,68.3,71.8,1020.1,1022.0,1017.6,80,95,58,11.6,8.8,0.3
2007-03-26,73.1,65.6,67.7,73.1,65.2,68.2,1015.2,1017.2,1013.3,88,95,69,15.3,10.6,8.7
2007-03-27,80.3,60.7,69.1,80.9,61.4,70.0,1013.8,1015.2,1011.9,82,98,54,12.2,8.9,0.1
2007-03-28,80.1,66.3,72.1,77.8,67.2,72.2,1012.8,1014.3,1010.8,81,99,55,16.0,12.9,0.3
2007-03-29,78.1,68.0,70.8,78.5,67.9,72.8,1013.7,1016.9,1011.2,89,98,69,15.4,11.0,15.9
2007-03-30,72.3,67.9,69.4,72.8,68.4,70.5,1013.6,1016.5,1009.6,91,98,79,15.5,12.2,8.9
2007-03-31,74.6,55.5,65.1,76.6,51.1,64.2,1012.9,1015.3,1011.2,67,97,36,12.1,6.0,18.0
2007-04-01,80.3,54.0,67.1,81.6,52.6,67.0,1013.5,1015.2,1011.9,64,86,38,7.0,4.5,0.0
2007-04-02,79.5,62.7,71.4,81.7,63.8,73.7,1014.6,1016.6,1012.3,84,100,64,11.7,8.7,0.4
2007-04-03,81.6,67.4,73.6,86.5,70.8,77.3,1014.2,1016.3,1012.1,82,98,61,10.5,7.4,0.0
2007-04-04,69.2,61.1,65.0,75.0,55.9,63.0,1020.0,1022.5,1016.2,74,96,42,15.7,9.8,0.9
2007-04-05,68.2,54.7,60.5,66.2,49.3,56.0,1021.5,1024.3,1017.7,49,64,39,9.8,6.5,0.0
2007-04-06,64.4,52.2,57.7,60.3,43.4,51.9,1022.4,1024.6,1020.4,55,68,43,13.8,9.2,0.0
2007-04-07,51.3,34.8,40.0,42.2,27.6,31.5,1026.9,1029.4,1024.5,77,95,51,14.3,11.5,13.5
2007-04-08,46.3,34.7,40.3,40.9,27.6,34.5,1024.2,1027.0,1020.7,77,94,61,8.7,5.2,3.5
2007-04-09,57.8,42.7,50.9,54.9,38.5,47.2,1016.5,1020.4,1012.3,72,85,65,6.1,4.3,0.3
2007-04-10,78.1,54.8,64.3,78.6,52.8,63.4,1004.9,1011.4,999.8,77,96,53,12.8,8.1,0.1
2007-04-11,77.3,57.6,66.8,77.0,53.1,64.6,1007.3,1010.1,1001.3,56,87,28,12.5,7.2,0.0
2007-04-12,77.4,51.9,65.4,73.8,48.2,62.0,1011.6,1014.8,1009.3,60,81,37,17.7,10.3,0.0
2007-04-13,81.8,65.8,72.3,83.2,64.8,73.0,1006.1,1009.5,1002.0,83,98,60,19.3,13.3,16.9
2007-04-14,64.3,51.4,57.9,64.8,44.1,51.1,1015.3,1021.1,1008.2,60,88,41,19.3,14.4,0.5
2007-04-15,69.9,42.7,57.0,71.3,37.7,54.2,1021.2,1023.6,1018.8,56,83,36,5.9,3.7,0.0
2007-04-16,71.3,46.1,59.8,68.1,42.4,55.8,1019.4,1022.0,1016.4,65,86,47,14.6,9.2,0.0
2007-04-17,68.6,58.3,62.5,71.2,55.2,62.5,1011.6,1015.9,1008.0,86,97,77,10.1,6.6,3.2
2007-04-18,75.6,53.4,64.0,75.6,49.6,62.1,1011.4,1012.8,1010.3,71,93,46,12.7,8.7,0.0
2007-04-19,78.7,51.3,65.8,80.5,49.1,66.1,1012.3,1013.7,1010.9,72,94,50,8.2,5.8,0.0
2007-04-20,77.8,59.0,67.9,77.5,60.2,67.7,1015.5,1017.4,1013.0,73,96,49,11.6,8.1,0.0
2007-04-21,76.0,58.1,67.4,73.2,57.7,65.7,1015.5,1017.4,1012.9,73,95,54,13.5,10.4,0.2
2007-04-22,75.1,64.6,70.0,76.2,63.3,70.6,1015.4,1016.9,1013.2,80,92,67,14.4,9.8,0.7
2007-04-23,78.3,64.0,71.1,80.2,66.1,73.1,1016.3,1017.8,1013.7,83,98,67,11.9,9.0,1.1
2007-04-24,78.2,69.9,72.7,78.3,71.8,74.6,1011.2,1016.0,1007.1,87,99,70,19.4,12.4,2.0
2007-04-25,79.9,61.8,71.7,79.7,59.6,72.7,1010.4,1013.8,1008.2,65,99,35,9.8,6.0,6.5
2007-04-26,79.3,53.0,66.4,82.3,50.3,65.3,1014.2,1016.9,1012.0,57,82,35,7.3,4.7,0.0
2007-04-27,78.8,59.4,69.3,79.0,59.4,68.7,1016.1,1018.6,1013.8,63,84,44,10.1,6.5,0.0
2007-04-28,82.9,60.0,71.5,84.2,61.6,73.5,1019.9,1021.9,1018.4,72,96,45,6.2,4.6,0.0
2007-04-29,81.8,65.1,73.0,85.4,69.1,76.4,1019.5,1022.1,1016.3,80,100,55,9.9,6.3,1.5
2007-04-30,78.8,69.2,72.5,82.0,72.8,75.7,1015.5,1018.2,1013.0,87,97,70,17.0,9.0,2.8
2007-05-01,80.7,68.0,72.7,84.4,69.3,75.8,1010.5,1013.0,1008.3,89,98,68,14.3,10.4,13.6
2007-05-02,79.9,66.5,71.9,83.3,68.4,75.7,1009.3,1011.1,1006.4,90,100,69,12.6,8.2,80.6
2007-05-03,78.2,66.3,70.0,82.9,68.0,73.4,1009.1,1010.9,1007.1,90,97,73,13.2,6.9,20.8
2007-05-04,85.2,67.4,76.2,90.8,70.4,81.2,1008.6,1010.6,1006.4,86,100,65,12.1,8.7,0.3
2007-05-05,84.2,71.0,77.6,86.7,74.6,80.5,1005.6,1008.1,1002.8,84,99,67,19.7,14.7,1.7
2007-05-06,83.6,73.6,76.6,85.3,76.6,80.0,1008.9,1012.1,1006.4,85,94,64,17.7,12.8,19.5
2007-05-07,84.3,72.2,77.2,89.2,75.1,81.9,1015.0,1018.5,1011.2,79,98,55,13.9,8.3,0.4
2007-05-08,82.3,67.9,74.7,83.8,70.9,77.7,1016.1,1018.5,1012.8,76,96,55,10.9,8.0,0.0
2007-05-09,80.0,68.1,73.6,83.8,70.6,76.6,1014.9,1016.9,1012.0,74,97,53,8.6,6.1,0.0
2007-05-10,78.7,64.0,70.1,87.9,65.8,74.4,1013.1,1014.3,1011.0,83,98,61,7.2,3.6,12.1
2007-05-11,79.0,62.2,70.4,81.9,64.0,72.8,1014.9,1016.7,1013.0,78,99,51,10.5,5.8,0.1
2007-05-12,82.2,62.7,73.5,85.9,63.7,76.1,1016.8,1018.4,1015.3,67,89,44,6.0,3.8,0.0
2007-05-13,85.4,62.4,75.4,92.5,64.4,79.5,1017.5,1019.4,1015.3,67,93,41,5.1,2.9,0.2
2007-05-14,86.1,65.4,76.4,91.7,68.1,80.1,1016.6,1018.4,1014.1,68,91,45,7.0,5.2,0.0
2007-05-15,85.0,64.0,75.6,89.8,65.1,78.5,1016.6,1018.0,1014.7,66,85,46,7.6,5.7,0.0
2007-05-16,80.1,66.5,72.9,82.3,66.0,73.5,1019.2,1021.4,1017.5,66,85,51,12.7,8.1,0.0
2007-05-17,76.8,59.2,69.1,77.6,58.1,67.6,1021.1,1022.6,1019.2,57,82,40,9.0,6.5,0.0
2007-05-18,79.0,57.9,69.1,78.6,55.7,67.2,1021.0,1022.8,1019.6,53,76,34,9.5,6.5,0.0
2007-05-19,79.5,61.8,70.8,81.3,62.1,70.6,1020.4,1022.5,1017.9,58,83,41,6.0,4.7,0.0
2007-05-20,78.2,63.8,71.2,78.7,63.5,71.3,1017.7,1019.9,1014.5,62,79,48,9.0,6.0,0.6
2007-05-21,79.2,65.6,71.6,79.0,67.8,73.3,1014.2,1015.8,1011.4,76,88,57,11.7,7.2,1.6
2007-05-22,83.1,68.0,75.0,83.5,71.9,77.4,1011.7,1013.4,1010.1,79,97,58,14.6,10.5,0.1
2007-05-23,83.8,71.8,77.3,85.7,74.9,80.1,1013.9,1015.7,1012.8,75,96,55,12.4,10.3,0.7
2007-05-24,84.0,70.6,75.6,88.9,73.5,79.9,1017.1,1021.2,1014.1,84,94,62,12.9,9.5,12.3
2007-05-25,73.4,68.3,69.9,80.0,71.6,74.8,1018.2,1020.7,1015.8,96,99,89,8.8,5.6,43.0
2007-05-26,76.0,67.5,69.8,82.5,71.6,74.8,1016.3,1017.6,1014.1,95,99,83,7.4,4.9,33.4
2007-05-27,77.4,66.4,69.8,83.0,70.2,74.3,1015.5,1016.9,1013.2,93,100,77,7.7,5.3,24.9
2007-05-28,77.9,65.9,70.1,86.4,70.1,74.9,1014.4,1016.1,1011.7,92,100,77,9.4,4.8,7.6
2007-05-29,83.5,65.8,74.9,89.5,69.7,80.0,1013.4,1015.4,1010.8,80,99,58,7.2,5.1,0.2
2007-05-30,83.2,68.8,73.4,89.6,71.4,77.5,1012.7,1014.6,1011.3,87,98,64,12.3,8.2,2.2
2007-05-31,83.1,68.6,76.3,89.9,72.8,81.6,1014.3,1017.3,1012.0,81,97,62,10.5,5.7,0.2
2007-06-01,84.9,70.6,77.0,88.9,75.2,81.1,1011.1,1013.4,1007.8,79,98,58,12.3,8.9,0.6
2007-06-02,83.3,70.8,76.9,90.5,75.8,83.0,1011.1,1012.6,1009.5,79,96,60,7.3,4.2,0.3
2007-06-03,87.2,70.3,78.5,96.8,75.7,85.3,1010.3,1012.6,1007.4,78,97,55,8.5,4.9,0.1
2007-06-04,83.3,69.4,75.6,94.6,73.9,82.4,1011.1,1012.7,1009.7,84,98,68,8.1,4.3,17.8
2007-06-05,86.6,65.0,76.5,93.1,68.4,81.6,1011.5,1013.0,1009.9,72,98,43,5.1,3.7,0.0
2007-06-06,85.2,67.7,76.7,89.2,71.6,80.1,1008.2,1010.6,1004.4,79,98,63,14.4,10.1,0.0
2007-06-07,90.6,74.4,81.6,95.7,76.8,85.6,1006.1,1009.7,1005.1,76,92,54,18.0,13.7,0.0
2007-06-08,88.8,76.4,81.6,97.5,84.3,89.2,1013.3,1016.1,1009.8,82,95,61,11.3,8.5,2.4
2007-06-09,88.1,74.4,81.0,96.0,81.0,88.1,1016.0,1018.1,1013.4,77,98,56,8.8,6.0,0.1
2007-06-10,88.3,72.2,80.5,97.7,78.9,87.2,1013.5,1015.4,1010.9,77,96,60,9.0,6.2,0.0
2007-06-11,89.2,69.8,80.1,97.1,75.3,86.1,1013.1,1014.4,1011.1,72,97,48,7.2,5.9,0.0
2007-06-12,89.2,70.4,79.7,97.0,76.3,85.7,1014.0,1016.1,1011.8,71,95,47,7.2,5.1,0.0
2007-06-13,90.5,71.0,81.2,99.7,76.6,88.0,1011.4,1013.2,1008.5,71,94,50,5.3,4.5,0.3
2007-06-14,89.2,73.7,81.6,98.7,80.7,88.6,1010.3,1011.8,1008.4,69,89,52,6.2,4.0,0.0
2007-06-15,89.3,73.3,80.4,97.9,78.9,87.0,1010.4,1013.5,1008.0,74,93,53,10.9,5.7,0.1
2007-06-16,81.8,71.7,76.2,87.7,76.8,83.0,1012.8,1014.9,1011.0,87,97,67,9.4,5.3,13.3
2007-06-17,84.5,70.7,75.7,92.2,76.4,82.3,1012.5,1014.9,1009.4,91,100,70,10.8,7.0,35.8
2007-06-18,90.0,74.6,81.2,96.5,79.2,86.1,1010.1,1011.4,1007.9,77,96,57,15.2,11.8,0.1
2007-06-19,89.9,75.7,82.4,100.5,81.8,89.4,1014.0,1016.6,1011.1,77,95,58,12.3,8.8,0.0
2007-06-20,85.4,75.5,78.7,95.6,82.9,87.2,1018.0,1020.3,1015.7,86,94,69,9.8,4.5,7.4
2007-06-21,83.2,72.8,76.6,91.7,79.9,84.5,1017.6,1018.7,1016.0,89,98,74,6.7,4.3,17.0
2007-06-22,82.1,71.6,75.6,88.8,78.9,82.6,1016.1,1018.0,1013.9,88,99,69,9.1,4.8,8.7
2007-06-23,84.7,71.2,76.7,89.6,73.9,81.5,1013.5,1014.8,1011.7,76,98,51,10.6,5.7,0.0
2007-06-24,83.7,68.3,75.4,88.6,71.2,79.6,1013.0,1014.7,1011.5,77,89,65,10.8,6.5,1.0
2007-06-25,84.7,71.3,76.0,94.0,77.0,82.4,1015.4,1017.4,1012.7,89,99,73,11.4,7.6,21.7
2007-06-26,85.0,72.7,77.2,92.8,78.3,84.0,1016.5,1018.4,1014.0,90,97,74,12.5,8.5,19.8
2007-06-27,85.3,73.1,78.4,89.1,78.2,83.9,1014.9,1016.5,1013.2,84,97,62,14.9,10.0,17.0
2007-06-28,79.1,72.3,74.8,84.2,77.8,81.0,1014.2,1015.4,1012.2,93,98,82,11.4,7.5,32.3
2007-06-29,86.3,71.4,78.0,94.4,77.2,85.0,1014.2,1015.3,1012.6,83,98,63,7.4,6.1,4.1
2007-06-30,85.7,73.7,78.5,95.2,80.1,85.4,1014.6,1015.9,1012.6,82,97,64,9.4,6.4,1.5
2007-07-01,85.9,74.3,78.7,95.0,79.7,85.9,1015.2,1016.8,1014.0,84,95,66,10.7,7.0,1.1
2007-07-02,81.8,72.4,76.1,91.3,78.4,83.3,1015.9,1017.4,1013.5,91,99,81,8.9,5.9,7.8
2007-07-03,84.3,71.3,75.6,93.0,77.7,82.6,1015.2,1017.0,1013.1,90,99,70,7.3,5.6,14.3
2007-07-04,79.0,71.0,73.9,85.4,77.2,79.9,1014.5,1016.1,1013.2,93,99,79,10.1,6.8,31.2
2007-07-05,79.0,71.1,73.7,87.8,77.6,81.6,1014.1,1015.7,1012.5,95,100,81,5.7,3.0,27.4
2007-07-06,85.2,72.4,77.6,94.9,79.8,85.0,1016.0,1017.4,1014.6,83,98,63,7.9,4.4,0.8
2007-07-07,86.3,71.4,76.8,97.6,78.7,84.9,1015.2,1017.2,1013.1,88,99,65,7.4,4.1,16.6
2007-07-08,86.3,73.2,79.3,94.4,80.1,86.2,1012.3,1014.2,1009.7,83,98,63,10.4,7.9,0.2
2007-07-09,87.9,75.9,81.5,94.9,83.1,88.3,1012.0,1014.0,1009.6,79,94,62,10.8,9.1,0.0
2007-07-10,89.7,76.8,82.2,96.4,82.8,88.2,1013.8,1015.9,1011.9,76,94,57,12.8,10.0,0.0
2007-07-11,88.9,73.2,80.8,97.8,80.0,88.4,1017.4,1019.4,1015.6,78,97,56,7.6,5.6,0.0
2007-07-12,88.8,73.7,81.1,96.6,80.7,88.0,1017.0,1019.0,1014.4,78,96,59,9.0,7.4,0.0
2007-07-13,89.8,73.4,81.6,98.7,80.5,89.0,1015.2,1017.4,1012.7,77,97,55,9.6,6.9,0.0
2007-07-14,85.7,74.1,78.7,94.1,82.1,86.5,1013.7,1015.6,1011.6,83,96,64,7.2,4.2,3.9
2007-07-15,86.5,70.7,78.8,96.7,78.8,86.7,1013.0,1014.1,1011.4,81,99,60,6.8,3.8,0.9
2007-07-16,86.6,71.0,78.6,94.5,77.0,85.8,1013.8,1015.1,1011.8,79,99,52,7.6,4.5,0.3
2007-07-17,86.2,72.0,76.8,95.3,77.9,83.1,1015.9,1017.1,1014.6,85,97,62,11.2,7.0,4.2
2007-07-18,80.8,71.2,75.7,86.4,77.5,82.0,1017.6,1019.9,1016.1,86,99,69,13.3,5.4,0.5
2007-07-19,82.8,71.7,75.7,92.0,78.8,83.2,1016.1,1018.2,1013.8,91,98,76,8.4,4.9,8.8
2007-07-20,79.3,72.9,75.3,88.0,80.3,83.5,1016.0,1018.1,1014.6,96,99,92,8.1,4.8,16.6
2007-07-21,85.7,71.7,76.7,94.6,78.5,84.8,1017.3,1019.0,1016.1,89,98,70,7.2,3.7,9.6
2007-07-22,87.5,70.1,79.3,98.5,77.5,88.6,1017.8,1019.6,1015.7,82,100,60,4.5,2.2,0.3
2007-07-23,87.8,73.0,80.3,99.1,80.9,89.2,1015.7,1017.6,1013.1,80,96,61,6.4,3.0,0.7
2007-07-24,82.1,72.2,76.6,89.3,79.7,84.5,1014.1,1015.4,1012.8,86,96,66,4.8,2.8,9.0
2007-07-25,82.6,70.1,76.4,88.6,76.3,82.6,1015.3,1017.0,1014.3,80,98,61,7.7,4.0,0.1
2007-07-26,81.3,70.6,74.1,89.0,76.4,80.9,1015.8,1016.8,1014.2,91,98,78,8.8,4.6,27.1
2007-07-27,81.7,71.8,76.1,89.6,78.9,83.7,1013.9,1016.1,1011.2,90,99,74,7.2,4.7,3.0
2007-07-28,86.1,71.2,77.9,97.4,79.1,87.1,1011.5,1013.3,1009.2,87,100,68,5.0,2.4,3.3
2007-07-29,85.7,73.2,78.8,95.6,80.5,87.7,1010.9,1012.2,1009.2,86,99,68,5.7,3.3,0.8
2007-07-30,88.1,73.8,80.4,97.3,81.1,88.8,1012.6,1014.2,1010.7,82,98,61,7.1,5.2,0.4
2007-07-31,89.0,75.1,81.5,99.6,83.3,90.2,1013.2,1015.2,1010.9,78,96,56,7.5,4.9,0.0
2007-08-01,89.9,74.1,82.1,100.0,82.8,90.9,1012.3,1013.7,1010.1,77,98,55,6.4,4.5,0.0
2007-08-02,86.5,74.6,79.9,97.8,83.3,89.4,1013.5,1014.7,1012.1,86,98,67,8.1,3.5,9.0
2007-08-03,87.2,74.4,80.0,97.5,83.2,89.6,1015.5,1017.1,1014.1,85,99,66,6.5,3.5,1.7
2007-08-04,87.2,72.8,80.0,95.7,80.9,88.3,1016.1,1017.9,1014.4,82,99,59,7.1,4.7,0.3
2007-08-05,88.9,74.0,81.1,96.5,82.0,88.0,1015.1,1016.8,1012.5,78,98,58,10.9,7.8,0.1
2007-08-06,90.4,77.0,82.5,96.5,84.4,89.0,1014.4,1016.2,1012.1,76,94,52,11.6,9.3,0.0
2007-08-07,90.0,76.0,82.4,95.7,83.5,88.8,1013.9,1015.5,1012.3,77,96,55,11.8,9.4,0.0
2007-08-08,90.8,75.5,82.3,98.3,82.2,88.8,1013.7,1015.4,1012.0,75,95,53,11.4,9.1,0.0
2007-08-09,90.7,73.7,81.6,99.6,80.9,89.2,1014.9,1016.8,1013.3,75,97,50,8.2,5.5,0.0
2007-08-10,90.6,74.3,83.1,102.0,82.3,92.0,1015.0,1016.7,1013.0,73,95,55,5.1,3.7,0.0
2007-08-11,93.6,75.7,85.3,104.4,84.0,94.4,1014.9,1016.0,1013.4,69,91,50,5.0,3.5,0.0
2007-08-12,95.4,77.1,86.4,103.7,84.9,93.9,1016.3,1018.3,1014.6,63,87,38,5.9,4.2,0.0
2007-08-13,97.2,75.1,86.7,101.3,80.3,91.8,1014.8,1016.7,1012.3,55,78,33,8.4,5.1,0.0
2007-08-14,96.6,74.6,86.4,102.6,79.8,91.8,1013.1,1015.0,1010.8,55,81,33,5.4,4.2,0.0
2007-08-15,96.5,76.0,85.8,101.7,80.9,91.1,1011.5,1012.9,1009.7,58,79,35,7.9,5.1,0.0
2007-08-16,82.6,76.9,78.6,90.1,81.4,85.3,1011.9,1013.3,1009.6,89,95,78,19.0,9.8,20.9
2007-08-17,86.8,76.1,79.2,97.1,83.7,87.8,1013.5,1015.1,1012.1,91,99,71,9.5,7.5,21.0
2007-08-18,87.9,77.3,81.9,94.4,85.1,89.1,1014.4,1016.2,1012.1,81,96,64,11.6,9.4,1.5
2007-08-19,88.1,75.5,81.4,94.6,82.1,87.8,1013.3,1015.0,1011.0,79,96,61,11.9,9.4,0.4
2007-08-20,87.3,75.2,81.0,94.9,83.0,87.3,1013.1,1014.3,1012.1,78,96,60,9.9,8.4,0.3
2007-08-21,88.0,73.7,80.5,94.5,80.9,87.1,1015.1,1017.1,1012.9,77,97,57,9.3,7.0,0.2
2007-08-22,89.4,75.3,81.8,96.3,84.2,89.5,1015.9,1017.9,1014.5,79,98,55,9.3,6.4,0.2
2007-08-23,89.0,76.4,81.9,96.0,85.7,90.0,1014.6,1016.4,1012.5,80,96,61,9.3,6.8,0.6
2007-08-24,89.5,76.2,82.3,96.2,83.9,89.3,1013.1,1014.9,1010.8,75,96,55,8.6,6.9,0.0
2007-08-25,90.1,75.5,81.9,98.1,84.3,90.0,1013.6,1015.1,1011.5,75,97,50,8.5,4.5,0.0
2007-08-26,90.5,74.9,82.0,99.4,83.6,90.7,1014.3,1016.2,1011.7,75,96,51,3.9,2.8,0.6
2007-08-27,91.7,74.8,82.5,100.1,83.3,90.3,1014.6,1016.4,1011.6,73,95,49,9.4,4.6,0.5
2007-08-28,89.7,74.1,81.3,99.7,82.6,89.7,1015.0,1016.5,1013.3,76,97,55,6.3,3.3,0.1
2007-08-29,89.1,73.8,80.8,99.4,82.3,89.3,1016.9,1018.6,1015.2,79,97,57,7.9,3.8,1.3
2007-08-30,89.7,74.3,81.3,99.5,83.2,90.1,1017.3,1019.5,1013.4,78,99,53,5.0,3.2,3.6
2007-08-31,90.7,75.6,82.2,96.7,82.0,88.3,1015.5,1017.4,1013.8,68,91,47,8.2,5.6,0.0
2007-09-01,90.4,72.9,81.3,96.1,78.7,86.2,1015.3,1017.0,1013.1,63,87,38,8.1,4.5,0.0
2007-09-02,88.1,70.2,78.1,92.0,73.7,83.1,1016.6,1018.1,1015.1,71,92,46,7.2,4.1,4.2
2007-09-03,83.6,72.7,76.7,93.4,80.3,84.9,1018.1,1020.2,1016.5,87,97,68,4.7,2.6,13.4
2007-09-04,80.3,73.1,75.7,88.5,79.9,83.5,1015.2,1017.2,1012.5,91,97,78,10.0,4.4,12.3
2007-09-05,87.9,74.5,80.3,92.2,79.4,85.3,1011.6,1013.0,1010.0,78,97,55,12.3,10.2,0.7
2007-09-06,88.1,74.9,81.0,92.8,81.3,86.0,1013.2,1014.6,1011.7,75,94,56,12.3,9.8,0.0
2007-09-07,90.7,75.6,82.2,96.0,81.6,88.6,1014.1,1015.7,1012.2,75,95,50,10.5,8.2,0.0
2007-09-08,90.1,75.9,82.1,99.0,84.5,89.9,1013.3,1014.8,1011.2,76,98,52,7.0,5.3,0.0
2007-09-09,90.8,74.7,82.1,98.7,83.2,90.4,1013.9,1015.5,1011.7,76,97,52,5.4,3.7,0.6
2007-09-10,89.6,74.6,81.9,98.8,83.1,90.1,1014.8,1016.5,1012.7,73,96,52,7.1,2.9,0.2
2007-09-11,80.3,72.8,76.8,86.8,75.2,81.4,1016.3,1017.7,1015.0,80,96,65,12.1,8.3,5.7
2007-09-12,82.6,69.5,76.3,85.4,71.4,78.8,1015.2,1017.0,1012.5,68,83,55,8.1,7.0,0.0
2007-09-13,87.3,67.7,77.8,91.2,71.6,81.8,1013.2,1015.1,1010.6,66,92,41,5.6,4.0,0.0
2007-09-14,88.3,70.4,79.3,94.6,74.8,84.8,1016.0,1018.3,1013.8,69,90,49,5.0,3.2,0.3
2007-09-15,88.8,70.9,80.4,92.2,76.1,84.5,1019.8,1021.6,1018.0,64,88,44,6.4,4.9,0.3
2007-09-16,89.4,70.0,80.3,92.5,75.2,84.6,1018.7,1021.0,1016.0,64,93,41,6.4,4.5,0.0
2007-09-17,90.1,68.4,80.1,93.4,73.0,83.9,1016.4,1018.5,1013.5,64,94,40,6.9,5.3,0.0
2007-09-18,89.9,71.9,80.3,96.0,77.1,85.9,1015.6,1016.9,1013.1,71,89,51,9.3,5.7,0.5
2007-09-19,91.3,72.8,81.7,96.4,80.7,87.5,1016.3,1018.0,1014.3,69,98,41,8.7,5.1,0.0
2007-09-20,91.1,73.1,82.4,93.5,77.8,86.2,1015.5,1017.9,1012.7,58,90,33,5.9,4.3,0.0
2007-09-21,91.2,68.9,80.1,97.2,71.4,83.1,1013.5,1015.4,1011.2,55,83,34,6.1,3.8,0.0
2007-09-22,93.2,68.7,81.3,95.7,72.4,83.4,1013.7,1015.4,1011.9,52,86,26,5.6,4.0,0.0
2007-09-23,89.8,70.0,80.3,91.8,72.1,81.2,1013.8,1015.3,1012.1,51,78,34,8.7,6.1,0.0
2007-09-24,90.8,66.5,79.2,92.2,70.4,81.5,1014.4,1016.6,1012.3,58,93,29,7.2,5.2,0.0
2007-09-25,91.5,70.5,81.0,95.2,75.0,85.0,1014.9,1016.6,1012.8,60,87,35,6.7,4.1,0.0
2007-09-26,90.9,72.7,82.1,96.3,79.7,87.9,1014.4,1016.1,1012.0,65,93,41,6.3,2.9,0.0
2007-09-27,94.1,72.9,83.7,99.6,80.3,88.6,1014.4,1016.0,1012.1,61,95,34,8.4,4.5,0.0
2007-09-28,90.9,72.5,81.8,93.3,78.7,86.5,1016.8,1019.1,1014.6,66,93,42,9.7,6.0,0.0
2007-09-29,89.6,71.8,80.2,91.9,76.2,83.9,1016.9,1018.7,1015.0,67,88,44,11.2,7.6,0.1
2007-09-30,89.0,74.1,79.7,96.1,80.4,85.8,1018.8,1020.3,1017.3,79,94,55,10.8,7.3,2.4
2007-10-01,88.8,74.1,80.5,95.3,82.6,86.9,1020.1,1022.6,1017.8,74,97,49,7.3,4.7,0.0
2007-10-02,88.7,73.5,80.7,91.5,79.4,84.9,1015.7,1018.6,1012.0,68,96,47,8.3,7.0,0.0
2007-10-03,89.6,71.7,80.1,93.8,76.7,83.5,1012.6,1015.0,1009.9,61,88,37,7.9,4.6,0.0
2007-10-04,90.9,68.0,79.6,93.9,69.2,81.1,1011.3,1012.8,1008.8,51,79,33,5.9,4.5,0.0
2007-10-05,89.3,69.1,80.4,95.1,71.9,84.1,1011.8,1013.5,1010.0,59,82,43,4.8,3.8,0.0
2007-10-06,88.7,74.6,81.5,92.1,82.0,86.3,1011.7,1013.5,1009.8,66,90,46,9.2,5.6,0.0
2007-10-07,85.5,71.1,78.6,90.9,77.2,84.4,1011.9,1013.4,1009.3,74,91,54,6.8,3.8,1.0
2007-10-08,89.7,73.6,80.1,95.7,81.2,86.9,1013.8,1016.1,1012.2,75,96,47,6.4,3.8,0.9
2007-10-09,86.3,73.4,79.3,89.0,77.3,82.8,1017.9,1020.5,1016.1,68,87,53,12.1,7.5,0.2
2007-10-10,87.6,68.0,77.5,89.9,69.4,78.4,1016.2,1019.1,1013.1,52,75,34,6.4,4.9,0.0
2007-10-11,87.5,64.8,76.7,88.5,65.8,76.0,1013.0,1015.1,1010.3,42,71,29,7.4,3.6,0.0
2007-10-12,86.2,63.4,74.9,86.0,63.0,73.8,1012.8,1015.1,1010.7,47,77,30,7.6,5.2,0.0
2007-10-13,86.3,65.3,75.4,85.5,66.2,74.8,1011.1,1013.2,1008.2,60,86,38,12.7,9.4,0.0
2007-10-14,85.8,68.1,74.8,86.8,68.2,76.0,1009.0,1010.8,1006.6,75,96,53,15.0,11.1,8.0
2007-10-15,86.4,70.7,76.6,90.8,75.4,81.2,1010.0,1013.1,1008.0,81,97,42,12.3,7.7,1.9
2007-10-16,74.9,66.4,70.0,79.3,68.8,73.3,1010.7,1012.5,1008.3,84,93,77,7.1,5.5,5.8
2007-10-17,88.1,69.3,76.8,88.4,74.2,79.8,1003.5,1007.8,999.7,76,99,42,12.7,9.0,0.8
2007-10-18,89.0,69.1,77.9,87.6,62.3,78.2,1005.0,1009.2,1002.2,56,97,18,11.7,7.2,0.0
2007-10-19,83.1,57.2,70.3,80.9,52.7,65.7,1012.8,1014.7,1009.7,31,51,18,8.7,5.1,0.0
2007-10-20,87.4,59.0,72.6,84.3,57.5,70.1,1013.3,1016.0,1010.6,56,86,31,13.3,9.8,0.0
2007-10-21,86.7,64.9,75.0,84.4,65.5,74.2,1010.4,1012.2,1008.1,63,91,35,12.8,10.7,0.0
2007-10-22,71.9,54.8,60.8,75.5,46.8,54.2,1018.5,1023.9,1010.5,65,91,37,20.8,15.7,8.7
2007-10-23,71.3,51.3,59.6,62.0,42.5,51.7,1022.3,1025.3,1019.8,36,57,19,14.7,10.1,0.0
2007-10-24,78.6,54.0,65.2,71.2,46.8,58.3,1019.4,1021.9,1016.0,39,50,29,18.1,11.1,0.0
2007-10-25,70.0,49.5,58.7,61.9,43.2,52.4,1017.4,1020.2,1014.2,42,58,22,11.6,7.4,0.0
2007-10-26,74.4,48.6,60.8,71.8,43.7,56.1,1018.1,1022.1,1016.2,39,62,22,6.0,3.8,0.0
2007-10-27,74.2,48.3,61.5,67.9,43.5,56.4,1026.7,1029.8,1022.7,47,72,24,10.2,6.7,0.0
2007-10-28,74.8,52.0,62.9,70.8,48.7,59.4,1030.2,1032.9,1028.3,58,84,35,8.6,6.8,0.0
2007-10-29,74.8,50.8,62.5,70.3,48.4,59.2,1028.3,1030.7,1025.4,58,88,33,9.0,6.0,0.0
2007-10-30,76.6,51.6,63.0,74.2,48.5,60.2,1023.2,1026.3,1019.3,53,79,28,5.6,3.5,0.0
2007-10-31,80.6,51.5,65.3,78.9,49.4,63.5,1018.9,1020.5,1016.5,62,91,35,6.3,5.3,0.0
2007-11-01,76.4,57.3,65.5,75.4,52.9,63.4,1020.2,1022.9,1017.8,62,86,43,10.2,6.5,0.0
2007-11-02,79.4,53.2,66.2,80.0,52.2,65.7,1019.3,1021.2,1017.3,64,93,36,4.9,3.4,0.0
2007-11-03,79.7,57.2,68.5,80.9,56.9,68.8,1023.2,1025.9,1021.5,64,91,40,5.4,3.3,0.0
2007-11-04,81.9,58.0,69.7,80.7,57.4,68.6,1021.7,1025.0,1018.5,61,91,36,9.0,6.3,0.0
2007-11-05,83.8,61.7,71.5,82.0,60.8,70.5,1016.8,1018.7,1013.9,67,91,43,14.5,9.9,0.0
2007-11-06,67.4,59.1,61.9,68.8,49.9,55.4,1024.7,1027.9,1017.9,43,91,23,15.8,9.8,0.0
2007-11-07,65.2,58.0,61.0,60.0,51.2,55.0,1025.4,1028.3,1021.9,32,59,22,6.7,4.8,0.0
2007-11-08,76.4,54.8,64.3,74.2,51.0,61.9,1018.0,1021.6,1014.5,66,84,51,12.9,7.8,0.0
2007-11-09,82.8,62.6,70.6,81.9,62.2,70.5,1016.1,1017.8,1014.3,73,97,40,10.0,8.4,0.0
2007-11-10,80.4,66.4,71.9,79.5,68.2,72.6,1016.0,1018.3,1013.6,78,98,54,12.9,10.2,0.3
2007-11-11,80.1,65.5,71.7,77.7,65.9,70.7,1015.1,1016.9,1013.2,71,91,46,14.0,11.2,0.0
2007-11-12,80.1,63.4,71.6,80.5,65.7,72.8,1018.7,1020.7,1016.4,75,97,52,10.3,7.4,0.0
2007-11-13,82.2,66.9,73.1,80.6,70.1,74.5,1018.4,1021.4,1015.0,72,98,44,11.2,7.1,0.0
2007-11-14,85.0,63.3,73.0,84.3,52.2,71.0,1015.2,1023.1,1011.9,63,95,30,17.1,11.4,0.0
2007-11-15,64.8,52.2,59.1,54.4,42.1,48.5,1028.0,1032.0,1024.0,18,27,12,18.1,11.9,0.0
2007-11-16,68.9,46.5,57.2,59.0,39.6,49.4,1020.3,1026.6,1015.3,28,67,14,12.0,7.2,0.0
2007-11-17,74.6,58.4,65.6,74.9,54.3,65.3,1013.5,1015.3,1012.2,78,99,60,12.7,7.6,12.0
2007-11-18,73.4,62.9,67.4,76.3,65.1,71.0,1016.2,1019.0,1013.6,87,99,66,4.3,2.7,2.6
2007-11-19,77.5,58.8,66.9,78.1,60.5,68.5,1019.4,1022.1,1017.3,82,100,52,7.9,4.8,0.0
2007-11-20,77.9,65.6,70.4,78.7,67.4,72.2,1015.6,1018.6,1012.1,87,98,62,12.3,9.8,0.3
2007-11-21,80.7,53.1,68.6,82.7,42.4,66.4,1015.0,1024.1,1012.0,69,96,40,17.8,12.6,0.0
2007-11-22,51.2,41.9,46.7,41.2,31.3,36.2,1028.7,1031.3,1024.8,45,54,38,16.6,14.0,0.8
2007-11-23,46.0,41.9,44.1,39.1,33.1,36.9,1027.0,1031.2,1022.4,59,68,49,11.7,7.6,0.1
2007-11-24,45.2,41.2,42.7,39.0,32.8,35.4,1019.3,1021.7,1017.6,89,96,69,14.4,11.5,19.6
2007-11-25,46.7,40.4,42.6,39.6,33.5,36.0,1017.0,1018.6,1015.5,87,99,63,11.9,9.3,13.8
2007-11-26,58.8,36.3,46.0,53.4,30.3,40.5,1022.5,1028.5,1018.9,68,88,42,6.6,5.4,0.0
2007-11-27,59.3,37.3,48.3,55.4,32.5,44.0,1028.5,1031.2,1025.7,72,91,50,5.2,4.3,0.0
2007-11-28,65.7,40.5,52.6,63.6,35.4,49.1,1022.6,1026.2,1018.9,83,96,62,10.8,6.8,0.0
2007-11-29,62.7,45.5,53.6,61.3,39.2,49.2,1024.6,1027.9,1021.8,66,94,54,12.9,6.3,0.0
2007-11-30,68.0,49.5,59.9,68.5,46.6,59.4,1022.0,1023.9,1020.2,87,95,77,10.9,6.2,0.2
2007-12-01,74.4,63.8,68.0,74.0,63.1,67.8,1015.9,1020.4,1012.4,90,98,71,17.9,13.2,0.9
2007-12-02,79.3,59.1,69.9,79.8,49.4,68.7,1019.2,1029.0,1013.8,70,95,37,15.3,10.6,0.0
2007-12-03,57.7,43.1,49.6,50.3,33.6,41.5,1031.6,1036.0,1028.1,46,67,31,15.5,9.5,0.0
2007-12-04,66.5,37.0,51.1,61.6,30.6,45.7,1019.5,1026.8,1012.1,60,80,39,8.5,6.0,0.0
2007-12-05,72.6,43.9,57.2,70.7,39.4,53.8,1012.0,1015.0,1010.6,64,85,39,7.7,4.8,0.0
2007-12-06,67.0,45.8,57.4,66.5,42.1,54.9,1015.1,1018.1,1011.7,80,95,67,12.4,7.3,0.0
2007-12-07,75.4,62.6,67.5,75.2,61.8,67.9,1013.7,1015.4,1012.0,87,99,65,12.9,10.3,0.1
2007-12-08,78.7,67.7,71.7,79.3,69.9,73.3,1015.5,1017.7,1014.0,87,99,63,15.2,11.8,0.2
2007-12-09,78.2,53.0,69.6,80.5,48.8,71.0,1018.2,1021.7,1015.7,86,98,62,13.7,10.2,3.8
2007-12-10,67.9,48.2,55.8,69.8,43.6,54.0,1020.1,1023.1,1016.3,91,96,83,12.5,7.1,1.0
2007-12-11,77.1,65.5,70.9,79.8,64.9,72.6,1015.4,1019.1,1013.1,90,98,73,18.6,12.0,12.0
2007-12-12,61.7,42.9,46.8,59.2,36.2,40.2,1022.4,1024.5,1020.0,92,96,85,15.1,12.3,10.2
2007-12-13,59.3,40.3,49.5,56.3,34.6,45.0,1022.5,1025.2,1020.6,74,91,57,9.5,5.6,0.1
2007-12-14,62.8,52.3,55.8,64.9,49.8,55.3,1017.1,1021.5,1011.9,92,99,75,6.4,4.1,2.8
2007-12-15,63.7,40.9,51.5,65.6,31.0,44.0,1018.1,1026.8,1011.1,64,99,36,21.7,13.2,25.7
2007-12-16,50.0,33.6,41.1,45.0,25.8,33.8,1028.1,1030.7,1026.7,50,71,35,11.1,5.7,0.0
2007-12-17,53.5,32.2,42.5,45.4,25.3,35.9,1026.0,1029.3,1022.6,64,87,36,8.9,6.4,0.0
2007-12-18,70.7,44.6,56.1,69.2,39.5,53.2,1020.4,1022.7,1017.8,83,94,59,11.3,7.7,0.0
2007-12-19,67.4,49.4,59.5,68.9,46.9,59.6,1017.1,1020.4,1013.3,92,99,79,9.4,5.4,1.7
2007-12-20,69.7,48.2,61.2,63.4,44.0,57.3,1012.3,1013.7,1010.7,65,98,31,13.1,8.8,0.2
2007-12-21,70.8,44.0,57.1,65.0,38.8,52.2,1009.9,1013.0,1006.3,63,81,38,12.5,7.9,0.0
2007-12-22,65.7,40.4,55.7,55.1,27.6,47.3,1015.0,1028.0,1005.9,52,89,26,18.1,13.6,0.0
2007-12-23,51.6,32.3,41.1,42.9,24.7,33.0,1027.5,1030.9,1023.6,43,61,33,16.5,6.9,0.0
2007-12-24,56.3,33.5,44.1,50.8,27.2,38.1,1023.4,1026.1,1021.1,55,74,34,6.4,4.0,0.0
2007-12-25,62.0,34.6,49.3,55.3,28.5,43.5,1017.5,1022.3,1012.1,65,88,45,12.2,7.4,0.0
2007-12-26,57.3,40.4,51.8,54.5,34.6,45.6,1013.0,1017.4,1008.7,68,96,40,20.3,9.7,2.4
2007-12-27,57.4,32.8,45.9,56.8,26.7,39.9,1013.6,1017.9,1007.5,73,94,48,13.3,7.7,0.6
2007-12-28,56.6,40.9,50.1,51.9,34.6,42.3,1018.5,1022.3,1012.7,49,95,28,13.8,9.4,3.9
2007-12-29,56.6,33.8,44.5,50.9,27.8,38.9,1019.8,1022.7,1016.2,68,91,41,6.4,4.8,0.0
2007-12-30,65.3,38.6,49.9,59.9,32.5,44.2,1017.1,1019.8,1014.7,60,87,27,7.6,5.4,0.0
2007-12-31,69.6,43.7,53.1,66.0,36.8,45.8,1019.5,1029.8,1015.7,52,82,30,14.0,9.6,0.0
2008-01-01,53.2,37.3,45.0,42.5,29.4,35.1,1038.5,1043.6,1030.6,32,45,19,13.3,10.2,0.0
2008-01-02,48.3,28.5,38.2,39.8,21.4,30.6,1044.9,1048.0,1042.9,47,75,27,8.3,5.4,0.0
2008-01-03,49.4,29.1,38.8,39.8,22.2,30.8,1038.4,1043.5,1032.9,49,72,25,10.0,6.7,0.0
2008-01-04,65.3,37.2,51.6,61.2,32.2,46.4,1026.6,1032.4,1022.1,78,96,56,15.6,9.2,0.0
2008-01-05,74.0,57.6,63.9,70.4,54.4,60.8,1018.0,1022.0,1014.7,79,96,53,15.1,12.5,0.0
2008-01-06,76.1,59.6,66.1,72.1,56.9,62.8,1014.7,1016.9,1012.0,79,97,49,20.0,14.7,0.0
2008-01-07,75.6,64.3,69.3,74.7,62.3,68.5,1011.9,1013.9,1009.5,87,95,65,21.8,15.3,1.2
2008-01-08,69.4,49.3,64.5,71.3,42.3,60.7,1016.4,1022.8,1010.9,62,98,25,15.5,11.1,2.3
2008-01-09,64.2,40.6,51.5,58.2,35.2,46.0,1018.1,1023.6,1012.2,55,81,34,9.2,5.3,0.0
2008-01-10,65.5,45.9,56.4,56.5,39.9,50.1,1013.6,1016.3,1010.5,56,92,24,13.8,9.0,0.0
2008-01-11,65.4,40.1,52.5,57.5,34.9,46.2,1013.9,1016.8,1010.8,48,74,28,10.1,6.1,0.0
2008-01-12,68.0,45.4,54.7,62.0,41.2,48.2,1014.3,1019.3,1011.9,56,92,21,14.5,8.8,0.0
2008-01-13,61.1,37.9,49.6,54.9,32.9,43.3,1023.0,1026.2,1019.8,51,88,26,11.0,5.8,0.0
2008-01-14,61.4,37.9,50.4,55.5,32.2,45.0,1027.0,1029.7,1025.5,55,83,31,6.3,4.4,0.0
2008-01-15,55.9,45.8,50.8,49.4,41.5,45.6,1022.2,1026.0,1018.1,59,88,42,10.3,5.1,6.8
2008-01-16,62.8,44.3,51.5,58.3,40.8,47.9,1014.0,1017.4,1010.3,75,95,45,6.9,4.4,1.0
2008-01-17,47.5,34.5,41.1,38.9,24.1,31.4,1021.7,1024.6,1018.2,41,61,29,13.3,10.1,0.0
2008-01-18,41.7,36.2,37.9,33.4,28.8,30.5,1022.2,1024.2,1020.8,76,94,33,11.8,7.9,11.0
2008-01-19,48.7,32.7,39.3,40.5,23.4,31.0,1028.5,1031.8,1023.1,60,92,37,12.1,8.9,0.0
2008-01-20,52.9,26.7,40.3,43.5,19.0,32.3,1030.1,1033.3,1026.8,59,75,36,12.2,8.4,0.0
2008-01-21,58.4,45.2,51.7,59.3,37.4,48.2,1022.5,1027.5,1018.8,87,100,65,10.3,7.6,6.1
2008-01-22,61.0,39.9,51.8,59.7,32.0,48.6,1022.7,1026.1,1019.6,90,100,72,13.1,8.2,0.7
2008-01-23,42.2,36.8,39.4,37.0,29.1,33.0,1022.7,1025.6,1020.1,76,87,72,9.2,6.3,1.9
2008-01-24,45.4,38.6,41.4,36.8,29.7,32.7,1026.8,1029.3,1023.4,60,92,39,13.9,10.1,0.8
2008-01-25,41.6,39.6,40.6,37.2,34.0,35.2,1027.5,1029.0,1025.6,79,91,56,6.3,4.5,1.5
2008-01-26,66.3,35.7,49.1,64.5,31.0,46.0,1024.4,1026.4,1022.0,81,99,48,5.5,3.3,0.0
2008-01-27,66.0,39.2,52.4,63.1,34.9,49.4,1024.5,1028.3,1021.7,81,99,55,8.5,5.0,0.0
2008-01-28,68.3,50.2,59.3,68.1,46.0,57.2,1014.6,1021.6,1009.5,93,99,81,15.9,10.9,0.0
2008-01-29,74.1,45.2,62.8,69.1,34.6,57.0,1011.9,1020.4,1006.8,58,98,15,21.1,13.6,0.0
2008-01-30,54.9,34.4,46.7,47.3,27.0,38.4,1017.2,1021.6,1011.3,47,79,28,13.6,9.6,0.0
2008-01-31,58.4,44.6,54.0,54.1,36.6,45.2,1015.7,1025.1,1008.8,51,98,15,22.7,14.4,8.0
2008-02-01,58.5,33.1,46.4,49.2,26.9,38.5,1022.9,1026.8,1018.6,45,72,28,13.4,8.1,0.0
2008-02-02,71.3,44.2,57.5,68.1,38.7,53.5,1017.5,1019.8,1014.4,72,92,52,11.8,9.1,0.0
2008-02-03,75.7,60.6,66.8,75.7,59.7,66.4,1012.7,1016.2,1009.7,86,99,57,13.1,10.6,0.0
2008-02-04,79.0,66.0,70.1,78.9,65.7,70.0,1008.1,1010.1,1005.7,82,99,54,17.4,12.2,0.3
2008-02-05,75.9,59.2,68.3,76.2,50.2,65.4,1007.1,1014.8,1003.8,65,97,24,15.6,12.3,0.5
2008-02-06,59.4,40.8,49.5,52.3,31.4,41.2,1019.0,1022.7,1016.3,38,50,22,13.6,8.7,0.0
2008-02-07,63.8,41.8,51.8,55.8,34.4,44.2,1017.0,1019.0,1015.7,44,67,21,12.4,8.2,0.0
2008-02-08,76.7,40.6,56.6,72.3,32.9,50.6,1013.5,1016.4,1009.9,49,64,33,14.3,8.6,0.0
2008-02-09,74.6,43.9,58.3,73.0,38.4,54.6,1018.4,1022.5,1015.8,51,74,32,7.1,4.2,0.0
2008-02-10,72.8,46.8,59.5,70.2,42.5,56.5,1023.8,1026.7,1021.9,64,80,46,8.7,5.6,0.0
2008-02-11,70.1,57.2,62.4,70.8,55.2,61.4,1016.3,1021.3,1011.4,91,99,69,15.5,9.8,5.1
2008-02-12,64.7,49.1,58.8,68.4,40.8,53.8,1013.8,1020.7,1009.5,67,99,34,18.4,11.9,12.1
2008-02-13,64.0,38.6,50.9,59.1,32.6,45.0,1019.3,1022.9,1015.6,51,75,32,12.8,6.0,0.0
2008-02-14,74.0,47.2,59.4,68.9,39.2,53.6,1015.2,1017.1,1012.8,68,85,47,18.3,13.5,0.0
2008-02-15,73.4,57.6,63.9,75.3,57.6,64.6,1017.3,1019.9,1015.6,90,100,70,11.4,7.0,22.1
2008-02-16,68.9,46.6,59.0,74.0,40.6,59.2,1010.0,1016.2,1005.1,94,100,79,17.1,6.2,36.1
2008-02-17,67.6,46.2,56.6,63.8,39.5,50.1,1008.9,1015.5,1005.1,49,78,39,11.5,9.3,0.0
2008-02-18,59.4,41.3,50.6,55.8,36.8,45.7,1021.0,1023.7,1016.3,62,88,43,10.3,5.5,0.0
2008-02-19,64.1,40.9,52.8,59.4,34.8,47.4,1023.0,1026.2,1019.9,63,78,43,10.7,7.3,0.0
2008-02-20,72.1,55.6,62.7,75.0,51.1,62.7,1014.9,1019.5,1010.6,83,99,74,9.9,6.3,0.5
2008-02-21,73.7,49.1,64.1,76.9,44.0,64.7,1009.5,1011.4,1007.4,87,100,72,12.2,7.4,0.8
2008-02-22,65.2,43.5,52.8,61.1,37.0,47.9,1014.4,1017.1,1011.4,66,86,42,10.6,7.2,2.2
2008-02-23,70.3,40.9,55.5,67.4,36.5,52.0,1015.5,1017.9,1011.7,79,95,61,14.8,8.4,0.0
2008-02-24,73.2,53.0,62.9,71.4,48.9,59.9,1018.8,1022.1,1015.7,62,97,33,11.2,7.1,0.0
2008-02-25,82.5,51.1,66.8,80.1,47.3,63.9,1010.4,1017.9,1003.8,68,93,26,19.4,11.4,0.0
2008-02-26,65.8,46.2,54.3,54.7,37.0,43.6,1022.4,1028.7,1012.8,36,54,22,18.5,15.4,0.0
2008-02-27,61.7,37.1,48.8,55.7,29.6,42.0,1026.5,1030.5,1021.8,38,54,27,9.7,5.8,0.0
2008-02-28,71.4,42.2,56.3,64.2,35.0,49.2,1018.7,1022.4,1014.2,58,78,42,17.8,13.1,0.0
2008-02-29,73.8,54.0,64.2,74.4,52.3,62.9,1019.6,1023.9,1016.7,78,95,57,13.5,8.2,0.0
2008-03-01,76.0,56.0,65.7,74.5,56.6,65.2,1021.7,1025.5,1017.2,78,100,50,12.2,7.3,0.0
2008-03-02,74.6,61.2,67.4,72.0,59.7,64.7,1009.9,1017.0,1004.7,83,96,65,21.5,16.2,1.3
2008-03-03,67.8,42.9,57.1,72.1,29.9,50.5,1011.6,1020.3,1002.0,70,99,42,20.6,16.5,8.6
2008-03-04,68.3,40.9,52.9,62.4,32.1,44.9,1016.2,1020.1,1011.4,33,50,18,11.6,8.5,0.0
2008-03-05,73.1,44.6,58.2,68.1,36.7,51.7,1011.7,1013.8,1008.9,46,86,33,12.5,9.9,0.0
2008-03-06,54.0,39.5,46.4,52.9,28.1,39.6,1014.7,1017.7,1012.1,87,94,74,18.5,12.3,14.8
2008-03-07,57.8,38.7,46.9,48.4,27.8,37.2,1020.1,1021.6,1018.0,43,72,19,18.9,12.3,0.0
2008-03-08,60.3,32.8,46.3,54.0,26.4,39.5,1021.4,1025.0,1017.2,51,73,34,10.9,7.1,0.0
2008-03-09,69.2,42.5,55.8,62.2,37.9,50.7,1019.0,1021.1,1017.4,73,92,47,18.7,10.8,2.0
2008-03-10,61.7,51.1,56.4,60.5,48.9,55.1,1023.8,1026.3,1020.8,90,96,76,8.9,5.7,21.6
2008-03-11,67.3,42.3,55.2,66.4,38.8,52.5,1023.6,1026.6,1020.0,72,98,39,6.5,4.8,0.0
2008-03-12,72.7,43.8,58.1,69.1,38.9,53.6,1017.3,1020.4,1012.7,62,87,35,12.2,8.5,0.0
2008-03-13,75.0,53.7,63.8,73.7,49.2,61.1,1008.8,1013.6,1004.5,80,96,60,17.7,12.3,0.0
2008-03-14,88.3,58.6,71.8,85.0,57.7,69.5,1002.9,1008.1,998.1,61,98,22,13.8,10.0,0.0
2008-03-15,78.7,59.6,68.1,76.1,52.9,63.1,1006.7,1011.8,999.4,42,68,26,12.7,9.5,0.0
2008-03-16,80.7,52.1,66.2,76.5,48.6,63.0,1011.2,1014.6,1008.5,68,89,48,17.9,12.1,0.0
2008-03-17,80.6,65.6,72.7,79.1,63.3,71.0,1007.4,1009.8,1004.3,78,91,56,21.5,17.0,0.7
2008-03-18,72.0,54.0,65.7,73.5,47.4,64.1,1003.2,1010.6,998.8,91,96,81,19.5,15.0,24.3
2008-03-19,66.8,50.4,57.5,58.0,42.2,49.6,1018.5,1023.8,1011.4,51,85,26,19.6,13.4,0.6
2008-03-20,70.1,42.7,57.6,66.3,37.7,52.5,1023.5,1026.3,1020.8,49,76,31,11.4,7.0,0.0
2008-03-21,73.9,47.9,60.0,72.2,43.0,56.2,1018.9,1021.9,1015.6,66,93,40,13.2,8.8,0.0
2008-03-22,75.2,49.8,62.8,76.3,47.7,61.9,1018.2,1020.2,1015.7,71,96,45,8.1,5.3,0.0
2008-03-23,63.0,54.1,58.9,59.4,47.2,51.7,1025.3,1030.1,1019.2,50,68,43,15.1,11.7,0.3
2008-03-24,64.7,47.1,55.7,61.0,42.9,50.3,1028.1,1031.7,1024.1,50,74,36,12.3,6.2,0.0
2008-03-25,74.1,51.2,61.8,67.2,45.8,56.3,1021.2,1024.7,1017.6,69,90,46,19.2,14.1,0.0
2008-03-26,81.8,60.6,68.8,79.6,57.1,66.0,1016.2,1019.4,1012.9,74,91,45,18.7,14.7,0.0
2008-03-27,81.9,61.4,70.3,80.9,59.3,68.1,1010.4,1014.1,1007.2,71,91,47,17.1,13.6,0.0
2008-03-28,74.6,61.1,68.3,78.5,60.4,69.6,1012.1,1015.6,1009.3,82,94,67,11.2,7.1,8.0
2008-03-29,72.8,57.5,64.4,77.5,56.1,65.8,1014.7,1017.0,1012.0,90,95,81,9.8,6.4,8.1
2008-03-30,78.0,66.6,70.0,81.9,69.1,73.0,1012.5,1014.1,1010.2,93,100,78,12.4,9.3,5.6
2008-03-31,77.4,69.2,72.4,79.9,71.9,75.0,1010.8,1012.1,1009.0,89,98,71,16.1,11.8,3.9
2008-04-01,77.1,60.3,69.5,80.7,57.1,70.8,1016.3,1021.3,1011.6,80,99,62,13.6,8.3,0.5
2008-04-02,76.4,60.7,68.6,80.2,57.8,69.9,1018.2,1020.7,1014.7,76,89,67,8.9,6.2,0.5
2008-04-03,81.1,67.0,73.2,82.4,69.1,74.1,1010.9,1015.9,1006.4,81,98,60,18.9,12.5,0.8
2008-04-04,68.8,56.4,64.5,73.3,52.5,63.0,1011.3,1015.7,1006.4,78,97,50,16.4,10.0,14.0
2008-04-05,71.8,46.7,59.1,72.1,43.3,56.9,1013.6,1017.2,1009.3,62,91,35,7.1,4.5,0.0
2008-04-06,81.5,52.6,65.9,81.9,49.1,64.7,1010.2,1011.8,1007.7,71,99,43,11.3,8.4,0.0
2008-04-07,82.1,58.3,70.0,85.3,59.0,71.1,1010.6,1013.7,1006.9,77,98,51,13.9,8.5,0.0
2008-04-08,84.5,67.0,74.8,85.6,67.3,76.1,1009.2,1010.9,1007.2,74,96,45,12.3,10.1,0.8
2008-04-09,77.3,69.2,72.4,78.2,71.3,73.7,1007.1,1011.0,1001.8,86,93,76,17.8,13.3,2.7
2008-04-10,81.6,65.8,74.1,80.8,63.5,73.7,1003.7,1006.7,999.7,59,92,27,21.2,8.4,4.7
2008-04-11,76.5,58.7,66.7,73.3,51.4,61.9,1012.6,1016.5,1007.5,41,85,26,10.1,7.8,0.0
2008-04-12,72.7,53.6,61.9,66.9,47.1,55.8,1021.1,1023.8,1016.7,43,70,22,14.2,9.4,0.0
2008-04-13,72.8,47.4,60.0,66.9,42.0,53.6,1024.6,1027.1,1021.8,38,61,21,14.5,8.4,0.0
2008-04-14,71.7,44.2,58.4,69.6,39.4,54.0,1025.5,1028.7,1021.8,44,76,26,6.9,4.8,0.0
2008-04-15,76.8,45.7,61.7,72.6,40.7,56.1,1020.9,1024.0,1016.6,47,71,30,14.4,9.6,0.0
2008-04-16,83.0,56.3,67.7,78.9,51.1,62.9,1015.0,1018.3,1011.5,62,85,36,18.5,14.7,0.0
2008-04-17,85.4,64.6,72.5,82.1,59.9,68.8,1010.5,1013.1,1007.5,63,84,35,20.5,15.8,0.0
2008-04-18,74.0,54.0,63.3,70.8,47.6,58.6,1017.0,1019.7,1012.6,50,92,24,15.8,9.0,14.8
2008-04-19,81.2,50.8,66.2,79.3,45.9,61.9,1015.9,1018.6,1012.4,46,70,25,11.2,8.2,0.0
2008-04-20,78.6,53.3,66.7,79.2,51.5,65.9,1011.6,1014.3,1007.9,77,93,58,14.2,9.6,0.2
2008-04-21,86.5,67.6,75.4,89.4,69.1,78.2,1010.6,1012.2,1008.7,76,98,46,10.5,8.4,0.2
2008-04-22,87.7,70.3,77.3,91.6,74.3,81.5,1011.9,1014.1,1010.0,75,97,46,11.0,6.9,0.0
2008-04-23,87.4,68.7,76.6,85.8,72.3,77.5,1012.4,1015.2,1008.6,72,97,42,19.3,12.2,1.6
2008-04-24,85.2,69.7,76.0,87.0,71.5,77.4,1011.1,1012.3,1009.0,75,93,54,14.7,12.0,0.2
2008-04-25,83.4,66.5,74.1,89.0,71.5,77.5,1011.8,1015.1,1010.2,81,98,58,13.3,8.4,8.0
2008-04-26,76.7,66.0,71.3,81.5,69.7,75.1,1014.4,1016.6,1011.3,83,98,66,7.7,4.6,2.8
2008-04-27,70.1,58.4,63.2,72.4,50.7,60.1,1018.7,1023.7,1012.7,74,99,47,19.5,11.4,25.2
2008-04-28,74.7,48.5,62.0,73.8,43.9,58.8,1022.5,1025.0,1019.4,47,72,24,7.2,4.7,0.0
2008-04-29,78.1,49.7,64.6,73.3,44.3,59.2,1018.1,1020.9,1014.1,45,67,26,13.9,9.9,0.0
2008-04-30,83.0,56.7,69.2,81.4,52.3,66.1,1010.4,1015.1,1006.8,65,85,46,17.4,14.1,0.0
2008-05-01,83.1,67.9,74.7,84.8,65.5,74.9,1004.6,1007.6,1002.1,76,94,55,17.0,13.8,0.4
2008-05-02,83.6,65.2,75.4,84.9,63.6,77.6,1006.2,1009.7,1002.4,69,95,33,14.6,7.4,0.9
2008-05-03,75.6,60.8,67.3,71.1,52.2,62.6,1016.0,1019.8,1010.0,45,74,29,15.9,9.4,0.0
2008-05-04,80.4,55.1,69.1,80.4,51.3,67.6,1017.4,1020.0,1015.2,53,69,37,8.4,6.2,0.0
2008-05-05,75.5,67.6,70.0,81.9,68.4,73.2,1016.5,1017.8,1015.3,93,98,78,14.4,8.7,25.3
2008-05-06,81.8,68.3,74.2,84.0,70.9,76.9,1012.6,1015.7,1008.7,83,98,65,14.8,10.5,0.8
2008-05-07,87.6,67.9,76.0,90.3,63.2,75.0,1004.1,1008.3,1000.7,63,95,24,20.9,12.2,0.2
2008-05-08,86.0,61.7,73.9,91.4,59.7,74.5,1007.1,1009.9,1004.9,54,74,25,9.2,5.7,0.0
2008-05-09,92.6,67.1,80.2,100.6,69.3,84.6,1007.0,1008.5,1005.8,68,93,44,10.1,7.7,0.0
2008-05-10,94.7,71.2,81.8,99.9,74.5,86.2,1006.0,1008.3,1003.1,69,95,42,14.8,8.6,0.0
2008-05-11,77.9,63.1,72.5,84.7,59.3,68.3,1015.1,1018.8,1007.3,42,88,27,18.0,10.9,0.0
2008-05-12,81.6,60.1,71.6,80.3,57.2,69.2,1012.1,1015.4,1008.2,50,75,33,12.8,7.9,0.0
2008-05-13,83.8,71.7,77.6,90.5,71.8,82.7,1008.2,1009.9,1005.9,80,90,65,13.4,8.3,11.3
2008-05-14,85.3,69.8,77.4,92.3,75.6,83.6,1008.9,1012.5,1004.0,83,99,58,11.7,6.8,18.4
2008-05-15,77.7,67.6,72.0,82.2,67.6,73.9,1012.0,1016.1,1008.3,78,99,55,13.2,8.4,18.7
2008-05-16,76.4,63.3,68.4,76.4,60.3,66.7,1017.5,1019.0,1016.3,63,77,47,14.0,9.0,0.7
2008-05-17,77.5,60.8,70.2,82.6,61.8,71.5,1015.5,1017.5,1012.7,63,89,43,5.4,2.9,0.0
2008-05-18,87.2,60.6,73.9,89.4,60.2,75.1,1011.4,1013.4,1009.0,60,88,31,6.7,5.0,0.0
2008-05-19,91.7,63.6,78.2,93.4,62.8,78.2,1008.6,1010.5,1005.5,51,76,29,11.6,7.5,0.0
2008-05-20,94.2,69.6,81.5,99.2,70.5,84.6,1007.1,1009.4,1004.9,61,88,34,12.4,8.2,0.0
2008-05-21,92.8,70.1,80.2,95.6,75.6,83.2,1003.6,1006.6,999.1,70,98,33,14.6,10.1,0.0
2008-05-22,91.9,74.8,82.0,92.0,79.0,84.7,998.9,1001.3,996.2,72,93,45,20.1,14.6,2.3
2008-05-23,98.3,76.9,85.5,102.4,81.4,89.7,1003.1,1006.4,1000.8,67,91,37,14.2,12.7,0.1
2008-05-24,96.2,77.3,85.5,100.4,82.6,89.6,1009.3,1011.9,1006.4,65,91,37,14.8,11.4,0.7
2008-05-25,92.6,77.0,83.8,97.5,82.9,88.5,1011.2,1013.9,1007.5,69,92,45,14.5,10.6,0.3
2008-05-26,92.4,74.5,82.9,96.8,79.7,86.9,1010.2,1011.9,1008.0,70,96,41,14.1,11.4,3.3
2008-05-27,93.9,76.0,83.5,98.6,81.1,87.3,1012.1,1014.3,1010.8,66,91,42,16.5,10.9,1.0
2008-05-28,91.9,71.0,81.6,97.4,77.3,86.5,1016.7,1018.5,1014.3,63,96,36,6.9,4.6,0.0
2008-05-29,90.6,71.9,82.0,95.3,77.9,85.7,1016.4,1018.6,1013.8,60,91,40,10.5,6.4,0.0
2008-05-30,93.2,71.9,82.1,95.9,75.3,83.9,1014.1,1016.1,1011.8,56,87,31,12.4,9.2,0.0
2008-05-31,95.3,73.1,83.6,97.0,76.6,85.7,1013.6,1015.8,1011.1,59,89,33,12.8,10.3,0.0
2008-06-01,97.0,73.3,84.4,98.5,76.6,86.4,1013.0,1014.3,1010.9,58,90,30,13.6,11.2,0.0
2008-06-02,96.9,74.2,84.7,98.1,77.3,86.6,1012.2,1014.3,1009.5,59,88,31,14.4,12.1,0.0
2008-06-03,97.8,75.5,85.1,97.3,77.9,85.8,1008.5,1011.7,1004.9,58,87,29,17.7,14.7,0.0
2008-06-04,95.4,75.8,84.0,94.7,76.9,84.1,1004.9,1007.0,1002.1,62,84,36,19.3,17.4,0.0
2008-06-05,93.3,78.1,84.6,90.3,79.1,83.7,1004.3,1006.2,1003.2,64,83,42,25.5,21.1,0.0
2008-06-06,95.0,77.5,84.7,97.1,81.8,88.0,1010.6,1013.4,1006.8,67,88,40,17.1,13.5,1.5
2008-06-07,95.4,77.2,85.1,97.7,82.1,87.7,1013.1,1015.1,1010.8,64,87,39,15.5,13.9,0.2
2008-06-08,95.6,76.7,85.1,97.3,80.9,87.7,1012.1,1014.1,1009.3,63,87,39,15.7,14.0,0.3
2008-06-09,95.9,76.7,84.9,99.5,81.4,87.7,1010.6,1012.1,1007.4,62,87,39,15.2,12.2,0.6
2008-06-10,94.9,76.6,85.2,100.5,80.8,89.1,1012.6,1014.7,1010.4,61,86,38,12.5,10.1,0.0
2008-06-11,96.7,75.9,85.3,96.7,80.8,87.1,1011.0,1013.1,1007.6,59,87,31,15.5,13.2,0.0
2008-06-12,95.2,76.4,84.9,96.5,80.0,86.7,1011.5,1013.7,1009.2,60,86,35,15.5,13.2,0.0
2008-06-13,95.0,76.1,84.9,98.6,80.7,88.3,1013.6,1015.3,1011.6,62,86,39,13.0,10.3,0.0
2008-06-14,96.3,76.4,86.0,102.7,83.1,91.1,1014.5,1016.9,1011.8,60,89,38,11.1,7.6,0.2
2008-06-15,98.7,76.1,87.5,102.6,79.6,90.9,1011.9,1014.1,1008.2,52,81,28,11.0,8.2,0.0
2008-06-16,99.7,75.9,87.9,102.1,81.2,91.1,1011.6,1014.3,1009.1,53,86,26,10.8,8.8,0.0
2008-06-17,98.7,76.0,87.0,104.6,82.1,91.1,1013.8,1015.3,1011.7,54,88,31,11.6,7.1,0.1
2008-06-18,98.6,76.3,87.9,104.8,82.5,92.5,1011.7,1014.8,1008.1,49,81,28,8.4,4.1,0.0
2008-06-19,99.4,76.6,88.5,102.7,81.1,91.3,1011.0,1013.9,1007.5,46,74,26,10.7,7.1,0.0
2008-06-20,90.6,76.5,82.7,94.7,82.8,87.1,1014.5,1016.5,1011.7,61,90,36,12.6,4.9,2.7
2008-06-21,96.3,74.1,85.1,100.5,80.8,89.0,1017.2,1019.0,1015.1,54,87,32,10.0,5.3,0.0
2008-06-22,95.6,73.0,85.0,95.5,76.9,86.1,1016.3,1018.5,1013.1,43,72,22,9.0,5.6,0.0
2008-06-23,96.7,73.6,85.8,98.2,76.1,86.8,1015.4,1017.3,1013.7,43,74,22,12.4,6.2,0.0
2008-06-24,94.1,74.6,83.9,96.5,80.4,86.7,1017.9,1019.6,1016.1,59,90,36,14.8,9.7,1.1
2008-06-25,97.1,76.5,84.9,99.0,81.8,87.5,1017.8,1019.9,1015.1,58,85,32,15.1,10.8,0.3
2008-06-26,96.8,75.7,84.3,100.7,80.2,87.3,1014.9,1017.9,1011.0,62,90,35,14.9,11.4,1.2
2008-06-27,97.9,76.7,85.7,99.5,81.5,88.3,1013.1,1015.0,1010.5,60,87,29,14.7,12.3,0.2
2008-06-28,98.4,76.8,85.5,100.2,82.1,88.3,1014.5,1016.6,1012.1,59,84,30,17.8,11.3,0.2
2008-06-29,97.0,76.4,86.6,101.5,82.4,90.6,1017.6,1020.3,1015.0,54,87,29,10.7,6.3,0.0
2008-06-30,92.1,78.2,83.5,97.5,85.9,89.7,1018.8,1021.0,1017.0,64,83,40,8.3,4.1,2.2
2008-07-01,94.9,76.4,85.1,95.4,82.7,87.7,1016.2,1018.3,1013.5,50,80,23,9.5,5.4,0.0
2008-07-02,92.2,73.7,82.7,95.9,80.0,87.4,1014.6,1016.5,1012.7,60,86,37,7.9,4.5,0.5
2008-07-03,92.0,73.7,82.3,97.6,79.8,86.7,1014.9,1016.8,1012.9,63,86,38,9.9,6.5,0.1
2008-07-04,89.9,72.4,80.2,95.6,79.3,85.0,1016.4,1018.1,1014.7,69,95,42,11.4,6.5,0.3
2008-07-05,93.0,73.9,81.9,95.5,80.4,85.5,1015.7,1017.5,1013.9,64,90,34,14.7,8.1,0.2
2008-07-06,93.0,73.0,83.2,95.1,79.1,86.4,1014.6,1016.5,1012.0,61,90,35,12.8,8.9,0.0
2008-07-07,92.1,74.9,81.9,95.9,81.0,87.1,1015.2,1016.5,1014.1,70,90,45,12.6,7.7,0.7
2008-07-08,94.2,75.0,82.7,99.8,82.0,88.6,1015.2,1016.5,1014.0,71,93,42,15.0,7.3,3.5
2008-07-09,94.3,74.8,84.0,99.4,84.0,90.1,1016.0,1017.5,1013.6,66,97,38,10.9,5.9,0.0
2008-07-10,94.3,75.6,84.8,96.9,82.6,88.8,1016.6,1018.5,1014.4,61,91,38,12.1,9.2,0.0
2008-07-11,97.9,75.5,85.8,98.7,81.4,88.3,1016.6,1018.4,1014.2,59,91,31,14.1,11.7,0.0
2008-07-12,98.9,74.4,86.4,99.4,79.3,88.3,1016.2,1018.5,1012.7,53,84,26,13.2,10.5,0.0
2008-07-13,99.7,75.3,87.4,104.3,81.0,91.5,1014.0,1016.7,1010.5,55,88,27,12.6,7.1,0.0
2008-07-14,99.3,78.0,88.6,104.5,83.2,92.8,1012.7,1014.1,1010.7,52,78,28,12.0,6.7,0.0
2008-07-15,98.0,77.9,88.3,102.0,83.7,91.8,1014.3,1015.8,1012.2,50,79,29,9.9,6.9,0.0
2008-07-16,94.4,78.8,85.0,101.8,85.7,90.7,1016.4,1018.4,1013.8,61,81,39,9.7,5.6,0.7
2008-07-17,96.6,76.8,86.2,100.3,83.0,90.3,1015.2,1017.6,1012.0,55,78,32,11.1,6.7,0.1
2008-07-18,97.3,74.9,86.0,99.6,81.3,89.0,1013.8,1015.6,1010.9,52,86,27,11.0,7.7,0.2
2008-07-19,97.4,74.8,86.4,99.6,81.1,89.3,1014.8,1016.0,1012.6,52,88,28,10.4,7.6,0.0
2008-07-20,99.4,75.3,87.6,101.9,81.6,90.7,1016.6,1019.2,1014.1,50,86,23,10.3,7.0,0.0
2008-07-21,100.7,79.2,90.2,104.3,84.4,93.1,1014.2,1016.8,1010.3,44,69,24,11.9,6.4,0.0
2008-07-22,100.6,78.9,88.7,103.2,84.6,92.2,1012.0,1013.7,1009.0,49,68,28,13.8,7.1,0.0
2008-07-23,91.9,78.8,83.6,97.2,85.1,88.7,1012.0,1013.5,1010.2,68,82,50,15.8,9.3,1.8
2008-07-24,83.5,75.3,78.8,88.2,80.0,84.5,1014.0,1015.4,1012.7,84,94,69,13.4,9.8,12.9
2008-07-25,94.3,75.9,84.0,95.5,83.2,88.5,1017.2,1019.0,1015.7,67,97,36,12.5,10.1,1.8
2008-07-26,97.4,75.6,85.3,100.0,82.9,89.4,1017.2,1020.1,1013.5,59,92,27,9.0,7.3,0.0
2008-07-27,100.7,73.1,87.2,101.0,79.2,89.3,1013.2,1015.6,1009.7,50,93,20,11.0,8.1,0.0
2008-07-28,101.5,76.3,87.9,103.7,80.9,91.3,1010.6,1012.2,1008.0,55,88,25,13.4,9.4,0.0
2008-07-29,99.8,75.9,87.0,100.7,81.1,89.7,1010.3,1012.0,1007.0,56,87,27,13.0,10.6,0.0
2008-07-30,98.8,75.9,87.1,102.1,81.0,90.4,1009.6,1011.4,1006.3,55,87,29,12.1,9.2,0.0
2008-07-31,100.6,78.0,88.7,105.1,83.8,92.7,1008.9,1010.8,1005.7,56,85,28,13.1,9.9,0.0
2008-08-01,99.0,78.9,88.7,104.2,85.1,93.2,1011.3,1013.2,1009.4,55,81,30,12.1,8.5,0.0
2008-08-02,99.8,78.2,89.2,105.0,85.2,93.7,1012.5,1014.4,1010.0,53,84,30,11.1,7.5,0.0
2008-08-03,102.2,78.5,91.1,105.4,85.5,94.4,1012.5,1014.8,1009.5,46,81,23,8.8,6.8,0.0
2008-08-04,99.6,81.0,90.7,104.2,86.8,94.9,1012.2,1014.3,1009.9,45,67,30,9.0,5.1,0.0
2008-08-05,99.2,79.5,86.9,103.0,85.9,91.3,1012.5,1013.7,1010.7,53,72,29,10.3,5.0,0.4
2008-08-06,93.2,74.8,82.5,100.4,81.4,88.6,1015.0,1017.0,1013.0,72,95,45,11.9,7.8,13.7
2008-08-07,95.6,77.0,85.5,101.7,83.8,90.9,1014.7,1017.4,1011.2,62,88,36,10.3,7.1,0.0
2008-08-08,96.4,76.8,87.1,102.2,82.6,91.0,1012.9,1015.2,1009.6,52,78,31,10.4,6.3,0.0
2008-08-09,99.8,77.4,88.4,102.2,82.7,91.4,1011.4,1013.7,1007.7,51,78,26,12.8,8.8,0.0
2008-08-10,101.6,77.5,88.9,103.7,81.6,91.3,1009.1,1011.5,1004.7,52,80,25,14.6,10.8,0.0
2008-08-11,98.7,78.6,88.3,104.8,84.1,92.8,1008.7,1011.0,1005.1,56,82,33,13.0,8.5,0.7
2008-08-12,89.7,78.1,82.5,98.3,86.5,90.4,1008.2,1010.6,1005.8,77,94,57,11.0,5.9,12.8
2008-08-13,94.1,76.3,84.7,100.0,84.1,90.7,1009.6,1011.2,1007.9,63,90,37,7.1,5.6,0.2
2008-08-14,96.6,74.5,85.8,100.1,80.9,90.1,1011.1,1012.9,1008.9,55,88,28,9.3,4.8,0.0
2008-08-15,92.7,77.3,83.7,101.3,84.9,91.4,1012.6,1014.3,1010.2,71,90,46,8.6,5.1,4.0
2008-08-16,89.1,76.6,82.3,96.4,84.6,89.4,1014.6,1016.0,1012.2,72,91,57,8.6,5.0,7.2
2008-08-17,86.3,72.9,79.7,91.9,77.2,85.3,1013.7,1015.9,1011.2,71,87,55,7.5,4.8,1.0
2008-08-18,81.3,73.5,76.3,90.9,81.1,84.8,1011.5,1012.9,1010.0,89,98,77,4.3,2.3,23.5
2008-08-19,83.1,72.8,76.6,91.5,80.8,84.3,1010.1,1011.6,1008.2,87,98,69,5.6,3.6,24.1
2008-08-20,85.4,71.5,77.6,96.3,77.9,85.3,1010.0,1011.9,1007.9,83,95,63,7.0,3.2,1.6
2008-08-21,88.4,73.6,79.9,100.3,80.4,88.3,1011.1,1013.1,1008.7,84,97,65,7.9,5.6,3.6
2008-08-22,88.3,75.7,80.2,98.6,84.3,88.2,1013.9,1015.3,1012.6,83,97,64,10.9,6.7,1.3
2008-08-23,88.4,74.5,81.1,97.0,82.7,89.7,1015.0,1017.2,1013.1,78,95,58,6.6,3.4,0.0
2008-08-24,89.8,74.7,81.1,100.1,81.9,89.2,1012.9,1014.7,1010.8,76,92,56,5.2,4.1,0.7
2008-08-25,90.6,74.6,82.5,98.8,80.6,89.2,1010.4,1011.8,1007.9,67,88,45,6.2,3.5,0.0
2008-08-26,91.0,75.0,83.1,100.9,82.2,90.4,1009.9,1011.5,1007.8,69,88,52,7.1,4.0,0.0
2008-08-27,91.4,75.6,82.7,98.8,82.3,89.5,1010.9,1012.9,1008.6,70,86,51,7.7,5.8,0.2
2008-08-28,91.7,74.6,82.8,99.4,83.1,90.1,1011.1,1012.4,1008.7,72,96,51,6.9,5.7,0.0
2008-08-29,91.9,75.5,83.3,99.0,84.2,90.4,1012.7,1014.4,1011.1,69,92,47,6.8,4.0,0.0
2008-08-30,92.8,75.5,84.2,99.8,83.7,91.0,1013.4,1015.4,1011.2,67,92,46,7.9,5.1,0.0
2008-08-31,92.6,74.1,84.0,97.9,81.4,89.9,1011.9,1014.2,1008.7,62,90,40,6.0,4.3,0.0
2008-09-01,95.6,75.1,85.7,98.2,79.6,89.5,1007.8,1010.5,1004.5,53,74,35,9.8,6.1,0.0
2008-09-02,99.1,77.5,88.1,101.9,80.6,90.8,1005.9,1007.6,1003.9,47,67,30,12.0,7.1,0.0
2008-09-03,92.2,78.0,84.8,91.8,77.7,85.7,1007.9,1009.5,1006.2,50,64,35,15.3,10.6,0.0
2008-09-04,92.4,71.0,81.6,94.6,70.0,82.3,1009.7,1011.6,1007.4,49,66,32,10.4,7.3,0.0
2008-09-05,91.9,72.4,82.2,96.0,75.5,84.8,1011.6,1013.3,1009.7,52,72,35,6.8,5.1,0.0
2008-09-06,93.1,68.4,81.2,96.9,71.4,83.7,1013.8,1015.6,1012.1,53,83,30,7.4,4.8,0.0
2008-09-07,92.2,68.9,80.8,94.7,72.8,83.6,1015.3,1017.4,1012.9,57,90,36,8.9,5.7,0.0
2008-09-08,90.7,74.4,82.3,96.2,80.3,87.6,1013.7,1015.8,1010.1,66,91,45,7.1,5.7,0.6
2008-09-09,90.9,73.8,82.6,95.4,81.9,88.0,1013.2,1015.3,1010.6,63,92,42,5.6,3.7,0.0
2008-09-10,91.8,76.8,84.0,95.3,84.3,88.1,1011.9,1014.0,1009.3,57,84,36,9.0,5.3,0.0
2008-09-11,93.5,75.9,85.1,96.5,83.7,89.9,1010.6,1013.1,1007.5,60,86,38,10.0,6.0,0.1
2008-09-12,94.0,78.0,85.7,96.1,84.2,89.1,1005.4,1009.7,1001.3,58,77,40,14.9,9.4,0.0
2008-09-13,93.1,79.2,84.3,96.7,80.1,87.1,1000.5,1006.5,997.1,64,77,43,19.9,12.4,0.8
2008-09-14,91.6,77.0,83.3,92.5,75.9,84.7,1012.4,1017.8,1007.3,54,78,35,13.1,9.7,0.0
2008-09-15,78.2,68.2,73.2,74.8,62.2,68.7,1021.0,1023.6,1018.3,44,59,29,14.2,10.7,0.0
2008-09-16,83.0,63.1,72.5,79.5,61.1,69.1,1022.3,1024.8,1019.9,39,60,20,8.0,6.0,0.0
2008-09-17,80.2,63.5,71.5,77.0,63.1,70.0,1020.8,1022.7,1018.8,51,72,32,7.9,5.2,0.0
2008-09-18,79.0,66.1,71.6,77.8,67.0,71.7,1019.5,1021.3,1017.5,60,75,43,8.5,4.6,0.0
2008-09-19,85.4,62.2,73.8,86.7,63.5,74.4,1017.5,1019.2,1014.9,58,88,34,6.8,4.9,0.0
2008-09-20,87.8,64.1,76.6,89.4,66.3,77.8,1016.9,1018.4,1015.1,55,88,33,7.1,4.6,0.0
2008-09-21,89.0,66.9,78.2,89.7,69.5,79.5,1017.9,1019.5,1016.0,56,85,33,7.8,5.4,0.0
2008-09-22,89.1,66.7,78.4,90.3,70.1,80.7,1018.9,1021.1,1016.4,59,89,34,8.7,5.3,0.0
2008-09-23,90.7,70.5,80.2,91.4,75.6,83.0,1019.1,1020.8,1016.8,61,90,34,9.4,5.9,0.0
2008-09-24,88.5,72.3,80.4,89.6,75.3,81.7,1019.6,1021.1,1017.5,56,77,34,10.1,7.2,0.0
2008-09-25,88.4,68.5,78.4,86.0,69.2,77.6,1020.2,1022.3,1017.8,48,73,26,10.4,7.1,0.0
2008-09-26,86.8,65.8,77.3,86.3,65.4,76.4,1017.6,1019.9,1015.2,46,70,30,8.4,5.1,0.0
2008-09-27,88.5,65.9,77.8,87.5,66.3,76.9,1016.6,1018.1,1014.9,44,73,27,7.4,4.7,0.0
2008-09-28,88.1,65.0,77.4,86.7,65.1,75.7,1017.7,1019.4,1016.0,38,70,22,6.5,4.4,0.0
2008-09-29,89.6,62.1,77.0,86.9,61.0,74.5,1018.0,1020.1,1016.1,37,70,18,7.9,5.0,0.0
2008-09-30,92.6,62.8,78.1,91.4,61.0,76.5,1018.1,1020.4,1015.7,40,64,22,8.5,5.0,0.0
2008-10-01,88.1,63.4,76.2,85.5,60.3,73.0,1017.3,1019.9,1014.4,33,53,20,6.5,5.0,0.0
2008-10-02,89.3,64.4,77.0,87.7,61.6,73.9,1014.4,1016.9,1011.3,32,49,19,9.2,4.8,0.0
2008-10-03,90.2,67.5,78.4,91.0,68.1,78.1,1013.9,1015.6,1012.0,52,76,32,11.0,8.2,0.0
2008-10-04,88.3,67.3,77.3,86.5,69.2,76.3,1016.2,1018.1,1014.0,56,92,30,12.8,10.3,0.0
2008-10-05,85.2,66.1,75.6,82.3,67.5,74.7,1014.3,1017.3,1010.5,62,83,41,15.1,11.0,0.0
2008-10-06,84.6,71.4,76.4,87.7,72.6,80.1,1011.9,1013.9,1009.6,74,93,51,12.8,6.7,3.5
2008-10-07,84.6,65.5,74.6,79.4,60.7,72.6,1017.1,1019.5,1013.9,53,95,20,15.5,9.2,0.8
2008-10-08,85.4,55.9,70.9,84.7,53.2,68.3,1017.4,1019.5,1014.5,42,70,24,6.5,4.3,0.0
2008-10-09,86.1,59.6,72.3,84.4,56.5,69.2,1014.6,1017.3,1011.5,39,61,21,8.0,5.2,0.0
2008-10-10,86.5,60.1,73.3,84.3,61.6,72.3,1013.5,1015.2,1011.1,56,94,30,9.4,6.8,0.0
2008-10-11,86.6,64.7,75.4,88.0,66.9,76.4,1015.3,1017.6,1013.2,64,89,40,12.4,7.2,0.0
2008-10-12,89.4,65.9,77.2,87.6,68.4,77.6,1014.8,1016.5,1012.4,61,94,35,11.4,8.8,0.0
2008-10-13,87.1,71.7,78.7,89.0,75.8,81.1,1016.8,1018.5,1014.8,68,91,47,12.3,8.7,0.0
2008-10-14,83.9,71.1,76.0,87.4,76.8,80.6,1017.1,1019.1,1014.1,79,94,51,9.9,6.2,3.6
2008-10-15,78.3,65.4,72.0,84.5,65.7,77.0,1017.9,1020.8,1015.5,90,98,75,10.3,5.9,7.7
2008-10-16,73.0,62.0,66.2,71.4,58.9,64.6,1022.2,1024.0,1020.4,68,91,53,10.8,7.8,1.8
2008-10-17,73.1,58.0,65.4,72.4,56.1,64.5,1022.6,1024.1,1020.9,71,85,55,8.8,6.0,0.0
2008-10-18,78.9,57.7,67.6,78.4,56.8,66.9,1023.0,1025.5,1021.1,64,91,36,6.6,5.2,0.0
2008-10-19,78.6,55.8,66.4,78.0,54.5,65.1,1021.8,1024.1,1019.5,59,80,35,6.2,4.5,0.0
2008-10-20,80.3,55.8,67.8,80.9,55.7,67.5,1021.5,1023.5,1019.4,66,94,40,6.7,5.2,0.0
2008-10-21,80.9,58.3,69.6,80.3,59.1,69.8,1019.2,1022.6,1015.5,68,94,40,9.9,5.7,0.0
2008-10-22,82.0,61.6,69.1,82.3,53.0,67.4,1016.9,1022.7,1014.1,65,95,42,16.8,9.6,0.0
2008-10-23,68.8,51.9,59.9,63.4,45.7,53.2,1022.1,1024.4,1018.7,35,51,20,14.8,6.8,0.0
2008-10-24,77.6,47.7,62.3,72.7,42.5,57.0,1017.6,1020.4,1014.4,39,61,20,6.7,5.5,0.0
2008-10-25,81.3,52.8,66.5,79.8,48.9,63.6,1017.6,1020.5,1015.7,48,68,28,7.6,4.9,0.0
2008-10-26,81.3,60.6,70.6,83.2,59.4,71.6,1019.4,1025.1,1017.6,71,97,48,8.2,5.9,0.0
2008-10-27,69.2,51.5,61.2,64.4,44.4,51.6,1034.1,1038.6,1026.7,25,54,12,19.1,12.2,0.0
2008-10-28,67.8,44.4,56.0,62.3,38.2,49.9,1032.6,1035.6,1029.6,33,56,17,5.4,4.1,0.0
2008-10-29,74.4,45.8,59.9,67.4,40.2,53.9,1026.3,1029.1,1023.2,40,66,19,9.9,6.7,0.0
2008-10-30,78.2,53.8,65.7,75.0,52.8,63.5,1026.3,1028.2,1024.5,69,97,41,11.3,8.5,0.0
2008-10-31,78.5,56.9,68.0,77.4,57.1,67.5,1027.7,1029.9,1025.7,68,96,42,8.6,5.5,0.0
2008-11-01,80.8,58.7,69.3,81.1,58.7,69.0,1025.2,1027.6,1022.5,65,93,39,6.6,5.3,0.0
2008-11-02,80.8,61.4,70.2,79.3,61.1,68.7,1021.3,1023.6,1018.9,57,77,35,9.1,6.4,0.0
2008-11-03,78.1,58.0,68.6,75.5,58.7,67.1,1019.4,1021.5,1016.8,65,97,38,10.2,7.4,0.0
2008-11-04,78.3,60.4,69.0,76.6,60.3,68.0,1016.8,1019.4,1013.9,69,85,50,12.3,8.6,0.2
2008-11-05,83.6,66.1,73.1,79.1,66.1,70.9,1011.1,1014.3,1007.6,70,93,41,20.1,14.7,0.0
2008-11-06,77.0,58.7,69.0,71.2,52.2,64.5,1014.1,1017.0,1010.1,44,93,11,12.7,7.7,1.6
2008-11-07,72.0,50.9,61.4,66.7,45.1,55.1,1018.6,1021.2,1017.1,35,55,19,11.4,6.2,0.0
2008-11-08,76.4,48.1,61.4,70.2,42.2,55.3,1017.7,1020.2,1015.2,35,60,12,7.8,5.5,0.0
2008-11-09,76.4,48.9,63.2,68.7,44.2,57.6,1015.5,1017.8,1013.0,45,71,25,12.3,7.8,0.0
2008-11-10,75.7,63.7,68.0,76.7,60.6,67.8,1011.8,1014.4,1009.1,82,96,60,14.7,11.0,3.1
2008-11-11,75.1,63.1,69.4,79.8,65.3,72.7,1011.8,1014.4,1009.9,91,97,72,15.1,6.8,25.0
2008-11-12,71.6,58.0,63.7,72.8,59.6,64.9,1012.7,1015.6,1010.9,84,100,63,6.5,3.9,0.0
2008-11-13,73.0,52.4,63.0,73.0,51.3,62.6,1012.2,1015.4,1008.5,78,99,51,8.6,5.0,0.0
2008-11-14,76.0,59.2,66.3,76.9,50.2,64.6,1010.3,1021.7,1006.5,72,98,37,20.6,8.8,0.0
2008-11-15,59.3,45.6,53.2,48.0,38.8,43.0,1028.0,1031.2,1022.9,33,45,22,18.1,13.2,0.0
2008-11-16,64.4,38.9,50.9,58.7,32.9,44.9,1028.3,1030.5,1025.2,46,70,25,6.6,4.4,0.0
2008-11-17,71.0,43.0,55.8,66.2,37.0,50.3,1026.9,1029.0,1024.7,45,69,23,6.9,5.1,0.0
2008-11-18,67.5,45.9,55.2,63.7,40.2,50.8,1029.1,1031.6,1027.4,61,85,44,8.4,5.8,0.0
2008-11-19,73.8,45.8,58.3,68.3,42.0,54.2,1024.5,1029.1,1020.4,65,94,33,9.8,6.6,0.0
2008-11-20,75.3,51.2,61.1,73.4,40.5,56.9,1023.1,1030.0,1020.5,64,95,38,17.2,8.8,0.0
2008-11-21,52.8,42.8,48.6,45.7,32.0,39.7,1032.6,1035.7,1030.3,39,43,36,15.3,9.7,0.0
2008-11-22,58.7,48.7,54.0,55.5,42.5,49.2,1028.4,1031.3,1025.5,53,74,39,5.8,4.8,0.0
2008-11-23,72.5,58.0,64.2,72.4,55.4,63.4,1021.4,1025.5,1018.1,80,93,65,13.2,8.1,0.9
2008-11-24,69.5,51.0,63.5,69.2,44.7,60.3,1023.0,1027.8,1018.9,62,98,26,14.5,8.5,0.2
2008-11-25,67.0,41.4,53.6,61.3,35.3,47.9,1025.0,1028.2,1021.3,43,66,23,6.5,4.2,0.0
2008-11-26,72.8,47.9,59.4,69.7,40.8,55.5,1018.9,1021.7,1015.7,59,87,43,12.5,7.1,0.0
2008-11-27,73.0,56.1,63.5,74.6,56.4,64.9,1015.9,1018.2,1013.5,88,99,67,7.0,4.5,0.2
2008-11-28,70.5,52.7,63.3,72.4,50.4,63.9,1011.8,1013.6,1009.7,90,99,76,10.9,7.4,2.3
2008-11-29,64.7,50.3,55.8,60.5,44.7,52.2,1009.6,1011.6,1006.3,74,97,52,9.5,6.9,0.9
2008-11-30,61.8,48.6,54.8,50.7,41.3,45.4,1011.8,1015.8,1009.9,41,62,27,16.8,12.9,0.0
2008-12-01,59.9,45.2,53.0,46.6,39.0,43.2,1021.1,1025.0,1016.3,31,49,16,19.8,11.1,0.0
2008-12-02,70.3,39.9,53.8,61.1,31.2,45.1,1020.2,1025.0,1015.4,40,74,26,16.4,11.2,0.0
2008-12-03,76.9,50.3,63.3,74.3,39.0,57.8,1014.4,1023.3,1010.7,66,95,37,20.0,14.3,0.0
2008-12-04,52.8,39.6,45.6,43.3,28.0,35.3,1027.4,1030.5,1023.8,39,50,30,15.9,12.2,0.0
2008-12-05,50.3,37.5,43.4,43.0,29.0,35.3,1028.9,1033.0,1024.7,39,51,27,9.7,6.5,0.0
2008-12-06,64.6,34.5,48.1,58.7,27.6,41.7,1022.3,1024.3,1020.2,47,70,25,6.8,4.7,0.0
2008-12-07,66.8,41.7,54.3,57.9,36.6,48.0,1022.5,1025.8,1018.9,47,85,23,11.8,6.5,0.0
2008-12-08,71.7,52.1,62.0,70.3,47.3,59.1,1010.9,1018.9,1004.8,86,95,71,17.4,13.1,0.0
2008-12-09,75.5,38.5,62.0,73.0,27.6,58.0,1008.9,1022.0,1004.0,71,97,35,19.8,12.6,8.1
2008-12-10,45.8,34.3,39.8,35.4,23.4,28.5,1023.1,1025.7,1021.6,48,88,34,18.1,14.4,2.9
2008-12-11,61.1,35.4,46.0,53.4,25.7,37.5,1021.7,1024.4,1018.7,39,56,25,10.9,8.2,0.0
2008-12-12,63.3,36.4,48.5,55.9,30.4,41.7,1024.5,1027.8,1022.3,48,78,21,9.8,5.7,0.0
2008-12-13,71.7,45.0,58.2,64.1,38.0,51.7,1014.2,1021.7,1009.0,69,93,43,21.6,13.6,0.0
2008-12-14,78.0,58.4,66.1,76.0,54.1,63.0,1008.8,1012.9,1006.9,74,97,48,19.4,12.9,0.0
2008-12-15,63.6,33.7,43.7,65.2,23.2,35.1,1024.1,1029.1,1013.2,65,98,47,16.9,13.2,1.7
2008-12-16,40.4,32.0,35.9,36.3,22.5,29.4,1024.0,1028.5,1020.4,76,82,67,11.0,5.4,0.0
2008-12-17,53.9,39.1,47.2,53.5,35.3,45.0,1020.9,1022.1,1019.9,93,97,83,5.2,2.8,0.0
2008-12-18,68.3,53.8,62.2,70.7,53.3,63.7,1018.4,1021.5,1015.1,98,100,94,13.2,6.5,1.1
2008-12-19,75.7,63.9,68.6,78.2,64.8,71.4,1017.6,1020.3,1016.2,86,99,60,12.9,5.4,1.1
2008-12-20,75.6,58.7,68.2,77.6,49.3,68.8,1014.5,1018.0,1011.9,79,99,30,12.0,8.3,0.2
2008-12-21,56.0,36.3,42.7,46.3,24.5,30.3,1027.9,1034.0,1018.6,32,45,23,17.5,15.8,0.0
2008-12-22,38.3,32.1,34.6,29.6,21.1,24.7,1030.6,1034.7,1023.9,26,34,23,12.1,8.1,0.0
2008-12-23,58.6,37.8,47.1,52.8,30.6,42.0,1015.6,1023.1,1011.4,75,94,37,13.7,6.7,0.6
2008-12-24,69.0,49.5,59.6,61.9,43.7,55.3,1018.1,1022.7,1011.4,66,96,31,15.7,8.8,0.7
2008-12-25,65.7,46.7,57.1,65.9,41.8,55.0,1019.1,1022.8,1015.1,77,98,61,13.0,6.0,0.0
2008-12-26,78.4,66.1,70.6,76.9,66.3,70.2,1011.7,1015.2,1008.3,89,99,63,21.7,15.9,0.7
2008-12-27,70.4,50.5,65.5,71.3,39.7,60.5,1013.5,1022.4,1008.3,58,94,11,17.3,14.2,3.0
2008-12-28,52.4,41.8,47.3,47.3,34.1,40.8,1025.5,1028.1,1023.0,42,58,18,9.0,4.3,0.0
2008-12-29,66.1,34.8,49.3,61.7,29.0,44.0,1026.6,1029.2,1024.6,56,91,22,5.3,3.4,0.0
2008-12-30,71.3,40.3,54.3,63.8,33.3,47.6,1020.2,1025.4,1016.2,47,64,26,11.7,7.6,0.0
2008-12-31,60.8,46.9,52.4,52.0,39.9,45.3,1022.9,1026.3,1018.7,50,79,28,15.0,8.4,0.0
2009-01-01,65.7,43.6,54.2,60.9,37.9,49.5,1016.7,1022.5,1012.4,64,92,49,13.0,7.3,0.0
2009-01-02,75.4,52.0,62.4,73.5,49.4,61.0,1011.0,1013.2,1008.5,82,98,55,10.6,8.1,0.0
2009-01-03,80.0,63.0,68.8,78.7,62.8,68.6,1007.5,1009.4,1005.5,79,98,48,15.6,9.6,1.4
2009-01-04,62.6,47.5,56.0,63.6,37.4,49.9,1017.6,1024.5,1009.7,58,100,30,13.7,10.2,0.0
2009-01-05,46.4,38.4,40.7,37.1,31.1,33.6,1020.0,1024.4,1012.3,72,80,42,11.7,7.8,3.9
2009-01-06,67.4,41.9,52.2,58.4,37.2,46.1,1008.2,1013.3,1003.7,65,94,26,15.3,8.4,11.6
2009-01-07,69.5,36.7,52.6,60.8,29.4,45.1,1012.1,1014.5,1008.8,41,68,20,12.9,7.5,0.0
2009-01-08,76.4,43.4,58.4,71.2,36.5,52.8,1013.2,1015.7,1011.8,48,88,25,9.3,6.8,0.0
2009-01-09,76.5,57.2,66.5,74.5,55.3,65.6,1012.0,1013.8,1009.6,84,98,58,16.6,11.3,0.2
2009-01-10,63.6,44.7,53.1,64.6,33.8,44.5,1021.8,1028.2,1012.9,50,98,26,18.8,13.8,1.0
2009-01-11,57.9,40.3,46.7,49.2,30.7,38.0,1027.6,1030.4,1024.9,34,52,21,11.4,8.2,0.0
2009-01-12,61.6,34.4,46.9,54.6,27.6,40.1,1022.4,1025.4,1018.8,46,70,21,7.0,5.1,0.0
2009-01-13,52.8,37.7,45.2,44.5,28.2,35.7,1029.2,1033.7,1026.1,32,50,19,15.7,9.5,0.0
2009-01-14,61.0,31.8,45.1,52.9,24.4,37.6,1025.4,1027.2,1022.6,38,65,18,6.8,5.3,0.0
2009-01-15,57.9,37.1,46.9,50.9,31.6,40.2,1031.6,1036.8,1027.7,59,92,41,10.4,7.3,0.0
2009-01-16,43.3,38.6,41.5,37.3,30.7,34.2,1036.5,1039.9,1032.3,52,56,46,10.1,6.0,0.0
2009-01-17,65.7,42.9,53.9,61.5,35.6,49.1,1026.4,1031.8,1022.6,65,91,48,13.5,7.7,0.0
2009-01-18,73.6,45.7,57.7,64.3,38.7,51.0,1022.7,1026.3,1019.9,47,93,13,11.1,7.9,0.0
2009-01-19,70.0,48.5,59.2,58.9,39.8,49.2,1017.3,1019.5,1015.6,23,42,15,17.2,11.5,0.0
2009-01-20,61.9,42.9,51.2,50.9,36.5,42.8,1023.1,1026.9,1018.0,35,60,15,15.5,8.4,0.0
2009-01-21,73.6,35.9,53.5,63.5,28.0,44.8,1021.6,1025.2,1017.4,32,58,13,12.7,8.5,0.0
2009-01-22,76.3,44.6,60.9,66.4,37.0,52.4,1017.3,1019.7,1015.2,32,59,19,14.8,10.7,0.0
2009-01-23,77.9,54.7,65.5,73.6,51.8,62.0,1016.0,1018.2,1014.1,66,92,42,12.8,10.6,0.0
2009-01-24,63.7,41.8,48.6,61.8,32.1,39.6,1024.7,1028.6,1016.9,49,78,38,17.2,12.2,0.0
2009-01-25,56.1,39.6,47.8,50.1,34.0,42.2,1021.0,1024.9,1018.1,57,70,49,7.8,4.8,0.0
2009-01-26,71.3,52.6,60.7,70.6,48.2,59.2,1016.6,1018.9,1013.7,85,99,69,13.3,8.8,1.9
2009-01-27,71.6,34.8,54.7,71.9,24.4,51.8,1017.4,1023.6,1014.0,89,97,67,15.9,9.7,3.9
2009-01-28,52.8,32.9,40.6,46.8,23.8,33.0,1022.9,1027.2,1019.5,58,93,33,13.4,7.5,1.1
2009-01-29,58.0,30.5,43.4,51.5,24.1,36.6,1023.5,1028.5,1021.0,55,83,32,7.8,5.7,0.0
2009-01-30,63.4,32.4,48.0,57.3,26.5,41.6,1029.4,1032.2,1027.6,45,88,15,6.8,4.2,0.0
2009-01-31,68.5,38.6,53.1,59.5,30.9,44.6,1023.9,1028.4,1019.1,33,59,12,11.9,8.5,0.0
2009-02-01,75.9,48.5,60.5,70.9,43.5,55.4,1013.5,1018.7,1009.2,59,84,34,17.5,9.5,0.0
2009-02-02,62.0,45.1,52.9,53.2,33.8,43.2,1023.2,1026.7,1016.2,30,56,15,17.8,11.5,0.0
2009-02-03,73.6,37.3,54.3,67.1,29.0,46.5,1024.7,1027.6,1022.0,27,45,11,9.0,6.0,0.0
2009-02-04,66.0,41.3,52.8,58.8,33.6,45.4,1031.7,1035.0,1028.0,37,58,20,9.2,7.1,0.0
2009-02-05,72.8,43.1,57.1,65.2,38.3,51.2,1029.5,1032.7,1025.3,61,92,30,14.0,9.5,0.0
2009-02-06,76.0,54.2,63.6,67.3,49.2,57.4,1023.0,1026.1,1019.8,64,84,35,20.0,14.8,0.0
2009-02-07,75.8,61.4,66.8,70.1,56.2,61.8,1021.4,1022.8,1020.1,67,83,45,19.8,15.3,0.1
2009-02-08,76.4,60.1,66.2,67.0,56.4,60.8,1018.8,1022.3,1014.2,66,86,34,21.8,15.2,0.4
2009-02-09,74.2,62.0,65.7,74.5,58.0,65.2,1013.2,1014.7,1011.5,81,97,48,19.5,8.2,8.6
2009-02-10,76.8,58.9,68.5,73.3,52.0,67.2,1007.9,1012.7,1001.8,83,97,58,19.5,13.9,9.5
2009-02-11,71.4,51.3,60.7,65.3,39.8,51.6,1016.7,1020.7,1010.8,29,61,18,22.9,11.7,0.0
2009-02-12,74.5,46.3,59.9,67.8,40.5,54.0,1019.3,1021.8,1016.0,45,69,21,10.4,7.2,0.0
2009-02-13,75.0,58.4,65.9,77.9,54.8,66.7,1014.1,1016.7,1011.0,76,92,60,6.7,4.6,0.4
2009-02-14,59.4,49.0,54.3,57.8,39.6,47.0,1016.2,1018.0,1014.4,50,94,31,13.3,9.8,0.9
2009-02-15,65.0,49.8,56.0,59.1,42.3,49.6,1020.9,1024.9,1017.5,52,69,41,12.2,9.1,0.0
2009-02-16,58.7,49.5,53.4,53.4,43.8,48.2,1024.5,1027.1,1022.1,64,72,50,8.8,7.3,2.6
2009-02-17,71.0,53.9,62.1,72.5,48.6,61.5,1015.0,1021.5,1010.2,84,96,68,11.7,7.7,0.2
2009-02-18,80.3,58.1,68.0,74.0,49.9,64.9,1011.8,1015.8,1009.5,56,97,15,10.9,7.5,0.0
2009-02-19,63.9,47.6,55.0,55.4,40.4,46.8,1023.5,1027.4,1016.2,33,58,18,12.4,9.1,0.0
2009-02-20,70.0,38.9,54.5,61.3,32.0,46.6,1022.9,1027.3,1017.4,39,65,16,15.3,8.9,0.0
2009-02-21,63.6,46.6,56.8,59.3,36.0,49.3,1021.5,1030.3,1015.7,54,90,21,17.4,12.3,1.2
2009-02-22,61.4,36.4,48.6,54.9,28.6,40.5,1031.9,1035.3,1029.4,25,46,13,9.9,6.3,0.0
2009-02-23,68.4,36.0,52.7,59.9,28.9,45.4,1027.5,1031.0,1022.9,39,75,22,12.3,8.2,0.0
2009-02-24,80.8,49.9,63.6,74.1,45.6,58.8,1017.5,1023.4,1012.4,65,95,31,15.4,11.7,0.0
2009-02-25,84.4,55.7,68.3,81.5,54.2,66.3,1013.7,1015.9,1011.1,71,95,37,12.8,10.6,0.0
2009-02-26,85.4,63.9,71.5,82.3,63.3,70.2,1011.2,1014.1,1007.2,73,94,38,15.3,12.5,0.0
2009-02-27,88.1,63.5,73.2,89.4,59.1,72.8,1008.4,1011.9,1005.7,64,96,26,12.8,8.1,0.0
2009-02-28,61.3,45.6,54.6,55.9,32.9,43.0,1023.6,1031.7,1012.8,35,64,17,22.6,17.6,0.0
2009-03-01,60.9,36.1,47.3,52.9,25.4,37.9,1032.7,1036.8,1029.3,27,42,16,14.8,9.4,0.0
2009-03-02,68.1,37.1,52.7,60.8,30.4,45.8,1026.1,1029.7,1021.6,32,62,13,7.8,5.1,0.0
2009-03-03,74.0,42.7,58.0,66.2,37.2,51.3,1021.9,1024.9,1018.3,50,79,29,14.8,10.4,0.0
2009-03-04,81.1,52.8,65.1,76.2,49.9,60.7,1018.8,1021.3,1015.5,65,94,34,15.3,12.3,0.0
2009-03-05,83.9,60.1,69.6,79.1,57.2,65.6,1018.5,1020.4,1015.8,64,90,32,16.4,14.0,0.0
2009-03-06,83.3,62.5,70.6,77.8,60.3,66.8,1018.2,1020.5,1014.4,64,91,32,16.3,14.2,0.0
2009-03-07,78.3,64.9,71.1,74.0,62.3,68.2,1014.5,1017.6,1011.8,70,86,48,18.6,15.0,0.3
2009-03-08,83.1,68.5,73.9,83.4,68.2,74.1,1014.8,1016.8,1012.8,70,89,44,13.9,10.0,0.3
2009-03-09,84.4,66.4,73.3,79.8,67.0,71.9,1014.5,1016.7,1011.6,68,96,35,16.4,12.4,0.4
2009-03-10,81.5,66.1,73.7,79.9,66.7,73.0,1013.3,1015.3,1011.7,66,93,42,14.0,10.1,0.2
2009-03-11,69.8,44.1,55.1,73.5,37.2,51.3,1020.9,1024.9,1015.5,88,97,71,15.2,11.2,18.0
2009-03-12,45.8,42.6,43.9,38.9,35.0,37.0,1024.6,1026.7,1023.1,88,97,75,13.4,10.8,14.7
2009-03-13,43.0,40.4,41.1,36.9,33.7,34.6,1020.6,1023.2,1018.5,96,99,92,10.8,9.7,10.3
2009-03-14,56.0,41.3,48.0,52.2,34.6,42.9,1018.2,1019.7,1016.5,76,91,60,10.9,6.9,0.0
2009-03-15,63.3,42.0,52.0,60.6,38.3,49.2,1018.0,1019.7,1016.2,77,96,54,5.7,3.6,1.4
2009-03-16,79.5,44.7,61.1,80.8,41.0,59.4,1020.6,1022.4,1018.9,69,95,35,7.4,5.2,0.0
2009-03-17,79.8,49.2,64.1,77.3,46.5,61.3,1021.0,1023.0,1018.5,63,95,29,10.1,7.2,0.0
2009-03-18,76.6,51.3,62.7,75.8,49.1,60.7,1018.6,1020.8,1015.5,69,98,41,8.6,6.9,0.0
2009-03-19,78.2,51.6,64.7,78.4,49.5,63.2,1019.0,1021.0,1017.4,63,96,35,7.6,5.1,0.0
2009-03-20,79.1,52.2,66.1,76.8,50.7,63.5,1020.6,1022.8,1018.3,56,91,30,9.2,6.2,0.0
2009-03-21,80.3,54.2,67.9,77.5,52.9,65.1,1020.8,1022.9,1019.0,58,89,36,13.3,8.9,0.0
2009-03-22,81.8,60.6,69.6,76.7,60.3,66.7,1018.3,1021.6,1014.1,67,97,34,16.5,12.9,0.0
2009-03-23,78.1,64.0,70.5,72.5,61.7,66.6,1010.7,1015.1,1007.6,70,91,49,20.6,16.7,0.3
2009-03-24,78.8,66.4,71.2,81.5,65.2,72.1,1009.0,1011.3,1007.4,79,97,56,16.0,9.9,2.3
2009-03-25,68.2,56.4,63.4,70.1,57.1,63.6,1009.7,1012.0,1006.6,86,98,78,11.5,6.8,12.9
2009-03-26,76.9,54.9,65.0,80.3,55.5,67.4,1004.6,1007.7,1000.1,91,99,70,9.1,4.9,0.3
2009-03-27,80.2,51.5,66.0,82.1,39.9,63.6,1002.6,1010.5,998.9,67,100,29,17.8,10.3,1.4
2009-03-28,66.6,40.9,53.0,57.2,29.7,43.2,1011.3,1014.7,1009.8,32,43,21,17.8,13.0,0.0
2009-03-29,72.3,40.7,56.8,66.2,34.1,50.3,1014.4,1018.6,1009.9,37,60,21,14.0,7.4,0.0
2009-03-30,79.2,56.1,67.0,77.6,48.5,63.1,1006.2,1010.8,1002.8,68,94,45,16.7,13.3,0.0
2009-03-31,70.8,53.3,63.1,69.6,47.0,57.9,1011.2,1014.8,1004.6,48,96,19,15.9,9.6,3.4
2009-04-01,77.2,45.5,62.1,71.3,39.5,56.6,1006.8,1011.7,1001.1,48,88,22,14.8,9.3,0.0
2009-04-02,71.3,54.9,64.8,65.5,49.2,58.8,1005.0,1010.7,999.7,52,97,21,24.1,13.3,6.7
2009-04-03,76.4,46.1,61.4,71.3,41.1,56.0,1009.5,1013.1,1005.3,42,67,25,13.5,7.5,0.0
2009-04-04,84.6,56.8,69.8,86.4,53.2,68.4,1006.1,1007.5,1003.6,66,93,37,13.2,10.0,0.0
2009-04-05,70.0,56.4,64.5,70.0,45.6,57.1,1015.6,1024.4,1006.4,44,98,18,20.1,14.5,0.2
2009-04-06,64.1,47.6,54.8,53.7,36.3,44.7,1027.6,1030.8,1025.0,25,33,14,15.0,12.1,0.0
2009-04-07,74.7,40.3,57.9,69.6,34.1,51.7,1024.3,1028.9,1018.0,31,68,14,9.0,5.4,0.0
2009-04-08,86.1,52.7,68.1,80.1,45.0,61.5,1012.8,1018.6,1007.0,39,77,22,15.0,12.4,0.0
2009-04-09,94.1,61.0,74.3,91.1,58.6,70.9,1004.6,1008.5,1000.9,53,92,10,16.7,10.6,0.0
2009-04-10,77.8,57.5,68.1,70.6,53.9,63.4,1013.3,1018.3,1007.6,49,96,23,12.5,8.8,0.0
2009-04-11,69.2,57.3,62.9,64.0,51.4,58.2,1015.8,1019.3,1009.9,56,76,39,14.6,9.3,0.6
2009-04-12,79.4,59.1,68.8,77.2,56.2,67.2,1007.8,1009.8,1005.8,62,98,23,17.1,8.1,22.1
2009-04-13,72.0,54.1,62.4,67.9,47.9,57.7,1012.2,1015.5,1007.3,51,66,36,13.3,9.0,0.0
2009-04-14,77.5,51.4,63.8,78.2,48.3,61.6,1015.6,1018.3,1012.6,55,81,31,7.9,4.7,0.0
2009-04-15,80.9,53.0,67.3,76.0,50.9,63.4,1014.8,1017.1,1011.6,53,90,28,13.0,9.1,0.0
2009-04-16,75.2,60.5,67.0,73.3,58.9,65.2,1014.3,1016.4,1011.9,74,88,51,13.9,10.3,2.5
2009-04-17,67.2,62.9,64.9,68.8,61.0,66.0,1013.3,1014.9,1012.1,96,100,81,14.2,9.1,55.8
2009-04-18,77.2,63.5,68.4,79.8,64.7,71.1,1012.2,1014.4,1009.7,87,100,61,8.9,5.6,15.6
2009-04-19,74.5,61.0,66.7,72.5,54.8,64.3,1017.0,1020.7,1013.4,63,100,43,14.4,9.9,0.0
2009-04-20,77.4,53.1,65.5,77.7,49.7,63.0,1020.5,1023.1,1017.6,52,76,30,8.2,5.7,0.0
2009-04-21,86.3,59.5,71.9,86.4,54.0,68.9,1016.4,1018.7,1013.3,46,58,29,10.7,9.0,0.0
2009-04-22,88.7,65.5,76.1,87.2,60.3,72.5,1014.0,1016.0,1011.5,45,59,33,15.7,12.5,0.0
2009-04-23,84.2,62.2,72.6,81.7,59.1,69.6,1013.7,1015.3,1011.0,58,83,36,16.6,13.2,0.0
2009-04-24,80.0,66.8,71.9,78.3,66.2,72.4,1015.3,1016.8,1014.1,81,98,56,17.6,12.3,7.6
2009-04-25,82.7,66.4,73.4,84.6,66.0,74.7,1015.3,1017.0,1013.6,83,98,60,16.1,13.6,1.4
2009-04-26,82.9,70.7,75.4,79.0,71.3,74.6,1012.6,1014.6,1010.2,76,92,50,21.2,17.1,0.7
2009-04-27,79.5,66.9,71.7,82.9,69.2,74.9,1015.8,1018.6,1011.7,86,98,61,15.6,8.0,16.6
2009-04-28,82.3,66.7,74.0,87.8,69.0,78.4,1019.0,1021.1,1017.5,85,100,64,11.0,7.2,3.8
2009-04-29,81.8,70.8,75.2,81.5,71.7,76.1,1015.7,1018.9,1012.9,79,95,60,21.1,14.5,1.5
2009-04-30,84.4,71.0,76.5,86.8,72.0,79.8,1013.9,1015.6,1012.0,79,97,57,14.1,10.1,1.2
2009-05-01,85.2,71.4,77.4,87.4,74.0,80.2,1013.7,1015.6,1011.0,77,94,55,14.2,11.3,0.8
2009-05-02,83.6,71.4,77.0,86.4,74.4,79.9,1009.5,1013.1,1005.8,79,95,61,18.0,11.4,1.0
2009-05-03,79.9,66.5,73.1,85.3,65.6,76.4,1009.7,1013.4,1006.2,79,98,60,11.4,7.0,6.2
2009-05-04,80.4,59.1,69.9,83.8,57.8,71.1,1013.4,1016.5,1010.4,70,81,58,8.5,6.3,0.0
2009-05-05,86.9,70.9,77.6,88.9,73.7,80.8,1010.0,1013.1,1006.2,76,96,55,15.2,10.1,0.1
2009-05-06,87.7,71.4,78.9,95.7,74.7,82.9,1007.8,1010.8,1005.7,76,96,55,16.6,10.5,1.9
2009-05-07,89.7,71.9,79.8,93.3,78.1,84.5,1009.4,1011.1,1007.0,76,97,53,12.3,9.0,0.4
2009-05-08,93.3,72.1,81.2,96.4,75.7,83.6,1006.5,1008.9,1003.3,69,96,44,17.6,13.7,0.0
2009-05-09,92.1,70.5,80.8,95.8,74.1,83.6,1011.2,1014.8,1007.5,64,95,39,12.7,9.0,0.0
2009-05-10,90.1,70.6,80.5,92.5,75.7,83.2,1014.3,1016.1,1011.5,63,98,37,10.1,8.0,0.0
2009-05-11,91.0,72.1,80.9,95.3,77.0,84.7,1014.7,1016.8,1012.2,66,95,36,12.1,6.9,0.0
2009-05-12,92.9,72.7,81.4,93.2,77.1,83.3,1012.5,1015.4,1008.3,65,93,33,15.5,11.6,0.0
2009-05-13,93.2,73.1,81.8,92.6,75.4,82.0,1009.9,1011.4,1007.2,63,90,38,18.8,15.3,0.0
2009-05-14,91.5,73.7,81.7,92.3,76.5,83.0,1013.8,1016.7,1011.4,61,89,34,13.4,11.1,0.3
2009-05-15,89.4,71.9,80.3,90.3,74.8,82.1,1013.4,1015.4,1010.0,64,91,42,12.1,10.3,0.7
2009-05-16,86.5,67.0,73.9,93.0,69.0,77.7,1016.4,1020.3,1012.6,83,94,51,11.6,7.9,10.9
2009-05-17,74.6,64.8,69.5,72.6,63.7,68.2,1021.2,1022.9,1019.9,71,94,54,13.6,10.2,0.5
2009-05-18,80.1,57.5,68.8,77.7,55.2,66.2,1022.0,1024.2,1019.9,51,82,28,11.2,7.0,0.0
2009-05-19,82.7,54.1,69.7,81.1,51.7,67.3,1021.2,1023.7,1018.2,46,78,26,8.5,5.8,0.0
2009-05-20,84.8,60.8,72.8,85.1,58.6,71.4,1018.1,1021.0,1014.6,45,77,24,6.4,4.7,0.0
2009-05-21,88.6,58.5,75.3,88.8,56.7,74.5,1015.0,1016.9,1012.2,45,75,27,8.4,4.9,0.0
2009-05-22,86.3,68.2,77.8,89.1,71.2,79.5,1013.6,1015.5,1010.9,57,83,38,10.1,5.9,0.0
2009-05-23,84.0,68.4,74.9,87.3,71.6,78.7,1012.2,1014.0,1010.3,71,84,48,6.6,4.1,5.6
2009-05-24,83.0,66.7,74.3,89.7,70.9,79.4,1010.8,1012.8,1007.9,77,93,53,6.7,3.4,5.4
2009-05-25,89.0,65.8,78.0,96.0,70.0,83.2,1007.9,1010.3,1004.3,68,97,41,7.2,2.8,0.0
2009-05-26,92.0,72.2,82.1,96.9,77.8,86.3,1007.0,1009.1,1004.0,64,97,39,12.9,7.7,0.2
2009-05-27,87.5,69.2,77.7,93.7,73.4,82.3,1010.5,1011.8,1008.8,71,94,49,8.0,5.0,3.3
2009-05-28,89.0,70.2,78.9,91.3,73.0,80.7,1012.9,1014.4,1011.5,54,81,29,7.6,4.8,0.2
2009-05-29,89.0,66.6,79.6,92.5,67.8,80.4,1015.5,1017.9,1013.7,48,79,32,6.3,4.8,0.0
2009-05-30,90.8,72.6,82.2,94.4,73.6,83.9,1015.3,1017.2,1012.3,45,74,31,8.2,3.4,0.0
2009-05-31,91.0,72.0,81.4,96.0,74.2,83.3,1013.9,1016.5,1010.5,55,77,35,12.0,7.7,2.6
2009-06-01,89.5,69.3,78.4,92.3,72.8,81.0,1013.0,1015.2,1009.7,64,84,39,10.7,6.8,3.7
2009-06-02,92.8,70.8,80.5,97.0,75.2,84.1,1012.4,1014.4,1009.2,64,89,38,10.2,6.7,0.2
2009-06-03,91.2,73.7,80.1,93.6,79.7,84.9,1013.3,1015.6,1010.9,70,92,41,9.6,6.5,2.6
2009-06-04,89.9,69.6,79.0,88.5,71.1,78.6,1014.5,1016.0,1012.4,52,76,30,12.6,8.2,0.0
2009-06-05,91.8,68.3,79.8,95.5,70.5,81.6,1014.3,1016.6,1011.5,49,79,26,5.2,3.8,0.0
2009-06-06,96.5,68.0,82.9,97.5,69.4,83.3,1011.8,1014.1,1008.9,47,76,27,12.2,8.3,0.0
2009-06-07,94.7,69.0,82.0,95.0,71.2,82.3,1010.4,1012.5,1007.8,54,87,30,13.7,10.4,0.0
2009-06-08,94.3,72.6,83.1,96.4,74.6,84.2,1010.5,1012.0,1008.0,54,82,33,12.9,10.3,0.0
2009-06-09,96.6,72.1,84.1,96.8,76.2,86.2,1011.6,1014.0,1008.8,57,90,31,12.8,9.8,0.0
2009-06-10,96.8,76.4,85.3,98.1,81.8,88.2,1010.1,1012.2,1005.9,61,89,33,15.4,11.6,0.0
2009-06-11,95.3,76.4,85.8,102.1,80.7,89.6,1009.4,1010.8,1006.8,63,89,42,16.9,11.6,0.1
2009-06-12,99.5,75.3,86.6,102.8,79.6,90.1,1009.7,1011.2,1007.8,60,90,34,13.9,10.8,0.0
2009-06-13,100.4,76.5,87.7,104.8,82.8,91.8,1011.8,1013.5,1009.4,58,90,31,13.4,10.0,0.0
2009-06-14,98.9,75.4,86.2,101.0,79.9,89.1,1012.8,1015.3,1009.6,57,89,29,15.6,10.6,0.0
2009-06-15,99.8,76.7,86.8,99.8,80.8,88.8,1012.0,1014.4,1008.5,56,84,26,14.9,12.0,0.0
2009-06-16,100.0,76.8,87.2,101.2,80.8,89.1,1011.4,1013.1,1009.2,56,87,27,15.6,12.9,0.0
2009-06-17,98.0,76.9,86.4,99.2,80.6,89.0,1012.8,1014.7,1010.3,59,85,32,13.3,11.9,0.0
2009-06-18,94.7,77.5,85.5,96.6,82.2,88.8,1011.6,1014.1,1007.9,62,86,42,14.3,11.8,0.5
2009-06-19,96.2,77.3,86.4,97.8,82.6,89.3,1010.8,1012.6,1007.6,59,87,35,14.4,11.8,0.0
2009-06-20,98.6,77.5,86.8,99.1,82.4,89.0,1010.5,1012.3,1007.3,58,86,29,14.7,12.5,0.0
2009-06-21,97.2,76.4,86.6,99.2,81.9,89.7,1010.6,1012.6,1007.6,57,88,32,12.6,10.2,0.0
2009-06-22,97.9,77.3,87.6,101.2,83.4,91.8,1010.1,1012.3,1007.4,55,86,31,11.6,8.0,0.0
2009-06-23,99.9,77.6,89.5,103.6,83.6,92.8,1010.2,1012.2,1007.8,46,75,24,10.4,5.5,0.0
2009-06-24,101.9,79.1,91.6,106.0,85.1,94.9,1010.6,1012.6,1007.9,41,71,24,7.4,4.4,0.0
2009-06-25,104.2,81.8,93.8,107.5,86.4,95.7,1009.8,1012.0,1006.5,36,61,21,11.3,6.3,0.0
2009-06-26,101.6,81.8,92.5,104.4,87.0,95.6,1009.3,1011.5,1006.3,40,64,24,10.5,5.5,0.0
2009-06-27,101.3,80.4,91.4,105.4,86.4,95.1,1010.0,1012.0,1007.3,46,75,24,11.3,6.9,0.0
2009-06-28,100.8,80.4,91.2,107.1,86.5,95.6,1010.8,1013.3,1007.3,45,72,26,10.1,5.2,0.0
2009-06-29,100.3,81.5,90.5,108.2,85.7,94.2,1008.5,1010.4,1004.1,46,63,29,13.3,6.6,0.0
2009-06-30,94.3,81.8,85.6,101.6,87.3,91.8,1009.2,1010.5,1007.9,60,71,38,7.6,4.6,3.5
2009-07-01,88.0,75.2,81.9,93.6,83.1,88.9,1011.0,1012.9,1009.5,71,92,52,5.9,3.9,7.8
2009-07-02,97.3,78.2,87.3,103.0,84.0,92.6,1013.3,1015.0,1011.8,53,76,32,7.9,4.4,0.0
2009-07-03,97.1,76.4,86.7,104.2,84.3,92.8,1015.5,1017.8,1013.1,60,90,41,10.9,6.8,0.1
2009-07-04,101.6,78.5,89.6,105.2,85.9,93.8,1013.5,1016.5,1008.5,55,86,29,14.8,9.8,0.0
2009-07-05,100.9,79.2,90.1,106.6,83.5,94.2,1011.3,1013.3,1008.1,50,76,27,12.3,7.4,0.0
2009-07-06,90.9,79.3,85.7,96.8,86.9,91.4,1011.2,1013.2,1008.7,59,79,44,7.6,4.2,0.0
2009-07-07,95.8,75.5,85.8,104.6,84.4,92.9,1009.8,1011.7,1007.4,63,94,40,7.8,4.3,7.9
2009-07-08,101.2,77.7,89.2,106.8,86.2,94.6,1009.6,1011.0,1007.6,56,91,27,10.3,6.9,0.0
2009-07-09,102.5,76.7,90.0,105.5,82.4,93.6,1012.7,1014.8,1011.0,50,82,25,9.8,7.8,0.0
2009-07-10,100.1,78.6,89.5,104.7,84.1,92.9,1016.4,1018.5,1014.7,50,78,27,11.8,8.5,0.0
2009-07-11,98.6,77.3,88.4,103.3,84.9,92.6,1018.6,1020.4,1016.1,54,86,31,11.3,8.0,0.0
2009-07-12,100.5,78.1,89.7,104.5,83.5,93.0,1017.8,1020.0,1015.0,47,76,27,11.7,7.2,0.0
2009-07-13,101.7,78.3,90.2,105.9,82.5,92.9,1014.6,1017.3,1011.6,46,76,25,12.7,8.3,0.0
2009-07-14,101.1,78.1,89.5,103.2,82.6,91.4,1013.7,1015.5,1010.8,47,75,26,15.8,10.5,0.0
2009-07-15,101.3,77.5,89.3,104.6,83.2,92.5,1015.5,1017.4,1013.0,51,83,26,13.0,9.0,0.0
2009-07-16,101.2,78.4,89.7,105.9,84.8,93.3,1014.8,1017.2,1011.0,50,82,26,12.4,7.7,0.0
2009-07-17,98.3,79.7,88.6,105.8,84.1,92.2,1015.6,1018.2,1012.7,46,64,31,10.6,5.6,0.0
2009-07-18,97.4,79.1,87.9,105.4,84.7,92.4,1017.0,1018.8,1014.7,50,71,34,9.9,5.3,2.3
2009-07-19,97.5,78.2,87.5,105.3,85.4,93.2,1016.8,1019.7,1012.9,56,82,32,11.8,5.4,0.0
2009-07-20,96.1,78.6,86.8,102.2,83.8,90.8,1012.8,1015.7,1009.3,57,82,34,14.1,8.4,0.4
2009-07-21,98.4,78.7,87.8,102.4,83.7,91.8,1010.6,1012.7,1008.1,57,83,32,12.9,9.5,0.0
2009-07-22,97.2,78.5,87.3,105.8,85.8,93.8,1013.3,1014.9,1011.4,58,81,37,9.4,5.0,0.6
2009-07-23,96.2,76.3,84.7,101.6,80.3,88.8,1014.9,1016.8,1013.3,56,80,32,11.3,5.3,0.1
2009-07-24,97.5,78.1,87.7,100.1,82.6,89.8,1014.5,1016.0,1012.3,44,67,25,11.0,5.9,0.0
2009-07-25,99.5,77.1,88.4,102.5,81.3,90.6,1014.0,1015.7,1011.6,48,76,25,11.6,8.7,0.0
2009-07-26,101.2,77.2,89.4,105.2,81.5,91.7,1014.2,1016.5,1011.1,47,78,24,13.2,8.6,0.0
2009-07-27,100.3,78.9,88.9,101.7,84.7,91.4,1012.7,1014.7,1009.4,53,81,25,14.9,11.0,0.0
2009-07-28,101.3,78.9,89.1,102.3,82.6,90.8,1010.0,1011.9,1006.7,50,75,25,14.3,12.2,0.0
2009-07-29,94.6,80.0,86.8,98.2,85.5,91.0,1010.0,1012.1,1007.3,59,78,41,13.1,9.3,0.0
2009-07-30,98.0,80.1,87.5,107.1,85.5,94.5,1012.0,1014.5,1009.7,62,81,38,13.0,5.7,0.1
2009-07-31,95.3,76.5,84.8,104.7,85.5,92.7,1015.3,1017.1,1013.0,70,94,43,10.4,5.0,6.3
2009-08-01,98.0,79.5,88.4,101.0,86.8,93.1,1014.7,1016.4,1011.3,56,87,28,10.3,7.8,0.0
2009-08-02,93.5,80.0,85.9,100.3,85.0,90.6,1015.8,1017.8,1013.8,57,76,40,9.6,6.3,0.0
2009-08-03,99.0,75.2,87.5,101.6,77.8,89.3,1015.0,1017.1,1012.1,47,70,28,13.4,8.9,0.0
2009-08-04,98.8,77.1,88.0,102.6,83.2,91.8,1015.0,1016.9,1012.2,54,86,30,12.1,8.7,0.0
2009-08-05,100.5,77.5,89.3,104.2,82.5,92.6,1015.2,1017.4,1012.8,47,78,26,9.0,6.6,0.0
2009-08-06,101.4,78.9,90.3,106.1,84.2,93.8,1014.6,1016.7,1011.9,46,75,25,9.4,6.6,0.0
2009-08-07,100.4,78.4,89.4,103.1,82.4,91.2,1014.5,1016.2,1011.4,44,68,25,13.6,8.7,0.0
2009-08-08,98.0,78.3,87.6,100.5,84.4,90.9,1015.2,1016.9,1012.2,54,82,32,12.7,9.7,0.0
2009-08-09,98.3,78.6,87.1,102.4,84.6,91.2,1016.1,1017.7,1014.1,58,85,37,12.7,9.6,3.8
2009-08-10,99.1,79.9,88.4,103.3,86.1,92.4,1017.2,1019.3,1014.0,56,82,34,12.5,9.7,0.2
2009-08-11,100.0,77.7,89.0,105.9,84.3,93.3,1016.6,1019.0,1013.3,51,85,27,10.4,6.5,0.0
2009-08-12,101.1,80.1,89.0,108.2,87.1,95.2,1016.2,1017.7,1013.8,52,73,28,8.1,3.4,1.9
2009-08-13,95.6,77.9,85.4,106.2,87.5,93.6,1015.0,1016.8,1012.2,65,87,43,6.4,2.8,1.8
2009-08-14,95.9,78.2,87.1,100.8,86.3,92.0,1014.1,1016.0,1011.4,57,84,37,10.2,6.9,0.2
2009-08-15,98.6,76.8,87.4,102.3,84.1,91.5,1012.5,1014.6,1009.2,55,85,30,11.5,8.1,0.0
2009-08-16,97.9,77.0,87.3,103.1,84.0,91.9,1012.4,1014.5,1009.6,58,90,34,10.8,8.1,0.0
2009-08-17,97.8,78.3,87.4,101.5,85.9,91.8,1013.8,1016.0,1011.5,57,85,33,11.7,8.2,0.2
2009-08-18,95.9,78.3,86.8,101.4,86.4,92.1,1014.4,1016.6,1011.6,60,88,37,12.2,7.5,0.0
2009-08-19,97.8,78.2,87.6,99.6,85.1,90.9,1011.7,1014.0,1008.4,56,84,30,12.3,9.7,0.0
2009-08-20,100.0,79.0,88.5,102.1,84.9,91.6,1010.9,1012.8,1008.6,54,82,28,11.9,9.9,0.4
2009-08-21,99.1,79.9,89.0,105.2,88.0,94.8,1014.1,1016.4,1010.2,55,81,31,10.3,5.4,0.0
2009-08-22,98.9,80.6,89.0,107.5,89.4,96.4,1015.0,1017.2,1012.7,55,78,34,4.7,2.5,1.8
2009-08-23,101.0,80.3,91.0,103.1,84.6,92.9,1013.5,1015.4,1011.1,41,64,22,10.6,6.8,0.0
2009-08-24,98.4,77.9,88.6,100.3,81.1,90.1,1014.6,1016.4,1012.4,43,65,27,10.7,7.4,0.0
2009-08-25,98.0,78.7,88.5,101.5,82.9,90.9,1014.4,1016.1,1011.1,46,71,28,10.1,7.3,0.0
2009-08-26,97.8,79.1,88.8,102.6,81.3,90.6,1014.1,1015.6,1011.7,44,64,27,10.3,7.2,0.0
2009-08-27,97.9,77.9,87.8,104.4,81.8,92.2,1013.9,1016.1,1010.3,49,69,30,8.9,3.9,0.3
2009-08-28,94.4,76.6,85.1,98.9,84.0,90.2,1013.2,1015.0,1010.7,60,88,36,8.7,5.5,0.3
2009-08-29,94.2,75.9,85.3,96.6,81.7,88.0,1012.9,1014.8,1010.8,49,79,27,7.0,5.4,0.0
2009-08-30,92.5,74.7,84.0,91.4,76.0,84.0,1015.2,1016.9,1013.5,42,61,28,9.9,6.8,0.0
2009-08-31,91.5,73.5,82.8,92.7,73.8,83.7,1017.4,1019.6,1015.9,46,62,34,8.5,6.1,0.0
2009-09-01,90.9,74.4,83.0,94.6,79.0,86.5,1018.6,1020.9,1016.6,55,75,42,8.1,4.6,0.0
2009-09-02,95.3,74.7,84.9,101.8,80.7,89.7,1017.0,1019.5,1014.0,57,83,36,8.3,5.1,0.3
2009-09-03,98.2,77.1,87.2,103.3,81.0,90.7,1014.0,1016.2,1010.3,51,75,31,9.6,6.9,0.1
2009-09-04,92.9,78.0,84.0,100.2,83.0,89.1,1013.8,1015.3,1011.4,57,70,40,8.7,4.0,2.2
2009-09-05,87.8,76.1,81.5,92.8,82.4,86.9,1015.8,1017.4,1014.1,66,84,49,7.1,4.6,1.3
2009-09-06,92.8,73.9,82.9,96.2,80.5,88.0,1016.0,1017.7,1013.5,63,89,38,8.3,4.6,0.8
2009-09-07,94.7,74.7,84.8,98.4,81.2,89.1,1014.1,1016.1,1010.8,55,85,33,9.1,4.9,0.1
2009-09-08,93.5,75.1,83.3,98.9,82.4,88.5,1012.4,1014.1,1009.2,63,88,39,10.3,5.8,0.5
2009-09-09,84.2,75.6,79.1,89.6,83.2,86.2,1013.5,1015.1,1012.3,80,92,62,7.4,4.7,11.9
2009-09-10,84.5,73.4,76.5,90.3,81.1,84.6,1014.8,1016.0,1013.1,87,98,60,5.1,2.8,10.0
2009-09-11,76.8,71.8,73.9,83.4,77.5,80.7,1013.4,1015.3,1011.3,93,98,85,7.0,5.1,27.4
2009-09-12,75.9,70.7,72.4,82.4,75.0,78.4,1008.6,1011.9,1005.5,93,98,82,8.5,5.0,17.4
2009-09-13,79.2,69.4,73.3,84.3,73.4,77.8,1007.6,1009.2,1006.1,85,96,69,8.5,6.3,3.5
2009-09-14,78.6,70.9,74.0,79.3,73.3,76.3,1010.3,1011.9,1008.3,78,91,67,13.7,9.6,0.2
2009-09-15,80.9,69.9,75.1,84.5,72.8,78.7,1012.0,1013.6,1010.6,75,87,63,9.5,6.3,0.0
2009-09-16,83.7,69.4,76.2,84.6,73.0,79.2,1012.0,1013.6,1010.2,74,90,55,13.5,8.2,0.0
2009-09-17,78.5,70.7,74.4,78.3,70.1,74.6,1012.5,1013.8,1011.3,70,80,60,17.1,11.4,0.0
2009-09-18,81.8,70.5,75.7,84.8,73.8,78.7,1014.8,1016.7,1013.5,73,86,57,10.6,7.2,0.1
2009-09-19,82.9,70.1,76.3,88.2,74.1,81.4,1016.3,1018.2,1014.5,76,90,58,6.7,4.5,0.3
2009-09-20,87.7,68.8,78.4,93.7,73.6,83.6,1014.4,1016.7,1011.2,71,92,48,7.8,4.2,0.0
2009-09-21,92.0,74.8,81.7,97.6,80.9,87.2,1011.7,1013.5,1008.8,74,95,51,12.2,9.2,0.5
2009-09-22,78.3,65.7,71.8,85.1,64.3,74.1,1016.8,1020.0,1012.1,83,97,66,11.8,9.9,16.5
2009-09-23,70.3,59.8,63.9,66.1,58.3,61.6,1021.0,1022.6,1019.3,73,88,54,11.9,8.9,4.0
2009-09-24,71.4,59.0,64.2,72.0,57.1,63.5,1020.5,1021.7,1019.1,76,84,62,8.7,6.6,2.7
2009-09-25,79.0,60.0,69.4,83.5,59.4,71.0,1018.9,1020.8,1016.9,73,85,59,6.9,5.3,0.0
2009-09-26,86.6,64.4,75.6,94.3,67.9,80.9,1016.2,1018.1,1013.8,73,94,50,5.4,3.0,0.0
2009-09-27,90.0,69.6,79.3,95.9,73.6,84.6,1011.6,1013.8,1008.8,75,94,50,9.6,7.4,0.0
2009-09-28,85.3,72.9,78.3,95.2,77.9,85.4,1014.2,1017.3,1011.3,84,95,68,9.0,6.1,14.3
2009-09-29,77.7,65.5,72.3,82.2,65.3,74.2,1018.3,1021.0,1016.4,70,88,54,9.3,6.0,6.4
2009-09-30,84.5,67.9,75.5,89.4,72.4,80.2,1014.7,1016.9,1011.7,82,97,62,10.0,7.0,0.8
2009-10-01,87.8,74.3,80.1,92.3,79.1,85.4,1010.1,1012.7,1007.3,77,94,57,13.1,9.1,0.2
2009-10-02,77.5,64.6,70.9,80.8,60.8,67.8,1013.0,1015.3,1011.2,51,90,29,13.9,9.3,1.3
2009-10-03,75.3,64.2,69.6,80.8,62.4,71.0,1010.6,1012.5,1008.2,74,98,55,9.6,6.3,5.9
2009-10-04,83.1,71.6,74.7,92.1,76.6,81.9,1007.8,1010.1,1006.1,94,100,75,9.4,5.7,13.6
2009-10-05,82.8,69.1,75.2,92.1,73.3,81.6,1010.1,1012.3,1008.1,91,98,77,10.2,6.9,1.7
2009-10-06,89.0,76.4,81.4,96.3,83.0,88.0,1009.5,1012.8,1008.1,80,95,57,15.7,9.1,0.0
2009-10-07,84.8,67.4,75.4,93.5,69.1,80.9,1013.8,1016.5,1011.5,88,98,70,11.5,7.9,2.0
2009-10-08,87.8,77.3,81.8,90.9,83.4,85.9,1009.5,1012.5,1006.5,80,94,61,21.9,15.5,0.7
2009-10-09,79.7,56.8,66.8,87.8,54.1,66.7,1013.9,1019.4,1005.9,82,94,67,17.5,10.7,30.3
2009-10-10,68.0,52.6,59.9,68.1,49.1,58.0,1019.9,1021.7,1017.8,75,84,63,8.5,6.8,0.0
2009-10-11,62.7,57.0,58.8,60.6,54.1,57.0,1018.8,1020.8,1016.5,85,95,77,9.3,7.7,6.0
2009-10-12,67.9,59.6,63.9,72.5,59.8,66.2,1015.6,1016.7,1014.0,93,97,88,5.5,4.4,0.9
2009-10-13,79.6,67.0,72.8,87.6,71.7,79.5,1014.4,1016.5,1011.9,93,100,78,6.0,3.7,8.3
2009-10-14,86.5,72.7,79.2,97.3,80.3,87.8,1011.8,1014.1,1009.0,87,99,70,8.8,5.0,0.4
2009-10-15,88.1,67.2,77.3,98.9,65.1,82.4,1009.4,1013.7,1007.0,80,95,66,13.4,8.5,2.4
2009-10-16,71.3,58.5,64.4,68.0,54.7,61.5,1019.2,1024.2,1013.9,69,81,53,13.6,10.5,0.0
2009-10-17,72.4,56.8,63.6,72.3,55.2,62.4,1026.8,1029.2,1024.5,68,84,48,7.8,5.6,0.0
2009-10-18,71.7,53.2,62.2,71.6,51.2,61.1,1026.1,1029.2,1022.9,73,92,56,8.7,5.7,0.0
2009-10-19,76.4,55.0,65.0,73.2,53.2,62.5,1019.8,1022.8,1016.3,71,93,48,13.5,10.0,0.0
2009-10-20,78.4,58.1,68.7,76.7,57.7,67.1,1015.0,1017.3,1012.4,71,92,52,16.0,10.3,0.0
2009-10-21,77.0,66.9,70.3,78.3,67.1,72.0,1009.7,1012.7,1006.6,85,96,69,15.7,9.4,17.7
2009-10-22,69.8,56.1,65.5,74.2,51.7,63.7,1009.2,1013.1,1005.8,72,98,47,17.4,9.8,41.9
2009-10-23,68.3,50.0,58.2,63.9,45.3,53.8,1015.2,1017.3,1013.3,57,77,39,10.9,6.7,0.0
2009-10-24,73.1,48.8,61.0,69.6,45.4,57.5,1014.4,1017.3,1011.4,64,89,40,11.6,7.7,0.0
2009-10-25,79.2,59.6,68.5,78.8,55.9,68.1,1011.0,1012.4,1009.1,79,92,61,15.5,10.8,0.1
2009-10-26,69.1,55.7,59.6,73.8,50.3,56.9,1015.9,1018.5,1010.8,88,99,75,16.8,11.5,35.8
2009-10-27,66.7,50.7,58.0,63.7,47.0,54.2,1012.3,1017.2,1007.6,63,81,41,9.2,6.6,0.0
2009-10-28,78.9,53.4,66.2,80.6,47.5,64.9,1004.4,1008.0,1000.9,81,97,66,18.3,13.1,1.5
2009-10-29,82.6,58.9,71.2,84.0,51.4,69.8,1004.1,1010.7,1001.3,74,97,43,20.4,15.8,8.0
2009-10-30,67.3,49.4,57.9,62.0,45.5,53.1,1014.1,1018.0,1010.3,49,76,32,9.0,5.7,0.3
2009-10-31,70.1,46.7,57.9,66.4,39.9,53.6,1020.4,1022.5,1018.2,53,79,30,7.5,5.1,0.0
2009-11-01,71.0,47.2,58.7,69.0,43.9,56.1,1021.3,1023.1,1019.7,66,86,39,5.8,4.3,0.0
2009-11-02,71.5,47.5,59.7,71.0,44.9,58.1,1022.2,1023.9,1020.7,72,94,46,5.9,4.0,0.0
2009-11-03,72.7,50.3,61.4,73.7,48.1,60.5,1024.4,1026.6,1022.5,74,92,50,6.4,4.2,0.0
2009-11-04,74.1,50.0,62.4,75.8,48.3,62.0,1025.5,1027.7,1023.8,74,96,48,6.6,4.0,0.0
2009-11-05,74.2,50.9,63.5,76.2,49.8,63.9,1026.8,1029.1,1024.6,74,95,52,5.0,2.9,0.0
2009-11-06,73.9,51.3,62.2,72.6,49.5,60.9,1022.2,1024.8,1019.4,75,95,47,9.0,6.1,0.0
2009-11-07,73.8,53.5,63.4,73.3,53.1,63.1,1018.5,1020.7,1015.8,82,100,56,9.2,6.3,0.0
2009-11-08,69.2,56.6,63.4,72.4,56.8,65.4,1017.1,1018.4,1014.9,94,98,88,8.6,4.9,35.4
2009-11-09,72.8,62.0,66.0,73.2,63.2,67.3,1019.1,1021.4,1017.3,87,98,67,9.2,6.7,2.7
2009-11-10,74.5,59.1,65.5,72.8,58.4,65.2,1022.7,1024.7,1021.2,79,95,55,11.3,7.5,0.0
2009-11-11,73.8,56.7,63.7,74.4,55.9,63.8,1022.8,1025.4,1020.7,81,95,59,7.8,5.6,0.0
2009-11-12,71.2,53.9,61.2,72.0,52.4,61.2,1017.5,1021.5,1013.8,82,97,57,5.7,4.0,0.0
2009-11-13,73.7,54.1,62.7,71.9,52.0,61.2,1011.2,1013.6,1008.4,79,96,59,11.0,8.2,0.0
2009-11-14,76.1,57.5,65.8,76.4,57.0,65.5,1010.7,1012.6,1009.0,80,95,61,11.0,7.9,0.0
2009-11-15,77.1,59.5,68.2,80.1,60.8,70.4,1012.2,1014.3,1010.5,86,99,65,12.2,6.3,0.6
2009-11-16,66.5,47.8,57.4,69.4,42.2,51.6,1020.8,1024.0,1014.4,64,98,39,18.5,12.1,0.9
2009-11-17,62.9,42.6,51.1,55.5,36.2,44.7,1021.9,1024.8,1018.8,54,78,31,10.2,7.0,0.0
2009-11-18,68.3,39.7,53.2,62.9,34.3,47.9,1017.9,1020.2,1015.1,60,84,30,9.6,6.3,0.0
2009-11-19,73.2,48.2,60.7,73.2,44.6,59.1,1015.5,1016.9,1013.2,80,93,63,12.1,7.8,0.7
2009-11-20,63.8,56.9,61.3,65.4,55.1,61.4,1016.2,1017.4,1014.8,98,99,95,14.2,8.5,55.5
2009-11-21,62.4,55.5,58.4,60.7,53.4,56.7,1015.7,1017.0,1013.9,83,98,68,8.3,6.2,3.1
2009-11-22,64.5,45.7,55.3,63.1,43.4,53.7,1015.2,1017.8,1013.4,84,100,64,6.6,4.2,0.0
2009-11-23,71.5,48.2,59.6,69.7,45.5,57.7,1015.4,1017.5,1013.6,83,96,61,12.5,7.8,0.0
2009-11-24,61.9,47.7,56.1,59.0,41.6,50.5,1020.7,1024.2,1015.8,62,97,41,14.7,9.4,0.6
2009-11-25,62.0,40.4,51.2,57.1,34.3,46.1,1023.5,1025.9,1021.4,56,85,35,7.7,4.7,0.0
2009-11-26,60.1,42.1,49.6,55.9,35.7,44.8,1026.0,1029.0,1023.9,65,87,40,9.5,4.8,0.0
2009-11-27,63.5,43.8,53.0,57.9,38.7,47.9,1022.2,1024.9,1018.8,64,81,44,8.7,6.7,0.0
2009-11-28,69.3,47.9,58.7,69.4,44.5,56.7,1014.7,1018.9,1011.7,83,96,69,13.1,7.9,0.0
2009-11-29,71.9,53.2,64.8,73.6,46.5,65.0,1011.7,1017.2,1009.1,90,98,77,17.5,9.5,6.6
2009-11-30,54.5,46.9,50.2,46.9,38.8,42.5,1020.2,1022.9,1017.3,64,81,47,14.6,11.6,1.6
2009-12-01,49.2,44.7,46.9,44.6,39.3,41.7,1011.4,1018.7,1006.8,80,94,57,8.9,7.2,14.8
2009-12-02,50.9,40.3,45.2,41.7,33.8,37.3,1011.2,1018.7,1005.5,74,92,57,17.1,11.5,0.5
2009-12-03,47.8,36.8,42.1,40.4,29.4,34.5,1022.7,1026.3,1018.7,60,72,50,9.9,8.1,0.0
2009-12-04,40.0,29.7,37.1,30.7,23.2,27.8,1027.3,1029.8,1025.2,54,80,45,14.0,10.0,0.3
2009-12-05,47.0,26.4,36.4,38.0,19.6,28.7,1023.0,1026.8,1019.3,66,87,48,11.2,7.4,0.0
2009-12-06,53.8,37.1,44.9,53.1,29.8,41.6,1015.7,1018.9,1013.2,88,100,75,7.6,3.4,1.1
2009-12-07,51.4,42.8,48.2,47.2,39.4,44.3,1017.5,1019.8,1015.2,97,100,93,10.2,7.7,1.8
2009-12-08,64.4,44.9,53.4,64.0,41.4,51.3,1006.8,1014.3,1001.7,93,99,80,11.5,6.0,1.0
2009-12-09,55.5,34.9,42.6,51.4,23.6,33.8,1016.1,1020.6,1007.5,52,80,41,17.9,10.6,0.0
2009-12-10,44.8,31.6,38.4,36.9,23.3,30.7,1022.9,1025.2,1020.7,53,60,45,7.9,6.3,0.0
2009-12-11,47.1,42.0,44.2,41.9,35.5,38.4,1023.1,1025.0,1021.4,65,91,52,6.2,5.1,2.3
2009-12-12,51.5,44.9,47.9,49.7,40.6,45.1,1018.5,1021.4,1016.2,92,97,87,7.0,4.1,0.2
2009-12-13,66.6,46.3,53.6,65.0,42.7,51.1,1016.9,1019.4,1014.1,88,100,63,8.2,6.1,0.0
2009-12-14,67.4,50.8,59.8,71.1,47.2,61.0,1014.8,1016.6,1013.1,95,100,85,9.1,4.1,0.4
2009-12-15,60.7,41.7,47.8,61.5,32.4,39.4,1024.5,1030.6,1016.4,66,100,55,15.9,13.4,2.2
2009-12-16,50.9,38.8,44.6,44.6,29.9,37.1,1028.8,1031.1,1026.0,60,63,55,11.4,8.5,0.0
2009-12-17,51.2,41.6,46.8,48.6,38.4,43.1,1021.4,1025.9,1017.4,85,95,64,5.8,4.2,8.2
2009-12-18,62.0,39.0,48.8,59.6,34.1,45.1,1016.9,1018.6,1015.2,84,99,65,7.0,5.3,0.0
2009-12-19,58.2,40.6,48.1,52.1,35.3,42.4,1021.9,1024.5,1018.6,69,87,44,9.4,6.7,0.0
2009-12-20,60.5,35.5,46.8,54.9,30.0,41.8,1024.7,1027.1,1022.9,74,91,49,9.0,5.7,0.0
2009-12-21,64.1,40.4,52.7,59.0,34.8,47.7,1020.8,1024.6,1016.7,75,89,59,13.5,9.1,0.0
2009-12-22,70.1,54.0,62.0,67.8,50.7,59.4,1011.7,1016.4,1007.2,84,97,63,17.0,11.4,0.0
2009-12-23,71.0,60.9,65.7,71.8,62.1,66.0,1004.1,1008.1,999.8,88,100,74,14.3,9.3,1.2
2009-12-24,60.7,37.9,45.9,60.9,24.7,35.3,1008.3,1017.2,1000.6,65,100,40,26.7,18.1,5.1
2009-12-25,46.8,31.5,38.8,38.9,21.8,30.0,1019.0,1021.4,1017.1,42,61,34,15.8,7.8,0.0
2009-12-26,53.1,31.3,41.7,49.9,24.8,36.8,1019.1,1022.2,1017.3,71,82,59,5.9,3.1,0.0
2009-12-27,55.1,31.5,42.6,47.9,24.9,36.2,1024.4,1028.2,1022.6,63,86,35,7.6,5.5,0.0
2009-12-28,49.0,31.3,40.1,43.0,25.3,33.5,1031.3,1035.0,1029.2,64,82,48,8.1,5.4,0.0
2009-12-29,39.5,33.8,38.1,35.8,28.0,33.1,1027.9,1030.5,1025.0,85,93,70,5.4,3.5,7.0
2009-12-30,63.0,39.5,48.6,60.6,35.9,45.2,1019.4,1024.4,1015.3,84,96,58,8.6,4.5,0.0
2009-12-31,67.7,42.2,51.8,65.7,33.5,47.1,1019.4,1029.8,1015.6,77,93,55,16.7,8.1,0.0
2010-01-01,52.1,34.1,42.1,46.4,25.2,34.7,1030.6,1033.3,1028.3,62,80,42,14.4,7.9,0.0
2010-01-02,52.4,33.9,43.0,46.3,27.4,37.1,1026.3,1029.2,1023.0,65,85,46,6.8,4.9,0.0
2010-01-03,48.1,37.9,43.2,44.4,32.8,38.5,1024.6,1028.3,1022.5,83,94,71,6.7,4.6,0.0
2010-01-04,44.9,32.6,39.0,38.7,24.2,31.4,1031.6,1034.2,1028.9,69,85,51,12.4,8.2,0.0
2010-01-05,46.7,27.0,36.3,41.1,20.3,30.4,1030.7,1034.1,1026.9,76,90,57,6.2,4.1,0.0
2010-01-06,51.3,34.3,44.0,49.5,27.8,39.1,1021.5,1027.2,1016.9,85,97,77,9.2,6.2,0.5
2010-01-07,50.7,28.1,37.8,49.3,16.1,27.3,1027.0,1034.2,1017.6,59,97,33,19.9,14.7,0.7
2010-01-08,31.9,22.5,26.8,22.0,12.4,16.2,1036.0,1038.7,1034.2,38,51,33,13.4,9.9,0.0
2010-01-09,38.8,19.7,27.8,32.3,11.6,20.5,1035.1,1036.7,1032.5,54,70,36,6.0,3.5,0.0
2010-01-10,43.1,22.4,31.3,36.3,14.7,24.1,1036.6,1040.0,1034.6,61,77,40,6.6,4.4,0.0
2010-01-11,51.7,25.6,38.1,47.2,18.3,32.4,1032.1,1035.0,1029.1,75,91,61,6.2,4.3,0.0
2010-01-12,60.7,37.4,47.6,56.9,32.3,43.3,1030.3,1032.7,1028.4,77,94,48,5.6,4.6,0.0
2010-01-13,55.7,42.5,48.9,51.4,38.3,44.9,1025.7,1028.9,1022.2,84,93,72,11.0,5.8,0.0
2010-01-14,58.5,48.1,52.8,56.5,44.2,50.2,1017.9,1021.3,1015.2,95,98,86,9.9,7.2,6.4
2010-01-15,53.3,45.0,49.1,50.2,37.3,43.2,1017.9,1019.5,1016.5,93,98,86,15.3,12.3,55.3
2010-01-16,58.1,44.8,50.8,51.4,37.3,44.0,1016.3,1018.0,1013.6,73,91,52,14.0,11.4,2.0
2010-01-17,63.4,38.1,50.5,59.2,32.8,46.7,1016.2,1018.4,1014.5,79,96,53,8.2,5.5,0.0
2010-01-18,65.8,44.7,54.6,64.1,39.8,51.4,1015.5,1018.2,1013.1,88,97,72,12.8,8.6,0.0
2010-01-19,70.4,56.6,62.4,70.6,54.2,61.3,1010.9,1014.7,1007.1,89,98,70,13.2,9.7,0.0
2010-01-20,71.2,59.0,64.9,71.3,57.1,65.4,1004.2,1009.2,1000.3,90,100,71,13.1,8.3,1.0
2010-01-21,70.7,46.1,58.5,68.3,41.0,54.3,1006.2,1009.3,1003.0,55,72,34,9.1,5.6,0.0
2010-01-22,72.0,47.3,59.0,68.9,42.7,55.2,1006.2,1009.7,1001.7,76,94,56,15.9,10.7,0.0
2010-01-23,64.9,52.9,59.4,64.2,46.8,56.9,1002.4,1004.5,1000.4,79,98,51,13.9,7.7,0.0
2010-01-24,62.9,42.8,54.5,53.3,38.0,45.2,1007.0,1013.7,1004.0,39,74,29,17.7,12.4,0.0
2010-01-25,61.1,37.5,48.3,56.6,29.4,42.5,1016.0,1019.9,1013.5,57,80,33,8.7,5.6,0.0
2010-01-26,64.0,38.7,50.6,59.2,32.6,45.4,1021.5,1024.6,1019.8,66,82,42,9.1,6.4,0.0
2010-01-27,66.9,49.8,58.4,65.4,44.7,55.6,1020.1,1022.4,1017.9,77,85,64,9.6,7.6,0.0
2010-01-28,66.5,58.4,61.3,66.4,55.0,59.0,1015.4,1020.4,1011.6,90,98,84,18.6,11.9,10.9
2010-01-29,61.0,34.6,45.6,62.9,23.6,37.7,1016.8,1021.0,1011.1,75,99,45,17.6,13.4,17.4
2010-01-30,45.3,28.7,35.8,37.1,19.0,26.9,1023.0,1025.8,1020.9,60,79,53,13.5,10.1,0.0
2010-01-31,43.3,30.0,35.9,38.2,23.1,29.8,1025.2,1027.4,1022.9,76,88,64,5.9,4.3,0.0
2010-02-01,46.2,33.9,40.9,42.1,28.7,36.4,1020.2,1023.2,1017.7,80,90,74,4.9,3.0,0.0
2010-02-02,51.3,44.0,47.4,47.6,39.6,43.3,1020.8,1022.9,1019.0,85,93,77,8.0,5.6,0.1
2010-02-03,49.9,46.2,47.1,45.3,39.8,41.3,1016.6,1020.5,1013.7,91,98,77,14.3,10.5,22.8
2010-02-04,47.4,46.3,46.8,44.2,41.1,42.9,1012.0,1013.8,1010.3,99,100,98,9.8,7.0,18.8
2010-02-05,59.9,42.9,49.9,56.3,39.9,46.4,1014.1,1016.5,1012.5,84,97,60,6.7,5.0,0.0
2010-02-06,57.3,38.7,46.6,53.9,32.8,41.9,1018.6,1021.2,1016.7,76,97,56,7.0,5.5,0.0
2010-02-07,51.7,41.0,46.4,47.5,35.6,41.3,1016.4,1019.6,1011.6,82,92,73,9.7,7.2,0.5
2010-02-08,62.6,44.0,52.6,63.3,33.5,47.7,1010.3,1017.8,1007.0,90,97,70,17.0,12.1,6.6
2010-02-09,46.6,36.1,40.8,38.2,24.8,31.6,1024.5,1028.2,1018.5,55,68,39,16.3,11.4,0.0
2010-02-10,41.4,32.3,37.0,34.8,25.4,30.5,1026.0,1028.6,1022.8,66,81,48,6.0,4.3,1.3
2010-02-11,40.3,35.0,37.6,34.3,29.2,31.5,1017.3,1021.9,1013.1,93,99,75,9.3,6.9,19.6
2010-02-12,47.1,33.3,38.6,42.0,25.3,31.8,1020.1,1022.0,1017.8,82,98,61,10.9,7.4,0.2
2010-02-13,55.8,27.9,41.4,49.6,21.3,35.2,1019.0,1022.2,1015.1,80,96,57,10.9,7.5,0.0
2010-02-14,64.3,39.7,47.7,63.7,29.3,41.7,1017.6,1025.7,1013.3,77,97,50,21.3,9.8,2.1
2010-02-15,50.9,32.1,40.5,41.3,22.6,31.2,1025.7,1028.1,1023.0,43,64,30,14.2,10.0,0.0
2010-02-16,54.8,28.7,41.0,48.2,21.2,34.2,1025.2,1027.6,1022.8,56,77,30,8.3,5.8,0.0
2010-02-17,57.1,28.7,43.2,54.2,22.1,37.8,1024.9,1027.5,1022.0,59,83,34,5.2,3.7,0.0
2010-02-18,59.9,33.4,46.6,54.4,27.0,40.6,1021.8,1024.4,1018.8,62,83,39,9.7,6.6,0.0
2010-02-19,59.4,46.6,53.2,56.2,40.7,49.4,1018.0,1019.8,1016.2,78,87,63,11.1,7.2,0.0
2010-02-20,64.5,51.2,57.2,61.8,48.8,54.8,1015.4,1018.0,1012.1,87,99,67,11.3,7.8,0.6
2010-02-21,72.5,51.2,61.6,69.9,45.6,59.0,1009.2,1012.0,1007.2,75,100,35,11.9,8.5,0.8
2010-02-22,55.0,39.3,46.4,50.3,31.3,39.6,1013.8,1016.4,1011.4,70,87,57,11.2,9.7,0.0
2010-02-23,40.4,35.0,37.0,32.4,26.2,28.2,1019.2,1023.5,1014.9,78,90,69,13.8,11.4,7.9
2010-02-24,50.0,30.8,40.0,44.0,22.6,33.0,1024.5,1027.4,1022.7,62,81,44,11.2,7.0,0.0
2010-02-25,60.4,31.1,44.9,53.2,23.3,38.1,1016.7,1022.7,1010.8,69,87,46,15.3,9.3,0.0
2010-02-26,56.6,44.6,49.8,49.3,38.5,42.8,1016.7,1022.0,1013.0,70,96,48,18.5,11.4,0.2
2010-02-27,62.0,36.8,49.0,58.9,30.5,44.0,1020.9,1023.7,1017.7,64,85,40,9.1,5.7,0.0
2010-02-28,63.1,37.6,51.4,56.0,32.3,45.6,1014.2,1019.2,1007.8,69,91,43,16.5,9.4,1.3
2010-03-01,57.4,44.6,50.5,54.5,35.4,45.1,1011.9,1021.0,1008.3,83,97,64,18.5,10.2,7.6
2010-03-02,57.8,37.4,46.9,51.5,28.5,39.9,1021.3,1024.2,1019.2,62,77,43,14.6,9.5,0.0
2010-03-03,63.5,38.0,50.6,61.4,32.4,46.7,1019.6,1022.0,1016.9,69,87,48,6.0,4.8,0.0
2010-03-04,67.0,39.3,53.4,63.5,34.5,49.2,1019.8,1022.2,1017.4,76,97,47,11.6,8.1,0.0
2010-03-05,65.0,46.0,55.8,60.0,41.9,51.2,1020.0,1022.2,1018.6,73,94,52,11.9,8.9,0.0
2010-03-06,64.8,52.4,58.1,61.3,49.6,54.8,1022.1,1024.0,1020.3,73,80,63,10.6,7.5,0.0
2010-03-07,60.8,53.3,57.0,58.5,49.1,53.9,1019.5,1022.7,1016.9,81,87,76,10.8,8.4,0.8
2010-03-08,68.6,57.8,62.5,69.4,53.9,60.9,1010.9,1016.6,1006.8,92,99,82,17.5,11.9,21.7
2010-03-09,75.0,58.5,66.1,72.1,57.3,65.1,1006.8,1009.2,1003.8,71,99,33,11.0,7.6,0.1
2010-03-10,72.1,53.9,62.7,72.4,49.9,61.2,1001.7,1004.0,998.9,77,99,46,12.1,7.6,1.2
2010-03-11,69.8,44.9,56.8,68.7,38.1,52.3,1005.5,1010.3,1001.6,54,72,36,11.4,6.3,0.0
2010-03-12,67.8,46.1,56.0,61.6,38.9,49.7,1011.9,1014.9,1009.8,52,65,32,12.5,9.3,0.0
2010-03-13,71.6,44.5,57.5,69.7,37.8,53.1,1011.2,1014.5,1008.0,53,72,33,8.6,6.2,0.0
2010-03-14,77.1,44.5,60.6,76.6,39.1,57.8,1010.8,1013.6,1009.1,63,91,40,8.8,6.6,0.0
2010-03-15,68.5,48.5,58.8,67.0,46.2,56.0,1018.1,1022.6,1014.1,79,100,56,12.5,8.4,0.0
2010-03-16,59.6,51.3,54.4,57.8,48.2,51.7,1024.3,1025.9,1022.8,89,94,77,11.4,7.2,18.3
2010-03-17,68.1,46.1,56.7,66.2,41.3,53.5,1021.6,1024.8,1018.3,70,90,42,8.4,6.3,0.0
2010-03-18,65.2,44.2,54.3,65.0,39.3,51.5,1019.4,1022.7,1015.7,72,88,52,7.4,5.1,0.0
2010-03-19,71.9,48.2,59.7,67.9,44.5,55.7,1012.8,1016.3,1009.2,75,97,47,16.6,10.7,0.0
2010-03-20,61.1,40.3,50.7,60.5,28.3,42.8,1017.4,1023.6,1009.8,69,96,43,21.7,15.1,18.9
2010-03-21,58.3,39.3,47.8,47.3,28.0,37.3,1019.7,1023.1,1017.0,38,49,29,19.8,14.3,0.0
2010-03-22,67.4,36.4,52.5,65.1,29.8,47.8,1018.0,1021.6,1014.2,51,77,34,7.2,5.2,0.0
2010-03-23,73.5,43.5,58.5,70.9,37.8,54.3,1013.0,1015.3,1009.5,67,92,52,14.7,10.0,0.0
2010-03-24,67.5,57.2,61.3,67.7,54.6,61.0,1011.3,1012.8,1008.8,92,100,79,11.0,7.7,4.8
2010-03-25,66.5,48.7,57.1,60.8,40.2,51.4,1016.2,1018.0,1013.2,61,99,45,15.7,11.2,1.0
2010-03-26,69.5,41.9,56.2,68.2,37.2,52.8,1015.1,1019.4,1009.9,70,91,48,15.4,7.3,0.0
2010-03-27,79.8,52.1,63.7,78.2,45.7,59.2,1010.4,1016.7,1008.0,57,89,24,16.0,9.8,0.0
2010-03-28,69.2,48.0,57.8,62.8,41.9,52.2,1018.9,1021.9,1016.7,52,66,34,14.5,9.0,0.0
2010-03-29,72.8,42.2,58.2,71.9,38.0,55.2,1017.9,1021.3,1013.7,60,89,36,8.3,5.0,0.0
2010-03-30,76.8,50.8,63.1,71.9,44.5,57.5,1013.9,1016.1,1011.1,53,69,35,15.6,11.6,0.0
2010-03-31,80.5,54.9,66.3,79.5,51.5,63.5,1012.6,1014.0,1010.8,72,95,47,15.0,12.7,0.0
2010-04-01,80.3,60.7,68.9,78.4,58.0,66.3,1010.5,1014.1,1007.1,76,95,52,18.7,15.6,0.0
2010-04-02,76.8,62.9,69.9,80.3,64.0,70.8,1008.0,1012.3,1005.7,84,95,66,16.6,10.5,1.3
2010-04-03,80.5,48.7,66.3,79.3,44.0,64.1,1013.3,1015.8,1011.3,53,85,25,9.9,5.7,0.0
2010-04-04,79.4,65.2,71.2,80.6,66.5,72.9,1013.6,1015.5,1011.9,86,99,67,16.3,10.8,1.3
2010-04-05,81.4,64.7,71.7,80.4,63.4,72.2,1014.9,1016.9,1012.8,83,98,55,16.8,12.8,1.8
2010-04-06,79.9,64.2,71.1,78.8,63.3,69.9,1009.6,1013.9,1006.5,78,95,54,19.7,14.3,0.6
2010-04-07,74.8,61.2,68.2,73.4,49.9,66.8,1010.6,1018.2,1006.8,67,95,28,16.4,8.5,9.7
2010-04-08,68.2,48.7,58.0,64.4,41.0,51.6,1019.5,1022.6,1016.4,41,69,30,16.1,8.8,0.0
2010-04-09,71.8,45.3,59.0,68.2,40.3,54.3,1019.4,1021.7,1017.0,53,76,30,10.7,7.0,0.0
2010-04-10,74.1,53.0,63.4,72.3,50.8,61.3,1019.7,1020.9,1017.9,74,93,54,11.7,8.6,0.0
2010-04-11,68.3,56.0,62.7,69.7,56.2,63.2,1021.0,1022.4,1020.0,87,96,79,8.8,5.9,0.4
2010-04-12,77.3,57.4,67.3,76.0,57.5,66.6,1019.4,1021.1,1017.0,68,97,39,11.6,7.0,0.0
2010-04-13,77.6,54.8,66.6,76.1,54.4,65.4,1018.2,1019.6,1016.0,72,97,49,12.5,8.1,0.0
2010-04-14,75.5,60.5,67.9,74.3,60.4,67.6,1020.1,1022.0,1018.4,77,96,57,11.4,8.9,1.4
2010-04-15,75.4,63.7,68.0,75.5,64.3,68.5,1019.7,1020.9,1018.7,87,96,64,13.9,10.5,5.6
2010-04-16,70.0,64.7,66.6,71.3,65.8,68.2,1018.6,1020.6,1016.2,90,95,78,10.1,7.6,12.9
2010-04-17,70.7,62.9,65.7,73.9,64.2,68.5,1014.4,1016.2,1011.9,93,99,84,8.4,4.8,25.5
2010-04-18,70.0,58.1,63.8,69.2,55.1,62.5,1014.8,1016.7,1013.6,75,88,64,8.8,7.5,0.1
2010-04-19,62.8,56.2,59.4,61.0,52.4,56.9,1017.5,1019.5,1015.8,78,83,70,9.9,7.8,0.0
2010-04-20,73.9,56.3,64.6,75.6,55.3,64.5,1015.4,1017.8,1012.6,69,90,47,6.2,4.0,0.0
2010-04-21,77.5,52.9,66.4,76.9,51.6,65.7,1011.0,1013.5,1007.7,72,94,50,11.0,7.4,0.0
2010-04-22,74.3,59.9,68.1,74.6,59.8,68.1,1006.1,1009.6,1003.0,85,98,71,15.8,11.3,1.7
2010-04-23,83.1,68.1,73.6,90.0,68.7,77.7,1001.7,1004.0,998.5,80,99,53,13.9,6.2,1.1
2010-04-24,79.4,56.8,68.2,76.1,52.9,64.6,1004.8,1007.1,1002.2,54,90,32,20.0,10.4,4.5
2010-04-25,80.9,57.5,68.0,78.2,52.9,65.0,1009.4,1012.0,1006.9,51,74,29,11.4,8.2,0.0
2010-04-26,85.9,54.1,70.1,85.4,51.2,68.3,1009.4,1013.4,1005.8,58,78,38,16.6,8.6,0.0
2010-04-27,73.6,55.9,64.6,71.5,51.4,60.9,1016.0,1019.1,1013.8,51,69,31,12.3,7.6,0.0
2010-04-28,79.6,51.1,66.8,78.0,48.8,64.3,1013.7,1016.5,1009.9,57,81,38,12.7,8.0,0.0
2010-04-29,85.6,61.1,72.2,85.3,58.6,70.2,1005.1,1010.7,999.9,71,96,47,19.3,15.3,0.0
2010-04-30,85.0,71.2,76.8,90.4,71.4,79.8,998.6,1000.9,996.5,78,93,55,17.5,10.4,1.3
2010-05-01,77.3,64.7,70.8,79.3,63.9,72.3,1000.8,1003.9,998.8,75,100,57,12.1,7.0,1.8
2010-05-02,83.9,60.1,70.8,80.9,57.7,67.6,1006.4,1009.8,1004.5,42,75,18,8.9,6.1,0.3
2010-05-03,86.5,55.8,71.4,84.8,51.5,68.0,1013.1,1017.1,1009.6,43,70,23,11.1,7.6,0.0
2010-05-04,88.1,52.5,71.1,87.8,51.8,69.6,1014.5,1017.7,1010.1,54,95,24,9.2,6.1,0.0
2010-05-05,93.0,61.4,77.1,92.1,57.3,74.1,1010.9,1012.4,1009.4,42,62,24,11.8,9.7,0.0
2010-05-06,91.0,62.3,76.5,90.3,63.2,76.3,1010.2,1012.0,1007.5,61,91,35,13.9,10.8,0.0
2010-05-07,91.6,69.1,79.3,97.9,70.3,81.5,1011.3,1017.3,1008.5,66,94,43,13.5,10.0,0.0
2010-05-08,74.6,67.8,71.0,72.5,60.8,66.9,1020.8,1023.8,1017.6,49,60,41,15.0,10.7,0.0
2010-05-09,79.5,68.2,73.3,85.2,65.7,74.2,1017.9,1020.4,1015.0,67,84,46,13.0,8.1,1.7
2010-05-10,85.2,70.5,77.2,85.8,71.8,77.9,1011.6,1015.4,1008.2,75,94,52,19.2,14.9,0.0
2010-05-11,92.1,70.5,80.0,92.6,73.6,81.4,1009.9,1011.8,1008.1,68,94,42,17.6,13.1,0.0
2010-05-12,88.9,72.1,79.4,87.4,72.3,79.1,1009.0,1010.6,1007.0,68,88,45,18.5,16.2,0.0
2010-05-13,88.2,72.3,78.8,87.5,75.1,80.7,1013.0,1017.1,1009.9,70,88,40,16.2,11.9,0.4
2010-05-14,81.8,69.1,73.9,86.9,72.4,77.8,1016.2,1017.8,1014.3,86,95,65,13.4,9.0,18.6
2010-05-15,82.1,68.3,73.8,87.7,69.6,77.8,1015.3,1017.4,1013.2,82,99,56,13.6,6.8,2.2
2010-05-16,81.8,66.1,73.1,89.0,70.3,78.8,1014.8,1016.5,1011.9,84,98,62,4.7,3.2,2.0
2010-05-17,87.3,66.8,75.8,96.7,70.8,81.6,1015.3,1016.9,1011.8,80,97,56,8.8,5.1,3.3
2010-05-18,85.8,68.1,75.5,92.2,74.3,81.2,1012.8,1015.5,1009.6,82,100,55,8.2,4.7,0.1
2010-05-19,86.0,70.1,77.6,88.0,73.8,80.8,1008.2,1010.4,1005.3,78,98,56,14.2,10.7,0.2
2010-05-20,86.4,73.7,79.5,91.6,77.4,84.0,1008.5,1011.5,1007.1,76,92,61,12.7,9.5,0.2
2010-05-21,87.9,73.8,80.2,92.0,79.6,84.7,1012.3,1014.3,1010.4,73,94,49,11.8,8.7,0.0
2010-05-22,90.6,72.9,80.5,92.1,76.8,82.6,1011.1,1012.8,1008.6,71,91,45,16.6,13.4,0.3
2010-05-23,87.6,74.7,80.8,90.2,78.0,83.4,1011.2,1012.4,1009.7,73,91,55,16.1,14.2,0.9
2010-05-24,88.8,72.1,79.5,90.1,76.1,81.4,1011.6,1013.3,1009.8,67,93,42,13.0,11.2,0.1
2010-05-25,82.1,70.7,76.2,88.9,75.0,80.9,1012.7,1013.9,1011.3,79,95,64,10.7,6.3,13.0
2010-05-26,86.9,67.5,77.5,92.1,72.1,82.5,1014.7,1016.7,1012.5,70,98,44,5.8,3.6,0.0
2010-05-27,90.4,66.8,79.2,97.0,70.9,84.2,1014.5,1016.4,1012.3,65,93,41,5.4,3.5,0.6
2010-05-28,91.5,69.2,81.6,98.0,73.3,86.1,1011.9,1014.2,1008.9,59,89,37,4.3,3.4,0.0
2010-05-29,91.7,70.6,82.3,96.2,74.7,86.1,1008.6,1010.5,1006.2,57,87,34,5.6,3.8,0.0
2010-05-30,92.0,72.0,82.9,97.4,75.2,85.7,1009.3,1012.2,1008.1,54,75,36,7.7,5.7,0.3
2010-05-31,91.7,71.4,82.7,97.9,76.3,86.9,1012.9,1014.8,1011.5,60,91,39,8.1,6.2,0.0
2010-06-01,92.6,70.6,82.5,96.5,75.3,85.8,1012.2,1014.8,1008.3,59,93,36,9.7,7.3,0.0
2010-06-02,91.6,72.1,80.9,97.4,78.3,86.3,1008.1,1010.4,1004.8,69,94,43,9.1,5.8,0.4
2010-06-03,79.0,69.6,74.3,84.6,74.8,80.7,1007.1,1008.5,1005.9,88,99,71,7.0,4.2,8.4
2010-06-04,92.3,66.6,79.8,100.1,69.6,84.7,1008.1,1010.0,1006.5,64,91,39,6.2,3.8,0.0
2010-06-05,92.8,71.5,82.6,100.9,74.9,88.2,1008.6,1010.4,1007.0,66,84,50,9.9,7.5,0.0
2010-06-06,92.7,76.3,84.1,100.0,84.0,91.6,1011.6,1013.7,1009.4,72,95,49,8.2,6.1,0.0
2010-06-07,91.8,75.7,83.5,98.3,85.5,90.7,1013.8,1015.6,1011.4,71,97,45,10.5,5.8,0.0
2010-06-08,86.2,74.0,78.0,91.2,80.7,84.5,1013.1,1014.3,1011.8,85,94,66,12.1,7.5,4.8
2010-06-09,81.1,71.7,75.3,90.7,77.9,82.8,1012.6,1014.5,1010.1,93,99,84,8.6,5.3,43.7
2010-06-10,90.5,77.0,82.5,95.2,81.6,88.1,1010.4,1012.3,1007.7,77,93,57,14.3,11.7,0.0
2010-06-11,88.5,76.4,82.2,92.8,80.9,87.0,1011.0,1013.4,1009.6,77,93,62,16.3,13.2,0.4
2010-06-12,88.2,77.5,82.6,94.3,83.7,88.0,1013.8,1015.0,1012.7,78,94,62,15.9,12.8,1.3
2010-06-13,89.3,77.3,82.9,94.4,83.2,88.4,1014.3,1015.6,1011.9,75,93,57,14.1,11.5,0.1
2010-06-14,89.8,77.0,82.7,95.1,83.0,87.9,1012.6,1014.4,1009.3,74,92,56,12.9,11.2,0.0
2010-06-15,89.2,75.0,82.0,96.8,81.0,88.5,1014.3,1015.9,1012.9,74,95,55,10.3,7.2,0.0
2010-06-16,90.7,74.8,82.3,98.8,81.9,88.8,1016.3,1017.8,1014.4,73,97,54,10.5,7.8,0.7
2010-06-17,89.8,74.8,82.4,95.1,81.7,87.5,1015.4,1016.9,1013.4,71,97,51,12.5,9.2,0.7
2010-06-18,90.8,75.6,83.3,97.9,80.7,89.1,1015.0,1016.8,1012.9,72,93,54,11.7,9.4,0.0
2010-06-19,91.7,75.5,83.8,97.6,82.2,89.4,1016.1,1017.6,1014.3,69,96,50,10.4,8.7,0.0
2010-06-20,93.4,75.5,84.3,99.6,83.1,89.9,1015.4,1017.2,1013.0,66,96,43,9.7,8.2,0.0
2010-06-21,92.6,73.7,84.0,97.9,80.7,89.4,1014.7,1016.3,1012.9,66,94,48,9.5,7.5,0.0
2010-06-22,93.7,74.2,84.7,100.5,82.1,91.2,1015.2,1016.7,1013.7,66,96,43,8.6,6.3,0.0
2010-06-23,92.1,74.6,84.2,99.4,82.6,90.5,1015.9,1017.1,1014.2,66,93,47,9.4,6.4,0.0
2010-06-24,89.9,76.9,83.4,99.6,85.5,91.0,1016.7,1018.5,1014.6,71,91,54,7.2,5.0,0.3
2010-06-25,93.7,76.5,85.0,100.6,84.1,91.0,1015.3,1017.4,1012.5,65,91,42,10.0,7.2,0.0
2010-06-26,94.3,76.5,85.3,100.6,84.1,91.0,1012.6,1015.1,1008.8,65,92,45,10.9,8.5,0.4
2010-06-27,95.7,75.3,85.7,101.0,82.6,90.6,1009.5,1011.9,1006.4,61,94,37,10.8,7.9,0.0
2010-06-28,95.8,76.9,85.7,102.8,85.7,93.0,1009.6,1011.6,1007.3,64,92,37,9.3,4.5,0.1
2010-06-29,88.1,75.8,80.7,94.1,83.7,88.2,1012.1,1013.2,1010.4,81,96,60,10.6,6.4,12.2
2010-06-30,86.6,75.2,78.6,91.9,80.6,84.3,1013.2,1014.7,1012.0,84,95,64,12.4,9.9,11.3
2010-07-01,78.2,75.1,76.1,84.9,80.8,82.6,1014.9,1016.2,1013.3,96,99,92,12.6,10.1,21.5
2010-07-02,81.7,74.6,76.5,92.6,82.0,84.2,1014.2,1015.8,1012.7,96,99,87,10.3,8.2,28.7
2010-07-03,87.9,75.9,80.1,94.0,83.7,87.4,1012.3,1013.9,1010.6,87,99,67,12.5,9.7,1.8
2010-07-04,88.1,76.3,81.8,93.4,83.1,87.6,1011.1,1012.4,1009.2,77,96,59,13.4,10.5,1.6
2010-07-05,88.8,75.2,81.7,96.8,82.3,89.0,1010.5,1011.8,1008.2,76,96,57,9.3,6.7,0.3
2010-07-06,89.7,73.0,82.2,100.1,80.0,90.5,1010.9,1012.5,1008.4,73,94,56,5.8,3.9,0.0
2010-07-07,90.6,76.9,82.1,99.7,85.8,90.5,1011.9,1014.6,1010.4,78,91,59,11.5,5.6,1.8
2010-07-08,81.9,74.6,77.0,89.2,81.4,84.8,1014.4,1016.1,1013.1,93,97,79,10.6,6.7,26.9
2010-07-09,86.6,74.9,79.2,95.9,82.7,87.8,1015.9,1017.3,1014.4,88,98,66,8.1,5.8,11.9
2010-07-10,87.6,74.0,80.9,97.4,82.6,89.6,1016.0,1017.8,1013.4,82,98,62,8.1,5.3,0.5
2010-07-11,90.2,75.4,82.6,97.3,82.2,89.2,1012.6,1014.9,1009.0,74,94,53,12.0,8.6,0.0
2010-07-12,91.3,76.7,83.2,95.7,83.6,88.9,1009.9,1011.5,1007.4,74,93,50,14.2,10.4,0.0
2010-07-13,92.1,76.9,83.7,96.2,83.2,88.9,1011.2,1013.2,1010.0,72,89,51,14.3,11.1,0.0
2010-07-14,93.1,77.1,84.3,99.3,83.0,90.3,1014.9,1016.6,1013.7,72,90,50,12.2,10.4,0.1
2010-07-15,93.2,76.1,84.2,101.5,83.0,91.1,1016.1,1018.2,1013.9,70,93,47,9.7,7.1,0.0
2010-07-16,94.1,75.3,84.9,103.2,82.6,91.9,1015.7,1017.0,1013.4,64,92,41,7.7,5.2,0.0
2010-07-17,95.8,75.5,86.0,104.7,83.1,92.9,1015.3,1016.9,1013.0,62,89,40,8.5,5.1,0.0
2010-07-18,93.8,77.5,85.3,103.3,85.2,92.8,1014.7,1016.0,1013.0,66,87,48,8.8,5.8,0.0
2010-07-19,92.1,77.3,84.3,100.0,85.9,91.0,1014.1,1015.7,1012.5,70,92,49,10.8,7.3,0.0
2010-07-20,92.6,77.1,84.4,97.5,84.5,90.2,1015.3,1016.9,1014.0,66,91,41,9.9,7.2,0.0
2010-07-21,94.4,73.9,84.1,102.6,81.9,91.2,1016.4,1018.0,1014.2,70,94,48,10.6,6.5,3.1
2010-07-22,93.0,77.3,84.3,101.2,87.3,92.1,1015.3,1016.7,1012.9,72,94,50,10.5,6.3,0.5
2010-07-23,93.5,77.8,84.6,98.8,86.0,90.8,1015.4,1016.9,1013.1,69,90,46,12.5,8.4,0.4
2010-07-24,95.2,75.0,84.4,101.2,83.2,90.3,1016.4,1018.0,1014.5,64,97,36,9.3,5.8,0.2
2010-07-25,94.3,75.5,84.9,102.4,82.5,91.7,1016.1,1017.3,1013.6,62,85,42,8.0,3.6,0.1
2010-07-26,90.3,76.0,80.9,99.2,84.1,89.1,1014.6,1016.2,1011.6,78,93,55,6.9,3.8,13.0
2010-07-27,88.2,74.1,79.9,97.5,82.1,87.6,1015.5,1016.9,1013.5,82,97,60,10.1,5.6,5.9
2010-07-28,85.2,75.6,79.6,92.1,83.8,86.7,1018.5,1020.0,1016.3,83,95,69,11.3,7.3,7.4
2010-07-29,91.3,75.1,82.5,98.3,83.4,89.6,1019.5,1021.9,1016.3,73,96,47,8.7,6.3,0.0
2010-07-30,93.5,75.9,84.1,101.0,83.7,91.1,1015.8,1018.4,1012.5,70,96,47,8.8,7.2,0.0
2010-07-31,96.2,74.6,85.0,102.1,81.4,90.7,1012.5,1014.4,1010.1,63,96,34,8.5,6.8,0.0
2010-08-01,98.7,74.2,86.6,104.7,81.0,91.5,1011.8,1013.1,1010.1,56,93,30,9.2,6.0,0.0
2010-08-02,98.4,75.8,87.7,102.7,78.4,90.3,1014.0,1015.5,1012.9,45,65,29,9.1,6.1,0.0
2010-08-03,97.7,74.5,87.2,104.6,80.6,92.7,1015.6,1017.7,1013.7,56,84,38,8.9,6.1,0.0
2010-08-04,96.3,78.6,88.0,103.8,87.5,95.3,1014.2,1016.5,1011.4,62,90,43,7.9,6.0,0.0
2010-08-05,97.4,78.8,88.7,107.0,85.3,95.2,1012.2,1014.2,1009.4,56,77,41,8.3,5.8,0.0
2010-08-06,97.7,79.7,89.1,107.2,86.6,96.0,1011.5,1013.7,1008.9,58,78,42,9.5,6.5,0.0
2010-08-07,95.4,80.0,87.0,105.8,86.8,93.9,1011.3,1012.8,1008.8,63,80,44,9.7,7.0,0.1
2010-08-08,96.5,78.6,86.7,102.4,86.3,92.6,1011.4,1012.7,1009.0,63,86,40,10.4,8.6,0.3
2010-08-09,98.4,78.6,88.3,104.0,86.4,93.9,1012.5,1014.3,1009.9,59,88,34,10.4,7.9,0.0
2010-08-10,97.9,79.0,88.6,105.4,88.0,96.2,1012.5,1014.5,1010.0,61,87,41,7.6,5.1,0.0
2010-08-11,98.6,81.0,89.8,106.5,89.2,96.9,1011.4,1013.4,1009.6,56,79,40,7.0,4.6,0.0
2010-08-12,97.1,80.6,89.0,103.6,87.4,94.3,1010.1,1011.9,1007.1,53,76,37,9.3,5.6,0.0
2010-08-13,98.6,80.0,89.1,104.9,87.5,95.1,1008.9,1010.5,1006.6,57,78,37,11.4,6.9,0.0
2010-08-14,98.7,80.7,88.7,106.1,88.4,95.4,1011.2,1012.7,1009.6,61,83,42,11.2,8.5,0.2
2010-08-15,99.2,80.0,89.6,105.6,87.9,95.8,1013.6,1015.8,1011.4,55,82,34,11.0,5.9,0.0
2010-08-16,101.4,81.7,91.5,110.0,88.9,97.6,1013.3,1014.9,1010.6,51,75,33,14.0,5.5,0.0
2010-08-17,97.8,79.7,89.0,106.9,88.5,97.4,1012.0,1013.7,1009.1,59,80,43,5.6,2.8,0.0
2010-08-18,99.3,81.9,89.4,111.1,89.6,97.5,1012.5,1014.3,1010.2,59,77,40,8.1,4.7,1.5
2010-08-19,98.0,80.8,88.0,104.8,89.3,94.6,1011.5,1013.8,1008.9,62,83,39,13.2,7.9,0.6
2010-08-20,99.7,80.5,88.5,102.5,87.2,92.6,1010.2,1012.2,1007.3,58,82,32,14.3,11.2,0.0
2010-08-21,99.8,79.1,89.0,104.7,84.9,93.7,1013.2,1015.2,1011.3,56,85,34,11.4,9.2,0.0
2010-08-22,100.5,79.8,89.9,107.1,86.8,95.6,1014.1,1016.7,1011.3,54,82,31,11.0,6.6,0.0
2010-08-23,103.5,81.6,91.8,110.6,87.1,96.7,1011.0,1013.1,1008.5,47,68,29,9.5,6.0,0.4
2010-08-24,102.2,81.9,91.4,108.7,87.4,95.5,1010.5,1013.7,1008.7,45,62,26,10.5,5.3,0.0
2010-08-25,94.3,78.9,84.3,96.2,82.1,87.4,1015.4,1017.2,1013.8,61,80,35,13.2,10.4,0.1
2010-08-26,91.3,77.9,84.4,93.9,81.7,87.6,1016.5,1018.6,1014.4,54,73,38,7.9,6.2,0.0
2010-08-27,95.0,74.8,85.2,95.2,76.6,85.3,1013.8,1016.1,1010.9,39,61,22,9.3,5.9,0.0
2010-08-28,96.0,71.8,85.2,99.0,71.8,85.8,1011.0,1013.2,1008.0,37,62,25,6.2,4.3,0.0
2010-08-29,96.5,75.3,85.9,100.2,79.9,89.8,1011.5,1013.0,1010.4,55,75,37,11.2,7.3,0.0
2010-08-30,94.3,78.7,85.4,99.5,87.1,91.8,1014.5,1016.4,1012.3,69,88,47,11.1,8.7,3.2
2010-08-31,96.2,79.4,85.0,104.6,87.8,92.7,1014.5,1016.6,1012.0,71,89,43,12.7,6.9,5.2
2010-09-01,94.5,78.0,85.0,100.8,86.1,92.0,1011.7,1014.0,1007.7,68,89,44,9.4,6.5,0.9
2010-09-02,91.8,78.3,83.5,102.9,86.5,91.3,1011.6,1013.9,1009.8,73,90,53,10.1,5.4,6.0
2010-09-03,83.4,74.3,78.3,89.0,78.0,82.9,1016.7,1018.7,1014.2,76,97,57,14.0,7.9,5.9
2010-09-04,87.3,72.8,79.0,92.2,72.9,80.4,1016.6,1018.9,1013.6,55,71,44,9.6,6.6,0.0
2010-09-05,90.8,72.3,81.2,95.2,77.9,85.7,1012.3,1014.6,1009.2,63,89,37,10.5,4.7,0.0
2010-09-06,87.8,72.9,80.5,93.2,79.7,86.4,1010.9,1012.5,1009.2,75,92,57,11.7,6.9,2.2
2010-09-07,77.8,73.9,75.9,85.0,77.8,80.8,1011.2,1013.0,1008.2,96,99,88,19.2,13.7,64.0
2010-09-08,84.3,74.1,78.4,91.1,76.4,83.9,1011.3,1012.9,1008.6,89,99,74,18.6,12.2,9.0
2010-09-09,88.6,74.9,81.2,94.9,81.5,87.5,1010.5,1012.3,1007.5,79,97,59,11.1,9.3,2.9
2010-09-10,88.8,75.8,81.9,94.9,83.5,88.4,1010.1,1011.7,1008.3,76,96,58,10.8,8.1,0.0
2010-09-11,90.5,76.4,83.0,99.7,83.4,91.0,1012.2,1014.1,1010.5,76,94,56,9.6,6.2,0.0
2010-09-12,90.0,74.8,82.6,98.3,83.7,90.7,1016.1,1018.2,1014.2,74,97,51,5.7,4.2,0.4
2010-09-13,89.6,75.1,81.6,101.0,83.3,90.9,1015.9,1017.7,1013.6,79,92,60,4.5,3.2,2.3
2010-09-14,89.8,75.1,82.0,99.3,83.5,90.5,1014.8,1016.5,1012.4,77,95,58,7.5,4.4,0.3
2010-09-15,87.7,74.8,81.4,95.6,83.8,88.6,1013.9,1015.5,1011.8,77,98,60,8.9,6.2,0.1
2010-09-16,90.4,71.9,80.8,99.2,79.2,87.4,1013.7,1015.7,1011.1,70,97,47,7.2,3.9,0.0
2010-09-17,89.0,73.5,80.0,96.1,78.6,87.1,1014.4,1016.1,1012.6,76,94,58,8.8,4.5,5.3
2010-09-18,87.2,72.4,77.9,91.9,79.7,84.8,1015.8,1017.4,1014.3,85,99,56,10.7,6.1,2.7
2010-09-19,83.7,70.6,75.3,89.2,75.0,81.1,1017.0,1018.3,1016.1,85,96,65,9.4,5.8,4.8
2010-09-20,81.0,68.4,74.9,85.8,72.8,80.2,1015.1,1016.7,1013.4,81,90,69,8.9,4.7,0.3
2010-09-21,82.8,72.2,76.4,88.5,78.4,82.6,1012.7,1014.5,1011.0,85,99,68,9.5,5.8,4.6
2010-09-22,86.1,71.1,77.5,92.9,77.3,83.6,1013.5,1015.1,1011.7,82,96,65,10.3,6.6,0.5
2010-09-23,86.7,73.9,79.5,90.4,79.5,84.7,1014.3,1015.7,1012.6,77,95,54,12.5,8.5,1.2
2010-09-24,87.5,74.3,80.0,97.5,81.2,88.2,1017.1,1019.4,1015.4,80,97,56,7.9,3.8,0.3
2010-09-25,88.0,72.5,79.4,96.9,79.3,86.1,1015.6,1017.6,1013.0,77,97,55,9.3,5.1,0.8
2010-09-26,84.9,70.0,76.8,85.7,68.0,79.0,1013.8,1015.2,1011.6,69,92,43,12.4,8.8,0.0
2010-09-27,76.2,59.2,67.6,75.1,56.0,65.2,1014.9,1017.5,1013.4,57,74,39,10.9,7.7,0.0
2010-09-28,82.8,56.0,69.6,83.2,55.4,69.6,1012.0,1014.8,1008.6,58,88,30,4.8,3.0,0.0
2010-09-29,87.1,60.3,73.8,88.3,60.6,74.1,1008.6,1010.2,1006.3,55,89,31,6.3,4.3,0.0
2010-09-30,87.4,63.2,75.1,87.0,61.3,74.0,1012.9,1015.9,1009.4,48,71,30,8.1,6.1,0.0
2010-10-01,86.3,67.4,75.8,85.7,66.5,74.7,1016.6,1018.9,1015.0,49,75,30,8.8,6.7,0.0
2010-10-02,84.7,62.1,73.7,81.6,58.6,69.9,1018.0,1019.7,1016.3,37,57,23,10.0,6.9,0.0
2010-10-03,77.3,63.0,69.6,75.3,57.9,65.6,1022.2,1025.0,1019.7,46,65,34,11.0,9.1,0.0
2010-10-04,76.1,55.7,66.0,72.5,50.6,61.0,1024.2,1026.9,1022.1,33,50,21,7.0,5.4,0.0
2010-10-05,78.4,53.2,66.4,75.3,49.2,62.2,1025.0,1027.1,1023.4,39,69,22,6.3,5.1,0.0
2010-10-06,80.1,53.2,68.7,78.4,50.7,65.4,1024.4,1027.1,1021.6,37,70,20,5.6,3.3,0.0
2010-10-07,82.6,52.9,68.5,81.5,50.0,65.8,1022.1,1024.6,1019.8,44,80,21,5.6,3.9,0.0
2010-10-08,83.9,55.8,69.9,81.5,52.9,66.7,1019.7,1022.3,1017.4,44,75,21,6.4,5.3,0.0
2010-10-09,84.4,57.7,71.1,83.8,57.4,70.1,1017.7,1019.8,1015.2,56,93,28,7.7,5.4,0.0
2010-10-10,85.0,61.8,73.6,84.5,63.9,74.1,1013.8,1016.6,1010.2,65,94,38,10.0,7.1,0.0
2010-10-11,85.1,66.9,74.4,88.1,69.1,76.8,1011.6,1013.4,1009.8,73,93,46,10.6,7.0,2.5
2010-10-12,87.4,66.5,75.6,89.5,66.3,76.6,1015.7,1019.5,1013.3,61,95,28,9.0,5.5,0.0
2010-10-13,83.5,63.1,72.6,80.0,60.0,69.5,1021.7,1024.0,1019.2,47,62,32,13.1,8.4,0.0
2010-10-14,78.0,59.5,68.1,71.6,54.1,62.6,1024.1,1027.2,1021.1,37,58,18,10.1,8.3,0.0
2010-10-15,82.7,50.5,67.8,80.0,47.2,63.8,1020.1,1022.3,1017.5,37,77,15,7.0,3.5,0.0
2010-10-16,82.5,53.7,68.4,79.1,50.0,64.5,1019.3,1021.5,1017.6,40,69,19,6.9,5.2,0.0
2010-10-17,83.2,58.6,71.0,83.7,58.7,71.2,1017.8,1020.6,1014.6,65,92,38,9.6,5.6,0.0
2010-10-18,85.0,64.4,74.0,84.7,67.6,75.2,1014.1,1016.2,1011.3,67,97,37,9.9,6.6,0.0
2010-10-19,85.2,64.2,74.1,86.5,66.5,75.3,1014.0,1015.8,1012.2,65,90,39,8.3,5.6,0.0
2010-10-20,85.6,65.8,75.9,90.2,68.7,78.8,1015.9,1018.1,1014.5,66,93,44,7.7,4.2,0.0
2010-10-21,86.2,65.4,75.5,85.3,69.0,76.7,1014.8,1017.4,1011.9,67,96,41,13.0,8.2,0.0
2010-10-22,85.6,70.7,76.7,82.0,72.8,76.5,1013.2,1014.8,1010.9,67,85,41,19.2,12.8,0.2
2010-10-23,84.5,70.1,76.3,83.2,73.4,77.0,1012.5,1014.3,1010.2,69,88,45,17.0,10.8,0.6
2010-10-24,86.4,67.4,76.3,87.6,69.7,78.0,1011.2,1014.2,1007.7,70,93,47,12.0,9.0,0.0
2010-10-25,90.8,69.2,79.0,89.4,70.4,79.0,1003.1,1008.4,997.4,66,88,41,17.3,14.0,0.0
2010-10-26,82.5,65.4,75.1,79.2,61.8,73.8,1005.1,1008.2,999.7,51,89,24,13.9,7.3,0.0
2010-10-27,87.4,61.2,74.3,91.5,58.5,75.0,1012.3,1019.9,1008.3,58,75,43,15.3,5.6,0.0
2010-10-28,75.7,59.7,68.8,66.9,52.8,58.9,1027.7,1030.5,1021.2,23,52,13,17.3,14.0,0.0
2010-10-29,72.0,51.2,60.9,66.6,45.1,54.5,1027.2,1030.6,1023.1,33,51,17,7.6,6.0,0.0
2010-10-30,78.3,46.7,62.2,71.9,40.6,55.7,1018.6,1022.4,1014.8,34,53,18,9.5,6.9,0.0
2010-10-31,84.8,55.1,69.1,81.4,52.6,66.3,1014.0,1015.9,1011.3,57,89,33,11.7,8.6,0.0
2010-11-01,84.6,65.4,74.4,89.0,63.4,77.8,1015.2,1018.1,1013.3,76,98,50,12.0,5.6,5.8
2010-11-02,69.3,56.0,60.3,62.8,50.7,55.0,1017.4,1019.2,1015.5,70,89,47,15.7,12.8,15.3
2010-11-03,62.9,53.0,56.9,54.7,46.2,50.4,1017.2,1019.2,1015.3,72,92,30,18.6,13.9,4.8
2010-11-04,65.9,51.1,59.9,56.4,43.6,50.9,1021.8,1024.3,1019.2,36,47,25,17.6,12.9,0.0
2010-11-05,63.9,44.7,53.6,57.2,37.3,46.7,1024.5,1027.1,1022.7,40,58,26,8.6,6.6,0.0
2010-11-06,66.8,45.4,54.7,62.0,39.8,49.3,1027.1,1029.4,1025.6,44,62,28,6.3,4.3,0.0
2010-11-07,70.7,43.1,56.6,66.3,37.6,52.2,1026.2,1029.4,1022.9,59,78,40,9.0,6.3,0.0
2010-11-08,74.4,49.5,61.6,69.8,46.9,58.2,1018.3,1022.5,1014.2,68,94,39,11.6,8.4,0.0
2010-11-09,77.0,54.3,65.5,71.4,52.8,62.1,1012.4,1015.0,1009.2,65,92,36,14.3,9.9,0.0
2010-11-10,79.9,58.2,68.4,77.4,58.5,67.9,1013.8,1016.7,1012.1,72,96,41,10.3,7.4,0.0
2010-11-11,78.2,64.0,69.9,77.5,65.7,71.0,1018.5,1020.2,1016.9,82,99,55,12.0,8.8,0.3
2010-11-12,78.4,58.8,69.5,80.4,51.0,69.9,1019.7,1023.8,1017.6,81,96,57,15.8,10.5,5.0
2010-11-13,63.4,49.3,56.4,57.1,44.5,49.8,1023.1,1026.5,1020.2,51,69,37,15.8,9.5,0.0
2010-11-14,60.6,46.6,53.7,54.8,42.6,48.9,1017.2,1020.7,1012.8,57,77,39,6.2,5.0,0.1
2010-11-15,69.3,53.6,59.3,66.8,49.1,56.6,1006.9,1011.9,1001.9,64,87,54,8.3,4.8,0.5
2010-11-16,67.8,49.4,57.6,62.6,42.4,51.4,1012.2,1015.8,1006.8,54,79,29,14.3,9.3,0.0
2010-11-17,77.7,50.7,61.7,71.4,44.4,54.8,1016.5,1025.6,1013.0,49,74,23,15.1,11.4,0.0
2010-11-18,63.1,44.4,52.7,57.6,36.7,45.9,1027.6,1031.0,1025.3,54,71,34,13.7,8.9,0.0
2010-11-19,67.9,39.4,53.0,60.7,34.3,47.5,1022.3,1025.7,1018.2,61,90,28,9.4,6.7,0.0
2010-11-20,76.5,50.7,62.9,73.3,48.0,60.3,1018.2,1020.4,1015.6,78,96,48,13.6,10.1,0.0
2010-11-21,80.0,64.7,71.2,77.3,63.4,69.9,1015.5,1017.3,1013.2,78,92,55,20.8,14.6,0.2
2010-11-22,81.9,67.1,72.9,81.5,66.5,73.1,1013.5,1014.8,1011.4,76,96,49,15.7,12.0,0.0
2010-11-23,80.6,69.1,73.1,81.8,71.7,76.1,1014.3,1016.5,1012.1,83,96,58,11.9,8.2,0.4
2010-11-24,83.0,69.2,74.4,80.7,71.2,74.6,1009.0,1013.4,1004.6,80,96,51,20.4,15.2,0.4
2010-11-25,79.2,47.9,64.0,79.1,36.3,60.4,1010.0,1019.6,1005.7,69,91,32,17.9,13.8,1.8
2010-11-26,56.3,41.4,47.0,46.4,28.9,36.6,1023.9,1026.5,1020.6,27,47,18,17.7,11.1,0.0
2010-11-27,60.0,40.5,48.3,52.4,34.8,41.5,1023.6,1026.6,1020.4,36,53,17,7.0,4.1,0.0
2010-11-28,70.1,42.1,56.3,64.5,36.4,50.5,1013.2,1020.1,1007.4,60,85,42,17.5,10.2,0.0
2010-11-29,76.8,61.1,67.6,74.4,48.9,64.8,1007.7,1014.0,1005.5,62,92,23,17.2,9.3,1.0
2010-11-30,60.7,42.9,51.7,47.9,33.1,41.2,1024.6,1028.7,1015.2,29,50,17,16.9,12.6,0.0
2010-12-01,64.5,37.4,49.7,54.5,29.4,41.2,1025.8,1028.9,1022.3,35,62,16,11.7,8.0,0.0
2010-12-02,70.0,42.6,54.8,63.6,36.6,49.1,1022.4,1024.4,1020.0,56,80,33,10.9,7.6,0.0
2010-12-03,74.4,48.1,60.3,69.0,44.8,56.7,1019.6,1022.1,1016.7,73,97,42,12.8,8.7,0.0
2010-12-04,77.0,54.5,64.0,74.4,45.8,60.0,1018.0,1023.9,1014.8,64,94,23,13.5,10.0,0.0
2010-12-05,56.6,44.0,49.7,47.0,34.3,40.5,1028.5,1032.1,1024.7,40,51,26,13.2,10.7,0.0
2010-12-06,54.4,37.6,45.3,47.5,30.7,38.2,1030.9,1034.5,1026.9,43,65,23,8.0,5.2,0.0
2010-12-07,58.8,36.8,48.7,52.9,30.4,42.7,1021.5,1026.6,1017.3,54,86,28,10.6,5.8,0.0
2010-12-08,55.9,41.9,49.0,49.7,36.0,42.2,1025.3,1029.2,1019.4,62,91,38,15.1,8.7,0.0
2010-12-09,63.1,37.4,49.1,54.2,30.7,41.9,1021.7,1027.1,1016.6,62,86,34,15.2,9.4,0.0
2010-12-10,72.2,44.9,57.5,66.0,40.5,53.0,1014.6,1018.0,1011.0,72,94,40,12.6,9.1,0.0
2010-12-11,72.7,53.2,60.4,63.3,42.4,53.6,1013.3,1022.3,1009.8,54,94,22,15.9,11.4,0.0
2010-12-12,55.2,40.8,48.3,44.0,31.8,37.6,1027.0,1029.9,1022.9,23,33,16,16.2,11.1,0.0
2010-12-13,59.9,36.7,46.9,49.6,29.2,38.8,1024.6,1028.2,1020.7,31,48,15,10.3,5.8,0.0
2010-12-14,69.5,41.8,54.5,61.0,34.7,46.9,1016.3,1020.9,1011.5,53,87,33,16.1,11.4,0.0
2010-12-15,75.3,53.0,62.6,68.3,48.3,57.1,1007.1,1011.0,1003.0,68,92,41,16.7,13.7,0.0
2010-12-16,60.3,48.7,55.9,56.0,41.7,49.8,1011.0,1016.0,1005.4,60,93,34,14.3,10.1,0.0
2010-12-17,54.7,42.7,48.6,48.0,34.9,41.3,1018.1,1021.3,1016.1,55,64,43,9.9,8.7,0.0
2010-12-18,56.0,38.7,46.9,50.0,31.3,39.8,1019.9,1023.5,1016.7,44,65,29,9.0,5.7,0.0
2010-12-19,65.8,38.9,51.6,59.5,32.6,45.4,1015.3,1018.0,1012.3,56,85,36,11.6,7.3,0.0
2010-12-20,75.0,52.9,61.8,71.8,48.9,58.8,1012.0,1013.8,1009.9,80,98,51,13.9,10.8,0.0
2010-12-21,79.6,61.0,67.2,78.3,60.6,67.0,1014.6,1016.7,1013.1,80,99,47,10.8,8.4,0.0
2010-12-22,63.8,57.5,60.4,62.5,53.9,58.3,1021.3,1024.7,1016.9,76,98,56,9.6,7.2,0.0
2010-12-23,64.2,55.4,59.1,64.9,52.2,57.1,1021.6,1024.4,1018.2,79,85,70,11.4,6.8,0.9
2010-12-24,67.4,45.1,56.0,64.6,37.5,51.7,1018.8,1023.7,1014.5,83,93,69,16.7,11.1,10.0
2010-12-25,46.8,36.0,42.4,37.4,27.5,32.0,1028.0,1031.7,1023.9,56,80,41,17.0,14.1,0.0
2010-12-26,48.4,29.4,37.9,41.9,21.9,30.8,1029.4,1031.9,1026.1,56,76,37,7.5,5.2,0.0
2010-12-27,56.6,29.1,43.6,49.5,22.4,37.0,1024.4,1026.9,1021.3,67,85,47,11.6,7.3,0.0
2010-12-28,62.2,49.8,55.8,60.5,45.3,52.9,1019.0,1022.5,1014.8,85,90,78,13.7,8.0,1.6
2010-12-29,68.3,54.3,60.4,66.6,52.7,58.1,1008.0,1014.6,1002.5,87,100,64,14.5,10.3,2.8
2010-12-30,71.6,54.0,61.5,70.7,50.6,59.7,1002.1,1004.5,999.4,87,99,61,14.8,10.0,0.0
2010-12-31,67.0,49.4,61.2,65.8,39.9,56.1,1007.9,1013.7,1001.3,57,99,28,14.7,10.1,0.0
2011-01-01,56.2,40.6,48.1,47.6,33.2,39.3,1021.2,1027.0,1014.0,33,56,23,10.7,8.5,0.0
2011-01-02,54.6,32.5,43.0,47.8,26.1,36.2,1027.5,1030.8,1025.0,48,70,27,6.2,4.4,0.0
2011-01-03,57.3,38.2,49.3,51.5,32.1,43.5,1022.1,1025.7,1018.8,58,76,44,8.2,5.8,0.0
2011-01-04,61.6,46.6,55.0,61.5,43.6,54.0,1017.9,1020.5,1015.7,87,97,73,5.4,3.4,0.3
2011-01-05,69.7,50.1,58.8,60.4,43.5,53.7,1015.8,1017.5,1014.2,56,96,17,11.1,7.3,0.0
2011-01-06,65.6,38.6,51.4,59.7,32.7,45.6,1018.4,1021.8,1016.6,46,75,21,5.1,3.9,0.0
2011-01-07,73.8,39.1,55.0,67.2,33.0,48.9,1011.5,1016.0,1007.0,44,72,15,6.8,4.7,0.0
2011-01-08,62.5,42.7,52.9,53.7,35.9,45.3,1011.8,1015.8,1009.2,45,66,25,10.1,8.7,0.9
2011-01-09,47.6,40.4,44.6,43.2,34.2,39.1,1011.2,1014.5,1007.9,86,93,74,13.0,7.7,47.7
2011-01-10,51.4,36.8,42.5,47.0,31.6,36.7,1019.2,1027.5,1014.7,76,88,64,12.6,6.1,0.0
2011-01-11,41.5,29.6,35.7,31.3,17.7,25.6,1035.0,1039.0,1027.9,51,71,37,14.7,11.0,0.0
2011-01-12,39.5,27.3,33.7,30.9,18.7,24.8,1039.9,1043.5,1037.7,46,59,35,9.2,7.3,0.0
2011-01-13,39.4,32.4,35.8,31.8,23.8,27.7,1035.9,1038.8,1031.8,42,45,38,7.5,5.4,0.0
2011-01-14,47.1,38.1,42.4,43.5,30.4,36.5,1027.0,1031.4,1024.1,65,94,45,6.0,5.0,0.5
2011-01-15,50.7,47.0,48.3,48.5,42.9,45.1,1022.8,1025.1,1020.0,98,100,93,7.8,6.2,20.0
2011-01-16,50.8,48.1,49.1,50.2,44.5,46.0,1016.0,1019.3,1014.2,97,100,92,9.1,6.1,11.7
2011-01-17,61.7,42.3,50.6,57.8,38.9,47.2,1009.8,1015.2,1004.3,87,99,66,11.0,6.4,0.0
2011-01-18,62.3,46.2,52.8,58.6,42.8,48.8,1011.5,1018.4,1005.6,83,99,57,15.7,7.9,0.0
2011-01-19,62.1,38.6,50.5,56.9,34.0,46.1,1015.6,1019.6,1010.7,83,99,58,12.8,7.5,0.0
2011-01-20,56.5,34.9,46.7,55.3,24.6,38.9,1018.6,1025.9,1010.5,71,97,49,20.4,13.1,0.3
2011-01-21,46.9,26.9,36.2,40.5,19.3,29.4,1020.8,1025.9,1015.4,58,75,44,10.3,4.5,0.0
2011-01-22,59.2,30.5,44.1,52.2,23.8,37.1,1017.0,1020.5,1012.5,63,88,35,12.3,7.4,0.0
2011-01-23,55.7,38.8,47.7,54.2,33.7,43.3,1015.8,1019.7,1012.9,80,95,68,10.9,5.6,0.9
2011-01-24,53.0,41.0,46.7,46.5,34.2,39.9,1017.1,1019.7,1013.7,57,72,46,8.7,7.0,0.3
2011-01-25,55.3,39.3,45.5,47.1,30.7,37.8,1019.6,1022.1,1016.9,58,75,40,14.0,9.3,0.1
2011-01-26,58.5,31.4,44.6,55.1,26.0,39.2,1022.7,1024.9,1020.8,64,90,32,6.6,4.0,0.0
2011-01-27,65.8,36.4,49.9,59.6,30.0,44.1,1022.6,1025.6,1019.6,58,84,27,7.4,5.8,0.0
2011-01-28,71.8,41.3,54.7,66.5,33.7,48.3,1019.2,1021.8,1016.3,47,68,22,8.5,7.2,0.0
2011-01-29,73.4,48.6,60.1,70.6,44.0,57.3,1015.6,1018.1,1012.3,78,96,52,14.3,8.9,0.0
2011-01-30,76.5,58.3,65.5,75.6,58.0,65.0,1014.0,1016.0,1011.4,79,97,42,11.9,7.5,0.5
2011-01-31,73.2,51.0,61.6,71.2,49.8,60.3,1012.2,1015.9,1007.0,79,97,57,12.3,7.1,0.5
2011-02-01,64.0,19.8,38.0,63.3,5.1,26.9,1018.0,1028.6,1002.5,64,99,40,27.5,18.9,11.4
2011-02-02,31.4,18.1,23.3,20.0,4.5,11.0,1033.9,1036.4,1028.7,46,52,37,18.4,14.2,0.0
2011-02-03,32.1,18.6,25.1,22.2,6.9,14.4,1033.2,1036.8,1029.3,49,62,41,12.3,10.5,1.2
2011-02-04,36.8,20.8,27.0,28.3,10.9,17.9,1025.6,1030.7,1021.2,56,73,36,10.2,8.2,2.4
2011-02-05,61.5,23.6,42.2,53.6,14.9,33.7,1014.4,1020.6,1009.6,42,64,29,10.8,8.6,0.0
2011-02-06,69.5,38.9,51.1,62.4,29.5,42.4,1012.2,1020.9,1009.2,48,81,26,15.4,11.7,0.0
2011-02-07,54.3,37.8,44.8,46.1,30.6,36.7,1024.5,1028.5,1021.5,59,82,29,14.5,10.0,0.0
2011-02-08,61.1,34.4,47.5,51.7,27.3,39.6,1018.6,1022.8,1013.3,62,78,46,18.1,11.6,0.0
2011-02-09,51.0,23.3,35.2,45.1,10.7,24.4,1024.1,1030.3,1013.9,67,97,38,20.4,15.6,7.5
2011-02-10,41.1,20.9,29.4,33.5,10.3,20.6,1028.6,1031.7,1024.5,53,74,39,12.8,7.8,0.0
2011-02-11,53.1,25.2,38.3,48.5,17.9,32.0,1028.1,1031.0,1026.3,58,82,32,6.8,3.9,0.0
2011-02-12,62.9,28.5,44.8,57.1,21.1,38.0,1030.6,1034.0,1027.7,56,84,25,8.5,6.3,0.0
2011-02-13,68.1,36.1,51.3,60.8,28.6,44.3,1024.3,1029.2,1019.8,60,88,37,14.4,10.4,0.0
2011-02-14,73.2,46.7,58.7,71.4,43.0,55.9,1020.9,1023.0,1018.8,80,98,51,10.8,8.6,0.0
2011-02-15,74.5,55.7,63.4,71.0,53.2,61.1,1018.8,1021.5,1015.4,80,98,50,13.3,10.3,0.1
2011-02-16,73.7,59.2,64.6,70.3,57.0,62.2,1016.5,1018.6,1014.0,80,97,53,14.8,11.8,0.0
2011-02-17,75.1,62.5,67.1,73.7,59.5,65.4,1014.3,1016.9,1012.6,80,94,59,15.8,12.5,0.5
2011-02-18,74.6,60.8,66.4,73.9,59.8,66.3,1018.4,1020.5,1016.6,82,97,58,10.4,8.5,0.0
2011-02-19,72.0,57.9,64.1,73.2,57.6,64.4,1018.7,1021.8,1015.1,88,99,70,14.2,7.6,0.4
2011-02-20,75.5,59.3,66.3,72.9,57.6,64.1,1011.1,1016.0,1007.2,82,97,59,17.8,13.6,0.2
2011-02-21,74.5,60.5,66.5,75.8,56.6,66.2,1009.4,1014.2,1006.3,77,94,56,13.9,7.2,0.0
2011-02-22,60.0,52.8,56.3,57.1,44.7,51.4,1016.3,1019.2,1014.7,59,82,35,11.8,7.1,0.1
2011-02-23,76.9,58.4,67.8,77.1,57.4,68.5,1013.1,1015.3,1010.4,83,100,62,12.8,8.6,0.8
2011-02-24,81.2,59.7,68.7,77.4,51.2,66.6,1009.2,1012.8,1006.2,67,98,16,14.8,9.9,4.8
2011-02-25,68.7,46.0,56.6,65.1,39.2,51.1,1016.3,1021.1,1012.9,47,73,26,9.7,6.6,0.0
2011-02-26,75.0,48.2,62.2,76.4,44.1,61.4,1011.2,1014.4,1007.9,86,99,70,12.4,8.9,0.8
2011-02-27,82.9,63.6,70.9,83.0,63.9,70.7,1005.0,1008.5,1001.0,82,98,51,19.3,12.8,0.0
2011-02-28,68.1,53.3,62.6,68.7,47.2,55.0,1017.5,1025.0,1005.1,37,92,16,16.2,11.7,1.5
2011-03-01,70.8,43.0,56.5,66.9,38.0,51.5,1023.9,1027.5,1020.6,49,81,21,7.7,5.4,0.0
2011-03-02,74.7,47.4,60.7,71.2,42.4,56.4,1019.7,1022.8,1016.7,48,69,27,7.1,5.3,0.0
2011-03-03,74.0,46.0,60.5,69.7,42.7,56.6,1015.7,1018.5,1012.2,65,92,38,12.4,8.2,0.0
2011-03-04,74.8,57.5,64.7,72.6,55.2,63.3,1012.0,1013.9,1009.3,76,98,49,11.2,8.2,0.0
2011-03-05,61.8,47.3,55.4,60.9,36.6,48.4,1020.5,1025.7,1013.1,62,95,31,19.9,12.8,2.6
2011-03-06,65.5,37.2,51.6,60.5,31.1,45.6,1021.2,1025.7,1015.4,44,78,21,9.3,5.2,0.0
2011-03-07,77.1,45.7,59.8,71.0,41.2,54.6,1010.5,1015.5,1005.7,68,96,39,16.9,11.9,0.0
2011-03-08,82.3,61.5,70.2,82.5,58.8,70.5,1006.4,1009.7,1004.6,77,97,42,15.0,8.8,1.6
2011-03-09,70.5,52.3,61.3,67.0,43.2,54.5,1019.5,1026.7,1009.9,46,97,23,15.1,11.5,0.0
2011-03-10,70.6,44.2,57.1,65.0,37.6,50.4,1028.3,1032.0,1025.4,30,52,14,7.0,5.7,0.0
2011-03-11,76.1,42.9,59.6,67.5,36.2,52.1,1021.7,1025.7,1016.7,38,70,18,15.7,10.1,0.0
2011-03-12,80.5,54.0,65.2,75.3,50.4,60.9,1016.3,1018.9,1012.9,68,96,35,16.2,13.0,0.0
2011-03-13,74.8,60.2,67.0,72.2,57.8,65.4,1016.4,1018.0,1014.7,76,94,55,12.8,10.8,0.3
2011-03-14,71.5,53.2,63.2,67.4,47.9,59.6,1020.4,1023.7,1017.6,58,91,25,13.2,7.8,0.9
2011-03-15,72.7,44.0,58.7,69.4,39.6,54.8,1021.3,1024.4,1017.8,58,82,35,9.2,6.3,0.0
2011-03-16,76.1,59.0,66.9,74.0,57.3,65.1,1019.9,1022.4,1017.3,77,94,55,14.4,11.1,0.1
2011-03-17,82.9,64.1,71.5,80.4,63.3,69.2,1018.7,1020.8,1016.4,69,93,39,15.9,13.3,0.0
2011-03-18,85.7,64.2,73.1,84.9,63.0,72.2,1019.1,1021.0,1016.7,70,93,39,14.9,11.9,0.0
2011-03-19,83.3,64.7,71.7,78.3,63.3,69.9,1019.2,1021.1,1016.1,68,94,34,14.7,11.5,0.0
2011-03-20,80.0,64.4,70.9,75.8,62.7,68.9,1019.1,1020.8,1017.3,70,92,45,15.4,12.7,0.5
2011-03-21,82.6,63.2,70.8,78.4,62.3,68.3,1018.3,1020.6,1015.2,70,95,40,17.9,13.5,0.7
2011-03-22,81.8,63.8,71.6,78.2,61.8,68.7,1012.1,1016.6,1008.1,68,92,43,20.0,14.6,0.0
2011-03-23,86.3,63.6,73.6,87.6,62.9,74.3,1010.8,1013.2,1009.2,63,95,30,11.0,5.6,0.0
2011-03-24,83.1,62.9,72.3,79.4,61.1,69.5,1013.2,1016.5,1010.0,51,81,33,12.6,8.7,0.0
2011-03-25,82.4,63.9,72.7,81.0,63.8,72.1,1008.3,1011.5,1004.5,69,94,44,12.8,10.1,0.0
2011-03-26,87.1,67.1,75.9,92.0,68.2,78.5,1004.9,1006.9,1002.5,70,95,46,12.4,7.2,0.2
2011-03-27,71.9,58.2,66.1,73.2,54.7,64.2,1009.1,1012.6,1006.2,67,90,58,11.2,8.0,0.4
2011-03-28,65.5,50.5,58.9,64.4,46.0,56.3,1013.1,1016.2,1010.8,73,84,63,8.5,6.6,0.0
2011-03-29,72.6,54.8,65.2,76.4,48.0,65.7,1012.4,1017.2,1009.8,84,97,75,17.1,7.3,1.5
2011-03-30,67.1,49.7,58.2,64.0,42.0,52.9,1015.2,1018.7,1010.3,56,72,43,14.5,9.3,0.0
2011-03-31,80.0,46.1,63.0,79.2,42.8,61.5,1010.4,1013.8,1006.5,61,87,37,7.7,4.4,0.0
2011-04-01,89.1,59.8,73.6,88.6,58.3,73.3,1007.7,1010.8,1004.8,66,94,37,14.6,10.1,0.0
2011-04-02,87.3,61.7,74.1,89.2,64.8,76.2,1012.4,1015.1,1010.4,73,97,43,14.3,7.2,0.0
2011-04-03,88.0,66.5,74.7,86.6,66.7,74.3,1008.9,1013.3,1004.5,73,92,41,18.8,14.3,0.2
2011-04-04,78.3,59.3,70.3,78.5,48.8,65.0,1011.8,1020.0,1003.0,49,90,16,22.2,14.6,0.4
2011-04-05,74.7,47.0,61.8,69.1,40.4,54.7,1019.5,1023.5,1014.7,25,50,14,11.9,7.1,0.0
2011-04-06,84.5,53.3,67.7,81.5,47.4,63.0,1013.3,1016.5,1009.0,57,83,35,15.8,13.4,0.0
2011-04-07,85.5,63.6,72.8,86.1,62.0,72.8,1008.9,1011.7,1005.5,73,93,45,16.4,10.9,0.0
2011-04-08,92.0,70.2,78.9,92.0,72.3,80.2,1008.2,1010.3,1006.0,68,95,39,16.0,12.5,0.0
2011-04-09,90.8,68.4,78.1,89.1,69.0,77.7,1010.2,1012.6,1007.4,67,88,37,17.9,15.4,0.0
2011-04-10,91.3,69.0,78.5,90.2,68.6,78.2,1008.5,1011.2,1005.3,68,93,37,17.6,15.5,0.0
2011-04-11,82.4,63.8,73.3,76.8,60.3,69.3,1014.8,1019.9,1006.0,45,92,12,16.0,10.4,4.5
2011-04-12,82.7,53.7,69.5,80.8,51.3,66.2,1018.1,1021.6,1013.9,42,80,19,10.3,5.3,0.0
2011-04-13,84.3,54.7,70.6,81.3,52.3,67.9,1013.6,1016.4,1010.2,50,81,24,11.7,7.8,0.0
2011-04-14,84.0,68.3,75.6,84.8,69.4,76.5,1007.2,1011.5,1003.0,72,91,47,14.0,11.2,0.2
2011-04-15,81.6,62.9,72.6,74.8,54.1,65.8,1011.2,1016.9,1005.2,33,92,8,17.5,12.5,0.0
2011-04-16,80.6,51.7,67.7,76.4,44.6,61.4,1017.4,1020.9,1014.4,21,43,10,7.8,5.6,0.0
2011-04-17,84.9,53.7,70.7,80.1,48.6,65.9,1011.9,1015.6,1007.5,43,83,20,17.3,11.4,0.0
2011-04-18,93.6,67.5,78.9,94.9,67.3,79.9,1006.4,1008.9,1003.0,68,92,38,15.3,13.2,0.0
2011-04-19,93.2,72.3,81.5,94.0,74.4,82.9,1005.7,1007.3,1003.3,64,88,38,17.0,12.4,0.0
2011-04-20,90.8,72.4,80.9,94.3,76.9,83.7,1011.3,1015.9,1008.1,67,94,40,12.3,9.8,0.1
2011-04-21,88.3,69.6,78.4,88.7,71.1,80.1,1012.0,1014.1,1008.9,70,95,41,15.6,11.8,0.7
2011-04-22,91.2,73.4,80.2,89.1,74.0,79.9,1009.2,1011.0,1006.9,64,87,33,17.5,15.5,0.0
2011-04-23,90.9,72.5,79.8,89.4,74.7,79.9,1009.0,1011.7,1006.3,66,90,37,18.3,14.8,0.0
2011-04-24,89.2,73.2,79.9,86.2,75.4,79.8,1009.0,1011.3,1005.4,65,89,39,18.7,14.8,0.0
2011-04-25,92.5,73.8,80.5,91.3,76.2,81.7,1003.4,1008.1,998.3,67,89,31,18.6,13.1,1.6
2011-04-26,93.7,70.3,78.1,96.4,74.7,82.3,998.0,1002.1,992.7,77,98,37,14.1,9.2,15.4
2011-04-27,82.7,64.5,75.0,81.8,59.2,71.6,1005.5,1016.8,994.9,44,94,18,15.5,10.6,0.0
2011-04-28,78.7,56.1,67.9,78.3,54.4,65.3,1019.8,1023.2,1017.6,47,78,28,9.4,5.8,0.0
2011-04-29,86.8,56.6,71.5,80.9,53.8,67.1,1013.2,1018.1,1008.1,49,79,25,19.2,12.4,0.0
2011-04-30,88.7,68.2,78.6,91.9,66.2,80.2,1005.7,1008.3,1004.0,71,90,46,16.8,12.2,0.7
2011-05-01,92.4,56.5,77.0,91.5,49.3,76.1,1008.5,1016.0,1005.3,65,90,36,19.6,15.2,0.5
2011-05-02,56.1,50.2,53.4,49.9,42.7,46.9,1020.1,1024.9,1015.2,78,93,66,15.6,13.1,3.6
2011-05-03,72.7,48.1,60.2,67.3,42.4,54.5,1026.9,1029.7,1024.8,53,87,24,13.7,9.9,0.0
2011-05-04,77.3,49.1,64.6,73.3,44.9,60.0,1025.6,1028.4,1021.8,43,79,19,11.1,6.6,0.0
2011-05-05,82.0,54.0,69.3,81.4,51.7,66.9,1019.9,1023.5,1015.7,48,80,28,10.4,6.1,0.0
2011-05-06,87.6,59.3,74.2,86.6,59.5,72.4,1015.4,1018.4,1011.0,54,90,31,13.0,9.3,0.0
2011-05-07,90.9,64.2,76.2,91.8,63.5,75.9,1010.8,1013.3,1007.8,64,89,38,13.7,11.9,0.0
2011-05-08,94.8,69.5,80.4,96.2,71.3,81.8,1008.7,1010.9,1005.5,66,92,35,15.4,12.5,0.0
2011-05-09,96.2,71.0,81.8,94.9,73.6,81.8,1006.9,1009.0,1004.3,61,90,31,19.1,14.5,0.0
2011-05-10,91.2,74.0,81.2,90.1,76.2,82.2,1007.2,1009.0,1005.4,65,87,39,15.2,13.2,0.0
2011-05-11,89.7,74.0,79.3,90.1,76.6,81.1,1007.9,1011.4,1005.5,70,88,41,17.3,12.1,5.5
2011-05-12,80.9,67.4,73.2,85.9,70.4,77.4,1011.1,1013.9,1008.9,86,100,67,13.3,7.2,9.4
2011-05-13,86.2,66.3,75.7,87.8,66.2,76.6,1012.4,1015.0,1010.7,63,98,29,11.0,7.9,0.1
2011-05-14,80.3,59.7,70.1,77.8,56.9,66.8,1015.1,1017.9,1012.5,44,70,24,9.3,7.4,0.0
2011-05-15,78.2,55.3,68.6,75.3,52.7,65.0,1015.9,1018.7,1013.5,43,75,25,8.6,6.0,0.0
2011-05-16,85.4,64.7,74.5,86.0,62.7,72.5,1014.0,1016.8,1010.7,38,57,25,7.2,4.6,0.0
2011-05-17,87.6,59.9,75.0,86.9,56.8,72.6,1009.1,1012.5,1004.8,43,64,30,15.1,8.2,0.0
2011-05-18,86.8,67.4,75.4,86.6,66.5,75.9,1004.8,1006.8,1002.0,71,85,50,16.1,12.1,0.8
2011-05-19,83.5,73.4,77.9,84.0,74.8,80.2,1005.5,1006.8,1004.3,77,90,61,17.0,13.5,3.2
2011-05-20,87.7,69.2,75.9,91.6,74.5,80.7,1006.3,1008.8,1004.4,87,98,57,16.4,9.8,12.2
2011-05-21,85.8,69.3,77.9,93.4,74.7,84.3,1009.3,1011.2,1007.4,85,99,68,13.5,7.8,4.4
2011-05-22,89.8,75.5,81.2,93.4,79.8,84.8,1009.2,1011.3,1006.2,73,94,48,14.8,12.5,0.1
2011-05-23,90.7,73.2,80.9,91.1,77.4,83.2,1008.0,1009.2,1006.3,68,90,42,17.5,12.7,0.0
2011-05-24,93.5,75.1,82.7,96.0,78.7,85.1,1006.1,1008.2,1002.7,68,92,43,16.9,14.4,0.0
2011-05-25,100.0,74.6,85.7,102.2,78.2,90.2,1007.1,1010.6,1004.1,61,90,24,14.6,8.1,0.8
2011-05-26,93.4,70.3,81.6,94.9,68.0,80.9,1012.2,1015.2,1009.4,41,67,24,10.5,7.2,1.4
2011-05-27,98.1,72.5,84.5,96.8,75.6,85.1,1007.5,1010.7,1003.4,54,93,28,17.3,12.5,0.0
2011-05-28,98.9,73.7,84.6,100.5,75.5,85.6,1005.1,1006.9,1002.9,60,89,34,18.3,15.3,0.0
2011-05-29,96.4,73.2,83.6,96.2,76.0,84.1,1007.3,1010.4,1005.7,62,93,33,18.9,15.9,0.0
2011-05-30,95.8,76.6,84.5,94.9,79.8,85.0,1011.3,1015.3,1009.4,61,88,32,20.1,16.2,0.2
2011-05-31,95.1,76.3,85.4,98.2,81.2,89.0,1017.9,1021.1,1015.2,61,90,37,13.7,10.0,1.0
2011-06-01,95.3,73.2,84.5,96.6,79.3,86.9,1020.1,1022.7,1016.5,53,89,28,10.6,7.1,0.0
2011-06-02,96.9,71.0,84.9,97.3,73.0,85.0,1016.0,1018.8,1012.0,41,68,25,11.6,7.5,0.0
2011-06-03,97.8,73.2,86.0,98.9,74.5,86.5,1014.7,1017.1,1012.5,41,63,26,12.2,7.6,0.0
2011-06-04,95.9,72.2,84.1,97.1,79.0,87.1,1018.3,1020.2,1016.6,53,92,27,8.6,5.6,0.0
2011-06-05,98.2,71.5,86.2,100.7,75.4,88.8,1017.8,1019.9,1014.3,46,81,26,8.0,4.8,0.6
2011-06-06,101.1,75.4,88.1,104.0,80.5,91.1,1013.3,1015.8,1009.4,46,76,22,11.7,5.0,0.0
2011-06-07,98.0,76.7,86.7,101.8,80.6,89.1,1011.1,1012.7,1008.8,47,66,28,12.4,7.0,0.2
2011-06-08,96.0,75.2,84.8,98.9,80.3,87.3,1011.7,1013.4,1009.3,58,88,32,14.0,10.5,0.0
2011-06-09,97.1,73.6,85.0,98.4,78.0,86.8,1011.9,1014.1,1008.9,55,89,29,12.8,10.5,0.0
2011-06-10,97.6,74.3,85.5,99.2,78.6,87.4,1011.1,1013.1,1008.1,55,89,28,13.2,10.8,0.0
2011-06-11,96.8,74.0,85.3,97.9,81.0,88.2,1011.7,1014.2,1009.3,56,93,30,12.4,8.3,0.0
2011-06-12,98.8,74.1,86.6,101.3,79.7,89.0,1011.9,1013.6,1009.7,52,88,27,12.1,9.2,0.0
2011-06-13,99.2,74.8,87.0,101.8,79.4,89.6,1013.1,1015.2,1010.5,53,89,28,13.5,9.9,0.0
2011-06-14,101.4,75.3,87.7,102.0,79.9,89.3,1011.2,1014.6,1006.7,52,88,23,17.1,11.4,0.0
2011-06-15,101.7,77.4,88.5,103.8,81.5,91.2,1009.0,1011.8,1006.0,54,84,25,15.8,10.9,0.0
2011-06-16,101.2,76.8,88.1,101.3,81.3,89.6,1008.3,1010.5,1005.4,54,85,28,16.3,13.4,0.0
2011-06-17,103.2,78.8,89.1,103.6,82.4,90.7,1008.5,1010.6,1006.4,56,85,27,18.9,15.4,0.0
2011-06-18,104.3,78.1,89.4,104.0,82.4,90.9,1010.2,1012.8,1007.1,54,84,24,16.4,14.7,0.0
2011-06-19,102.5,77.8,88.3,102.1,81.2,89.5,1008.5,1011.2,1004.6,56,86,26,18.7,16.0,0.0
2011-06-20,99.1,77.9,87.2,98.8,79.7,88.0,1005.5,1008.7,1002.0,56,80,31,19.5,15.9,0.0
2011-06-21,96.8,79.0,86.7,101.7,84.0,91.6,1007.2,1010.8,1003.8,63,85,39,14.2,9.7,5.3
2011-06-22,88.1,72.9,79.7,96.9,77.9,87.0,1011.8,1013.4,1010.3,81,98,60,9.7,5.8,27.4
2011-06-23,89.3,72.3,80.8,96.3,79.6,87.6,1011.8,1013.6,1009.5,73,96,51,7.6,5.0,0.0
2011-06-24,89.8,72.4,81.9,94.5,79.5,87.5,1009.8,1011.5,1007.4,69,93,50,10.8,6.5,0.0
2011-06-25,93.2,76.9,84.2,97.5,83.3,88.9,1009.8,1011.4,1008.1,69,89,47,15.4,10.5,0.3
2011-06-26,95.7,75.8,85.5,97.8,81.6,89.0,1010.8,1012.4,1008.7,63,92,40,14.3,11.9,0.0
2011-06-27,99.7,77.0,87.5,104.4,82.6,91.6,1012.3,1015.6,1010.2,60,89,33,13.0,11.0,0.0
2011-06-28,97.4,76.8,86.9,102.2,83.7,92.0,1015.1,1016.5,1012.6,59,89,34,11.5,7.4,0.0
2011-06-29,97.6,76.1,87.4,103.0,83.7,92.3,1014.8,1017.5,1012.2,54,87,33,9.5,5.9,0.0
2011-06-30,98.5,76.1,88.0,101.7,81.9,90.9,1013.9,1016.2,1011.4,47,78,28,9.8,6.6,0.0
2011-07-01,96.6,77.5,87.5,100.7,83.9,91.4,1014.5,1016.0,1012.9,50,75,33,8.9,6.0,0.0
2011-07-02,98.1,78.8,88.6,104.9,86.9,93.7,1015.9,1018.3,1013.2,53,84,31,8.7,5.6,0.0
2011-07-03,99.6,78.6,89.9,103.0,84.5,92.9,1013.8,1016.2,1010.1,45,75,27,11.2,6.1,0.0
2011-07-04,100.7,79.1,90.0,102.8,84.7,92.3,1012.6,1014.5,1009.9,43,73,23,11.0,7.3,0.0
2011-07-05,99.6,77.8,89.2,103.1,81.8,91.0,1013.1,1014.8,1010.6,42,69,24,10.8,7.0,0.0
2011-07-06,100.0,79.1,89.8,102.7,84.0,92.5,1013.3,1015.3,1010.9,44,67,25,11.1,6.4,0.0
2011-07-07,98.9,78.7,89.1,105.3,84.5,93.5,1011.7,1014.1,1008.8,49,74,33,11.6,6.1,0.2
2011-07-08,101.5,79.0,90.4,105.2,83.4,93.2,1009.5,1011.5,1007.1,45,72,24,11.7,7.6,0.0
2011-07-09,99.2,78.8,88.5,101.0,82.7,90.7,1010.7,1012.3,1008.9,48,74,29,13.8,9.3,0.3
2011-07-10,98.4,78.5,87.7,102.3,85.3,92.0,1013.1,1014.5,1011.2,57,84,34,12.3,8.8,0.2
2011-07-11,99.0,79.2,88.4,103.9,86.4,93.4,1014.3,1016.7,1011.2,57,83,36,12.0,8.8,0.1
2011-07-12,98.6,79.6,88.8,103.6,86.3,93.0,1013.6,1015.2,1010.6,56,82,38,13.4,9.6,0.1
2011-07-13,101.6,77.8,89.4,104.2,83.0,92.6,1011.8,1014.0,1007.9,51,81,26,12.3,9.4,0.0
2011-07-14,100.7,80.1,90.3,105.4,85.6,93.9,1009.9,1012.3,1006.0,50,74,32,12.5,9.3,0.0
2011-07-15,100.7,80.0,90.4,104.3,85.6,93.6,1009.2,1010.9,1006.8,48,77,28,12.0,8.9,0.0
2011-07-16,97.8,80.1,88.1,101.1,84.1,90.9,1011.5,1013.4,1010.0,49,67,33,11.6,7.7,0.4
2011-07-17,98.7,79.1,89.4,103.2,85.5,93.9,1015.1,1017.7,1013.7,49,77,30,11.0,5.4,0.0
2011-07-18,99.2,81.4,90.9,105.9,86.8,95.5,1014.6,1017.4,1011.9,47,69,32,8.6,5.2,0.0
2011-07-19,98.0,82.2,89.9,104.1,86.1,93.4,1012.5,1014.9,1010.4,46,59,34,8.4,6.5,0.0
2011-07-20,97.0,80.4,88.4,103.9,87.5,93.4,1011.2,1013.4,1008.2,56,82,37,13.4,7.7,0.0
2011-07-21,99.8,79.1,88.0,103.0,85.6,91.9,1011.0,1012.8,1008.3,56,79,32,13.8,10.1,0.0
2011-07-22,99.6,79.9,88.2,104.7,86.1,92.6,1011.6,1013.7,1008.5,59,83,38,14.9,10.5,0.1
2011-07-23,101.5,79.5,89.7,105.2,85.4,92.9,1013.9,1016.3,1011.2,54,83,29,14.7,11.4,0.0
2011-07-24,102.3,79.6,90.3,106.5,85.5,94.3,1015.9,1018.5,1012.8,52,83,26,13.0,9.0,0.0
2011-07-25,102.6,80.8,91.6,106.7,84.5,94.2,1013.3,1015.8,1009.8,43,65,25,12.1,8.1,0.0
2011-07-26,102.1,81.2,91.5,106.2,86.0,94.7,1009.6,1011.6,1006.7,45,67,26,11.8,7.9,0.0
2011-07-27,102.5,80.9,91.2,105.1,86.1,94.1,1009.3,1011.3,1006.3,46,72,24,13.6,9.0,0.0
2011-07-28,100.4,79.5,90.0,105.3,86.4,93.7,1011.4,1013.3,1009.3,50,81,27,12.5,8.5,0.0
2011-07-29,98.8,80.5,88.6,104.9,87.9,94.0,1013.8,1015.4,1012.1,56,76,36,12.7,7.4,0.9
2011-07-30,97.6,77.8,87.6,103.8,84.6,92.4,1015.8,1018.0,1013.3,61,91,38,12.9,9.9,1.8
2011-07-31,100.1,76.8,88.8,104.6,84.2,93.7,1017.2,1019.6,1014.2,51,87,25,9.0,4.9,0.0
2011-08-01,103.5,80.0,92.3,108.8,86.6,96.9,1014.8,1017.3,1011.5,46,74,27,8.7,5.7,0.0
2011-08-02,104.1,82.5,93.8,109.5,87.4,96.9,1011.6,1013.4,1008.8,41,64,26,10.5,7.6,0.0
2011-08-03,103.4,81.4,92.8,109.1,87.5,96.9,1010.3,1012.9,1007.5,45,70,26,11.8,7.1,0.0
2011-08-04,104.4,81.4,92.9,109.7,87.7,97.1,1010.4,1012.1,1007.9,46,71,26,15.1,7.6,0.0
2011-08-05,104.3,80.6,92.0,109.5,87.7,96.7,1011.2,1013.3,1008.3,51,79,27,14.9,8.5,0.0
2011-08-06,103.0,79.6,90.8,106.6,86.2,94.6,1011.8,1013.9,1008.5,51,80,26,12.9,9.1,0.0
2011-08-07,101.7,80.5,90.6,106.3,86.7,94.9,1011.2,1013.4,1007.6,53,81,30,14.5,9.6,0.2
2011-08-08,103.7,80.3,90.9,105.5,86.4,94.1,1009.3,1011.6,1005.4,52,81,24,16.1,11.2,0.0
2011-08-09,103.5,79.3,90.8,107.2,85.4,94.4,1008.7,1011.1,1005.6,52,82,26,14.6,10.4,0.0
2011-08-10,102.5,79.4,90.4,106.8,85.1,94.3,1008.6,1010.7,1004.9,53,82,30,14.8,10.4,0.0
2011-08-11,97.9,81.2,88.0,106.2,87.4,93.9,1009.5,1011.1,1006.9,61,80,40,13.7,9.4,3.2
2011-08-12,100.5,80.6,89.7,105.4,87.7,94.3,1011.1,1013.0,1008.3,56,83,30,13.5,9.8,0.0
2011-08-13,98.0,80.0,88.6,104.0,86.6,94.1,1012.7,1014.4,1010.5,56,82,32,12.2,6.7,0.0
2011-08-14,99.5,82.2,89.8,106.8,89.8,95.9,1013.3,1015.3,1010.0,53,75,32,10.1,5.0,1.7
2011-08-15,101.3,81.3,91.4,104.8,86.8,94.6,1011.6,1013.3,1009.2,45,67,28,12.8,7.7,0.0
2011-08-16,101.2,79.4,90.1,103.5,86.0,93.5,1012.9,1014.9,1010.6,50,79,28,13.0,9.3,0.0
2011-08-17,100.8,79.4,90.4,104.4,87.2,94.4,1015.4,1017.8,1012.9,49,83,26,10.1,7.2,0.0
2011-08-18,102.0,80.0,91.6,105.0,85.1,93.7,1013.4,1016.0,1009.6,41,68,23,10.1,7.5,0.0
2011-08-19,103.0,80.1,92.1,105.6,84.2,94.6,1010.5,1012.5,1007.7,43,64,26,10.5,8.3,0.0
2011-08-20,102.7,82.3,92.0,106.5,87.6,95.2,1011.3,1013.0,1009.0,45,65,26,10.8,8.2,0.0
2011-08-21,99.8,79.1,89.9,104.1,85.1,93.9,1014.0,1015.9,1011.9,48,78,30,10.9,6.8,0.0
2011-08-22,101.5,80.7,91.3,104.6,88.2,95.3,1014.2,1016.6,1011.2,46,74,25,10.2,6.0,0.0
2011-08-23,102.3,81.2,91.9,106.6,87.3,96.0,1012.0,1014.1,1009.0,45,71,26,10.3,6.2,0.0
2011-08-24,102.5,81.6,91.9,107.6,87.4,95.9,1011.2,1013.2,1008.2,45,67,27,12.5,6.7,0.0
2011-08-25,96.6,82.5,89.3,101.0,89.5,94.7,1012.3,1015.0,1010.6,53,71,37,8.7,5.2,0.0
2011-08-26,100.7,77.8,89.8,106.2,85.7,94.9,1012.9,1015.3,1010.5,49,83,26,5.7,3.7,0.0
2011-08-27,105.3,82.6,94.3,109.6,85.8,96.5,1011.2,1013.4,1007.8,35,57,20,7.9,5.3,0.0
2011-08-28,108.4,82.3,95.5,108.1,83.1,94.8,1008.3,1010.1,1006.2,27,44,14,10.5,6.3,0.0
2011-08-29,106.9,83.3,95.1,108.3,85.8,95.5,1008.9,1011.3,1006.3,32,55,16,9.7,7.3,0.0
2011-08-30,103.1,81.8,92.8,105.0,84.1,93.6,1010.3,1012.3,1007.7,35,50,22,10.8,7.5,0.0
2011-08-31,100.5,78.7,89.6,101.3,85.0,91.9,1012.4,1014.5,1010.5,46,79,23,10.7,8.1,0.0
2011-09-01,99.5,77.5,89.1,102.2,84.2,92.7,1012.7,1015.5,1009.5,46,77,26,9.3,5.0,0.0
2011-09-02,99.0,82.1,90.7,102.7,88.2,94.4,1009.7,1012.3,1006.2,46,71,28,10.1,6.2,0.0
2011-09-03,99.5,80.6,89.9,99.1,85.6,91.1,1006.5,1008.9,1003.0,42,67,25,15.0,9.2,0.0
2011-09-04,99.5,79.4,88.8,93.5,77.4,85.4,1006.7,1009.6,1004.8,36,50,22,22.8,15.0,0.0
2011-09-05,89.9,75.1,82.2,83.5,68.7,76.6,1013.0,1015.5,1010.4,30,54,13,17.3,12.9,0.0
2011-09-06,90.6,65.9,78.6,87.9,61.1,74.2,1015.9,1018.4,1013.6,24,38,13,6.6,5.5,0.0
2011-09-07,93.2,65.4,80.2,90.8,61.4,76.2,1017.2,1019.4,1015.1,24,43,13,7.6,5.1,0.0
2011-09-08,91.7,69.4,80.1,88.0,63.8,74.9,1017.5,1020.3,1014.3,22,33,13,8.5,6.9,0.0
2011-09-09,94.1,66.5,81.6,93.1,64.2,78.4,1014.7,1017.0,1011.6,25,50,15,5.8,3.9,0.0
2011-09-10,95.7,68.7,83.0,94.3,66.0,80.3,1015.1,1017.1,1013.1,27,49,15,6.0,4.4,0.0
2011-09-11,99.8,72.3,86.4,102.0,72.7,85.6,1016.5,1018.7,1014.3,33,59,16,8.6,4.6,0.0
2011-09-12,101.5,75.6,88.9,101.9,73.2,86.4,1016.8,1019.7,1013.8,28,42,17,10.9,7.5,0.0
2011-09-13,102.3,77.3,89.8,102.9,78.3,88.8,1013.9,1016.0,1011.1,36,68,19,11.5,9.3,0.0
2011-09-14,100.0,76.2,87.8,100.2,77.4,86.8,1012.3,1013.9,1010.0,39,68,22,12.2,9.9,0.0
2011-09-15,94.1,75.0,84.4,96.3,79.5,87.0,1015.3,1017.6,1013.5,52,80,33,10.3,6.5,0.0
2011-09-16,90.9,75.9,82.1,94.5,80.5,85.5,1016.6,1019.1,1013.9,62,78,45,12.4,7.9,1.0
2011-09-17,90.3,75.8,81.4,94.9,80.7,86.1,1015.9,1017.4,1013.9,69,84,50,10.4,8.0,3.7
2011-09-18,91.7,73.2,80.9,97.6,79.6,86.9,1014.8,1016.8,1011.9,75,95,50,9.5,7.0,5.0
2011-09-19,88.7,72.0,78.8,90.4,74.1,82.6,1015.6,1017.5,1013.2,66,97,32,8.4,5.3,14.7
2011-09-20,89.4,66.5,78.4,93.3,68.6,80.3,1013.7,1016.0,1010.4,51,85,30,5.4,3.1,0.0
2011-09-21,91.6,70.7,80.6,96.9,71.6,84.1,1014.4,1016.3,1012.1,59,96,34,8.5,4.4,0.0
2011-09-22,91.9,71.2,81.3,95.1,76.7,84.3,1016.2,1018.4,1014.4,59,94,35,11.2,6.3,0.8
2011-09-23,87.0,68.6,76.6,87.8,67.4,75.8,1017.9,1020.8,1014.8,48,67,29,10.8,6.6,0.0
2011-09-24,94.4,68.8,80.8,95.2,67.8,79.8,1012.8,1016.2,1008.6,36,51,20,8.6,3.9,0.0
2011-09-25,101.0,75.9,87.0,99.1,74.6,85.5,1006.9,1009.1,1004.1,43,65,22,14.8,12.3,0.0
2011-09-26,99.8,73.4,85.2,101.1,76.3,87.5,1008.3,1010.7,1005.8,51,71,28,12.0,7.3,1.4
2011-09-27,98.0,75.2,84.9,100.7,79.7,87.8,1011.2,1012.5,1009.6,57,90,28,15.0,8.5,0.3
2011-09-28,98.2,70.8,84.8,101.8,73.8,87.3,1011.3,1014.0,1007.8,48,74,25,6.7,4.1,0.0
2011-09-29,98.7,74.7,84.9,102.5,78.9,87.8,1012.0,1014.8,1009.9,51,77,23,11.4,5.2,0.2
2011-09-30,88.1,74.8,80.4,83.1,67.9,77.0,1016.8,1018.9,1014.4,40,70,20,16.8,10.7,0.0
2011-10-01,85.1,65.6,75.3,81.5,59.8,69.8,1019.9,1022.5,1018.2,23,32,16,8.1,6.2,0.0
2011-10-02,85.5,60.3,73.3,83.2,56.9,69.6,1020.8,1023.1,1018.7,32,59,16,6.5,4.5,0.0
2011-10-03,84.9,60.8,73.0,83.3,60.2,71.0,1021.1,1023.6,1019.1,44,82,23,7.1,4.8,0.0
2011-10-04,84.7,60.2,72.9,81.4,60.8,71.0,1020.7,1023.6,1017.8,47,83,22,8.0,5.4,0.0
2011-10-05,85.4,63.6,75.2,83.3,65.4,74.7,1017.4,1020.1,1013.7,57,88,35,11.8,7.5,0.0
2011-10-06,85.9,68.9,77.6,86.8,71.3,78.9,1014.5,1016.1,1011.5,66,84,48,14.3,9.9,0.0
2011-10-07,88.6,74.8,79.8,90.2,77.7,81.8,1014.6,1016.6,1012.2,71,90,47,15.4,12.8,1.8
2011-10-08,87.5,71.9,76.7,87.2,74.6,78.8,1013.9,1016.0,1011.3,76,89,45,15.0,11.4,7.9
2011-10-09,75.0,68.9,70.6,81.7,72.0,74.4,1014.3,1016.3,1012.3,91,97,83,16.3,7.3,23.2
2011-10-10,75.7,66.3,70.4,77.9,68.5,72.9,1015.4,1017.3,1013.4,78,95,63,6.5,5.0,0.5
2011-10-11,82.4,62.8,72.4,86.6,65.6,75.5,1011.9,1014.2,1008.6,74,98,46,7.8,3.7,0.2
2011-10-12,82.9,68.3,74.5,87.6,71.1,77.9,1008.6,1011.2,1006.5,79,95,60,10.8,7.4,0.3
2011-10-13,83.5,64.0,73.0,80.2,62.4,71.5,1013.1,1015.5,1011.6,53,90,23,8.8,6.8,0.0
2011-10-14,85.0,59.3,71.2,83.5,56.7,69.2,1014.1,1016.3,1012.1,47,70,24,6.4,4.7,0.0
2011-10-15,85.1,59.9,72.2,85.2,59.1,71.8,1016.5,1018.5,1014.9,55,82,31,7.2,4.8,0.0
2011-10-16,85.8,62.5,73.8,87.4,65.0,75.4,1016.4,1018.9,1013.6,66,97,38,8.3,5.2,0.0
2011-10-17,88.2,64.3,76.0,87.9,65.4,76.1,1010.0,1014.4,1004.7,62,91,38,13.4,9.1,0.0
2011-10-18,73.3,59.0,65.9,73.7,48.8,57.7,1015.2,1019.0,1008.5,42,72,31,20.7,15.7,0.0
2011-10-19,73.9,54.4,63.7,64.8,47.1,56.0,1019.1,1022.0,1016.3,29,39,17,13.6,9.2,0.0
2011-10-20,78.3,49.7,64.4,70.6,44.4,58.3,1018.0,1020.8,1014.7,35,61,17,11.1,7.1,0.0
2011-10-21,86.1,58.1,71.9,85.6,57.0,70.5,1018.0,1020.4,1015.9,59,88,37,12.1,8.5,0.0
2011-10-22,83.7,64.7,74.0,81.3,65.6,73.0,1016.4,1018.6,1013.5,64,91,42,13.2,10.4,0.0
2011-10-23,87.4,66.1,75.9,87.9,67.8,76.3,1015.5,1018.9,1013.2,59,85,35,11.2,6.6,0.0
2011-10-24,86.3,63.0,74.8,88.4,65.6,76.4,1019.8,1022.0,1018.1,63,95,34,8.9,4.5,0.0
2011-10-25,86.4,66.0,75.5,83.1,67.8,74.4,1017.4,1020.0,1014.2,61,93,33,13.6,10.4,0.0
2011-10-26,87.1,66.8,75.9,84.7,67.6,75.0,1012.1,1014.9,1009.0,61,91,33,11.8,10.6,0.0
2011-10-27,77.7,52.4,66.0,81.0,44.4,64.4,1013.0,1019.4,1009.7,74,98,53,18.5,9.6,0.2
2011-10-28,64.7,51.8,56.7,56.4,43.3,49.0,1022.8,1025.8,1019.3,54,79,38,16.8,12.7,0.0
2011-10-29,67.4,45.2,56.5,63.5,41.5,52.0,1023.7,1027.6,1019.3,48,84,25,6.7,3.8,0.0
2011-10-30,73.1,48.6,60.9,69.4,43.9,56.5,1020.1,1021.9,1018.0,44,62,28,6.3,4.7,0.0
2011-10-31,78.2,50.7,64.3,76.1,48.2,61.5,1021.2,1023.6,1018.7,56,86,31,7.8,5.0,0.0
2011-11-01,79.4,54.7,66.9,76.0,53.2,63.9,1018.5,1020.8,1015.7,60,88,37,13.1,8.7,0.0
2011-11-02,83.5,57.4,70.3,81.1,45.7,67.6,1016.7,1025.1,1013.5,63,87,40,19.5,11.2,0.7
2011-11-03,63.0,46.1,53.5,52.5,35.0,43.3,1026.8,1030.2,1024.9,32,49,14,19.9,13.0,0.0
2011-11-04,65.0,39.5,52.3,59.5,33.2,45.9,1022.4,1025.4,1018.5,34,58,16,5.4,3.9,0.0
2011-11-05,76.4,45.7,61.3,71.8,39.2,56.1,1014.8,1018.9,1010.2,51,77,39,16.5,9.9,0.0
2011-11-06,78.8,67.1,72.2,80.7,65.5,73.0,1014.4,1016.3,1012.6,78,86,64,14.2,10.9,1.5
2011-11-07,79.5,69.1,73.3,78.2,71.1,74.0,1014.2,1016.4,1011.5,78,91,59,16.3,12.1,3.4
2011-11-08,78.0,59.7,70.8,78.0,52.0,68.9,1013.3,1018.8,1010.4,61,85,33,14.8,10.4,1.9
2011-11-09,63.3,48.2,55.9,53.6,39.4,47.1,1025.2,1029.2,1019.2,44,60,31,15.7,12.7,0.0
2011-11-10,64.1,46.7,54.5,57.1,40.7,47.6,1029.3,1033.1,1026.6,41,60,19,11.6,7.0,0.0
2011-11-11,68.4,42.2,54.7,59.3,35.1,47.0,1022.4,1026.5,1018.3,39,63,19,12.5,8.3,0.0
2011-11-12,77.4,53.3,64.5,72.6,46.3,59.7,1015.3,1018.6,1012.0,61,79,43,17.1,12.1,0.0
2011-11-13,84.2,64.3,72.1,81.9,63.4,71.2,1011.5,1013.9,1008.8,74,95,44,15.9,12.5,0.0
2011-11-14,80.4,68.8,73.8,81.3,69.9,75.3,1009.8,1012.5,1006.6,76,95,53,13.7,10.0,0.3
2011-11-15,71.7,63.1,68.2,77.5,65.5,72.6,1007.0,1008.9,1005.0,96,99,84,10.3,4.9,28.2
2011-11-16,75.6,55.7,65.2,75.8,49.0,63.8,1012.8,1023.5,1007.0,74,99,57,14.0,8.6,0.0
2011-11-17,61.3,47.9,54.6,55.3,39.8,47.5,1027.2,1031.0,1024.4,47,67,34,13.6,9.0,0.0
2011-11-18,70.8,45.0,58.2,67.3,39.1,53.3,1019.5,1024.7,1014.7,61,77,50,15.9,9.4,0.0
2011-11-19,77.6,64.4,70.9,82.1,62.6,71.6,1012.7,1014.8,1010.1,83,94,66,16.3,11.8,0.5
2011-11-20,80.9,71.6,75.0,83.2,74.4,77.4,1015.8,1017.9,1014.0,82,94,62,16.6,11.9,0.3
2011-11-21,79.9,71.1,74.3,81.5,74.7,76.9,1015.1,1018.6,1010.2,86,98,67,17.6,12.1,3.2
2011-11-22,72.9,54.9,63.9,76.8,52.1,62.7,1017.2,1023.6,1011.6,80,99,57,13.5,9.4,33.4
2011-11-23,68.3,50.3,58.1,67.9,47.6,56.5,1024.5,1027.0,1022.8,78,92,57,6.7,4.7,0.0
2011-11-24,69.2,52.6,59.4,67.9,51.0,58.0,1023.4,1025.9,1020.9,77,93,56,9.5,5.0,0.0
2011-11-25,74.2,53.9,63.2,70.3,52.8,60.9,1015.8,1021.3,1010.1,77,98,51,14.8,9.2,0.0
2011-11-26,66.8,51.5,60.8,67.4,41.1,56.8,1016.4,1024.2,1011.5,71,98,46,19.2,11.7,23.1
2011-11-27,53.4,42.1,48.8,41.5,33.5,37.5,1026.2,1029.7,1024.4,30,44,23,19.1,14.3,0.0
2011-11-28,59.3,35.7,46.7,54.0,29.0,40.8,1020.7,1024.9,1016.5,51,75,34,6.1,4.3,0.0
2011-11-29,62.9,38.6,50.2,56.3,33.1,44.5,1021.5,1024.6,1017.7,59,80,34,9.3,5.8,0.0
2011-11-30,60.3,39.9,49.4,56.5,34.9,44.8,1022.6,1025.7,1018.9,65,87,45,6.4,4.4,0.0
2011-12-01,70.1,42.0,56.2,69.7,37.4,53.2,1019.5,1022.6,1017.9,78,93,64,11.5,7.5,0.2
2011-12-02,62.2,59.0,60.6,62.7,55.6,60.0,1022.7,1025.7,1020.1,89,95,82,12.7,7.1,7.0
2011-12-03,71.0,58.4,65.2,70.8,54.5,63.9,1016.0,1019.0,1013.6,85,94,78,18.6,11.6,3.0
2011-12-04,66.3,45.0,51.5,67.2,37.7,46.9,1017.8,1020.4,1015.3,94,97,84,15.2,11.1,16.9
2011-12-05,49.4,41.1,43.5,40.6,30.9,34.7,1020.8,1025.5,1015.6,76,97,54,15.9,13.5,8.7
2011-12-06,41.7,33.0,37.8,31.9,24.9,28.1,1027.5,1029.6,1025.4,55,61,48,13.2,11.0,0.0
2011-12-07,48.6,27.1,37.2,43.7,20.3,30.8,1028.7,1031.9,1025.6,60,81,41,7.0,3.9,0.0
2011-12-08,54.3,31.1,42.0,47.5,24.5,35.9,1023.9,1027.3,1020.1,67,90,41,8.9,5.5,0.0
2011-12-09,61.7,40.8,50.7,60.1,36.0,47.6,1023.9,1029.2,1021.2,85,97,67,9.4,5.1,0.0
2011-12-10,53.3,46.7,50.1,47.9,43.0,45.0,1031.1,1033.7,1029.6,74,87,57,10.1,7.4,1.9
2011-12-11,51.7,42.5,47.3,46.0,37.5,42.0,1028.0,1031.0,1024.9,66,85,46,7.3,4.9,4.2
2011-12-12,61.1,49.1,54.0,59.0,43.7,49.6,1023.4,1025.8,1021.4,66,86,50,9.0,6.7,0.0
2011-12-13,68.7,55.4,62.1,70.3,53.6,61.3,1021.3,1024.2,1018.7,93,99,85,13.9,10.3,1.1
2011-12-14,74.4,65.9,68.9,75.4,65.7,69.4,1015.6,1018.2,1012.5,92,99,75,19.5,13.3,3.8
2011-12-15,67.3,49.3,59.1,70.2,43.3,57.2,1017.9,1022.0,1014.9,90,98,74,12.8,9.8,18.8
2011-12-16,55.0,46.3,49.9,48.9,38.8,43.2,1025.8,1029.6,1022.4,77,95,64,13.7,11.6,5.7
2011-12-17,54.9,46.0,50.1,49.7,38.6,44.0,1030.7,1033.0,1029.0,56,66,47,9.7,6.5,0.0
2011-12-18,58.7,50.3,54.0,54.1,46.4,49.7,1025.7,1030.4,1020.1,61,75,49,10.7,4.8,0.0
2011-12-19,72.7,56.5,63.1,71.9,51.4,61.5,1011.5,1019.0,1007.3,86,94,74,18.9,10.9,4.5
2011-12-20,56.4,45.8,51.4,56.5,40.2,45.2,1014.8,1017.6,1011.8,61,96,42,14.7,8.4,0.0
2011-12-21,53.3,42.5,48.1,48.8,36.7,43.5,1016.0,1018.4,1013.1,62,78,52,6.1,3.2,0.7
2011-12-22,65.0,46.5,53.1,61.6,38.7,49.2,1017.3,1025.5,1013.4,75,98,49,13.3,6.0,15.7
2011-12-23,49.1,39.5,43.9,41.6,31.1,36.3,1028.1,1030.5,1026.1,72,75,65,12.2,10.3,0.0
2011-12-24,44.2,42.3,42.8,36.8,35.0,35.9,1028.5,1029.7,1027.3,89,95,75,12.1,10.5,5.4
2011-12-25,48.0,41.9,44.7,40.9,35.3,38.1,1028.9,1030.9,1027.8,81,93,68,10.4,9.3,0.0
2011-12-26,54.7,41.0,47.1,47.7,34.8,40.8,1022.7,1027.4,1018.6,64,77,44,11.5,7.2,0.2
2011-12-27,59.7,36.2,46.8,55.0,28.4,40.6,1023.1,1025.6,1021.1,63,80,41,9.4,6.6,0.0
2011-12-28,64.7,37.4,48.9,60.7,31.5,43.4,1019.1,1023.4,1014.7,69,88,52,11.4,7.2,0.0
2011-12-29,66.1,37.7,50.9,62.5,32.0,46.2,1015.5,1018.4,1011.6,67,89,44,8.3,5.8,0.0
2011-12-30,68.2,45.5,55.2,64.0,40.0,50.8,1015.4,1018.0,1012.6,66,84,45,8.5,6.6,0.0
2011-12-31,72.8,42.2,56.5,69.0,38.5,53.5,1016.3,1018.7,1013.3,76,94,49,11.7,6.4,0.0
2012-01-01,59.1,45.0,52.6,50.7,37.7,44.3,1030.8,1036.2,1019.4,48,86,32,15.5,11.3,0.0
2012-01-02,56.0,39.6,46.6,49.5,32.2,39.5,1037.7,1041.1,1036.1,56,81,38,9.7,7.6,0.0
2012-01-03,58.1,38.4,47.1,50.4,32.9,40.4,1032.1,1036.9,1026.1,57,81,36,11.4,6.8,0.0
2012-01-04,66.0,40.9,52.5,64.8,36.2,48.4,1024.8,1026.8,1022.9,73,94,53,10.6,6.0,0.0
2012-01-05,67.3,44.9,55.2,66.7,40.6,52.4,1024.2,1027.4,1020.1,72,92,53,6.7,4.3,0.0
2012-01-06,71.5,55.5,61.6,66.1,53.7,58.9,1015.5,1019.4,1012.6,77,98,46,14.3,9.1,0.0
2012-01-07,66.1,51.6,58.2,63.9,48.6,55.7,1015.6,1018.4,1013.7,73,98,46,9.0,5.4,0.0
2012-01-08,62.0,49.6,55.3,61.0,46.8,53.0,1016.4,1018.3,1014.9,83,97,73,9.4,5.9,2.3
2012-01-09,56.2,44.2,49.9,55.0,37.3,45.1,1016.8,1018.8,1015.0,98,100,93,15.0,11.2,19.6
2012-01-10,57.1,41.1,48.2,48.7,33.2,40.4,1015.3,1018.9,1012.3,66,92,46,17.2,11.2,0.0
2012-01-11,71.6,39.1,54.0,65.4,32.5,47.2,1009.1,1013.7,1004.4,55,81,35,17.9,9.6,0.0
2012-01-12,51.0,33.2,41.0,40.6,25.0,30.3,1023.2,1026.8,1014.9,42,61,24,17.5,12.7,0.0
2012-01-13,56.0,30.7,42.2,49.5,23.4,35.3,1025.9,1027.6,1024.1,50,70,28,7.4,4.9,0.0
2012-01-14,63.0,34.7,46.9,56.4,26.8,40.1,1027.3,1030.1,1025.2,50,69,31,8.0,6.5,0.0
2012-01-15,62.0,36.4,50.8,56.9,29.9,45.5,1024.8,1027.7,1021.8,72,88,54,12.3,8.6,0.0
2012-01-16,74.0,58.9,64.9,73.4,56.3,62.9,1017.5,1021.7,1013.8,86,96,63,19.7,13.1,0.1
2012-01-17,72.3,45.3,62.1,71.1,35.7,59.2,1019.3,1026.7,1014.3,71,98,42,15.7,10.0,0.6
2012-01-18,62.7,38.2,48.6,57.0,30.9,41.9,1023.5,1027.7,1018.2,51,70,36,12.0,7.0,0.0
2012-01-19,75.5,49.0,59.8,71.4,41.7,55.1,1013.5,1017.7,1009.9,65,90,42,13.6,10.2,0.0
2012-01-20,75.2,55.7,63.7,75.0,54.2,62.7,1010.1,1011.6,1007.8,86,99,63,13.8,9.8,0.0
2012-01-21,62.2,47.4,53.9,62.7,40.8,50.0,1014.5,1018.7,1010.7,77,95,60,12.0,7.4,0.0
2012-01-22,77.7,47.8,63.3,76.4,44.7,60.5,1009.4,1012.9,1006.4,73,98,33,17.2,10.2,0.1
2012-01-23,64.8,45.8,54.9,60.6,40.3,49.6,1017.3,1021.2,1014.0,55,81,35,11.1,6.7,0.0
2012-01-24,66.8,47.6,58.8,68.9,43.3,57.9,1013.2,1016.9,1009.3,88,100,72,10.3,6.8,16.2
2012-01-25,65.9,49.7,59.4,67.5,46.8,56.4,1010.7,1014.6,1006.5,86,99,67,16.7,11.6,84.2
2012-01-26,66.0,47.6,55.6,60.3,43.5,50.7,1015.7,1018.8,1014.0,63,83,37,11.4,7.6,0.0
2012-01-27,68.7,41.9,54.4,63.5,36.8,49.9,1016.7,1019.1,1013.2,70,91,44,15.3,7.2,0.0
2012-01-28,56.9,43.1,50.4,48.4,35.5,42.0,1027.9,1031.2,1019.9,50,90,37,15.3,11.3,0.0
2012-01-29,60.3,35.9,47.5,54.8,30.0,42.2,1029.9,1033.1,1026.6,60,84,40,6.3,4.6,0.0
2012-01-30,66.0,42.5,54.7,63.4,38.2,51.0,1023.6,1027.2,1020.2,79,93,64,13.5,8.3,0.4
2012-01-31,72.6,56.6,62.4,71.0,55.6,61.6,1018.7,1020.8,1016.4,85,99,58,11.1,7.5,2.4
2012-02-01,75.2,58.5,65.1,77.3,58.8,67.1,1018.2,1020.7,1016.4,88,100,61,6.2,4.3,0.9
2012-02-02,70.1,54.1,62.5,72.6,54.3,63.5,1016.9,1019.1,1013.6,93,99,79,10.0,6.0,2.9
2012-02-03,75.6,63.8,68.0,78.2,64.9,69.3,1013.9,1015.2,1011.6,89,99,65,13.9,9.0,3.9
2012-02-04,64.3,51.3,56.5,67.8,42.8,50.4,1021.0,1025.1,1015.3,64,100,50,13.9,11.5,16.3
2012-02-05,51.2,44.5,46.8,42.3,34.6,38.4,1027.2,1029.7,1025.3,59,65,54,14.3,11.4,0.2
2012-02-06,49.4,43.1,46.4,44.7,35.8,40.5,1025.8,1028.4,1022.5,62,66,57,8.5,5.5,0.0
2012-02-07,61.9,43.4,52.6,60.5,39.5,49.6,1023.4,1027.2,1021.2,67,87,53,7.5,3.0,0.0
2012-02-08,53.3,42.7,48.9,47.9,35.1,43.1,1029.1,1032.7,1027.1,72,79,64,11.1,8.1,0.0
2012-02-09,56.6,38.7,48.7,52.4,34.1,44.4,1024.5,1028.1,1020.0,75,95,59,6.8,4.9,0.0
2012-02-10,61.4,47.1,53.1,54.3,40.2,48.3,1021.4,1026.2,1019.0,70,95,41,14.1,7.6,4.1
2012-02-11,47.7,36.3,41.9,39.2,26.6,33.0,1031.3,1035.0,1026.9,55,79,39,13.7,11.0,0.0
2012-02-12,42.3,30.5,37.7,34.6,21.9,29.4,1031.3,1035.6,1024.4,52,59,44,10.1,7.5,1.1
2012-02-13,65.5,40.5,49.7,64.5,33.9,46.4,1015.5,1023.2,1010.0,83,96,59,8.6,4.8,7.7
2012-02-14,70.6,42.6,57.0,69.2,38.1,55.0,1012.7,1014.9,1010.7,83,97,58,10.5,6.9,1.3
2012-02-15,73.4,53.3,64.9,73.8,50.8,65.6,1013.2,1017.5,1011.5,84,100,48,10.6,5.8,5.0
2012-02-16,61.7,49.7,54.5,56.6,42.8,49.1,1020.4,1023.7,1017.4,64,88,49,9.8,8.3,0.9
2012-02-17,59.6,50.0,54.5,57.9,46.1,52.0,1017.2,1020.5,1013.5,91,98,80,9.1,7.6,17.5
2012-02-18,55.5,49.4,53.0,52.9,43.6,48.8,1012.3,1018.0,1009.8,93,100,81,16.0,10.8,46.1
2012-02-19,57.6,45.6,50.4,54.9,41.1,46.3,1018.9,1021.3,1016.8,80,92,64,10.5,6.3,0.0
2012-02-20,65.8,44.9,54.6,63.0,40.2,51.2,1017.3,1019.3,1015.1,85,97,66,12.3,8.4,0.0
2012-02-21,70.5,52.0,60.5,68.2,52.1,59.5,1018.5,1022.0,1015.1,84,99,58,12.2,6.3,0.0
2012-02-22,81.2,59.2,68.0,79.2,57.0,66.5,1009.9,1014.9,1005.0,76,99,37,12.1,10.9,0.0
2012-02-23,85.1,62.2,71.3,83.4,59.3,70.7,1002.7,1005.1,1000.6,70,91,37,13.7,10.2,0.0
2012-02-24,66.5,45.6,54.1,65.0,37.2,44.4,1020.9,1028.2,1006.9,40,92,30,19.8,14.0,0.0
2012-02-25,60.2,38.6,49.1,54.3,33.1,43.2,1027.4,1030.5,1024.3,53,81,29,9.1,5.5,0.0
2012-02-26,64.7,39.3,52.9,60.4,33.7,48.0,1020.5,1023.9,1016.9,67,80,57,11.9,8.3,0.0
2012-02-27,66.1,56.4,60.8,66.0,54.5,60.1,1021.4,1023.9,1020.0,87,96,77,9.1,7.0,0.3
2012-02-28,75.6,59.5,67.0,74.2,58.4,66.3,1016.2,1020.9,1012.1,86,98,65,19.9,12.3,0.7
2012-02-29,72.8,59.9,67.8,74.4,59.0,69.3,1014.9,1017.1,1013.5,79,98,52,11.1,5.1,1.5
2012-03-01,75.9,56.1,66.1,78.0,54.6,67.5,1010.2,1014.1,1005.7,86,99,72,12.2,6.9,0.5
2012-03-02,76.7,57.5,68.2,76.5,51.4,67.6,1006.5,1009.4,1004.3,73,98,37,11.9,8.6,0.2
2012-03-03,62.9,47.4,56.2,55.1,41.8,48.3,1017.2,1022.7,1009.2,42,58,25,15.6,11.1,0.0
2012-03-04,70.8,39.7,55.3,65.0,33.9,49.4,1022.5,1024.3,1020.4,50,75,25,11.6,7.1,0.0
2012-03-05,73.4,45.2,59.7,69.0,40.0,54.1,1025.0,1027.7,1022.8,52,78,31,13.0,9.2,0.0
2012-03-06,72.8,54.1,62.7,65.0,49.1,56.7,1019.9,1024.6,1016.2,69,91,45,20.6,15.5,0.0
2012-03-07,73.6,63.7,68.4,71.7,57.9,65.1,1014.1,1016.7,1011.8,76,91,61,22.2,16.3,0.7
2012-03-08,77.2,50.0,67.4,81.8,40.0,66.0,1015.4,1024.3,1012.0,84,98,67,18.7,14.5,8.8
2012-03-09,49.2,45.2,46.4,43.0,36.3,39.4,1026.8,1029.1,1024.3,90,95,73,18.0,12.6,23.2
2012-03-10,54.8,47.0,49.7,54.9,41.9,46.6,1022.4,1026.4,1018.3,94,99,88,9.7,6.0,16.4
2012-03-11,70.5,52.8,59.1,72.4,51.9,58.8,1016.2,1018.1,1013.7,85,100,56,6.9,4.6,7.8
2012-03-12,76.8,48.5,63.0,78.7,45.7,62.9,1017.2,1018.9,1015.5,81,96,58,10.1,6.9,0.0
2012-03-13,77.0,62.0,68.4,78.9,62.6,69.8,1018.2,1020.3,1016.2,88,100,68,11.3,8.8,0.7
2012-03-14,77.3,65.0,70.1,78.5,65.5,71.3,1018.2,1020.0,1016.5,87,99,69,14.2,10.8,3.0
2012-03-15,77.1,66.8,70.5,78.7,68.5,72.7,1019.1,1021.2,1017.3,88,99,70,13.8,9.7,2.0
2012-03-16,77.5,66.0,70.6,78.2,67.8,72.0,1017.7,1019.9,1015.4,85,99,67,14.6,10.5,1.5
2012-03-17,76.8,66.6,70.4,76.8,67.0,70.7,1015.9,1017.9,1013.9,81,94,60,14.5,11.0,0.6
2012-03-18,77.3,66.0,70.8,74.8,66.2,70.5,1013.6,1015.9,1011.2,84,97,63,17.6,14.0,0.3
2012-03-19,77.6,68.7,72.1,74.4,68.2,71.4,1007.2,1010.6,1002.8,81,93,59,22.4,15.4,2.6
2012-03-20,69.8,53.7,61.6,71.4,48.2,59.2,1007.7,1010.7,1003.1,72,97,42,18.0,8.2,66.3
2012-03-21,68.0,51.1,59.8,62.6,46.0,55.0,1010.9,1012.3,1009.7,56,77,36,13.5,8.6,0.1
2012-03-22,78.5,55.0,64.6,74.8,47.2,60.3,1012.0,1015.2,1009.8,57,81,36,14.7,10.8,0.0
2012-03-23,75.6,48.5,62.3,77.8,45.2,61.5,1015.6,1018.2,1012.9,67,85,50,9.6,4.7,0.0
2012-03-24,78.8,56.4,66.7,84.2,56.3,69.0,1015.6,1017.9,1014.0,80,98,54,5.7,3.7,0.0
2012-03-25,79.8,57.1,68.3,85.5,57.2,70.9,1016.4,1018.7,1014.8,79,97,54,6.2,4.2,0.0
2012-03-26,79.7,57.3,69.1,81.4,57.1,69.8,1016.2,1018.2,1013.8,72,96,49,9.8,6.6,0.0
2012-03-27,79.8,57.4,68.8,79.8,56.9,68.8,1016.3,1018.2,1014.3,71,95,49,9.9,7.3,0.0
2012-03-28,74.4,63.9,67.8,77.3,65.6,70.1,1015.5,1017.2,1013.1,89,98,70,9.7,6.9,17.2
2012-03-29,77.4,63.9,69.0,81.9,67.4,72.3,1011.5,1014.0,1008.0,88,98,65,8.5,5.2,7.1
2012-03-30,80.9,66.3,72.7,84.0,68.9,76.0,1009.8,1011.7,1007.4,81,98,59,11.9,7.0,0.0
2012-03-31,83.9,65.3,73.9,90.2,67.2,77.4,1009.6,1011.5,1007.7,81,97,61,12.9,8.6,0.0
2012-04-01,84.8,65.9,73.6,89.7,68.3,76.2,1007.6,1009.9,1004.7,81,98,58,12.3,10.3,0.5
2012-04-02,83.2,66.4,72.6,84.0,68.5,74.6,1003.7,1006.1,1000.7,80,96,54,14.0,9.4,0.8
2012-04-03,79.6,64.8,72.3,85.0,68.4,76.7,1006.9,1010.4,1003.9,88,99,69,12.2,7.0,7.6
2012-04-04,80.9,62.3,70.3,86.2,62.7,72.8,1009.8,1012.5,1006.8,72,100,43,6.4,4.0,0.0
2012-04-05,83.9,61.4,71.4,89.7,62.6,74.1,1009.6,1012.2,1007.9,75,99,43,7.9,5.3,0.0
2012-04-06,79.9,59.9,69.9,83.6,58.2,70.8,1014.3,1016.3,1012.7,69,85,54,7.7,6.5,0.0
2012-04-07,80.9,65.0,72.1,85.1,67.7,74.9,1018.4,1021.9,1016.5,77,99,56,9.1,6.7,0.0
2012-04-08,78.5,62.4,70.9,83.2,64.6,73.1,1022.2,1023.9,1020.3,73,96,52,6.7,4.9,0.0
2012-04-09,78.6,61.0,70.4,82.7,62.3,72.2,1020.2,1022.1,1017.5,73,94,54,7.4,5.3,0.0
2012-04-10,80.4,60.2,70.8,82.5,61.2,72.3,1018.4,1020.3,1016.1,69,93,46,7.3,5.4,0.0
2012-04-11,81.4,59.2,70.9,81.9,59.8,71.9,1017.5,1019.7,1014.4,72,96,46,10.1,7.0,0.0
2012-04-12,80.7,66.6,72.8,80.7,68.1,73.4,1015.0,1017.0,1012.3,75,97,55,13.2,10.7,3.1
2012-04-13,79.1,67.5,73.2,80.9,68.1,73.8,1013.0,1015.3,1010.3,76,89,62,15.0,11.4,0.3
2012-04-14,80.0,71.0,74.9,78.5,71.3,74.4,1009.5,1012.1,1006.9,79,94,62,23.1,17.3,1.5
2012-04-15,78.3,58.4,71.6,80.0,57.2,70.7,1008.9,1013.0,1005.7,69,90,35,19.3,11.4,1.4
2012-04-16,75.1,56.3,66.0,74.6,55.4,65.5,1017.3,1020.8,1013.7,75,100,51,11.7,7.3,0.0
2012-04-17,79.6,56.8,67.8,80.9,55.9,67.1,1021.1,1023.1,1019.3,65,91,35,8.5,6.6,0.0
2012-04-18,79.7,56.0,67.9,81.9,55.1,67.9,1019.1,1022.0,1014.9,66,91,39,7.9,5.6,0.0
2012-04-19,82.7,58.3,70.4,81.9,56.4,68.7,1012.3,1016.2,1007.5,60,83,39,12.8,9.6,0.0
2012-04-20,78.3,62.7,68.6,78.3,59.4,67.1,1011.1,1016.0,1007.4,69,92,50,15.7,9.8,0.3
2012-04-21,76.6,54.3,65.2,72.7,49.3,60.7,1016.4,1018.4,1014.3,48,67,28,12.0,8.9,0.0
2012-04-22,86.2,58.0,71.7,88.2,56.3,71.4,1017.5,1019.8,1015.2,49,71,29,7.8,3.1,0.0
2012-04-23,77.7,58.5,67.9,76.4,53.4,64.5,1020.7,1024.3,1017.3,43,66,29,9.0,6.6,0.0
2012-04-24,86.3,55.4,71.4,84.5,53.1,68.9,1015.5,1018.1,1011.9,51,79,31,13.6,8.7,0.0
2012-04-25,91.6,63.4,76.1,91.3,61.8,75.3,1011.3,1013.6,1008.5,65,93,37,15.4,13.5,0.0
2012-04-26,94.2,67.7,79.3,92.8,67.0,78.3,1009.8,1011.1,1008.1,59,82,29,15.4,13.7,0.0
2012-04-27,89.7,68.9,77.5,87.9,67.4,76.2,1009.1,1010.8,1007.0,59,81,34,15.8,13.7,0.0
2012-04-28,88.1,69.7,77.3,87.4,70.5,76.5,1009.9,1011.7,1008.3,65,86,40,17.7,14.2,0.0
2012-04-29,87.0,70.3,78.3,85.3,72.4,78.3,1012.4,1014.2,1010.5,63,89,37,17.5,12.5,0.1
2012-04-30,86.2,71.7,77.7,86.9,75.4,79.7,1014.0,1016.6,1011.1,72,93,49,13.6,11.1,0.9
2012-05-01,84.6,70.6,76.6,85.8,72.8,78.4,1012.5,1014.8,1009.2,72,92,49,12.6,10.0,1.9
2012-05-02,86.7,68.2,77.2,89.6,70.2,79.4,1011.2,1012.7,1009.2,68,95,45,10.7,7.7,0.0
2012-05-03,91.4,70.4,80.3,96.1,74.6,83.9,1012.4,1015.0,1010.0,67,95,42,11.6,8.2,0.0
2012-05-04,90.5,71.2,80.4,95.3,73.9,83.4,1013.1,1015.7,1009.9,66,90,45,13.4,9.0,0.1
2012-05-05,94.8,70.5,81.4,100.2,74.3,85.2,1011.0,1014.5,1007.5,69,95,40,14.5,10.1,0.0
2012-05-06,93.6,72.9,81.0,97.8,76.0,84.9,1010.4,1012.6,1008.2,66,92,30,12.3,7.7,0.8
2012-05-07,90.1,70.7,78.8,96.4,75.5,83.5,1010.7,1013.0,1007.4,71,93,44,11.1,6.0,1.0
2012-05-08,74.6,66.5,69.4,78.7,68.0,72.7,1014.6,1016.8,1011.6,91,99,79,11.8,6.9,37.3
2012-05-09,78.1,62.9,70.9,80.3,64.1,72.3,1015.0,1017.3,1012.3,74,94,55,10.4,6.3,0.1
2012-05-10,73.3,65.6,69.6,75.1,66.3,71.3,1011.2,1013.9,1008.3,83,96,69,14.3,8.0,25.1
2012-05-11,78.7,66.2,71.1,86.4,68.9,75.5,1010.7,1014.5,1007.9,85,100,59,11.2,4.7,30.3
2012-05-12,77.5,64.9,71.1,80.4,67.8,73.1,1017.8,1021.0,1014.8,75,95,51,9.5,6.6,0.2
2012-05-13,78.3,61.1,70.0,79.1,61.9,70.9,1020.1,1022.4,1017.4,71,93,49,9.6,5.9,0.0
2012-05-14,80.8,60.2,71.5,84.7,61.5,73.5,1017.3,1019.2,1014.5,66,93,44,5.8,3.6,0.0
2012-05-15,70.4,64.1,66.6,72.3,66.0,69.0,1017.8,1019.7,1015.9,86,94,71,6.3,4.5,20.4
2012-05-16,80.9,56.3,69.7,84.2,56.9,71.6,1017.1,1019.0,1014.7,72,99,44,5.7,4.0,0.0
2012-05-17,84.2,59.2,72.8,90.0,59.4,75.1,1015.0,1017.2,1012.3,65,90,43,8.5,4.4,0.0
2012-05-18,85.0,62.1,74.6,88.3,62.9,75.8,1012.7,1014.5,1010.0,65,87,45,13.0,8.3,0.0
2012-05-19,86.8,67.6,76.6,88.3,69.8,77.9,1012.9,1015.2,1011.6,70,95,43,13.2,10.9,0.0
2012-05-20,84.3,65.4,75.1,87.1,69.2,77.9,1017.4,1019.4,1015.2,69,95,44,8.8,5.2,0.0
2012-05-21,86.4,64.4,76.7,91.2,66.7,79.8,1018.8,1021.0,1016.4,62,88,40,5.7,3.3,0.0
2012-05-22,89.9,66.7,79.4,94.7,69.1,82.4,1013.9,1017.0,1009.8,58,87,37,7.3,4.9,0.0
2012-05-23,94.1,68.3,80.2,95.6,69.0,80.9,1006.3,1010.0,1002.2,59,89,38,15.3,12.0,0.0
2012-05-24,94.5,72.5,81.8,97.9,74.3,83.7,1004.4,1007.6,1002.8,65,87,40,15.9,12.9,0.0
2012-05-25,95.3,73.3,82.9,97.7,76.8,85.0,1010.2,1014.5,1007.4,64,90,38,15.8,13.1,0.0
2012-05-26,92.4,75.9,82.4,94.1,77.6,84.6,1014.4,1016.2,1011.7,63,86,37,13.7,11.5,0.0
2012-05-27,90.9,72.5,81.2,90.6,76.1,82.6,1012.9,1015.0,1009.9,59,90,33,12.5,9.7,0.0
2012-05-28,88.1,71.7,80.5,93.6,75.7,83.7,1011.5,1013.0,1008.3,65,91,47,11.7,8.3,0.0
2012-05-29,94.5,73.2,83.9,101.3,77.5,88.3,1011.1,1012.8,1008.8,62,93,41,12.7,8.1,0.0
2012-05-30,93.7,74.4,83.5,97.7,79.2,87.2,1009.5,1012.4,1005.7,63,91,39,12.8,8.8,0.0
2012-05-31,93.0,75.1,82.5,96.2,79.1,85.7,1009.1,1012.6,1006.0,62,88,31,12.3,7.8,2.0
2012-06-01,90.8,70.5,80.9,94.9,70.9,83.0,1013.2,1016.8,1009.9,52,76,36,9.3,5.6,0.0
2012-06-02,94.1,73.0,83.5,96.0,77.1,85.9,1012.2,1014.2,1009.4,56,84,33,13.9,8.9,0.0
2012-06-03,94.4,73.6,83.5,94.8,77.8,85.5,1011.8,1013.6,1009.5,60,89,34,14.6,10.9,0.0
2012-06-04,92.1,75.3,83.4,97.2,79.3,87.4,1010.4,1012.8,1006.8,61,86,42,10.6,7.1,0.0
2012-06-05,92.5,74.3,84.1,99.3,82.9,90.4,1008.5,1010.7,1005.5,62,95,40,7.8,3.6,0.2
2012-06-06,95.9,74.6,85.2,101.4,80.3,89.5,1008.1,1010.3,1005.6,54,84,33,9.6,5.4,0.8
2012-06-07,89.1,74.4,81.1,95.6,78.4,85.1,1012.3,1014.1,1010.2,63,90,43,10.8,6.3,0.4
2012-06-08,87.2,70.0,78.6,90.0,74.4,81.8,1012.4,1014.6,1009.7,65,90,43,8.4,5.9,2.5
2012-06-09,91.1,72.3,82.1,96.5,77.7,87.0,1008.6,1011.0,1005.3,61,83,43,9.1,4.8,0.0
2012-06-10,97.1,72.7,85.0,101.6,77.4,88.7,1007.8,1009.3,1006.6,62,89,39,12.9,10.5,0.0
2012-06-11,99.1,77.5,87.1,103.0,82.8,91.7,1011.4,1014.6,1009.1,62,91,34,13.0,11.1,0.0
2012-06-12,93.5,78.1,84.2,99.9,83.9,90.1,1015.4,1017.0,1013.8,69,88,43,13.2,8.0,0.8
2012-06-13,94.8,72.9,83.6,99.0,79.4,88.7,1013.2,1016.7,1009.6,65,94,40,12.6,7.1,0.4
2012-06-14,94.6,76.0,84.7,98.5,80.3,88.1,1011.8,1013.5,1009.3,60,87,39,12.8,10.6,0.1
2012-06-15,94.2,76.1,84.9,97.2,81.2,88.0,1012.9,1015.2,1010.6,60,88,39,14.0,10.4,0.0
2012-06-16,95.6,77.0,84.9,99.9,82.5,89.2,1015.1,1017.1,1012.4,59,85,33,13.1,7.4,0.0
2012-06-17,92.4,75.6,84.2,98.3,81.5,88.7,1014.0,1017.1,1010.0,58,84,38,9.4,5.3,0.0
2012-06-18,93.6,75.6,84.2,96.7,80.4,87.4,1009.1,1011.1,1006.9,57,78,38,13.0,8.1,0.0
2012-06-19,91.8,75.8,82.5,93.4,80.2,84.9,1010.7,1012.6,1009.6,65,86,42,15.5,12.6,1.2
2012-06-20,91.8,74.6,81.6,96.5,80.0,85.7,1012.7,1014.5,1011.5,69,92,45,14.1,10.1,2.7
2012-06-21,94.2,73.7,84.0,97.2,80.5,87.9,1014.3,1016.3,1012.4,56,89,30,9.1,5.4,0.0
2012-06-22,94.7,72.9,85.5,97.0,77.4,87.9,1012.7,1014.7,1009.9,48,81,30,9.9,5.7,0.0
2012-06-23,95.8,76.0,86.7,98.4,79.3,89.3,1011.3,1012.6,1010.1,44,65,29,6.6,4.7,0.0
2012-06-24,98.8,75.8,88.5,103.6,81.9,92.4,1012.5,1014.5,1010.5,47,79,28,6.8,3.9,0.0
2012-06-25,102.6,77.2,92.0,106.2,81.5,94.8,1010.6,1012.9,1008.1,39,70,23,6.3,4.9,0.0
2012-06-26,104.3,79.3,92.3,110.1,82.9,96.4,1007.9,1009.5,1005.4,42,63,25,8.9,4.3,0.9
2012-06-27,102.1,81.1,92.1,105.0,86.1,95.0,1010.5,1013.2,1007.9,40,64,24,10.8,5.2,0.0
2012-06-28,98.0,77.7,88.5,101.1,83.3,91.0,1014.9,1016.8,1012.9,46,74,30,11.5,7.5,0.0
2012-06-29,93.1,77.5,85.3,100.0,84.2,90.3,1013.8,1015.9,1011.0,60,84,42,11.6,7.0,2.5
2012-06-30,92.1,76.1,81.4,98.2,81.4,87.2,1011.7,1012.6,1010.0,71,86,46,12.6,7.0,3.3
2012-07-01,87.4,75.5,80.5,90.1,80.8,84.8,1014.3,1016.1,1012.3,71,86,51,11.7,8.4,0.6
2012-07-02,94.4,75.6,84.3,95.9,80.6,87.4,1016.0,1018.2,1013.8,61,94,32,13.1,9.8,0.4
2012-07-03,95.2,74.4,84.3,97.6,79.3,87.8,1015.3,1017.7,1011.6,61,91,35,11.9,9.0,0.1
2012-07-04,95.5,75.9,85.0,98.6,82.2,88.7,1014.7,1016.5,1012.3,60,90,37,11.4,9.3,0.1
2012-07-05,96.4,76.7,85.7,99.9,82.9,89.7,1015.2,1016.8,1013.1,59,88,32,10.0,8.3,0.1
2012-07-06,97.5,75.3,86.2,101.6,82.6,90.9,1015.5,1017.6,1012.5,56,91,29,9.4,5.9,0.0
2012-07-07,98.8,78.2,88.5,104.0,84.7,93.2,1015.4,1016.9,1012.1,51,80,30,8.9,5.5,0.0
2012-07-08,93.8,79.5,85.6,99.6,84.3,90.3,1015.1,1016.8,1013.2,58,77,38,9.5,6.0,0.3
2012-07-09,94.6,77.2,84.9,102.5,84.3,91.5,1013.8,1015.6,1010.7,64,87,42,7.6,4.5,2.2
2012-07-10,85.8,73.8,78.7,94.7,82.5,87.7,1012.6,1014.3,1009.9,85,96,64,3.7,2.5,27.7
2012-07-11,82.5,73.7,77.0,91.1,81.7,85.8,1012.9,1014.2,1011.6,90,98,77,6.7,3.3,14.6
2012-07-12,88.3,72.8,80.2,96.4,79.7,87.7,1013.0,1014.1,1011.1,77,96,55,5.6,4.2,2.1
2012-07-13,88.3,74.4,80.8,100.4,80.4,89.3,1014.1,1015.4,1012.7,78,94,58,7.5,3.9,5.5
2012-07-14,89.2,74.6,81.5,100.6,83.8,90.1,1014.6,1016.3,1012.0,78,98,52,6.8,3.9,0.6
2012-07-15,89.4,75.1,81.0,99.2,82.6,89.3,1014.9,1017.1,1012.6,79,96,56,8.9,4.9,3.0
2012-07-16,90.3,73.4,80.4,97.3,80.6,86.8,1014.7,1016.4,1012.3,76,98,48,8.7,7.0,0.9
2012-07-17,86.3,74.2,79.8,93.6,82.3,86.5,1014.2,1015.5,1012.1,79,96,61,8.4,6.2,1.1
2012-07-18,90.8,75.5,81.2,100.7,82.8,88.9,1015.5,1017.0,1013.7,78,95,56,9.4,6.0,0.4
2012-07-19,92.2,73.6,82.6,99.0,81.4,89.4,1017.8,1019.5,1015.7,72,97,46,7.9,6.2,0.0
2012-07-20,96.4,75.7,86.0,104.4,82.3,92.1,1016.9,1019.0,1013.4,62,92,37,9.6,6.7,0.0
2012-07-21,99.0,77.5,88.1,106.4,83.2,92.8,1014.4,1016.5,1011.4,54,80,31,10.4,7.3,0.0
2012-07-22,95.3,77.1,85.6,102.7,82.4,90.3,1015.1,1016.9,1013.8,59,79,41,10.7,7.8,0.3
2012-07-23,93.2,76.5,82.5,100.3,82.5,88.6,1017.4,1018.8,1016.0,71,88,43,11.4,8.0,10.4
2012-07-24,93.4,76.4,83.9,99.7,82.9,89.7,1016.4,1018.8,1013.1,67,90,43,11.0,7.7,0.0
2012-07-25,93.9,76.5,84.8,98.7,83.7,89.6,1013.4,1015.5,1009.9,66,90,42,13.3,10.4,0.1
2012-07-26,94.7,78.0,85.5,99.0,83.6,89.9,1012.3,1013.9,1009.8,64,85,41,12.7,11.0,0.0
2012-07-27,96.1,76.4,85.7,101.7,82.6,90.7,1015.4,1017.6,1014.1,62,90,37,10.4,7.8,0.0
2012-07-28,99.2,73.2,86.7,103.5,79.8,90.8,1017.8,1020.0,1015.0,53,95,23,8.3,5.5,0.0
2012-07-29,99.7,76.7,88.7,104.5,84.2,93.0,1016.3,1018.4,1013.5,50,84,27,9.3,6.1,0.0
2012-07-30,98.8,77.3,88.8,105.5,83.9,93.7,1014.7,1016.8,1011.9,52,79,34,11.8,6.3,0.0
2012-07-31,100.8,78.1,89.6,108.0,83.2,93.9,1014.2,1016.3,1011.8,51,77,31,11.3,7.5,0.0
2012-08-01,101.7,78.0,89.8,107.3,82.0,93.0,1013.2,1015.3,1010.4,48,74,27,11.7,8.2,0.0
2012-08-02,100.6,76.8,88.9,103.9,80.4,91.6,1011.1,1013.0,1008.5,49,75,28,12.2,9.4,0.0
2012-08-03,101.0,77.4,88.7,103.0,81.7,91.6,1010.9,1012.6,1008.5,52,79,28,13.7,10.4,0.0
2012-08-04,99.0,77.3,87.7,102.7,83.1,91.4,1013.5,1015.9,1011.8,56,86,31,12.4,9.7,0.0
2012-08-05,97.5,77.8,86.8,104.2,85.9,93.2,1017.5,1019.2,1016.3,58,83,34,9.0,4.7,0.2
2012-08-06,95.7,77.5,87.2,104.1,84.4,93.5,1016.6,1018.9,1013.3,58,83,38,6.9,4.7,0.0
2012-08-07,99.4,79.3,89.7,105.2,85.4,94.5,1013.5,1015.2,1011.1,49,71,32,7.9,5.2,0.1
2012-08-08,98.5,79.4,89.4,103.9,85.8,93.9,1013.6,1015.8,1011.3,49,74,31,9.9,5.6,0.0
2012-08-09,99.8,79.4,89.4,106.3,86.0,94.5,1013.1,1015.5,1010.0,51,72,32,10.6,5.5,0.0
2012-08-10,103.9,80.7,92.5,109.4,86.2,96.6,1011.3,1013.6,1009.1,43,68,24,9.6,4.9,0.0
2012-08-11,101.6,79.1,90.9,108.0,83.7,94.6,1011.8,1013.7,1009.9,41,67,24,8.2,3.5,0.0
2012-08-12,100.5,80.0,90.4,105.9,85.3,93.9,1012.8,1014.9,1010.1,48,72,29,12.2,8.2,0.2
2012-08-13,98.4,79.4,88.8,104.4,85.7,93.4,1014.0,1016.9,1011.0,53,79,34,12.8,7.2,0.0
2012-08-14,100.3,80.4,90.4,104.5,85.6,93.8,1012.5,1015.5,1009.0,48,74,30,12.3,8.4,0.0
2012-08-15,100.9,79.2,88.9,102.0,83.1,90.5,1011.6,1013.4,1008.9,49,79,22,13.7,11.1,0.0
2012-08-16,99.0,77.2,87.5,102.5,83.2,91.5,1013.8,1015.9,1011.4,57,84,32,12.1,9.6,0.1
2012-08-17,98.4,78.5,88.0,105.2,86.0,93.6,1013.5,1016.0,1010.1,58,85,36,10.6,7.4,0.3
2012-08-18,91.9,75.9,82.6,100.3,82.1,88.8,1011.9,1013.9,1008.7,72,96,47,11.7,7.6,12.2
2012-08-19,83.6,72.4,76.9,89.8,78.6,84.0,1012.9,1015.1,1011.1,86,98,67,8.1,4.9,22.8
2012-08-20,90.8,71.2,81.2,96.7,76.7,86.0,1013.1,1014.6,1010.6,65,93,40,7.8,5.3,0.0
2012-08-21,90.2,71.6,80.6,94.6,73.1,82.9,1014.9,1016.6,1013.3,56,76,41,11.0,7.1,0.0
2012-08-22,87.9,71.2,79.3,93.1,73.7,82.9,1016.2,1017.9,1014.0,62,77,46,6.8,5.1,0.0
2012-08-23,90.1,70.6,80.7,97.4,76.8,86.0,1014.8,1016.9,1011.8,66,92,44,9.4,4.7,0.0
2012-08-24,92.1,74.1,82.8,95.9,82.0,87.8,1011.7,1013.9,1008.3,65,92,39,11.5,6.5,0.0
2012-08-25,93.1,76.9,82.8,97.7,82.1,87.5,1011.2,1012.8,1009.1,70,88,47,13.0,10.5,10.7
2012-08-26,91.3,77.3,83.6,99.2,83.6,89.8,1014.6,1016.7,1012.7,69,90,50,10.1,7.4,0.2
2012-08-27,91.9,74.6,83.9,98.2,82.0,90.2,1015.2,1017.5,1012.4,63,92,44,6.5,4.2,0.0
2012-08-28,92.6,76.3,84.9,97.7,82.5,90.0,1011.8,1014.1,1009.0,61,82,44,8.5,5.8,0.0
2012-08-29,94.6,79.1,86.8,96.2,82.0,88.5,1008.6,1010.8,1005.8,48,67,34,13.5,9.2,0.0
2012-08-30,97.2,78.2,87.9,100.0,78.9,89.7,1007.2,1009.0,1004.9,43,55,31,10.3,7.2,0.0
2012-08-31,97.6,79.6,88.7,102.3,83.3,92.6,1012.0,1015.3,1008.9,49,65,33,11.1,5.8,0.0
2012-09-01,95.7,78.7,86.0,102.3,86.3,91.8,1016.0,1017.7,1014.3,65,88,43,12.7,8.9,0.3
2012-09-02,98.0,78.4,87.5,101.1,84.7,91.5,1015.1,1017.5,1012.1,56,84,31,12.1,9.0,0.0
2012-09-03,99.2,77.1,87.6,101.5,82.8,90.9,1013.7,1016.2,1010.5,54,84,27,12.3,8.6,0.0
2012-09-04,99.9,78.8,88.0,103.1,84.3,91.8,1012.3,1014.5,1008.8,56,84,27,12.4,9.2,0.0
2012-09-05,99.3,75.9,87.3,103.8,81.6,91.0,1011.0,1012.8,1007.9,54,85,26,10.3,7.2,0.0
2012-09-06,98.7,77.0,88.1,104.9,83.7,93.1,1011.8,1014.3,1009.4,53,82,30,8.8,5.1,0.0
2012-09-07,99.9,77.8,89.3,105.9,84.4,93.9,1010.6,1013.0,1007.8,50,80,28,8.5,5.2,0.0
2012-09-08,88.5,77.5,82.8,88.4,73.1,81.8,1014.8,1017.4,1009.8,46,66,28,16.5,10.8,0.0
2012-09-09,90.0,68.7,79.2,87.7,65.9,75.8,1018.1,1020.5,1015.8,30,48,16,7.1,6.0,0.0
2012-09-10,91.7,66.1,79.2,90.9,63.3,76.6,1017.2,1019.6,1014.7,32,54,18,8.3,4.9,0.0
2012-09-11,91.2,67.0,79.2,91.5,68.7,80.2,1016.5,1018.6,1013.8,51,77,29,12.5,5.8,0.0
2012-09-12,91.7,75.5,81.7,96.5,80.3,86.6,1015.3,1017.2,1012.8,66,82,40,12.2,6.4,0.2
2012-09-13,84.7,75.1,79.2,91.4,81.8,85.3,1017.8,1020.7,1014.6,79,89,64,12.0,7.0,11.3
2012-09-14,74.9,66.0,69.7,81.6,68.3,71.7,1021.7,1023.0,1020.6,83,95,68,9.4,7.7,6.9
2012-09-15,78.3,64.7,71.6,82.7,66.4,74.5,1020.8,1022.8,1018.5,76,89,63,8.1,4.8,0.9
2012-09-16,72.1,65.1,67.7,77.5,68.5,71.7,1017.2,1019.4,1014.7,93,98,80,5.8,4.2,31.0
2012-09-17,80.5,63.2,71.3,83.2,67.3,74.9,1011.6,1015.0,1008.6,78,99,49,5.1,3.1,0.0
2012-09-18,82.4,64.3,73.8,85.9,67.8,76.9,1015.3,1017.9,1011.8,72,94,52,8.4,4.7,0.0
2012-09-19,83.0,63.5,73.3,87.2,64.4,75.5,1018.3,1020.5,1016.3,64,87,38,5.2,3.9,0.0
2012-09-20,86.9,63.1,74.5,92.5,64.5,77.2,1016.7,1018.8,1014.3,68,95,41,7.6,5.2,0.0
2012-09-21,87.5,63.6,75.6,91.0,64.9,77.4,1015.0,1016.3,1012.9,60,89,33,6.5,4.6,0.0
2012-09-22,88.4,63.7,76.6,92.2,64.6,78.5,1017.5,1019.2,1015.3,57,84,35,5.9,4.2,0.0
2012-09-23,90.7,67.0,79.2,96.5,70.2,83.0,1019.8,1021.8,1018.4,61,90,38,5.3,3.9,0.0
2012-09-24,90.5,70.8,80.2,93.1,76.7,83.0,1018.3,1020.6,1015.0,63,97,37,12.6,7.8,0.0
2012-09-25,91.8,72.4,80.8,91.2,76.2,82.0,1014.8,1017.1,1011.7,63,92,30,14.4,11.4,0.0
2012-09-26,91.1,74.6,81.5,94.0,77.9,83.8,1014.7,1016.6,1012.6,61,84,35,11.5,8.7,0.0
2012-09-27,87.8,71.9,79.8,92.3,78.4,84.0,1016.6,1018.1,1014.3,67,95,44,7.9,5.4,0.2
2012-09-28,86.1,72.0,77.6,93.1,78.8,84.1,1015.1,1017.1,1013.0,80,96,56,5.4,4.4,9.8
2012-09-29,78.2,69.8,73.3,85.0,69.6,78.9,1009.7,1013.9,1005.4,94,100,83,17.0,7.1,55.6
2012-09-30,75.0,66.2,70.3,73.6,64.9,69.0,1009.5,1011.8,1007.7,74,94,63,17.5,12.6,0.3
2012-10-01,79.5,60.9,69.8,79.5,61.1,70.4,1010.9,1012.2,1009.3,69,89,46,8.7,5.7,0.0
2012-10-02,76.2,62.9,69.1,75.9,59.7,68.1,1013.7,1015.8,1011.9,63,80,48,10.9,7.2,0.1
2012-10-03,81.6,57.3,69.7,82.2,56.3,69.3,1015.1,1016.5,1013.4,64,88,42,9.6,6.7,0.0
2012-10-04,88.9,67.0,76.8,92.8,68.1,79.4,1017.4,1019.0,1016.2,74,92,52,14.2,10.0,0.0
2012-10-05,86.5,72.6,77.8,89.8,76.5,82.0,1016.8,1019.0,1013.8,75,95,50,11.2,7.8,0.0
2012-10-06,73.1,57.4,66.3,75.6,51.5,66.0,1017.8,1021.0,1015.3,80,95,68,13.8,8.8,0.2
2012-10-07,56.6,51.0,54.0,51.3,44.1,47.7,1022.9,1025.2,1021.0,68,79,60,13.8,11.1,0.1
2012-10-08,65.7,51.3,57.4,64.8,46.2,54.4,1021.6,1024.6,1018.3,66,81,56,7.7,5.3,0.0
2012-10-09,82.1,56.6,69.5,82.5,54.7,69.0,1015.7,1018.2,1012.3,69,89,53,15.6,8.3,0.0
2012-10-10,83.6,65.7,74.5,88.8,70.3,79.5,1017.4,1019.7,1014.8,81,98,58,7.9,4.6,0.0
2012-10-11,84.0,70.9,76.0,89.0,75.6,80.9,1018.6,1020.4,1017.2,85,98,67,11.1,8.4,0.2
2012-10-12,84.6,70.4,77.1,87.4,75.1,81.0,1019.3,1021.5,1017.4,76,98,53,10.5,7.5,0.0
2012-10-13,82.9,72.2,75.5,84.8,75.8,79.0,1015.4,1018.7,1011.1,87,98,64,14.7,12.1,25.9
2012-10-14,83.4,65.9,74.4,89.0,65.4,77.9,1016.2,1018.5,1013.1,77,96,47,14.8,6.3,20.2
2012-10-15,77.8,60.8,69.3,77.7,60.9,69.5,1017.5,1019.9,1015.2,65,85,44,5.5,4.2,0.0
2012-10-16,69.3,61.5,64.3,69.2,60.9,64.2,1011.9,1015.1,1008.9,79,96,63,9.8,5.9,2.9
2012-10-17,87.7,61.5,73.8,92.0,60.9,76.1,1005.6,1008.3,1002.2,77,96,50,14.3,9.0,0.0
2012-10-18,75.4,59.5,67.7,71.0,55.2,63.5,1012.4,1015.7,1007.2,50,63,33,12.6,9.4,0.0
2012-10-19,78.1,49.8,64.4,76.3,47.7,61.6,1015.1,1017.4,1012.7,51,86,24,5.8,3.8,0.0
2012-10-20,85.2,57.2,70.8,87.9,53.2,71.0,1011.1,1013.3,1008.0,71,93,55,13.6,9.2,0.0
2012-10-21,87.8,72.4,78.3,89.3,75.5,80.8,1011.7,1013.5,1010.0,76,94,50,14.6,12.7,0.0
2012-10-22,82.5,72.7,76.5,87.5,74.6,80.3,1013.6,1014.9,1012.5,82,94,67,12.6,10.2,3.5
2012-10-23,82.5,68.9,75.0,85.9,71.9,77.7,1013.7,1015.1,1012.1,76,93,60,11.0,8.6,0.2
2012-10-24,83.7,67.3,74.5,85.2,70.3,76.1,1013.1,1015.6,1010.6,73,95,51,12.5,9.2,0.0
2012-10-25,84.1,68.3,74.9,87.6,66.5,76.9,1011.6,1016.0,1009.9,74,95,51,15.1,8.6,0.2
2012-10-26,66.6,51.3,55.5,62.9,44.6,48.9,1021.2,1024.8,1016.3,70,83,53,15.5,13.2,5.3
2012-10-27,58.2,49.2,53.0,51.4,40.0,45.3,1023.7,1026.7,1020.6,46,51,40,13.4,9.5,0.0
2012-10-28,62.6,44.8,53.5,57.4,40.2,48.3,1023.6,1025.8,1021.3,53,76,35,7.3,5.6,0.0
2012-10-29,65.6,42.4,53.9,62.6,37.8,49.7,1023.1,1026.4,1020.1,58,82,35,6.0,4.1,0.0
2012-10-30,74.0,45.8,59.6,71.8,41.3,56.4,1017.6,1020.1,1014.7,59,76,38,6.9,5.1,0.0
2012-10-31,80.9,56.2,67.2,84.0,55.0,67.6,1016.0,1017.8,1014.1,72,95,44,7.5,5.1,0.0
2012-11-01,83.8,59.3,70.0,85.2,59.5,70.7,1016.1,1018.2,1014.2,70,96,37,6.7,5.4,0.0
2012-11-02,82.3,63.7,71.3,82.3,64.5,72.2,1015.2,1017.2,1012.9,74,99,42,9.6,7.5,0.0
2012-11-03,80.5,66.5,72.0,83.1,68.4,74.7,1016.8,1018.8,1015.2,78,96,49,8.8,5.9,0.3
2012-11-04,78.2,61.6,69.0,81.8,63.5,72.0,1018.1,1019.8,1016.7,82,97,61,5.0,3.8,0.7
2012-11-05,83.4,59.4,70.4,85.5,60.3,71.1,1016.6,1018.2,1013.6,69,95,40,10.6,5.1,0.0
2012-11-06,75.1,53.0,63.7,72.6,49.9,60.8,1019.6,1022.4,1017.9,51,72,30,6.6,3.9,0.0
2012-11-07,77.2,54.6,64.8,75.4,51.3,61.9,1019.4,1022.2,1017.4,52,69,34,6.6,4.9,0.0
2012-11-08,82.2,57.7,68.6,77.6,55.8,66.0,1017.8,1020.3,1015.2,65,92,36,14.5,10.1,0.0
2012-11-09,82.7,64.7,71.8,78.1,64.3,69.6,1016.4,1018.4,1013.8,69,92,40,18.2,13.4,0.0
2012-11-10,80.9,66.1,72.4,76.2,65.4,69.7,1014.1,1016.7,1011.2,67,88,44,17.7,14.6,0.0
2012-11-11,81.8,62.5,72.9,80.0,58.3,70.2,1013.3,1021.2,1010.2,62,71,46,18.0,13.4,0.0
2012-11-12,61.7,47.5,54.4,55.7,39.1,46.2,1029.1,1032.3,1022.0,43,74,20,13.6,10.7,0.0
2012-11-13,57.9,43.3,51.3,50.5,36.1,44.0,1030.0,1033.0,1027.0,34,47,22,9.0,5.4,0.0
2012-11-14,62.9,47.7,54.6,57.3,42.2,49.1,1027.4,1030.2,1024.7,42,63,28,6.5,3.7,0.0
2012-11-15,61.1,46.9,55.2,56.3,40.7,50.6,1025.0,1026.6,1022.7,46,58,35,6.0,2.7,0.0
2012-11-16,65.7,49.1,57.6,58.5,43.6,51.8,1026.7,1028.9,1025.2,43,58,25,9.4,5.7,0.0
2012-11-17,65.7,41.6,53.3,60.4,36.0,48.1,1026.9,1029.3,1024.8,51,74,29,6.1,4.6,0.0
2012-11-18,71.5,45.3,58.0,66.4,40.7,53.5,1024.0,1026.0,1021.5,56,82,34,9.1,6.1,0.0
2012-11-19,73.7,53.0,63.2,72.4,51.9,62.0,1022.5,1024.7,1020.3,73,95,53,8.4,5.7,0.0
2012-11-20,79.1,55.3,66.1,80.7,54.5,66.3,1021.2,1022.9,1018.9,73,94,43,6.1,4.3,0.0
2012-11-21,78.0,56.1,66.0,77.7,55.8,65.2,1022.3,1024.6,1020.3,67,94,37,6.9,4.7,0.0
2012-11-22,77.3,54.6,65.9,73.8,53.0,63.6,1019.6,1021.3,1017.1,68,95,44,12.8,8.4,0.0
2012-11-23,72.2,58.1,63.4,72.2,52.0,60.8,1024.4,1028.5,1020.3,69,96,30,13.7,8.2,0.0
2012-11-24,62.1,48.5,55.2,56.1,41.0,48.1,1026.3,1030.2,1021.6,33,44,22,9.1,5.9,0.0
2012-11-25,74.2,49.0,60.6,69.1,40.7,55.1,1016.5,1021.2,1012.8,51,91,36,13.9,9.6,0.0
2012-11-26,82.2,60.1,67.9,81.1,54.9,67.1,1014.8,1021.8,1012.2,75,98,46,11.2,9.0,2.6
2012-11-27,59.1,51.6,54.6,52.7,44.5,48.1,1026.6,1029.4,1022.8,57,66,50,14.1,9.5,0.0
2012-11-28,66.0,43.0,53.2,62.1,39.4,49.7,1027.7,1031.3,1024.9,67,87,44,5.9,3.8,0.0
2012-11-29,71.4,43.8,57.9,68.1,40.0,55.0,1022.9,1025.6,1019.6,72,98,46,9.7,5.9,0.0
2012-11-30,77.9,58.3,66.9,76.5,58.8,67.5,1019.3,1021.4,1016.8,78,97,49,9.5,6.1,0.0
2012-12-01,79.4,65.6,70.9,78.8,67.5,71.7,1017.8,1019.6,1015.9,81,99,53,14.3,10.3,0.0
2012-12-02,78.7,65.6,71.1,78.5,65.8,71.9,1018.5,1021.0,1016.7,78,96,55,12.0,9.8,0.3
2012-12-03,78.4,63.2,69.6,79.0,64.0,69.7,1016.2,1018.0,1014.0,77,98,53,13.0,9.2,0.0
2012-12-04,75.0,59.9,66.6,73.9,56.0,66.2,1019.7,1023.0,1016.6,72,97,38,9.5,6.1,4.5
2012-12-05,69.3,51.3,59.4,65.6,45.0,55.4,1021.4,1024.7,1017.9,58,87,39,8.5,6.2,0.0
2012-12-06,71.4,48.4,58.8,67.3,46.2,56.4,1013.7,1017.8,1010.0,78,97,48,10.3,6.4,0.0
2012-12-07,74.0,55.6,63.8,75.0,54.4,64.3,1010.5,1012.5,1008.1,85,99,61,7.7,5.8,0.0
2012-12-08,76.3,62.0,67.8,77.8,63.0,70.4,1010.4,1012.6,1008.2,88,99,63,9.6,5.6,0.5
2012-12-09,78.8,56.4,68.5,80.3,49.1,69.1,1010.5,1014.1,1007.9,82,98,56,14.2,9.4,4.3
2012-12-10,56.1,38.7,45.0,48.1,25.5,34.4,1019.2,1021.5,1014.4,36,58,27,20.2,12.7,0.0
2012-12-11,51.8,33.3,41.9,44.0,26.7,34.7,1021.7,1024.1,1019.6,43,71,26,6.0,4.5,0.0
2012-12-12,58.3,38.0,46.1,51.2,31.4,39.9,1024.9,1027.6,1022.9,47,66,28,6.0,3.7,0.0
2012-12-13,64.2,35.3,50.6,57.4,28.8,44.2,1024.1,1026.5,1021.5,55,84,36,9.4,6.7,0.0
2012-12-14,68.7,54.9,61.2,66.6,50.5,58.2,1016.9,1022.4,1011.4,74,90,53,14.5,9.7,0.4
2012-12-15,71.8,61.4,65.7,69.0,59.2,64.7,1012.5,1014.9,1011.0,64,96,32,12.8,4.5,3.7
2012-12-16,71.7,56.0,62.8,68.7,52.0,60.7,1009.4,1010.9,1007.6,64,92,37,8.4,4.9,1.1
2012-12-17,71.0,52.2,60.0,63.3,46.2,52.9,1012.2,1014.6,1010.8,38,58,20,13.0,8.4,0.0
2012-12-18,77.6,48.5,61.5,72.3,41.3,56.1,1011.0,1012.9,1008.2,51,96,30,11.7,8.9,0.0
2012-12-19,79.9,62.9,70.5,77.9,61.9,70.4,1006.9,1010.1,1003.5,84,97,55,20.2,13.0,1.1
2012-12-20,66.4,40.4,50.9,55.6,29.7,38.4,1025.6,1031.9,1011.8,21,34,10,23.0,15.5,0.0
2012-12-21,61.0,33.2,45.9,52.5,26.1,38.3,1030.6,1033.3,1027.4,36,66,16,7.2,5.0,0.0
2012-12-22,66.9,39.6,53.8,61.3,32.2,47.6,1024.0,1029.0,1019.2,53,73,41,15.3,8.8,0.0
2012-12-23,74.9,57.5,64.9,72.2,55.0,62.4,1014.6,1018.5,1011.6,72,93,46,12.7,9.5,0.0
2012-12-24,65.1,47.3,56.8,60.1,40.4,51.7,1012.1,1016.6,1007.6,51,78,27,9.6,6.0,0.2
2012-12-25,66.5,33.1,53.8,65.1,20.5,46.4,1009.5,1021.8,1001.9,62,98,39,21.4,13.8,4.2
2012-12-26,42.6,29.0,35.4,35.1,17.4,26.1,1023.4,1026.4,1021.3,50,60,41,15.8,9.2,0.0
2012-12-27,50.2,31.0,40.8,45.3,24.7,35.7,1016.2,1021.0,1011.6,75,95,61,5.7,4.0,0.2
2012-12-28,57.5,38.6,48.1,51.3,28.5,41.7,1015.0,1023.6,1009.8,74,99,49,15.8,9.8,1.3
2012-12-29,50.3,34.7,41.4,43.5,24.7,33.2,1029.2,1032.2,1024.4,45,67,32,12.2,7.0,0.0
2012-12-30,48.9,32.2,41.5,42.0,25.6,34.5,1028.5,1031.9,1023.6,56,74,35,8.4,5.9,0.0
2012-12-31,63.1,47.6,55.5,65.7,42.0,54.0,1017.1,1023.1,1013.6,92,99,77,13.8,6.6,4.6
2013-01-01,56.7,42.5,49.2,55.6,34.1,43.3,1020.6,1024.8,1015.2,80,99,59,12.8,10.3,6.6
2013-01-02,43.7,35.4,39.1,35.9,26.5,30.9,1026.3,1028.1,1024.6,57,69,49,10.7,8.0,0.0
2013-01-03,46.4,33.4,40.2,38.8,26.2,32.8,1029.8,1032.0,1027.7,61,78,48,9.3,6.9,0.1
2013-01-04,44.0,37.9,40.4,36.8,31.4,34.9,1031.5,1034.3,1029.8,82,92,54,9.0,5.5,7.6
2013-01-05,52.1,37.3,44.0,48.8,32.4,40.0,1027.2,1029.8,1024.2,81,94,61,5.2,2.9,0.3
2013-01-06,56.6,34.7,44.0,49.5,28.6,37.6,1027.2,1029.7,1025.7,69,97,40,10.1,6.8,0.0
2013-01-07,54.6,32.8,43.8,48.6,26.7,38.2,1023.7,1027.2,1019.2,70,89,47,6.7,5.1,0.0
2013-01-08,57.5,47.6,51.3,56.2,43.4,48.9,1015.1,1018.8,1011.7,95,100,79,9.9,5.8,40.8
2013-01-09,63.4,52.1,57.8,67.3,50.1,56.5,1014.0,1016.3,1011.0,98,100,94,15.6,8.9,74.1
2013-01-10,63.2,45.3,53.1,60.6,38.7,48.8,1016.2,1017.9,1014.9,78,98,52,13.6,7.8,0.0
2013-01-11,71.2,46.9,58.6,70.2,41.7,55.7,1013.0,1016.7,1009.7,82,98,64,16.1,9.7,0.0
2013-01-12,74.6,50.4,66.0,78.5,41.6,66.1,1008.0,1011.4,1004.6,90,100,65,16.5,11.4,1.9
2013-01-13,49.4,38.2,43.0,40.3,27.2,33.4,1019.4,1022.9,1012.3,60,80,49,15.7,13.2,2.8
2013-01-14,46.4,33.1,39.0,37.7,23.0,29.9,1023.1,1025.7,1021.2,57,70,51,12.3,10.5,0.0
2013-01-15,40.2,36.1,37.9,30.6,26.9,29.0,1022.3,1024.9,1020.7,68,86,50,13.4,11.0,0.8
2013-01-16,50.4,31.4,39.7,41.9,23.4,31.7,1025.4,1028.4,1022.7,54,76,32,10.8,7.6,0.0
2013-01-17,61.1,33.8,46.4,55.7,26.9,40.4,1029.4,1032.4,1025.7,64,86,44,8.3,6.6,0.0
2013-01-18,59.9,35.7,46.9,55.3,29.9,42.2,1030.5,1033.7,1027.1,74,91,48,7.2,5.2,0.0
2013-01-19,64.4,40.6,51.0,60.3,36.1,46.9,1024.3,1027.5,1021.0,79,97,52,9.6,6.4,0.0
2013-01-20,69.1,42.0,54.3,67.1,37.2,51.2,1021.7,1024.5,1018.8,78,96,46,6.8,5.7,0.0
2013-01-21,67.5,44.5,55.2,67.9,41.0,53.1,1022.1,1024.3,1020.5,80,97,55,8.1,4.6,0.0
2013-01-22,67.5,46.2,55.3,64.9,43.5,52.9,1024.2,1027.1,1022.0,80,97,53,9.2,5.1,0.0
2013-01-23,71.9,47.9,59.7,69.7,45.4,57.8,1024.5,1027.3,1022.3,82,99,57,11.3,7.5,0.0
2013-01-24,75.4,57.7,64.7,75.1,56.4,63.7,1021.8,1024.1,1018.9,85,98,60,12.4,10.0,0.0
2013-01-25,74.8,59.0,65.2,75.6,58.0,65.1,1018.9,1020.9,1016.4,85,97,62,12.0,8.5,0.0
2013-01-26,67.8,55.5,60.3,69.8,52.9,59.8,1020.1,1022.4,1017.7,83,96,74,9.5,5.2,0.0
2013-01-27,75.2,59.3,65.8,75.0,57.9,65.3,1016.9,1019.5,1013.8,88,97,66,15.3,11.0,0.2
2013-01-28,76.5,67.4,70.4,75.2,67.8,70.0,1014.6,1017.0,1012.0,85,95,67,20.6,14.4,0.6
2013-01-29,81.9,59.0,70.0,81.2,50.1,67.7,1006.1,1011.6,999.5,72,96,24,21.1,14.6,2.0
2013-01-30,57.4,43.9,52.0,48.3,36.6,42.1,1017.4,1023.5,1009.9,29,49,19,18.8,11.4,0.0
2013-01-31,64.7,37.8,49.8,56.4,29.4,42.2,1023.8,1025.8,1021.7,44,60,24,12.0,7.8,0.0
2013-02-01,67.1,42.0,54.4,62.5,37.0,49.2,1025.1,1028.1,1021.7,58,85,39,12.7,7.1,0.0
2013-02-02,72.0,45.4,58.5,72.1,41.8,56.1,1023.3,1025.9,1021.4,71,94,46,9.0,5.4,0.0
2013-02-03,67.8,51.5,59.0,62.2,48.6,54.8,1023.3,1027.4,1016.9,59,79,28,11.5,6.1,0.0
2013-02-04,74.6,57.5,63.3,73.5,53.6,61.5,1012.7,1016.6,1008.9,77,97,48,13.0,8.2,2.3
2013-02-05,74.9,49.8,61.5,74.4,45.7,59.9,1013.0,1015.1,1011.2,69,95,40,7.1,4.7,0.0
2013-02-06,69.2,56.5,61.6,69.7,55.5,61.5,1013.7,1016.2,1010.4,88,98,67,9.3,6.3,12.1
2013-02-07,78.7,50.4,62.9,79.2,48.7,61.6,1013.5,1017.9,1011.0,74,99,45,13.5,6.2,0.0
2013-02-08,65.3,50.1,56.8,61.5,43.9,52.0,1020.8,1024.1,1018.9,64,85,44,12.8,8.7,0.0
2013-02-09,66.0,50.3,58.0,66.3,46.7,55.8,1014.9,1019.5,1008.7,89,99,77,13.3,9.3,2.1
2013-02-10,67.3,56.7,64.2,68.3,52.9,61.2,1011.6,1015.9,1007.2,64,99,22,15.4,8.4,7.8
2013-02-11,59.0,51.1,54.6,54.9,46.4,50.7,1016.7,1019.8,1015.4,75,92,48,10.8,7.3,11.3
2013-02-12,68.6,51.0,56.8,64.6,44.9,53.3,1012.9,1017.2,1009.9,74,97,35,12.5,6.7,7.3
2013-02-13,59.4,40.0,48.9,55.5,32.6,42.9,1019.4,1021.7,1016.9,61,83,41,13.9,7.4,0.0
2013-02-14,67.4,39.1,52.4,63.7,34.0,47.5,1018.4,1020.7,1015.8,65,91,34,9.1,6.3,0.0
2013-02-15,60.1,41.4,50.5,54.9,36.4,44.6,1023.6,1029.4,1018.9,65,87,47,13.2,8.1,0.3
2013-02-16,63.5,35.2,49.2,58.0,29.4,43.4,1027.7,1032.1,1023.3,52,80,27,8.4,5.0,0.0
2013-02-17,67.7,42.9,55.3,59.3,35.9,47.8,1019.7,1023.5,1014.8,54,75,33,16.1,12.0,0.0
2013-02-18,78.9,56.6,65.4,74.4,48.1,60.2,1013.0,1018.9,1009.5,59,83,27,16.6,12.7,0.3
2013-02-19,64.3,45.0,55.5,57.8,39.6,48.5,1021.7,1025.1,1019.4,45,73,31,11.0,8.9,0.0
2013-02-20,64.4,50.1,55.5,62.4,42.8,51.4,1013.5,1019.5,1004.9,79,99,52,16.9,10.0,10.0
2013-02-21,74.1,49.3,64.8,69.6,42.8,61.0,1006.3,1011.0,1002.6,61,99,17,16.5,10.6,3.5
2013-02-22,59.0,43.7,50.4,53.5,34.5,43.1,1015.5,1018.4,1010.8,55,70,45,13.2,9.8,0.0
2013-02-23,68.3,40.2,51.9,64.4,34.1,46.8,1015.5,1018.4,1011.4,58,76,31,9.7,5.9,0.0
2013-02-24,70.9,41.3,56.5,66.5,36.3,52.8,1009.4,1013.9,1003.9,73,90,47,14.7,8.0,0.0
2013-02-25,61.9,46.0,56.8,59.9,32.9,47.4,1004.5,1010.7,1000.9,53,98,20,26.5,17.7,3.3
2013-02-26,65.6,42.0,51.9,59.9,32.6,43.9,1011.9,1014.8,1010.2,43,55,22,18.9,9.9,0.0
2013-02-27,62.5,44.0,52.0,54.8,35.9,43.7,1017.9,1023.9,1011.6,40,55,24,16.2,10.2,0.0
2013-02-28,60.5,39.3,48.8,52.9,33.0,41.5,1024.7,1027.9,1022.2,45,66,25,10.9,7.8,0.0
2013-03-01,67.4,37.5,51.2,61.2,31.1,44.8,1023.7,1026.4,1019.8,42,68,16,12.0,5.4,0.0
2013-03-02,61.6,39.5,49.3,53.7,31.6,41.6,1027.3,1031.3,1024.7,43,62,25,12.5,8.6,0.0
2013-03-03,73.7,39.3,55.5,64.0,31.6,47.3,1019.9,1025.4,1013.9,44,62,20,16.3,11.0,0.0
2013-03-04,85.2,55.0,67.3,79.0,46.6,60.6,1009.1,1013.6,1005.1,48,74,23,16.7,13.5,0.0
2013-03-05,64.7,47.5,57.2,58.1,38.0,48.0,1021.5,1027.9,1008.2,39,86,14,21.1,13.7,0.0
2013-03-06,63.4,38.0,50.3,57.3,30.0,43.2,1027.4,1031.7,1023.5,33,53,20,8.3,5.9,0.0
2013-03-07,71.6,41.4,56.7,66.2,35.6,51.3,1021.7,1025.0,1018.9,54,76,39,12.0,8.1,0.0
2013-03-08,68.9,56.9,62.7,68.4,52.4,60.3,1018.7,1020.6,1016.3,79,88,72,13.4,10.2,0.8
2013-03-09,75.2,61.7,67.7,72.5,58.5,65.0,1010.0,1016.5,1005.7,80,88,63,19.7,15.4,0.6
2013-03-10,66.5,48.6,57.5,66.8,42.1,51.4,1013.0,1020.1,1005.9,57,93,32,20.2,11.4,13.4
2013-03-11,64.2,38.4,51.0,56.8,31.5,44.5,1019.2,1022.6,1015.8,45,72,21,10.4,6.4,0.0
2013-03-12,75.7,39.7,56.9,70.8,33.3,50.9,1020.0,1024.3,1017.8,44,68,22,11.1,6.9,0.0
2013-03-13,73.2,43.2,58.6,69.8,38.7,54.2,1027.4,1030.7,1025.0,52,82,29,9.4,5.8,0.0
2013-03-14,76.7,46.8,62.2,72.1,42.8,57.6,1026.1,1029.1,1023.1,55,88,30,11.6,8.6,0.0
2013-03-15,80.2,53.2,65.7,74.4,49.7,60.7,1019.8,1024.3,1015.4,57,91,24,15.3,11.3,0.0
2013-03-16,83.6,57.1,68.6,78.3,53.6,64.3,1011.0,1015.8,1006.5,63,90,29,16.6,13.8,0.0
2013-03-17,84.5,63.2,71.7,84.1,60.8,70.7,1006.9,1009.6,1003.7,67,90,36,14.8,9.9,0.0
2013-03-18,88.1,63.7,73.7,85.8,59.3,71.9,1009.0,1014.0,1006.2,58,96,16,12.6,9.0,0.0
2013-03-19,84.6,52.3,67.8,85.1,50.1,66.8,1013.6,1015.9,1010.3,64,92,38,12.7,7.0,10.3
2013-03-20,71.0,54.2,61.4,65.4,49.8,56.6,1020.1,1024.1,1016.6,58,92,25,15.8,9.6,12.2
2013-03-21,74.9,53.6,64.3,70.9,47.3,59.6,1009.0,1016.4,1002.7,61,88,46,18.5,12.1,0.0
2013-03-22,81.6,60.2,70.5,84.1,55.5,70.8,1005.1,1008.1,1003.4,73,94,47,14.3,8.4,0.0
2013-03-23,73.9,53.6,61.3,77.0,50.1,60.5,1006.1,1009.1,1002.0,77,94,63,8.9,5.6,1.3
2013-03-24,59.4,44.1,51.9,60.4,32.9,43.5,1017.3,1022.0,1005.1,49,96,28,21.3,13.1,1.5
2013-03-25,57.5,39.3,48.0,51.7,30.9,40.5,1026.2,1029.7,1022.3,38,55,23,9.7,7.6,0.0
2013-03-26,62.0,40.4,50.8,59.2,33.6,45.0,1029.3,1032.9,1025.7,39,67,25,7.6,4.6,0.0
2013-03-27,67.1,41.5,55.9,60.9,35.2,49.1,1024.2,1026.9,1020.9,49,75,35,13.2,9.8,0.0
2013-03-28,70.2,55.6,62.9,68.1,51.5,60.1,1021.3,1023.1,1019.7,73,83,60,12.8,9.6,0.3
2013-03-29,76.2,57.9,67.2,73.2,57.5,64.6,1019.9,1021.9,1017.2,68,95,47,12.8,10.2,0.0
2013-03-30,79.0,60.8,69.7,79.3,61.1,69.3,1015.9,1019.0,1011.8,72,95,51,14.7,8.8,0.3
2013-03-31,77.8,64.4,70.0,80.0,64.6,71.1,1012.7,1014.4,1010.9,78,95,56,11.9,7.6,1.3
2013-04-01,81.0,57.6,69.9,82.0,59.1,71.1,1014.9,1017.4,1011.9,73,98,48,11.5,5.7,0.0
2013-04-02,75.5,63.6,67.1,77.6,65.0,69.1,1013.3,1015.5,1010.4,89,98,67,10.0,7.2,12.6
2013-04-03,64.6,54.0,59.2,66.8,48.9,56.3,1016.4,1020.8,1011.1,86,100,70,13.2,10.9,19.1
2013-04-04,63.4,47.4,53.5,57.8,41.0,47.9,1021.2,1023.7,1019.3,65,76,48,12.5,9.4,0.0
2013-04-05,69.2,42.1,55.8,69.0,37.7,53.4,1021.7,1025.2,1018.0,66,91,45,9.1,4.0,0.0
2013-04-06,79.7,51.9,64.3,77.6,47.8,60.8,1014.6,1018.3,1010.7,67,90,43,15.0,11.0,0.0
2013-04-07,83.3,58.8,68.5,81.5,57.3,66.5,1010.9,1013.3,1007.5,73,95,46,14.6,11.9,0.0
2013-04-08,77.2,63.8,70.4,76.4,62.3,69.3,1007.2,1009.9,1005.0,77,91,62,16.1,13.2,0.0
2013-04-09,86.5,68.4,75.6,88.0,68.5,75.3,1004.5,1006.1,1001.9,73,91,48,19.5,14.5,0.0
2013-04-10,71.9,48.9,58.7,75.2,39.3,53.9,1009.9,1013.9,1003.4,75,97,55,19.1,13.9,4.1
2013-04-11,65.5,44.0,54.2,64.3,36.2,48.8,1012.8,1016.0,1009.5,50,65,36,12.9,7.2,0.2
2013-04-12,77.8,47.6,63.2,76.0,43.0,59.4,1013.1,1015.9,1010.4,48,70,28,8.8,5.9,0.0
2013-04-13,78.8,51.4,66.2,76.7,48.8,63.9,1011.8,1014.8,1008.2,60,92,32,9.7,6.9,0.0
2013-04-14,86.8,55.5,71.0,87.8,54.1,70.8,1005.5,1009.1,1001.7,69,96,41,12.4,9.1,0.0
2013-04-15,88.1,67.4,75.8,88.9,68.8,76.8,1006.8,1009.4,1005.3,72,97,42,13.9,11.6,0.0
2013-04-16,88.6,69.0,77.0,90.0,70.6,78.3,1010.2,1012.1,1008.7,71,95,44,15.1,12.2,0.0
2013-04-17,86.2,71.5,77.4,84.5,74.6,78.8,1008.3,1011.2,1004.5,76,94,48,19.5,14.3,0.2
2013-04-18,73.6,54.0,63.3,78.1,44.2,59.2,1011.4,1019.0,1003.9,68,96,40,19.0,13.5,12.9
2013-04-19,66.5,46.2,56.2,60.5,37.8,48.9,1023.1,1026.0,1019.8,38,54,25,14.2,9.8,0.0
2013-04-20,70.1,42.2,57.4,66.1,36.1,51.6,1020.6,1023.9,1015.5,44,73,24,12.0,7.6,0.0
2013-04-21,74.0,49.3,62.9,72.4,46.7,60.3,1018.9,1021.2,1016.2,64,88,46,11.6,6.7,0.0
2013-04-22,83.0,54.4,69.1,82.5,53.5,68.1,1015.8,1019.8,1010.8,67,96,42,14.0,9.3,0.0
2013-04-23,77.3,54.3,66.3,79.8,46.8,64.9,1013.7,1020.2,1010.8,76,94,58,15.0,10.6,3.2
2013-04-24,64.1,43.6,53.3,58.9,34.2,45.4,1023.3,1025.3,1021.1,57,80,38,16.1,12.8,1.0
2013-04-25,71.2,54.7,62.2,67.0,49.0,57.2,1024.3,1027.1,1021.9,46,56,36,9.0,6.7,0.0
2013-04-26,80.0,63.1,71.3,80.5,60.0,71.2,1018.7,1021.8,1016.1,75,94,60,15.9,11.2,1.5
2013-04-27,78.9,66.8,71.7,83.9,69.7,75.7,1016.8,1018.9,1013.9,83,97,63,10.5,4.8,7.1
2013-04-28,82.4,66.0,73.0,86.0,68.9,75.9,1014.1,1016.6,1010.3,74,98,46,7.5,5.5,1.7
2013-04-29,81.3,61.5,69.6,86.8,63.5,72.0,1011.5,1013.2,1008.5,81,98,53,11.7,6.2,3.5
2013-04-30,80.0,64.2,71.2,82.1,67.0,74.2,1008.7,1010.5,1006.2,79,98,53,7.7,4.7,1.2
2013-05-01,84.5,65.9,74.7,88.2,68.3,77.3,1010.2,1015.0,1008.2,72,98,49,10.3,6.4,0.0
2013-05-02,72.5,50.9,59.6,76.0,39.4,53.5,1021.3,1027.2,1012.5,70,94,52,20.1,15.4,0.0
2013-05-03,68.1,46.1,56.8,60.5,34.4,47.6,1023.3,1027.3,1018.3,32,51,19,17.9,12.9,0.0
2013-05-04,82.7,49.2,65.6,79.6,41.2,60.0,1014.9,1018.2,1011.0,32,51,14,11.9,6.9,0.0
2013-05-05,76.3,51.6,64.1,73.6,45.1,59.6,1018.1,1021.3,1015.5,43,55,32,10.0,7.5,0.0
2013-05-06,76.1,54.0,65.6,76.3,50.6,63.3,1018.2,1021.0,1015.7,47,65,31,5.9,3.2,0.0
2013-05-07,84.5,55.6,70.5,83.4,53.7,68.7,1016.1,1018.8,1013.2,51,78,28,9.7,6.3,0.0
2013-05-08,81.8,60.8,72.2,80.6,61.5,71.2,1014.6,1016.6,1011.6,66,95,43,13.2,9.9,0.0
2013-05-09,80.9,66.5,71.2,81.8,66.6,74.1,1012.9,1014.4,1011.2,86,98,62,13.9,8.3,17.6
2013-05-10,81.6,66.5,71.7,84.7,69.1,74.4,1013.4,1016.6,1010.7,85,100,52,14.1,8.2,22.7
2013-05-11,78.5,63.8,70.3,79.2,62.5,70.2,1018.4,1020.6,1016.1,69,96,44,11.9,8.4,0.0
2013-05-12,78.2,58.7,68.8,79.0,56.9,67.2,1021.6,1024.0,1019.6,55,73,42,7.8,6.2,0.0
2013-05-13,81.8,58.9,70.1,83.1,56.7,69.7,1022.7,1024.9,1020.5,54,72,33,8.1,4.9,0.0
2013-05-14,83.4,61.3,72.4,82.7,62.0,72.6,1020.3,1023.1,1015.9,69,95,43,12.8,9.4,0.0
2013-05-15,82.7,68.7,73.4,83.3,69.9,74.5,1014.3,1018.9,1009.7,82,95,58,17.2,13.2,3.0
2013-05-16,91.7,70.9,78.7,95.6,71.6,81.0,1008.9,1010.8,1005.8,72,91,44,15.8,12.1,0.0
2013-05-17,91.8,72.8,80.8,96.5,76.3,85.0,1010.2,1012.0,1008.6,72,94,48,13.0,10.9,0.0
2013-05-18,93.3,71.3,81.2,96.0,74.9,83.2,1010.9,1013.0,1008.9,67,96,42,16.8,13.3,0.0
2013-05-19,93.6,71.5,80.9,94.9,73.7,82.4,1009.0,1010.7,1006.2,67,93,41,17.0,14.0,0.0
2013-05-20,92.3,73.1,81.6,94.2,76.1,83.9,1008.5,1010.4,1005.4,67,91,42,15.7,12.7,0.0
2013-05-21,88.7,70.2,78.7,92.9,73.6,82.3,1008.2,1012.1,1004.9,77,94,50,20.2,11.0,9.4
2013-05-22,88.0,62.4,76.1,94.2,64.0,79.9,1011.3,1013.3,1008.9,70,95,47,8.3,5.5,0.0
2013-05-23,88.6,71.9,80.3,94.5,77.4,85.1,1013.8,1016.5,1011.0,73,97,51,12.0,8.1,0.0
2013-05-24,82.3,72.1,77.2,89.0,76.2,82.7,1018.1,1019.9,1015.9,80,93,65,8.4,6.3,2.0
2013-05-25,79.2,69.5,72.9,86.2,74.2,78.4,1018.9,1020.6,1016.8,92,97,78,9.0,6.4,22.8
2013-05-26,84.5,70.8,76.4,91.0,74.9,80.6,1017.0,1018.7,1014.7,80,97,65,11.3,9.0,1.5
2013-05-27,85.8,69.9,77.7,87.7,72.5,79.6,1013.7,1016.2,1010.5,72,93,51,14.5,11.6,0.3
2013-05-28,86.7,72.4,78.7,88.1,74.8,80.2,1010.5,1012.5,1007.8,72,92,51,16.5,13.6,0.1
2013-05-29,84.9,73.5,78.3,87.0,74.9,79.5,1008.2,1010.9,1006.2,75,87,57,19.1,15.3,1.4
2013-05-30,87.7,73.7,80.4,90.2,75.6,83.0,1008.7,1010.2,1006.8,72,90,53,16.4,13.1,0.4
2013-05-31,88.9,74.6,81.5,92.4,79.6,85.4,1009.4,1011.5,1007.0,73,94,51,14.0,11.5,0.0
2013-06-01,92.1,74.0,82.2,97.0,79.1,86.5,1009.8,1012.2,1008.3,71,91,47,16.8,10.1,4.0
2013-06-02,84.7,69.7,76.3,87.7,71.8,80.3,1014.8,1017.7,1012.3,73,99,43,9.7,6.2,22.4
2013-06-03,89.0,65.1,76.8,94.2,66.2,80.4,1013.0,1015.5,1009.8,62,87,37,6.0,3.9,0.0
2013-06-04,90.9,68.3,79.3,96.4,70.1,83.3,1010.9,1012.7,1008.5,67,97,44,9.7,7.2,0.0
2013-06-05,90.9,68.8,80.0,97.1,72.2,83.9,1010.1,1011.7,1006.6,65,95,42,10.6,7.5,0.0
2013-06-06,91.2,72.3,80.4,97.3,76.0,84.8,1010.1,1013.6,1007.3,65,88,41,15.9,5.7,0.0
2013-06-07,84.4,68.1,76.6,88.0,70.3,78.1,1013.6,1015.8,1011.2,57,86,35,7.2,4.8,0.0
2013-06-08,89.4,63.9,76.2,92.9,64.2,78.4,1011.6,1013.7,1008.6,62,91,39,9.6,6.3,4.6
2013-06-09,85.0,73.5,78.8,94.5,78.3,86.1,1012.1,1014.4,1010.1,80,94,62,9.9,4.5,7.4
2013-06-10,91.6,70.5,81.2,98.5,76.2,87.2,1014.2,1015.3,1012.3,68,96,41,9.4,5.1,0.0
2013-06-11,90.6,73.1,81.4,96.5,80.0,87.3,1015.5,1016.8,1014.2,72,94,53,10.5,7.0,0.3
2013-06-12,91.8,74.1,82.6,98.1,80.4,88.1,1016.0,1017.5,1014.0,69,96,47,10.1,7.9,0.2
2013-06-13,92.6,72.8,82.0,100.5,80.6,89.0,1015.7,1018.1,1013.3,72,97,48,10.8,5.4,1.7
2013-06-14,91.0,73.4,82.0,97.3,81.2,89.0,1014.0,1015.7,1011.7,70,95,47,6.5,3.7,0.3
2013-06-15,89.9,76.4,83.3,96.1,83.7,89.6,1013.8,1015.5,1011.8,66,88,48,8.1,4.5,0.1
2013-06-16,93.4,75.8,84.4,97.8,82.6,89.2,1014.3,1016.5,1011.5,63,91,39,11.2,7.8,0.0
2013-06-17,95.1,76.1,85.4,99.4,82.3,89.8,1013.2,1015.5,1010.0,61,88,38,11.5,8.8,0.0
2013-06-18,90.3,76.1,82.0,97.1,82.4,88.1,1013.6,1015.3,1011.0,68,88,46,11.6,5.3,2.7
2013-06-19,94.3,75.8,84.9,98.9,82.7,89.5,1013.5,1014.9,1011.6,60,89,36,12.6,7.1,0.0
2013-06-20,95.2,75.2,84.9,97.3,79.9,87.6,1015.4,1017.6,1013.4,59,89,35,12.2,10.8,0.0
2013-06-21,96.3,74.8,85.5,98.0,81.1,88.0,1016.5,1018.3,1014.2,56,93,29,12.7,10.0,0.0
2013-06-22,95.5,75.1,85.1,100.1,80.5,88.8,1014.9,1017.0,1011.8,62,92,39,13.8,10.6,0.2
2013-06-23,95.0,76.0,85.2,95.9,81.8,87.6,1013.8,1015.3,1011.6,58,90,34,13.5,10.9,0.0
2013-06-24,96.4,75.6,85.5,96.6,81.0,87.6,1014.9,1016.7,1012.0,59,89,31,14.7,12.0,0.0
2013-06-25,99.1,77.7,87.2,100.1,82.7,89.4,1014.0,1016.0,1011.1,56,87,30,14.8,12.4,0.1
2013-06-26,99.5,76.9,87.3,103.2,80.9,90.2,1013.5,1015.1,1011.0,56,84,31,14.8,11.3,0.0
2013-06-27,98.9,77.0,87.5,103.2,82.5,91.6,1014.4,1016.8,1011.9,53,84,26,11.4,6.5,0.0
2013-06-28,101.8,76.5,89.1,108.0,82.3,94.0,1012.5,1015.6,1008.5,51,83,27,9.9,5.6,0.7
2013-06-29,105.4,78.0,91.9,107.5,83.3,94.1,1009.4,1011.2,1006.6,39,70,19,12.6,6.0,0.0
2013-06-30,97.3,78.7,89.0,100.9,80.0,90.0,1011.4,1014.5,1009.7,36,53,24,9.9,5.3,0.0
2013-07-01,90.5,75.8,83.6,89.2,74.2,81.8,1014.6,1016.2,1012.0,36,47,27,11.4,8.5,0.0
2013-07-02,89.9,71.2,81.3,89.2,71.1,80.5,1016.4,1018.5,1014.3,39,60,25,7.4,5.5,0.0
2013-07-03,92.5,70.4,82.6,93.8,70.4,81.7,1015.1,1017.1,1011.9,35,58,20,7.7,4.9,0.0
2013-07-04,92.4,71.1,82.8,93.4,75.4,84.0,1014.1,1015.9,1011.7,48,84,25,9.8,5.2,0.0
2013-07-05,94.1,73.0,84.4,96.4,77.2,86.1,1013.3,1015.3,1009.9,48,80,27,11.9,6.4,0.0
2013-07-06,96.5,73.5,85.8,98.2,79.5,88.6,1012.3,1014.0,1009.0,50,86,26,13.3,6.5,0.0
2013-07-07,95.8,76.7,85.1,99.7,83.4,90.0,1013.6,1015.2,1010.9,59,81,35,15.1,6.5,0.0
2013-07-08,89.0,73.9,81.6,94.1,81.3,87.4,1017.8,1019.8,1015.4,72,97,49,9.8,6.7,8.3
2013-07-09,95.6,74.0,84.8,101.2,81.7,90.0,1018.5,1020.9,1015.5,63,97,37,11.5,7.5,0.0
2013-07-10,97.1,76.7,86.4,103.1,84.3,91.7,1016.6,1019.1,1012.7,59,89,33,10.5,7.0,0.0
2013-07-11,97.6,77.0,87.8,102.4,82.4,91.7,1014.2,1016.3,1011.1,52,80,31,10.7,7.0,0.0
2013-07-12,98.9,77.8,88.1,104.0,82.6,92.5,1013.0,1014.8,1010.8,52,77,32,10.6,6.5,0.0
2013-07-13,101.1,77.7,90.2,104.9,83.1,93.1,1012.7,1015.3,1009.6,42,71,22,8.0,4.7,0.0
2013-07-14,93.6,80.0,86.6,96.7,83.7,88.5,1012.0,1013.0,1011.4,48,66,35,12.8,7.5,0.4
2013-07-15,83.9,72.9,76.9,88.5,78.4,82.2,1014.8,1017.0,1012.8,82,97,60,9.3,7.2,6.7
2013-07-16,89.7,72.7,78.9,93.5,78.1,84.9,1018.0,1020.4,1016.2,80,96,49,10.1,7.2,8.8
2013-07-17,87.6,72.8,77.4,94.1,79.0,84.2,1020.7,1021.8,1019.6,85,96,55,10.1,6.1,14.8
2013-07-18,88.4,73.5,80.5,94.9,81.2,87.1,1019.2,1021.6,1015.5,74,96,47,7.2,5.0,0.3
2013-07-19,91.7,72.1,82.3,99.4,78.8,88.3,1016.1,1018.5,1012.6,65,94,40,10.6,4.6,0.0
2013-07-20,92.3,74.1,82.0,99.4,81.4,88.4,1013.6,1015.7,1010.9,69,89,44,12.8,5.1,1.7
2013-07-21,92.6,75.4,82.4,101.6,82.5,88.8,1013.2,1014.6,1011.8,72,92,46,12.1,7.6,4.5
2013-07-22,95.4,77.4,85.2,101.9,84.3,90.6,1014.1,1015.6,1011.8,67,90,45,13.3,10.1,0.4
2013-07-23,97.6,77.5,86.5,99.4,83.6,90.2,1014.0,1016.2,1011.0,59,87,29,12.2,10.1,0.0
2013-07-24,97.1,75.9,86.8,103.6,81.6,92.0,1013.6,1015.8,1011.3,58,88,37,10.6,7.1,0.0
2013-07-25,98.5,77.3,88.2,104.9,83.8,93.2,1015.2,1016.5,1013.4,54,84,30,10.9,6.3,0.0
2013-07-26,97.8,77.7,87.4,103.5,82.6,93.0,1014.4,1016.7,1010.9,60,84,36,11.0,7.7,0.4
2013-07-27,89.1,79.7,84.2,95.6,85.3,89.5,1013.9,1015.5,1011.9,64,81,51,10.2,7.2,0.0
2013-07-28,94.8,77.7,86.0,101.4,84.2,91.2,1012.7,1014.2,1010.0,58,80,40,11.0,6.3,0.2
2013-07-29,100.0,78.8,87.3,99.9,82.9,89.3,1015.0,1017.2,1013.3,55,83,25,14.1,11.8,0.0
2013-07-30,100.7,77.6,87.9,102.3,81.6,90.8,1016.8,1018.8,1013.8,55,85,27,13.2,10.8,0.0
2013-07-31,100.7,76.3,88.4,106.2,81.5,91.8,1016.3,1019.0,1012.8,50,87,23,11.6,6.5,0.0
2013-08-01,101.0,78.2,90.2,106.0,83.5,93.8,1014.6,1016.8,1011.5,46,76,26,10.0,6.2,0.0
2013-08-02,100.3,80.2,90.6,103.7,84.3,93.6,1013.4,1015.0,1011.1,45,63,28,13.5,7.8,0.0
2013-08-03,100.0,78.0,88.5,103.2,84.2,92.4,1014.7,1016.4,1012.5,54,85,28,13.4,8.6,0.0
2013-08-04,98.4,78.9,88.4,103.9,85.9,93.5,1015.9,1018.3,1013.0,57,84,36,12.6,8.2,0.0
2013-08-05,100.8,78.0,89.2,103.7,82.2,91.8,1014.6,1017.1,1010.9,49,74,27,13.7,9.7,0.0
2013-08-06,101.9,78.2,89.4,104.6,83.5,92.6,1012.3,1014.2,1008.9,52,79,28,13.4,10.5,0.0
2013-08-07,101.7,77.4,89.2,106.1,82.2,92.5,1011.5,1013.3,1007.7,52,82,26,13.8,9.8,0.0
2013-08-08,101.6,77.1,88.7,103.8,82.9,91.7,1011.0,1012.8,1007.8,52,86,23,12.3,9.1,0.0
2013-08-09,99.8,75.6,87.3,102.6,81.9,90.8,1012.8,1014.7,1010.3,51,89,20,10.8,5.9,0.0
2013-08-10,101.2,78.3,88.5,104.3,85.7,93.9,1015.4,1017.1,1012.2,55,79,28,14.3,6.1,0.0
2013-08-11,98.4,77.4,87.3,103.4,85.7,93.1,1016.6,1018.5,1013.7,57,86,31,11.5,5.0,0.0
2013-08-12,97.6,77.7,87.0,102.3,84.6,92.1,1016.2,1018.2,1012.9,57,85,35,11.0,6.6,0.2
2013-08-13,100.8,78.7,89.9,105.7,83.4,93.7,1014.6,1017.1,1011.0,49,79,26,10.7,7.4,0.0
2013-08-14,98.5,78.7,86.3,106.2,86.3,92.3,1013.9,1016.0,1011.7,63,88,37,11.3,7.4,7.0
2013-08-15,90.5,76.4,82.0,99.8,86.6,90.7,1014.8,1016.4,1012.5,78,98,56,8.3,4.2,3.0
2013-08-16,93.0,75.2,84.2,100.3,81.4,89.3,1014.8,1017.0,1012.5,59,84,39,10.8,5.7,0.0
2013-08-17,92.2,73.6,82.5,94.9,77.8,85.5,1015.7,1017.8,1012.9,55,82,32,9.6,6.0,0.0
2013-08-18,94.0,70.5,83.0,96.6,72.1,84.8,1015.9,1017.8,1014.1,46,67,30,7.2,4.4,0.0
2013-08-19,93.7,72.8,83.9,96.6,76.2,85.8,1015.3,1017.6,1012.5,46,73,29,7.3,4.5,0.0
2013-08-20,94.1,74.0,84.0,94.5,79.7,86.5,1015.2,1016.9,1013.5,53,81,28,10.7,6.7,0.0
2013-08-21,94.6,74.7,84.1,100.3,81.4,89.2,1016.8,1018.7,1014.5,61,88,35,9.1,5.0,0.1
2013-08-22,96.4,76.5,86.2,103.2,84.1,92.3,1016.1,1018.8,1012.5,58,83,37,8.0,4.3,0.0
2013-08-23,97.3,78.0,86.5,102.8,86.3,92.3,1014.5,1016.6,1011.7,57,81,35,8.8,4.6,0.1
2013-08-24,98.8,79.5,88.8,102.7,85.4,92.7,1015.1,1017.1,1012.6,49,70,29,10.4,6.4,0.0
2013-08-25,94.9,79.2,86.3,97.4,85.4,90.2,1017.3,1018.6,1015.6,55,73,37,12.3,7.9,0.2
2013-08-26,90.4,74.6,80.4,93.1,79.8,84.8,1018.3,1020.2,1016.4,73,94,47,13.7,9.6,3.2
2013-08-27,88.5,73.9,79.7,93.8,79.1,85.5,1018.1,1020.2,1016.5,76,94,52,8.2,6.0,3.7
2013-08-28,94.2,72.6,83.6,98.2,79.4,88.7,1017.4,1019.6,1015.2,60,94,33,6.9,4.2,0.0
2013-08-29,97.5,75.9,86.7,103.7,81.7,91.1,1016.3,1018.7,1013.5,52,80,30,6.8,4.0,0.0
2013-08-30,100.7,79.8,89.9,105.7,83.0,92.4,1013.8,1016.7,1010.6,42,61,24,9.8,5.4,0.0
2013-08-31,100.2,77.9,88.8,105.4,83.4,92.7,1011.7,1014.0,1008.8,51,77,28,9.9,7.1,0.0
2013-09-01,100.0,77.9,88.6,105.2,83.4,93.0,1011.1,1013.1,1008.7,52,76,30,9.6,6.2,0.1
2013-09-02,98.0,78.5,88.1,104.7,84.8,92.9,1012.6,1014.8,1009.7,53,79,31,9.2,5.8,0.0
2013-09-03,98.9,79.2,89.6,104.1,86.1,94.1,1013.3,1015.4,1010.6,48,74,29,8.4,4.2,0.0
2013-09-04,98.4,80.6,89.6,104.7,84.8,92.9,1015.0,1016.8,1012.6,46,65,29,9.0,5.8,0.0
2013-09-05,96.8,79.3,87.7,101.4,87.3,92.6,1017.1,1019.2,1014.8,54,77,33,9.9,5.6,0.0
2013-09-06,95.8,78.4,87.1,100.1,86.8,92.0,1016.3,1018.9,1013.3,56,83,34,11.9,5.5,0.0
2013-09-07,96.1,77.9,84.1,101.7,84.4,90.5,1015.0,1016.8,1012.2,65,82,36,10.7,4.8,4.4
2013-09-08,92.4,75.3,82.4,97.8,83.3,88.6,1013.9,1015.5,1011.5,69,91,44,9.4,5.4,0.2
2013-09-09,92.6,73.8,82.5,94.3,81.2,87.1,1014.3,1015.6,1012.5,63,90,36,10.0,5.4,0.1
2013-09-10,92.2,74.1,80.6,95.1,80.9,86.6,1016.4,1017.7,1015.0,73,92,41,10.9,6.0,2.1
2013-09-11,93.8,74.1,83.3,94.8,81.3,87.2,1017.3,1019.4,1014.7,59,93,27,8.1,5.5,0.0
2013-09-12,94.1,73.1,84.1,96.7,79.5,87.7,1015.5,1018.0,1012.3,54,88,29,6.4,4.6,0.0
2013-09-13,95.8,74.6,85.6,95.9,80.1,87.2,1012.3,1014.7,1008.7,46,81,24,8.1,5.6,0.0
2013-09-14,95.0,74.8,85.0,98.4,78.4,87.8,1012.0,1013.8,1009.8,50,69,32,10.0,5.5,0.0
2013-09-15,94.1,76.0,84.5,97.0,81.6,88.9,1014.4,1016.3,1012.9,57,74,37,9.7,5.6,0.0
2013-09-16,90.6,76.4,81.9,95.1,82.2,88.0,1016.1,1017.7,1014.2,70,87,47,8.3,5.3,5.0
2013-09-17,90.3,75.5,82.1,95.2,82.8,88.2,1015.7,1017.7,1013.2,69,88,49,8.2,5.0,1.1
2013-09-18,92.8,74.3,83.1,95.2,81.3,87.1,1014.0,1016.4,1011.1,59,85,34,8.2,5.2,0.0
2013-09-19,91.1,75.5,80.7,96.0,82.6,87.6,1012.1,1014.3,1009.0,75,95,49,7.4,5.1,12.0
2013-09-20,81.0,70.1,75.2,90.6,72.2,82.1,1009.9,1011.5,1007.9,94,100,81,14.3,7.0,38.7
2013-09-21,80.8,69.3,73.7,80.5,67.6,73.3,1011.4,1013.8,1009.7,67,94,52,14.2,11.5,1.6
2013-09-22,80.9,61.9,70.9,81.1,61.6,70.7,1010.5,1012.9,1008.0,60,83,39,8.6,6.2,0.0
2013-09-23,84.6,60.2,72.5,88.2,60.0,74.5,1009.1,1010.7,1007.1,64,86,37,6.7,3.6,0.0
2013-09-24,90.7,65.2,78.2,94.9,68.1,81.4,1011.1,1013.0,1009.7,61,91,35,7.1,3.9,0.0
2013-09-25,91.3,66.5,79.9,95.7,69.6,82.9,1010.4,1012.4,1008.0,56,91,35,6.5,3.5,0.0
2013-09-26,89.2,68.3,79.3,90.1,71.5,81.6,1010.6,1012.4,1009.1,60,87,33,10.6,7.1,0.0
2013-09-27,87.9,75.9,80.5,91.3,80.6,85.9,1011.6,1013.2,1009.7,78,92,57,12.3,9.1,2.3
2013-09-28,89.9,74.6,80.0,96.7,81.1,86.7,1013.2,1015.7,1011.3,82,97,56,12.5,8.0,32.2
2013-09-29,74.5,66.0,70.3,83.0,67.5,73.9,1015.5,1017.8,1013.7,87,99,73,10.4,5.9,9.7
2013-09-30,84.4,62.0,73.2,88.1,64.0,75.9,1011.5,1013.9,1009.1,67,98,36,6.2,3.2,0.0
2013-10-01,86.6,67.3,76.3,91.7,67.9,81.3,1011.5,1013.1,1009.8,77,98,52,9.3,5.6,0.0
2013-10-02,84.9,73.5,77.8,91.0,79.7,84.1,1012.8,1014.6,1010.6,83,96,61,9.7,6.8,1.5
2013-10-03,87.5,73.8,79.2,92.0,79.9,84.6,1011.9,1013.7,1009.8,78,97,52,10.1,8.0,0.7
2013-10-04,88.0,72.6,79.7,90.8,77.7,83.5,1011.7,1013.1,1009.8,74,96,49,12.4,9.8,0.0
2013-10-05,85.4,62.2,74.2,92.8,56.8,76.6,1014.1,1018.2,1012.1,71,96,50,14.3,7.4,0.0
2013-10-06,79.0,59.0,67.5,73.2,54.1,62.4,1019.1,1020.8,1017.5,42,69,19,11.9,8.2,0.8
2013-10-07,81.5,54.0,67.8,80.7,50.6,64.8,1019.2,1021.6,1017.0,42,71,23,6.0,3.8,0.0
2013-10-08,82.6,61.0,70.8,81.5,57.4,68.2,1017.1,1019.2,1014.9,40,57,26,5.6,4.0,0.0
2013-10-09,82.5,55.6,69.5,81.8,53.7,68.4,1016.1,1018.2,1014.0,57,85,38,8.5,5.9,0.0
2013-10-10,85.3,61.3,73.5,84.6,63.2,73.9,1014.8,1017.2,1011.7,66,96,41,12.2,7.7,0.0
2013-10-11,85.5,70.0,75.7,89.8,71.3,79.6,1012.0,1013.6,1010.2,80,94,62,12.6,8.5,7.4
2013-10-12,86.8,71.9,76.8,95.0,79.4,83.8,1014.4,1016.6,1012.3,88,98,64,9.9,5.9,14.4
2013-10-13,78.5,71.2,72.6,84.7,76.1,78.3,1019.0,1021.2,1016.8,96,99,80,8.4,7.0,58.9
2013-10-14,80.9,71.0,74.4,86.0,75.5,79.9,1016.2,1018.8,1013.3,91,99,73,10.7,7.7,5.2
2013-10-15,82.0,61.9,74.1,86.9,59.6,77.7,1014.0,1016.4,1011.4,81,95,59,14.1,7.4,0.3
2013-10-16,61.9,55.4,58.2,59.8,52.4,55.5,1017.2,1019.0,1015.6,85,95,65,11.0,9.0,8.6
2013-10-17,70.6,53.0,61.8,70.2,49.1,59.6,1017.7,1020.5,1015.3,65,81,51,7.4,5.9,0.0
2013-10-18,71.7,55.8,64.3,72.9,55.2,64.9,1014.4,1016.1,1012.0,79,91,64,6.6,4.5,0.4
2013-10-19,64.6,48.9,56.6,63.2,41.6,51.2,1020.3,1023.3,1016.8,63,87,39,15.7,9.8,0.0
2013-10-20,70.9,47.8,59.8,67.3,44.0,56.6,1016.2,1019.1,1012.8,58,78,41,9.0,5.0,0.0
2013-10-21,76.6,58.4,65.7,80.7,57.4,67.4,1014.4,1018.1,1012.1,87,98,65,10.9,6.0,6.2
2013-10-22,71.7,54.4,62.4,68.0,50.4,59.0,1019.6,1021.6,1018.3,61,88,36,11.7,7.7,0.0
2013-10-23,79.0,50.6,63.8,77.6,47.1,61.4,1019.8,1021.6,1018.6,59,82,31,6.3,5.1,0.0
2013-10-24,78.4,52.5,65.6,78.3,48.9,63.4,1021.6,1023.6,1020.0,56,78,33,6.7,5.2,0.0
2013-10-25,76.0,52.1,65.4,75.6,51.0,64.8,1024.4,1027.1,1022.6,70,94,50,9.7,5.5,0.0
2013-10-26,77.4,59.2,67.9,78.5,59.6,68.4,1020.9,1023.6,1017.7,78,97,57,11.8,7.2,0.8
2013-10-27,71.9,62.3,67.3,74.1,64.2,69.9,1017.9,1019.9,1016.2,85,96,70,6.6,4.5,2.5
2013-10-28,78.9,62.9,70.5,80.7,64.9,72.1,1016.8,1018.8,1014.8,82,97,64,13.1,8.6,0.1
2013-10-29,82.4,69.2,74.8,83.8,70.6,76.1,1016.8,1018.4,1014.6,75,90,58,14.1,11.1,0.0
2013-10-30,80.4,70.1,73.1,85.6,73.9,78.0,1012.6,1016.7,1009.4,93,100,77,12.0,8.4,71.2
2013-10-31,80.9,55.8,71.3,81.6,55.0,72.0,1010.2,1012.1,1007.9,71,100,28,13.0,7.7,21.2
2013-11-01,80.8,52.6,65.7,79.0,49.1,62.3,1012.5,1018.6,1009.6,57,77,34,13.8,8.2,0.0
2013-11-02,69.9,51.9,61.3,64.6,47.4,55.9,1023.1,1025.9,1019.1,48,72,32,13.2,8.2,0.0
2013-11-03,66.1,45.5,56.5,61.8,41.1,52.0,1020.3,1023.5,1016.9,61,82,38,11.9,6.6,0.3
2013-11-04,67.1,58.8,63.2,68.8,54.1,63.2,1016.5,1018.4,1015.2,82,97,74,12.2,6.0,1.9
2013-11-05,76.8,64.7,69.7,79.0,67.3,72.7,1014.9,1016.6,1012.5,90,99,68,10.0,7.7,1.6
2013-11-06,69.8,53.1,63.0,75.1,46.5,61.5,1020.7,1027.2,1015.1,77,98,52,16.0,9.6,6.6
2013-11-07,62.7,45.8,53.9,55.4,37.9,47.3,1029.6,1032.2,1027.4,54,67,39,12.0,9.1,0.0
2013-11-08,63.4,49.7,56.1,58.5,46.1,52.0,1025.9,1029.5,1022.2,58,79,39,6.8,4.5,0.0
2013-11-09,68.1,53.9,60.7,67.0,50.6,58.5,1021.1,1022.4,1019.7,67,78,54,9.4,5.1,0.0
2013-11-10,67.9,57.3,62.3,68.4,57.2,62.4,1024.2,1026.7,1022.2,80,92,66,5.2,4.2,0.0
2013-11-11,71.6,50.6,60.6,71.7,49.2,60.1,1023.4,1025.4,1021.2,77,96,54,5.5,3.3,0.0
2013-11-12,61.1,45.8,53.9,55.3,35.7,47.2,1031.3,1037.7,1024.4,68,90,42,19.5,12.4,0.0
2013-11-13,52.2,36.4,43.6,45.1,28.0,35.9,1035.4,1039.2,1030.7,49,70,36,11.5,7.5,0.0
2013-11-14,59.6,34.4,47.9,53.7,28.0,42.0,1023.4,1030.3,1018.1,64,84,38,10.5,6.6,1.1
2013-11-15,73.4,48.1,60.5,72.7,45.3,59.2,1014.4,1017.5,1011.1,82,98,59,11.0,6.9,0.0
2013-11-16,79.6,60.9,69.2,79.5,59.8,69.4,1010.1,1013.0,1006.9,85,97,58,18.2,11.7,0.0
2013-11-17,85.0,63.8,74.8,89.0,66.1,78.8,1010.3,1013.9,1008.3,80,97,47,12.0,6.9,0.0
2013-11-18,73.3,59.5,65.7,74.7,56.0,64.7,1017.2,1019.6,1014.0,70,93,52,8.7,6.6,0.0
2013-11-19,68.6,53.3,60.7,64.3,49.8,56.9,1018.2,1021.3,1015.8,55,71,40,7.3,5.4,0.0
2013-11-20,69.3,55.9,64.0,70.9,51.9,63.1,1014.8,1016.4,1012.5,72,95,61,8.6,6.2,0.3
2013-11-21,78.2,66.1,69.6,81.7,68.4,73.3,1014.8,1017.5,1013.3,94,100,76,10.7,7.2,4.1
2013-11-22,67.6,38.8,46.4,72.8,28.5,38.9,1026.2,1030.0,1018.0,82,100,70,16.2,14.1,52.7
2013-11-23,43.6,37.5,39.9,35.5,27.5,30.6,1030.9,1032.6,1029.5,82,88,73,14.9,14.0,0.3
2013-11-24,44.1,35.8,39.7,36.1,27.8,31.3,1030.9,1033.7,1028.6,68,88,46,13.5,10.1,3.7
2013-11-25,38.4,35.1,36.9,31.7,28.9,30.2,1023.4,1028.1,1020.3,91,94,78,12.3,7.6,19.3
2013-11-26,49.3,38.0,42.5,40.5,28.6,32.8,1024.0,1028.3,1021.4,61,83,46,17.1,13.3,0.0
2013-11-27,47.9,34.0,40.3,40.6,25.3,32.1,1030.3,1033.5,1028.4,55,75,37,12.5,8.3,0.0
2013-11-28,51.6,33.2,41.0,45.6,26.6,35.0,1030.0,1032.1,1028.2,64,81,42,6.8,4.4,0.0
2013-11-29,59.0,35.9,47.5,55.8,28.9,43.5,1030.6,1033.6,1027.8,75,85,63,6.9,4.3,0.0
2013-11-30,64.2,45.8,55.4,63.2,43.0,53.0,1025.9,1028.8,1022.4,81,92,70,9.9,5.6,0.0
2013-12-01,69.9,54.3,61.4,68.1,52.8,59.8,1019.1,1022.6,1014.9,82,95,64,11.4,7.9,0.0
2013-12-02,76.1,53.0,62.8,74.0,50.2,60.9,1008.9,1014.1,1004.6,74,91,48,9.7,7.4,0.0
2013-12-03,78.6,53.1,63.8,76.3,49.6,60.7,1004.2,1005.7,1001.9,64,89,36,9.8,7.7,0.0
2013-12-04,75.2,57.3,65.5,77.4,54.4,65.7,1006.3,1008.6,1004.5,81,97,59,10.5,7.6,0.0
2013-12-05,64.8,37.7,48.6,68.5,27.3,41.9,1016.0,1020.2,1008.7,73,100,56,15.9,12.4,1.2
2013-12-06,37.7,31.2,33.9,28.0,20.4,23.1,1025.4,1032.0,1019.8,70,84,59,15.9,14.4,0.1
2013-12-07,31.7,26.9,29.3,23.3,15.8,19.5,1030.5,1033.2,1027.7,65,69,61,13.7,10.3,0.0
2013-12-08,48.1,28.4,36.0,44.2,21.9,30.6,1021.6,1027.2,1017.4,78,96,66,5.1,3.0,0.0
2013-12-09,37.5,32.3,35.2,30.5,25.1,28.0,1022.7,1029.7,1019.5,93,99,80,13.2,8.5,0.7
2013-12-10,42.8,26.4,33.8,35.2,17.1,25.2,1031.0,1034.6,1028.5,60,78,42,12.7,8.2,0.0
2013-12-11,53.7,29.6,40.7,47.8,23.4,35.0,1030.3,1035.1,1028.3,64,84,44,7.5,3.7,0.0
2013-12-12,51.1,32.9,41.1,45.4,26.1,35.1,1033.3,1036.8,1028.1,71,86,50,7.6,5.3,0.0
2013-12-13,49.5,39.5,46.7,46.8,34.4,42.2,1018.8,1027.2,1013.3,80,95,61,8.4,5.5,3.9
2013-12-14,51.0,39.9,45.5,41.1,31.1,37.5,1019.4,1028.1,1012.0,72,96,49,18.0,11.8,0.0
2013-12-15,56.5,32.3,43.6,52.6,26.2,37.7,1027.5,1030.1,1025.4,63,84,41,10.3,4.8,0.0
2013-12-16,62.9,35.2,47.4,56.7,28.6,41.2,1024.9,1026.8,1022.4,63,80,39,8.2,6.7,0.0
2013-12-17,67.0,37.8,50.8,64.6,32.1,46.2,1025.1,1027.3,1023.5,68,88,39,7.5,5.3,0.0
2013-12-18,66.7,40.4,53.1,63.5,35.7,49.2,1022.5,1025.7,1018.6,78,94,58,12.5,7.5,0.0
2013-12-19,72.5,53.9,62.9,71.1,49.1,59.7,1012.9,1017.9,1009.1,81,95,63,19.5,12.8,0.0
2013-12-20,71.6,63.2,67.2,75.8,61.9,68.2,1008.2,1010.7,1004.5,91,98,78,14.3,9.9,0.2
2013-12-21,69.0,53.0,62.4,72.6,47.5,60.1,1004.2,1009.5,1001.9,71,99,32,15.6,8.4,20.1
2013-12-22,51.8,39.2,46.6,46.0,30.6,38.8,1019.3,1029.2,1010.2,58,70,47,14.1,9.7,0.0
2013-12-23,51.7,31.6,40.2,46.2,23.8,33.4,1032.1,1034.8,1029.5,62,82,42,8.3,5.9,0.0
2013-12-24,54.9,34.7,43.3,47.7,28.7,37.2,1031.1,1034.6,1026.4,63,84,41,9.2,5.1,0.0
2013-12-25,54.8,37.0,46.5,52.6,32.2,43.1,1026.7,1029.4,1025.2,86,98,71,7.8,3.6,0.0
2013-12-26,53.2,40.4,47.3,50.1,34.0,42.4,1029.2,1031.4,1027.2,75,87,64,8.8,5.7,0.0
2013-12-27,57.2,43.9,48.9,53.7,39.7,45.3,1028.8,1031.3,1027.1,77,90,56,5.3,3.8,0.0
2013-12-28,58.5,42.2,49.6,54.9,38.9,46.2,1021.8,1027.2,1017.2,77,92,59,7.0,3.7,0.0
2013-12-29,60.9,38.5,48.4,58.6,28.2,43.2,1019.0,1026.3,1015.6,78,96,55,14.0,7.8,0.1
2013-12-30,45.6,32.8,38.9,39.2,23.5,30.5,1027.2,1029.8,1025.5,51,58,45,13.2,7.8,0.0
2013-12-31,52.7,35.3,43.0,47.9,29.3,37.3,1029.1,1032.5,1025.5,61,77,48,5.7,3.9,0.0
2014-01-01,63.7,40.0,50.4,58.1,33.6,44.8,1019.9,1025.1,1016.0,73,92,58,13.7,8.8,0.0
2014-01-02,49.4,33.7,41.1,44.4,22.3,31.7,1028.9,1032.3,1019.7,56,90,40,16.9,11.7,0.0
2014-01-03,52.9,28.5,39.7,43.9,22.1,32.0,1027.8,1032.1,1021.6,61,83,32,12.5,7.4,0.0
2014-01-04,67.4,42.4,54.0,62.3,34.6,48.1,1014.4,1020.5,1009.8,77,91,53,17.0,12.1,0.0
2014-01-05,56.7,34.6,45.3,54.7,22.3,35.5,1020.0,1031.6,1009.1,58,97,36,19.1,15.1,0.0
2014-01-06,33.8,23.7,29.0,25.4,11.8,18.9,1038.7,1043.0,1032.1,43,59,33,15.1,9.3,0.0
2014-01-07,44.1,24.4,33.9,34.1,16.6,25.4,1033.8,1038.6,1028.6,47,65,31,10.7,6.9,0.0
2014-01-08,54.1,40.4,47.8,52.5,32.5,43.9,1022.8,1027.6,1019.6,85,98,62,8.9,5.8,0.3
2014-01-09,59.7,52.2,55.8,60.0,50.9,55.4,1019.1,1021.9,1016.5,97,100,89,11.2,4.8,0.4
2014-01-10,69.2,57.5,63.0,68.5,55.5,61.9,1011.4,1015.7,1007.7,91,99,75,14.0,11.1,1.1
2014-01-11,69.1,47.6,57.3,63.5,40.5,51.7,1017.3,1020.8,1011.1,53,89,27,12.0,7.7,0.0
2014-01-12,66.7,44.8,55.8,61.5,38.0,50.2,1016.4,1019.8,1012.8,68,91,54,16.7,10.8,0.9
2014-01-13,65.1,42.9,57.3,59.3,37.2,50.9,1016.5,1020.6,1011.0,56,97,21,15.7,10.5,0.0
2014-01-14,71.0,39.5,53.0,63.8,31.9,44.9,1019.8,1026.6,1015.6,44,63,20,15.5,9.6,0.0
2014-01-15,60.2,39.3,49.3,54.2,31.4,41.4,1027.3,1031.9,1022.3,40,56,26,14.4,7.8,0.0
2014-01-16,66.5,41.6,52.0,62.9,32.9,45.3,1019.9,1022.4,1017.6,46,63,33,10.8,7.3,0.0
2014-01-17,59.2,41.7,49.8,51.9,34.9,42.0,1025.6,1028.6,1022.5,38,65,25,11.5,7.5,0.0
2014-01-18,67.0,36.9,50.6,61.6,30.1,44.5,1022.2,1024.9,1018.9,55,78,39,11.7,7.0,0.0
2014-01-19,66.2,39.6,52.3,62.3,33.5,46.9,1023.3,1027.7,1020.3,51,81,28,8.4,4.9,0.0
2014-01-20,78.6,47.3,60.2,73.4,40.6,53.9,1015.7,1019.9,1010.7,53,89,23,15.7,10.3,0.0
2014-01-21,59.5,40.6,52.6,51.7,34.4,43.6,1026.3,1030.5,1021.1,37,63,25,16.8,10.7,0.0
2014-01-22,67.0,37.6,50.4,57.7,30.1,42.7,1019.5,1023.7,1015.6,44,75,18,10.9,7.5,0.0
2014-01-23,48.2,27.2,39.7,43.6,16.6,30.9,1028.2,1040.1,1017.7,79,96,56,18.8,12.6,3.7
2014-01-24,38.4,26.7,31.7,30.9,16.0,22.6,1037.1,1041.5,1029.5,52,88,36,13.7,8.0,1.8
2014-01-25,65.6,28.7,45.3,60.1,20.8,38.5,1021.9,1028.8,1016.9,50,72,24,7.4,5.5,0.0
2014-01-26,73.7,40.5,55.8,66.9,33.4,49.1,1010.5,1016.1,1005.4,49,66,33,14.8,9.2,0.0
2014-01-27,52.6,38.7,46.5,47.7,27.3,35.9,1018.2,1024.8,1009.0,39,64,26,19.5,13.6,0.0
2014-01-28,39.1,27.7,33.0,28.1,17.6,22.3,1029.2,1032.4,1025.1,46,77,27,13.7,11.4,2.1
2014-01-29,44.9,25.1,34.3,36.5,17.5,26.2,1030.0,1033.5,1026.0,45,69,26,11.3,5.8,0.0
2014-01-30,62.9,31.3,46.6,55.8,21.6,38.5,1018.0,1025.4,1012.1,64,89,46,17.5,12.0,0.0
2014-01-31,74.6,50.0,60.0,71.4,44.9,56.3,1011.6,1014.4,1008.9,82,98,50,14.7,12.1,0.0
2014-02-01,72.8,63.4,66.6,74.9,61.1,66.9,1009.3,1011.7,1007.9,87,97,69,15.2,9.7,1.2
2014-02-02,63.3,37.5,43.1,64.0,27.6,34.4,1018.5,1024.5,1012.2,80,97,64,18.1,14.2,4.1
2014-02-03,47.5,35.4,41.1,41.5,26.2,33.8,1021.8,1025.2,1016.1,68,79,61,11.2,8.1,0.1
2014-02-04,61.8,41.9,48.1,59.0,37.4,44.4,1014.2,1018.7,1010.8,82,96,47,5.9,4.2,4.5
2014-02-05,42.2,31.0,37.7,36.5,20.4,27.9,1027.9,1032.7,1019.3,60,94,41,15.5,12.5,0.0
2014-02-06,31.3,25.9,28.7,21.7,14.6,18.3,1032.1,1034.9,1030.2,53,60,48,13.2,10.7,0.4
2014-02-07,32.8,27.5,30.3,27.2,18.9,23.3,1027.2,1030.0,1024.9,70,87,60,7.1,4.4,0.5
2014-02-08,62.6,28.7,44.3,56.4,22.1,38.5,1021.3,1025.1,1016.9,74,93,47,11.2,7.1,0.0
2014-02-09,70.1,39.7,54.0,66.6,34.5,50.1,1017.2,1020.0,1013.2,77,96,46,11.2,7.5,0.0
2014-02-10,55.8,35.9,41.8,56.1,26.6,34.3,1021.0,1023.7,1016.6,89,96,81,14.1,11.8,1.6
2014-02-11,36.0,33.0,33.7,26.4,23.0,24.3,1024.2,1026.0,1022.9,83,92,70,13.9,12.2,1.6
2014-02-12,52.4,30.5,39.8,46.2,22.1,33.0,1022.0,1025.0,1018.5,65,82,42,11.6,6.6,0.0
2014-02-13,64.4,31.9,47.1,57.7,25.2,40.8,1016.4,1019.4,1012.9,64,88,37,11.1,7.5,0.0
2014-02-14,79.4,45.3,57.9,73.1,39.2,51.8,1013.3,1018.5,1010.7,60,91,24,15.7,9.9,0.0
2014-02-15,71.0,41.3,55.4,63.0,35.6,49.5,1019.0,1022.1,1016.1,53,91,25,11.6,7.5,0.0
2014-02-16,73.2,52.6,61.8,72.1,50.3,61.0,1016.1,1018.2,1013.8,88,100,62,11.7,8.1,0.0
2014-02-17,75.2,58.9,66.0,73.1,54.7,64.4,1016.9,1019.9,1013.7,73,98,39,11.9,8.7,0.0
2014-02-18,77.1,57.5,66.2,75.9,53.9,65.1,1015.6,1019.5,1012.1,69,93,55,12.5,7.3,0.2
2014-02-19,77.4,59.9,66.7,75.4,59.3,65.4,1010.8,1013.9,1006.6,81,99,51,14.8,10.9,0.0
2014-02-20,81.4,55.9,67.8,77.3,45.5,63.0,1010.6,1019.0,1006.5,58,94,14,15.5,12.7,0.0
2014-02-21,67.4,43.1,55.8,59.5,37.0,48.5,1019.6,1023.4,1016.3,34,57,21,10.9,7.4,0.0
2014-02-22,73.9,44.0,58.9,69.6,39.8,54.4,1014.8,1017.8,1011.0,62,89,46,14.1,8.4,0.0
2014-02-23,79.7,58.5,67.6,81.7,57.4,67.7,1013.9,1017.2,1012.1,72,93,43,10.1,5.7,0.0
2014-02-24,71.0,53.5,61.5,72.1,50.9,60.4,1017.4,1019.5,1015.3,76,93,63,9.9,5.7,0.1
2014-02-25,69.9,52.1,62.4,74.2,47.1,63.3,1015.7,1017.5,1013.8,94,100,85,11.5,6.8,2.7
2014-02-26,51.3,36.8,41.6,45.9,27.5,32.8,1022.3,1024.9,1017.7,67,93,40,18.4,12.0,4.0
2014-02-27,55.7,30.8,43.1,49.5,24.4,36.6,1019.2,1023.6,1014.0,51,77,34,9.4,5.3,0.0
2014-02-28,79.1,42.9,58.8,75.0,35.1,53.5,1010.6,1013.5,1007.2,64,94,35,12.8,10.8,0.0
2014-03-01,80.5,53.8,66.0,80.0,51.9,65.0,1013.4,1016.3,1011.6,80,98,53,13.3,9.7,0.0
2014-03-02,71.9,31.4,54.3,76.5,18.9,51.0,1017.5,1026.0,1012.1,86,100,64,19.6,12.1,5.3
2014-03-03,41.8,23.3,32.4,32.7,10.2,21.2,1027.8,1030.7,1025.6,50,63,42,17.4,13.7,0.9
2014-03-04,46.3,29.8,37.3,41.0,22.8,31.0,1021.7,1025.9,1017.8,70,85,55,8.4,4.4,20.0
2014-03-05,54.8,37.1,45.3,52.9,31.3,40.7,1017.8,1021.8,1015.7,74,81,66,7.4,4.2,0.3
2014-03-06,59.8,43.5,50.0,56.9,37.5,45.4,1021.4,1024.9,1018.3,72,88,48,10.0,6.5,0.0
2014-03-07,66.3,39.3,52.3,60.6,34.4,47.2,1015.5,1019.2,1011.2,71,92,45,13.3,8.2,0.0
2014-03-08,61.0,45.0,53.5,59.6,37.8,50.1,1017.7,1025.5,1012.2,90,97,81,13.5,9.0,15.0
2014-03-09,53.9,40.9,46.5,51.2,32.1,40.4,1025.4,1028.2,1022.9,73,92,62,13.0,7.9,2.0
2014-03-10,69.3,44.9,56.2,69.2,41.6,54.4,1018.3,1023.4,1013.8,81,96,62,10.1,4.9,2.4
2014-03-11,77.3,54.7,63.4,75.6,52.8,61.5,1006.9,1013.2,1002.0,76,97,49,11.9,9.2,0.1
2014-03-12,62.9,47.0,55.3,58.4,36.9,45.7,1020.1,1025.6,1007.1,41,65,25,20.7,14.6,0.0
2014-03-13,63.6,38.8,51.8,59.8,32.2,46.1,1024.3,1028.3,1020.1,48,70,33,11.7,6.1,0.0
2014-03-14,71.8,46.3,59.8,69.6,42.2,56.6,1016.9,1019.6,1013.9,75,95,54,12.5,8.8,0.0
2014-03-15,73.5,60.7,65.3,74.2,60.5,66.3,1010.1,1015.1,1004.8,87,98,65,9.9,6.7,3.2
2014-03-16,62.2,46.6,56.4,62.7,35.5,48.9,1013.0,1018.4,1005.9,62,90,40,20.6,14.9,0.0
2014-03-17,64.7,41.3,51.7,61.5,33.8,45.2,1013.8,1018.5,1008.2,45,59,27,14.9,7.6,0.2
2014-03-18,77.8,48.5,61.4,73.5,39.6,55.7,1007.0,1009.8,1004.3,57,92,38,15.4,12.7,0.0
2014-03-19,67.6,51.2,58.8,62.2,40.9,53.2,1018.8,1022.5,1011.2,50,94,31,15.0,8.8,0.0
2014-03-20,71.7,43.0,57.8,70.8,38.5,54.2,1020.6,1024.2,1016.8,53,82,31,7.2,4.4,0.0
2014-03-21,76.9,53.0,64.2,73.8,49.7,61.4,1013.4,1016.6,1010.1,74,97,52,17.7,10.6,0.0
2014-03-22,78.0,60.9,68.9,80.7,60.9,71.2,1013.9,1016.8,1012.3,83,99,58,10.4,5.2,0.0
2014-03-23,62.4,53.3,56.6,60.7,44.9,50.6,1022.3,1024.7,1017.3,71,86,62,18.0,12.4,0.8
2014-03-24,65.7,50.1,56.9,64.0,45.8,54.3,1020.2,1023.9,1016.6,66,86,52,7.2,3.9,0.0
2014-03-25,67.6,44.4,56.7,63.4,39.2,51.7,1023.6,1027.4,1020.7,56,87,30,13.1,7.4,0.0
2014-03-26,63.5,52.3,58.2,55.8,46.3,52.1,1018.5,1022.6,1014.1,68,83,42,20.8,13.1,2.5
2014-03-27,80.2,60.4,68.3,81.9,56.0,68.3,1009.4,1013.5,1006.0,84,99,55,15.5,11.1,1.7
2014-03-28,81.9,64.7,71.1,85.0,64.2,72.8,1009.4,1016.1,1006.6,77,100,38,10.4,6.7,1.2
2014-03-29,75.6,53.3,63.8,71.0,47.6,58.6,1021.8,1024.9,1017.2,46,84,22,12.1,8.8,0.0
2014-03-30,77.5,48.0,62.7,72.7,43.1,57.3,1020.1,1023.3,1015.7,50,71,30,14.4,10.0,0.0
2014-03-31,81.8,57.2,68.2,80.1,52.7,65.5,1013.4,1016.9,1010.3,69,91,42,16.1,11.9,0.0
2014-04-01,83.6,62.8,72.0,83.5,62.8,72.6,1012.7,1015.2,1009.8,79,97,49,13.9,10.7,0.7
2014-04-02,80.7,69.2,74.3,80.9,70.9,75.1,1008.7,1011.5,1005.6,80,98,58,22.0,13.6,0.8
2014-04-03,82.5,70.2,75.5,83.9,71.7,77.2,1007.1,1009.4,1004.2,77,95,58,15.7,11.3,0.0
2014-04-04,70.3,54.8,63.8,74.5,44.0,56.0,1017.1,1020.6,1009.7,35,97,19,17.5,12.1,0.0
2014-04-05,66.4,54.6,60.2,61.5,47.7,54.5,1015.5,1018.3,1011.8,45,61,34,9.7,7.2,2.4
2014-04-06,59.3,51.3,55.3,56.0,47.4,51.6,1009.1,1011.7,1007.1,84,95,62,13.0,9.1,23.4
2014-04-07,71.8,44.2,57.2,71.1,40.9,55.2,1012.6,1017.4,1009.9,76,98,41,10.8,5.2,3.1
2014-04-08,73.0,51.3,61.3,65.3,45.1,55.0,1020.1,1022.2,1017.4,51,89,23,17.2,11.3,0.0
2014-04-09,79.9,47.3,64.1,77.1,41.9,59.5,1021.4,1024.7,1017.7,49,71,31,12.7,8.9,0.0
2014-04-10,83.3,57.6,69.2,79.2,53.9,65.1,1016.3,1019.8,1012.8,61,88,34,17.7,14.0,0.0
2014-04-11,83.7,59.1,70.3,83.7,57.2,68.2,1014.9,1016.7,1012.1,67,91,42,14.1,12.3,0.0
2014-04-12,84.5,63.0,72.3,82.5,61.5,70.5,1012.5,1015.2,1009.4,69,92,43,16.9,13.8,0.0
2014-04-13,79.6,66.3,71.7,80.8,64.2,73.2,1007.5,1010.6,1003.7,83,95,64,15.2,11.0,1.0
2014-04-14,70.5,52.7,60.7,76.9,41.6,54.3,1014.6,1024.4,1005.1,58,97,28,22.2,14.9,6.2
2014-04-15,62.5,43.0,53.0,60.1,34.4,46.1,1024.8,1028.7,1020.6,32,49,24,14.3,7.1,0.0
2014-04-16,71.0,42.5,57.1,65.9,36.1,50.9,1017.6,1020.9,1013.2,50,70,36,14.0,10.1,0.0
2014-04-17,67.7,54.8,61.2,66.9,51.8,59.7,1018.1,1021.4,1015.4,78,94,64,9.6,6.6,2.2
2014-04-18,73.2,58.4,65.3,72.2,59.0,65.3,1020.9,1022.8,1018.8,73,97,47,7.7,4.2,0.5
2014-04-19,79.1,53.0,67.0,77.7,50.6,65.5,1019.7,1022.0,1017.1,62,88,38,9.9,6.4,0.0
2014-04-20,74.6,59.0,67.0,73.3,59.9,66.6,1018.8,1020.8,1016.3,76,97,56,10.5,7.9,0.5
2014-04-21,80.6,61.5,70.5,81.7,62.0,71.5,1016.0,1017.8,1012.6,77,97,54,11.6,7.9,0.0
2014-04-22,83.5,59.3,72.0,84.3,60.8,73.2,1014.8,1017.2,1012.3,68,99,38,8.6,5.8,0.0
2014-04-23,85.7,59.7,73.3,85.1,60.6,73.2,1011.0,1013.5,1007.3,67,97,40,14.3,9.3,0.0
2014-04-24,89.1,65.6,75.3,94.4,64.1,75.7,1010.0,1013.3,1008.2,60,95,28,14.4,7.3,0.0
2014-04-25,86.7,59.2,73.6,88.5,54.5,72.7,1013.5,1016.7,1010.6,50,73,35,10.4,6.8,0.0
2014-04-26,81.3,65.8,74.1,83.2,67.5,75.6,1007.9,1011.8,1004.1,77,97,54,14.3,10.7,0.5
2014-04-27,95.3,71.2,81.5,97.0,71.3,82.7,1000.4,1004.1,997.0,58,91,21,14.6,9.6,0.0
2014-04-28,90.9,66.0,78.0,85.9,58.8,73.7,1003.2,1006.3,1000.7,29,75,10,9.4,6.7,0.0
2014-04-29,82.3,62.7,71.9,76.1,56.1,64.3,1008.4,1015.1,1002.9,25,41,14,17.2,11.4,0.0
2014-04-30,73.8,58.2,65.4,68.7,50.8,58.7,1018.8,1021.5,1015.4,30,39,24,14.7,9.2,0.0
2014-05-01,74.6,50.3,64.5,71.6,47.0,60.2,1019.6,1022.3,1016.0,37,71,19,6.1,4.1,0.0
2014-05-02,79.7,54.9,68.5,76.4,51.0,63.9,1016.3,1018.7,1013.6,33,58,16,6.8,4.6,0.0
2014-05-03,90.3,59.2,75.0,89.1,52.6,69.6,1016.0,1017.9,1014.0,26,43,13,12.1,7.8,0.0
2014-05-04,89.1,63.6,76.1,83.5,56.5,69.1,1016.8,1019.1,1013.9,27,41,16,13.7,11.9,0.0
2014-05-05,89.9,61.4,74.8,88.8,59.3,72.5,1013.0,1016.4,1008.8,55,85,32,14.8,12.0,0.0
2014-05-06,88.5,63.3,74.5,88.2,62.0,73.6,1009.2,1011.1,1006.6,67,93,41,15.9,13.0,0.0
2014-05-07,88.3,68.5,76.9,87.6,67.6,76.3,1009.5,1011.5,1007.4,66,86,40,16.5,13.7,0.0
2014-05-08,79.4,72.8,75.1,84.2,75.1,78.6,1009.3,1010.5,1007.2,88,94,79,14.8,12.2,13.0
2014-05-09,79.5,71.6,74.9,86.0,77.0,80.8,1011.7,1014.0,1008.9,87,98,73,12.1,5.6,5.3
2014-05-10,86.2,64.5,75.5,90.3,67.2,78.6,1010.7,1013.7,1007.5,75,97,51,11.0,7.5,0.0
2014-05-11,88.8,69.2,78.1,88.6,71.7,79.5,1008.1,1010.5,1004.8,72,96,43,16.8,12.9,0.0
2014-05-12,83.6,70.3,76.1,86.6,76.5,80.4,1009.5,1013.5,1007.6,86,99,64,17.4,10.8,46.4
2014-05-13,69.6,56.9,61.8,74.3,52.0,58.5,1019.3,1024.4,1014.1,78,100,52,14.4,11.8,48.3
2014-05-14,71.3,54.4,61.8,66.2,48.3,56.9,1023.7,1025.4,1021.4,58,85,31,14.8,10.8,2.0
2014-05-15,78.2,49.0,65.0,78.4,45.3,62.1,1023.0,1026.0,1019.2,54,83,29,12.0,7.0,0.0
2014-05-16,81.5,60.5,69.9,79.2,54.2,65.2,1018.1,1020.8,1014.7,49,66,32,14.4,12.8,0.0
2014-05-17,81.5,59.5,69.8,82.2,54.4,67.2,1015.0,1016.9,1012.8,63,80,45,15.5,13.0,0.0
2014-05-18,81.1,62.5,71.2,82.1,62.2,70.4,1017.0,1018.6,1015.0,70,94,49,14.3,11.1,0.0
2014-05-19,82.9,63.4,72.4,83.8,62.6,71.5,1016.1,1017.7,1014.0,70,94,49,14.8,12.3,0.0
2014-05-20,85.2,67.1,75.0,86.7,67.5,75.4,1016.4,1018.2,1014.6,70,94,46,13.9,12.2,0.0
2014-05-21,84.7,68.2,75.8,84.5,69.6,76.1,1016.8,1018.4,1014.6,70,95,46,13.4,11.6,0.0
2014-05-22,83.6,67.3,75.5,85.6,69.9,77.5,1017.5,1018.9,1015.1,73,96,54,11.6,9.3,1.3
2014-05-23,82.0,68.3,75.2,83.9,71.1,76.8,1016.9,1018.3,1014.5,72,95,52,12.5,9.0,0.2
2014-05-24,83.2,67.0,74.7,85.0,69.5,77.0,1015.3,1017.1,1012.4,77,95,57,11.8,9.3,1.5
2014-05-25,86.3,70.0,77.4,87.1,72.6,79.9,1015.0,1017.2,1012.4,69,94,46,12.4,8.4,0.2
2014-05-26,81.8,69.7,72.7,89.3,73.8,77.4,1015.4,1017.2,1013.9,89,97,69,10.5,6.8,45.1
2014-05-27,73.9,69.6,71.1,80.3,73.4,76.7,1013.1,1015.3,1010.9,97,99,87,9.3,6.0,49.3
2014-05-28,80.1,67.2,73.5,83.3,72.1,77.3,1011.5,1013.0,1010.3,79,100,56,11.2,6.0,6.8
2014-05-29,84.2,63.7,74.7,88.6,66.0,78.7,1011.0,1012.6,1009.1,72,93,49,6.6,4.1,0.0
2014-05-30,87.7,66.0,77.8,93.7,68.6,82.2,1010.3,1011.4,1008.5,69,93,41,5.9,4.4,0.0
2014-05-31,85.4,69.2,78.0,92.0,75.4,83.9,1011.4,1012.8,1010.1,74,96,52,6.7,4.1,0.0
2014-06-01,84.5,68.3,77.3,91.7,74.1,83.1,1012.2,1014.2,1010.6,77,99,60,10.3,4.8,1.2
2014-06-02,86.3,70.5,78.4,90.6,74.1,82.9,1013.2,1014.8,1011.7,75,96,57,9.8,7.8,0.3
2014-06-03,86.7,70.6,78.5,92.3,77.1,84.2,1014.3,1016.1,1012.2,76,98,57,8.4,5.6,0.5
2014-06-04,85.0,71.2,78.5,90.4,76.8,82.9,1011.4,1012.7,1009.2,76,97,58,11.5,8.3,0.0
2014-06-05,87.2,71.7,79.5,92.8,75.8,83.5,1009.9,1011.2,1008.9,75,95,59,12.4,10.0,0.0
2014-06-06,87.2,72.8,79.8,91.2,77.6,83.5,1012.0,1014.1,1010.4,73,95,55,12.8,10.0,0.0
2014-06-07,88.4,72.1,80.5,91.7,76.6,84.2,1012.2,1014.6,1009.8,71,96,52,13.0,9.8,0.0
2014-06-08,88.3,74.4,80.7,92.9,78.5,85.6,1011.6,1014.9,1007.9,72,91,50,14.8,8.2,1.5
2014-06-09,86.3,70.1,76.1,93.0,76.4,82.5,1009.1,1010.7,1008.0,85,97,56,12.4,5.0,44.0
2014-06-10,87.2,65.2,75.8,90.5,66.3,78.8,1011.0,1012.8,1009.4,68,98,41,9.9,6.3,0.0
2014-06-11,90.8,64.6,78.9,96.9,67.5,84.2,1010.6,1012.6,1007.5,71,92,48,9.9,6.0,0.0
2014-06-12,91.1,73.6,81.4,98.3,78.8,87.7,1010.0,1013.0,1007.7,77,96,53,14.2,8.3,5.0
2014-06-13,86.4,69.4,77.6,97.3,73.9,85.1,1013.4,1015.5,1011.5,83,99,63,7.2,4.6,14.9
2014-06-14,87.4,72.8,80.0,93.1,78.8,85.4,1012.2,1015.2,1009.5,74,96,54,13.2,8.0,0.0
2014-06-15,89.3,73.7,81.0,93.1,77.3,84.9,1011.7,1014.4,1010.4,72,93,51,13.3,11.0,0.0
2014-06-16,89.1,74.2,81.3,92.9,80.2,85.9,1014.7,1016.5,1012.6,72,95,48,13.0,9.6,1.0
2014-06-17,89.9,75.8,82.2,94.7,80.7,86.1,1014.6,1016.3,1012.2,69,91,47,14.3,11.2,0.0
2014-06-18,89.0,75.2,81.0,94.3,79.3,85.0,1014.2,1015.8,1012.1,72,90,53,12.8,11.0,0.8
2014-06-19,89.1,76.3,82.0,94.4,79.5,86.1,1015.7,1017.2,1014.6,65,84,45,11.0,8.5,0.1
2014-06-20,87.2,72.4,80.6,93.3,78.9,85.2,1016.9,1018.8,1014.8,66,92,48,7.8,5.7,0.0
2014-06-21,88.1,72.8,80.6,96.1,79.4,86.5,1014.7,1017.2,1011.8,72,95,56,10.3,6.1,0.1
2014-06-22,85.4,74.4,78.2,91.3,79.2,84.5,1012.3,1014.2,1009.9,82,93,60,10.2,6.9,10.2
2014-06-23,86.9,73.0,78.8,99.2,77.1,86.8,1012.9,1015.3,1010.8,83,95,68,10.0,5.2,7.9
2014-06-24,88.8,73.1,80.5,102.8,79.3,87.7,1015.6,1017.1,1013.6,76,95,58,9.8,5.5,0.5
2014-06-25,83.8,72.8,76.8,93.4,79.0,83.8,1015.7,1017.9,1013.9,88,98,70,9.9,6.1,3.9
2014-06-26,84.6,71.0,76.9,92.1,76.8,83.0,1013.9,1016.2,1010.8,84,98,68,11.2,6.8,2.0
2014-06-27,86.9,73.8,79.7,90.2,78.1,84.0,1011.1,1013.0,1009.1,77,92,56,14.5,11.2,0.7
2014-06-28,89.7,76.2,82.2,92.9,80.4,86.5,1011.8,1014.0,1010.1,73,89,54,15.0,12.2,0.1
2014-06-29,90.5,76.3,82.6,93.7,81.7,86.3,1014.9,1016.2,1013.1,72,92,51,15.9,13.0,0.0
2014-06-30,92.0,75.5,82.5,96.0,80.1,86.3,1013.9,1016.0,1011.3,70,93,47,15.2,12.8,0.0
2014-07-01,91.9,74.0,82.3,97.6,78.6,86.5,1013.3,1015.7,1011.8,68,94,42,12.8,9.7,0.0
2014-07-02,92.5,69.9,81.5,101.0,76.2,87.8,1016.2,1017.6,1015.1,68,97,39,7.4,4.6,0.0
2014-07-03,90.8,72.3,80.2,99.6,78.4,86.8,1018.8,1020.8,1017.1,74,91,49,12.8,5.7,2.8
2014-07-04,88.9,72.8,79.8,96.9,80.7,87.1,1020.9,1022.5,1019.1,76,96,51,9.1,4.4,0.7
2014-07-05,89.1,71.0,79.9,97.3,78.2,86.7,1020.1,1022.5,1017.8,75,98,51,11.4,4.9,0.2
2014-07-06,91.9,71.5,81.4,98.6,78.5,87.2,1016.4,1018.6,1013.5,70,98,45,9.0,6.6,0.1
2014-07-07,92.5,74.7,83.2,95.5,79.8,86.4,1015.2,1016.7,1013.2,59,83,37,11.0,7.9,0.0
2014-07-08,94.1,73.7,83.5,99.1,79.4,87.7,1015.9,1017.1,1014.3,61,92,39,11.6,7.9,0.2
2014-07-09,94.9,73.9,84.6,97.4,78.4,87.0,1016.3,1018.5,1013.8,52,81,29,11.5,8.0,0.0
2014-07-10,92.3,71.7,82.6,96.8,75.8,85.6,1016.4,1018.9,1014.1,56,83,41,14.0,7.6,0.0
2014-07-11,91.9,73.4,81.8,92.0,76.9,84.5,1018.7,1020.1,1016.8,61,86,36,10.8,7.8,0.0
2014-07-12,94.1,68.8,82.7,97.5,74.2,86.7,1019.3,1021.7,1016.2,58,95,32,7.3,5.2,0.0
2014-07-13,95.2,74.5,85.5,100.8,81.7,90.5,1017.2,1019.4,1014.3,56,89,35,7.4,5.2,0.0
2014-07-14,96.3,76.6,86.7,103.3,80.7,91.1,1015.1,1017.4,1012.1,53,76,34,8.5,6.1,0.0
2014-07-15,89.9,77.1,83.7,96.1,81.1,88.3,1014.9,1016.8,1013.1,61,76,47,11.2,6.1,0.3
2014-07-16,90.3,74.3,81.7,99.7,82.5,89.1,1013.7,1015.9,1010.5,74,96,54,11.3,5.1,8.4
2014-07-17,88.3,77.0,81.7,95.0,82.4,88.0,1011.1,1012.7,1008.0,75,91,58,10.9,7.2,4.5
2014-07-18,77.0,71.9,74.5,85.6,76.6,80.6,1013.7,1015.5,1011.4,88,99,75,10.1,5.4,28.8
2014-07-19,82.1,70.5,76.0,88.7,74.8,81.5,1015.4,1016.5,1013.6,78,88,68,6.2,4.6,0.2
2014-07-20,89.3,71.6,80.5,98.7,77.4,88.2,1014.6,1016.5,1012.0,76,90,57,7.4,4.1,0.0
2014-07-21,92.3,76.3,84.0,102.1,86.3,92.9,1015.0,1017.1,1013.0,73,98,49,5.9,4.6,0.0
2014-07-22,92.9,74.1,83.7,102.3,81.9,91.3,1016.2,1017.7,1014.4,68,94,43,6.2,4.2,0.0
2014-07-23,90.9,73.2,83.0,98.7,80.7,90.1,1016.6,1018.4,1014.0,70,93,51,7.8,5.0,0.0
2014-07-24,91.1,76.7,83.6,99.3,83.9,90.8,1015.5,1017.9,1012.8,65,83,48,6.8,3.6,0.0
2014-07-25,92.6,75.6,84.7,100.1,82.1,90.7,1015.0,1017.1,1012.2,61,85,43,10.0,5.2,0.0
2014-07-26,97.8,76.9,86.7,101.3,83.7,91.0,1014.8,1017.0,1012.0,59,87,33,13.0,9.4,0.0
2014-07-27,96.6,76.1,86.3,102.5,82.2,91.1,1016.1,1017.7,1013.9,59,87,35,11.7,8.6,0.0
2014-07-28,95.4,76.6,86.2,104.0,81.5,91.3,1017.7,1020.0,1015.4,55,76,36,9.4,5.7,0.0
2014-07-29,93.8,77.1,84.8,102.5,84.7,91.6,1017.4,1019.2,1015.7,63,81,45,11.4,4.5,0.7
2014-07-30,95.4,75.5,85.4,98.8,80.6,88.9,1014.9,1017.4,1011.2,54,80,32,12.3,7.1,0.0
2014-07-31,92.7,76.5,84.5,100.1,80.1,89.8,1013.9,1015.5,1011.6,63,86,44,11.7,6.7,0.0
2014-08-01,87.7,73.8,80.5,90.0,77.4,83.2,1015.5,1016.6,1013.6,61,75,44,10.0,7.3,0.0
2014-08-02,86.3,70.6,78.8,86.8,74.8,81.2,1016.7,1018.4,1014.9,62,82,44,9.5,6.2,0.0
2014-08-03,90.7,71.4,81.3,91.3,75.2,84.1,1016.1,1018.0,1013.5,60,84,37,11.4,7.2,0.0
2014-08-04,91.2,73.6,82.4,94.0,79.7,86.6,1015.6,1017.0,1013.4,62,86,39,9.2,6.2,0.0
2014-08-05,93.5,73.7,84.2,98.8,80.9,89.5,1016.1,1018.3,1013.8,59,88,36,8.5,4.1,0.0
2014-08-06,94.0,76.3,85.8,100.7,82.5,91.0,1014.7,1017.0,1011.2,56,79,39,11.7,4.9,0.0
2014-08-07,98.0,77.9,87.9,103.5,84.6,92.3,1012.3,1014.5,1008.8,56,84,34,11.2,8.5,0.0
2014-08-08,99.1,78.4,88.5,105.5,85.4,93.2,1012.7,1014.9,1009.6,55,85,31,11.4,8.3,0.0
2014-08-09,97.6,78.1,88.0,101.8,85.5,92.4,1014.3,1016.7,1011.1,54,85,30,10.7,7.2,0.0
2014-08-10,98.5,78.5,87.9,105.0,84.5,93.0,1014.9,1016.8,1011.9,55,78,31,10.3,6.7,0.0
2014-08-11,95.5,80.2,86.3,105.0,86.5,93.4,1016.1,1017.2,1015.0,63,77,40,7.9,5.0,6.6
2014-08-12,95.6,76.6,85.7,101.6,82.8,91.2,1016.0,1017.8,1013.3,59,91,31,6.7,4.9,0.5
2014-08-13,93.8,71.0,82.9,95.2,70.1,83.2,1016.5,1018.6,1014.3,42,57,26,9.4,6.2,0.0
2014-08-14,95.1,72.8,84.1,99.0,74.3,86.6,1015.2,1017.5,1012.3,47,74,30,8.6,5.0,0.0
2014-08-15,96.6,75.9,86.5,100.5,83.0,90.7,1013.5,1016.4,1010.0,54,89,30,9.7,5.9,0.0
2014-08-16,99.5,77.9,88.3,103.3,83.6,91.9,1012.7,1014.8,1009.6,54,83,28,12.9,9.0,0.0
2014-08-17,96.1,79.5,87.8,101.9,85.7,91.9,1013.4,1015.4,1010.7,54,81,30,11.3,7.6,0.0
2014-08-18,96.6,79.1,86.3,99.3,84.6,90.7,1012.4,1014.7,1009.0,60,84,32,11.8,8.9,0.0
2014-08-19,95.3,77.9,85.9,99.0,83.1,89.4,1012.0,1014.6,1008.6,58,80,36,14.7,9.7,0.0
2014-08-20,97.9,78.0,86.1,101.1,83.3,90.0,1013.0,1015.2,1010.0,61,86,32,14.5,10.9,0.1
2014-08-21,99.6,79.9,88.0,100.0,85.1,90.5,1015.4,1017.0,1013.1,56,84,25,14.1,12.0,0.0
2014-08-22,99.9,77.6,87.6,102.8,84.3,90.7,1015.8,1017.7,1013.2,54,85,26,13.2,9.6,0.3
2014-08-23,98.1,75.3,86.8,102.7,82.0,90.6,1014.1,1016.5,1010.7,55,89,32,11.8,7.8,0.0
2014-08-24,97.8,77.0,87.4,103.6,82.9,92.3,1012.5,1014.5,1009.6,56,88,34,10.3,7.0,0.0
2014-08-25,98.1,78.3,88.5,104.0,85.3,93.4,1012.7,1014.5,1009.9,52,81,30,9.5,5.6,0.0
2014-08-26,98.3,79.6,88.8,103.3,86.0,93.7,1014.1,1016.0,1012.0,51,72,33,10.5,5.3,0.0
2014-08-27,96.1,79.1,87.2,97.3,86.5,91.0,1014.8,1016.7,1012.3,51,75,27,8.7,5.8,0.0
2014-08-28,93.8,76.6,84.0,98.9,84.3,90.1,1012.4,1014.8,1009.0,66,84,40,11.9,6.0,0.6
2014-08-29,95.5,77.3,84.9,101.2,84.9,91.0,1011.4,1012.8,1008.9,64,87,40,10.9,6.2,0.1
2014-08-30,93.8,75.6,84.1,99.3,84.0,90.0,1012.7,1014.2,1010.4,64,88,41,10.0,5.0,0.4
2014-08-31,93.8,76.9,84.0,98.9,83.0,88.9,1013.4,1015.2,1011.2,66,88,44,12.6,8.9,0.2
2014-09-01,97.3,77.3,85.9,101.2,82.7,90.3,1012.3,1013.7,1009.7,63,89,36,12.7,10.0,0.0
2014-09-02,96.2,78.2,85.8,99.5,85.1,90.5,1012.9,1014.2,1010.6,64,89,37,13.7,9.5,0.4
2014-09-03,97.6,77.0,86.0,98.6,84.1,89.7,1014.1,1015.6,1012.2,58,86,30,13.9,8.5,0.0
2014-09-04,93.2,76.9,83.5,97.6,85.3,89.4,1015.4,1016.9,1014.0,68,91,43,12.9,7.0,2.2
2014-09-05,95.3,75.5,84.3,99.8,84.1,89.9,1016.3,1018.3,1013.2,65,92,36,12.5,6.2,0.2
2014-09-06,94.4,76.3,85.3,100.2,84.8,91.4,1016.0,1018.2,1012.7,59,90,34,6.5,3.2,0.0
2014-09-07,89.0,76.5,82.5,96.4,83.6,89.3,1016.3,1018.3,1014.0,68,85,51,5.4,3.8,0.7
2014-09-08,93.3,74.8,84.1,100.6,83.1,90.8,1015.1,1017.3,1012.4,63,92,40,6.7,2.9,0.0
2014-09-09,96.6,77.1,86.5,100.5,83.2,90.7,1012.9,1015.6,1009.5,58,83,37,12.7,8.4,0.0
2014-09-10,95.0,77.4,86.4,99.0,82.1,90.0,1010.1,1011.7,1007.6,60,84,39,12.9,10.6,0.0
2014-09-11,96.8,78.2,87.3,103.4,85.4,92.9,1012.3,1014.1,1009.7,58,87,33,10.6,5.6,0.0
2014-09-12,93.5,66.2,81.4,98.7,65.2,86.2,1015.5,1020.0,1012.8,68,88,41,14.4,7.3,3.8
2014-09-13,68.6,63.3,65.6,66.8,60.2,63.6,1021.6,1023.7,1019.7,76,88,69,13.3,10.6,2.6
2014-09-14,76.3,66.9,71.5,80.3,66.5,73.5,1021.1,1023.2,1019.2,71,76,66,7.4,5.1,0.0
2014-09-15,84.4,70.2,77.7,89.0,75.4,82.6,1018.8,1020.2,1016.6,72,88,54,7.0,4.2,0.0
2014-09-16,92.1,73.0,79.8,97.8,79.8,86.6,1016.6,1018.8,1013.3,78,95,48,8.6,5.7,11.5
2014-09-17,89.0,74.9,79.2,97.2,83.5,88.3,1012.9,1015.3,1010.0,86,99,58,7.3,3.4,9.0
2014-09-18,84.3,73.5,77.9,92.2,81.9,85.9,1011.2,1012.3,1008.7,87,99,69,8.0,4.5,17.3
2014-09-19,82.9,74.2,76.8,91.7,82.4,85.4,1012.0,1013.3,1010.8,91,99,75,7.7,3.7,15.0
2014-09-20,85.8,72.8,77.6,92.6,80.7,85.0,1013.7,1015.1,1012.2,85,98,63,8.4,4.8,1.7
2014-09-21,87.4,70.7,78.8,90.9,76.7,84.0,1016.4,1018.3,1014.9,72,96,44,7.5,5.1,0.0
2014-09-22,87.7,68.7,78.5,93.0,72.6,83.1,1018.4,1020.1,1016.4,69,88,48,7.9,4.8,0.1
2014-09-23,82.7,66.7,74.6,85.5,66.1,75.4,1019.1,1021.3,1017.0,56,75,40,6.4,5.3,0.0
2014-09-24,82.3,60.0,71.6,83.7,59.9,72.2,1019.3,1021.1,1017.8,60,88,36,6.3,4.4,0.0
2014-09-25,82.1,62.0,71.7,85.1,61.7,73.9,1019.4,1021.0,1018.1,74,87,59,10.0,6.0,2.4
2014-09-26,83.0,67.4,73.2,87.0,71.4,78.2,1017.5,1019.7,1015.4,85,96,58,6.9,4.5,4.6
2014-09-27,79.5,68.5,72.9,84.9,73.0,78.0,1016.2,1017.6,1014.4,83,96,60,6.1,3.6,4.6
2014-09-28,84.9,66.6,75.4,87.1,70.4,78.6,1015.1,1017.0,1013.1,71,96,45,7.4,5.0,0.0
2014-09-29,85.6,66.7,76.2,89.5,69.3,79.3,1013.4,1015.6,1011.3,65,86,43,5.7,4.4,0.0
2014-09-30,86.8,69.0,77.7,92.3,73.6,82.1,1010.1,1012.2,1007.2,66,88,46,8.5,3.4,0.0
2014-10-01,89.1,70.4,79.1,93.0,75.2,83.9,1008.5,1009.9,1006.6,74,99,49,10.5,6.6,0.0
2014-10-02,90.6,75.0,81.9,94.4,81.1,86.9,1010.0,1013.5,1006.8,73,96,51,15.3,9.5,0.2
2014-10-03,84.0,66.2,74.4,79.6,62.6,70.9,1018.5,1022.2,1014.2,42,68,23,11.6,8.4,0.0
2014-10-04,78.2,60.2,68.8,76.6,57.2,65.8,1019.9,1023.5,1015.2,47,70,30,9.0,6.3,0.0
2014-10-05,84.6,61.1,72.6,83.9,60.6,71.7,1012.4,1015.0,1008.6,65,91,44,12.5,9.7,0.0
2014-10-06,86.0,71.0,76.9,90.4,72.1,81.2,1011.3,1013.3,1009.6,75,92,54,10.1,6.8,0.0
2014-10-07,91.3,70.0,79.5,95.1,73.6,83.3,1012.9,1014.5,1011.2,71,96,42,11.2,8.4,0.0
2014-10-08,89.5,73.5,80.0,91.3,79.0,84.0,1015.0,1016.9,1013.0,71,96,42,11.0,8.4,0.0
2014-10-09,88.4,73.6,79.9,89.4,79.0,83.2,1013.3,1015.7,1010.4,73,95,46,13.0,10.3,0.2
2014-10-10,90.6,73.1,80.8,93.2,77.4,84.3,1011.9,1013.5,1009.7,72,96,45,12.8,10.7,0.0
2014-10-11,76.7,63.9,68.9,82.1,63.1,69.7,1016.8,1019.4,1012.7,77,97,62,12.2,8.1,5.9
2014-10-12,73.4,63.3,68.5,79.4,63.4,70.2,1011.8,1016.8,1006.4,80,96,62,15.7,6.4,2.2
2014-10-13,74.9,62.1,71.0,77.5,57.1,68.0,1010.4,1017.3,1004.5,63,94,37,20.7,14.3,12.4
2014-10-14,76.4,55.5,65.5,72.2,49.8,61.2,1018.7,1021.4,1016.9,45,73,29,11.2,7.0,0.0
2014-10-15,84.0,56.4,69.0,83.9,51.9,66.4,1017.5,1019.8,1015.1,49,79,25,8.1,5.5,0.0
2014-10-16,84.9,59.5,71.0,81.0,54.2,66.9,1013.8,1016.0,1011.3,44,67,28,12.3,8.9,0.0
2014-10-17,85.4,60.2,72.0,85.7,60.1,71.9,1012.6,1014.5,1011.0,64,92,36,9.6,7.1,0.0
2014-10-18,84.1,64.3,73.6,87.8,67.2,76.4,1015.7,1017.8,1014.1,72,97,47,7.4,4.9,0.0
2014-10-19,80.2,65.1,72.1,80.9,67.6,73.4,1017.5,1019.4,1015.8,70,89,49,7.8,5.8,0.0
2014-10-20,80.3,62.5,71.4,81.8,64.9,72.9,1016.6,1018.7,1014.8,69,95,47,6.9,4.5,0.0
2014-10-21,81.6,59.6,70.2,80.6,60.6,69.8,1016.7,1018.9,1014.7,61,92,34,7.4,5.0,0.0
2014-10-22,81.3,60.6,71.2,80.9,61.9,71.5,1018.0,1020.2,1016.5,62,89,43,6.9,4.8,0.5
2014-10-23,81.3,62.7,72.3,83.9,65.1,74.0,1018.8,1020.8,1017.1,64,91,46,5.8,3.2,0.0
2014-10-24,83.8,62.0,72.7,85.9,63.3,73.9,1019.7,1021.7,1017.8,61,81,42,6.7,3.5,0.0
2014-10-25,86.6,63.9,74.7,89.2,64.6,75.7,1019.5,1021.7,1017.5,60,83,37,6.6,5.1,0.0
2014-10-26,85.1,63.6,73.7,84.6,65.2,73.2,1015.3,1017.9,1012.2,61,92,36,11.4,7.9,0.0
2014-10-27,85.2,64.3,73.7,81.5,64.8,72.2,1011.8,1013.2,1009.3,63,92,33,14.1,10.9,0.0
2014-10-28,80.4,65.4,73.7,85.2,68.9,76.9,1015.1,1017.6,1012.4,73,93,54,11.4,4.9,0.1
2014-10-29,77.3,68.1,72.0,79.4,69.0,74.5,1019.2,1021.3,1017.7,75,92,62,9.2,5.7,2.0
2014-10-30,79.8,61.2,69.8,82.5,63.2,71.9,1019.0,1021.0,1016.5,74,95,52,5.9,3.4,0.0
2014-10-31,74.7,58.3,66.7,67.4,52.5,62.0,1023.5,1026.7,1020.0,51,85,24,13.2,9.6,3.6
2014-11-01,66.5,49.1,57.7,61.3,44.2,52.3,1027.1,1029.9,1024.7,48,70,30,7.9,6.4,0.0
2014-11-02,73.7,49.4,61.3,68.0,44.7,56.2,1024.1,1027.1,1021.4,56,70,38,13.1,9.4,0.0
2014-11-03,77.6,61.9,69.6,74.8,57.6,67.1,1019.7,1021.6,1018.0,63,72,53,16.1,11.1,0.0
2014-11-04,78.0,57.7,70.1,78.8,53.8,69.3,1018.0,1021.1,1016.1,72,93,53,16.2,10.1,6.1
2014-11-05,57.8,55.7,56.8,56.3,52.3,54.0,1020.9,1023.3,1019.0,95,97,93,12.5,10.6,26.5
2014-11-06,63.6,56.7,59.8,60.2,53.3,56.6,1024.9,1026.9,1022.9,74,97,54,11.1,8.2,4.4
2014-11-07,66.5,52.2,59.0,63.5,48.2,55.4,1022.0,1025.6,1017.7,54,70,36,7.0,4.3,0.0
2014-11-08,71.7,49.7,59.6,68.3,47.1,56.4,1018.6,1021.6,1016.6,68,90,49,11.4,6.9,0.0
2014-11-09,71.0,45.8,58.4,67.7,41.9,54.4,1018.3,1021.9,1013.6,60,86,39,10.0,6.3,0.0
2014-11-10,75.4,51.9,63.5,70.8,47.4,59.3,1009.9,1013.0,1006.5,66,82,50,15.8,11.6,0.0
2014-11-11,64.7,44.9,55.0,63.0,36.9,48.2,1016.6,1023.2,1008.0,59,93,40,17.4,12.2,0.0
2014-11-12,48.8,38.1,43.3,38.1,25.7,32.4,1026.7,1030.8,1023.4,44,52,38,15.7,14.1,0.0
2014-11-13,41.3,34.3,37.4,31.2,22.2,26.3,1033.1,1035.4,1031.3,36,43,30,15.9,12.3,0.0
2014-11-14,44.9,31.5,38.0,38.3,24.3,30.8,1029.4,1033.1,1025.7,44,58,36,6.1,4.1,0.0
2014-11-15,49.2,36.9,44.2,46.1,30.6,38.9,1021.5,1025.7,1017.1,63,83,48,5.4,4.0,0.0
2014-11-16,61.1,37.9,48.2,57.6,26.2,42.7,1016.4,1024.4,1013.4,80,97,60,16.9,8.9,0.8
2014-11-17,49.3,31.4,39.0,38.9,20.0,29.2,1029.0,1032.2,1024.7,43,59,26,16.8,10.5,0.0
2014-11-18,53.6,33.6,42.5,46.1,27.9,35.5,1031.7,1034.8,1029.4,47,72,29,9.1,4.9,0.0
2014-11-19,65.9,39.5,51.1,60.4,30.9,45.0,1024.6,1029.4,1020.9,65,90,46,12.5,9.0,0.0
2014-11-20,67.1,48.5,57.8,65.9,44.6,56.4,1019.0,1021.6,1016.2,90,97,74,12.5,7.2,0.8
2014-11-21,71.0,61.0,64.4,72.5,61.6,65.5,1017.5,1019.6,1015.6,94,100,79,12.6,7.9,3.2
2014-11-22,67.2,58.9,64.1,68.8,60.6,64.4,1012.1,1017.7,1006.6,95,100,86,18.0,9.9,37.0
2014-11-23,77.3,57.9,65.4,70.5,49.9,61.8,1003.4,1009.2,999.2,63,100,31,15.6,9.3,0.0
2014-11-24,61.5,45.8,53.1,55.6,39.9,46.2,1017.1,1021.6,1010.7,49,69,31,15.2,8.1,0.0
2014-11-25,63.7,40.0,50.9,57.5,34.8,45.2,1023.9,1027.6,1021.9,57,79,29,8.1,5.6,0.0
2014-11-26,70.7,45.0,55.5,66.7,37.0,49.3,1022.8,1027.5,1020.8,51,65,32,11.9,8.1,0.0
2014-11-27,60.5,44.3,50.9,55.0,37.4,45.2,1030.6,1034.3,1027.9,60,77,39,9.3,6.4,0.0
2014-11-28,69.2,43.1,55.0,63.9,38.4,50.4,1023.5,1028.5,1019.0,74,95,49,13.9,8.6,0.0
2014-11-29,74.6,55.1,63.8,70.3,50.2,59.8,1016.3,1018.7,1013.6,75,88,50,18.7,13.4,0.0
2014-11-30,76.9,63.9,68.8,74.5,62.3,67.4,1016.5,1019.4,1014.9,78,91,53,16.3,12.4,0.2
2014-12-01,63.3,43.2,52.6,65.3,32.8,47.6,1026.8,1031.4,1019.8,70,98,42,14.4,10.1,1.2
2014-12-02,50.6,40.6,45.2,45.7,31.6,39.0,1026.9,1030.8,1023.1,57,70,43,10.1,5.4,0.0
2014-12-03,59.8,48.9,55.0,60.1,44.3,53.0,1021.6,1023.5,1020.0,80,93,72,6.4,4.4,0.2
2014-12-04,64.9,58.5,62.0,67.1,58.4,62.8,1019.3,1021.7,1016.7,94,100,88,9.5,6.4,0.1
2014-12-05,75.5,61.9,67.8,75.2,62.3,68.5,1018.2,1021.0,1016.4,85,100,59,13.0,9.0,0.0
2014-12-06,63.4,55.7,59.2,61.3,52.5,56.3,1025.8,1028.5,1021.6,80,93,66,10.8,8.8,0.0
2014-12-07,57.1,52.1,54.3,54.8,49.5,51.5,1026.6,1028.9,1024.6,80,91,70,8.3,5.5,0.5
2014-12-08,63.4,43.3,53.0,61.0,39.8,50.0,1026.3,1028.5,1024.5,78,96,57,6.5,4.9,0.0
2014-12-09,66.2,42.2,53.0,64.7,38.5,50.8,1026.0,1028.7,1023.4,82,100,54,5.6,3.6,0.0
2014-12-10,63.3,50.3,56.9,62.1,47.6,54.4,1022.3,1024.3,1020.3,73,87,57,7.5,4.9,0.3
2014-12-11,68.0,55.9,61.5,66.6,55.4,60.7,1021.6,1023.7,1020.1,81,96,63,8.9,6.0,1.9
2014-12-12,70.0,58.2,63.3,69.5,57.8,62.6,1023.0,1025.1,1021.7,81,94,66,12.3,7.3,0.8
2014-12-13,70.6,54.3,62.3,69.9,53.6,61.4,1020.6,1023.4,1017.7,81,97,61,10.2,6.7,0.0
2014-12-14,74.3,60.1,66.5,72.7,58.7,65.5,1013.4,1017.8,1010.0,83,97,56,16.8,11.1,1.4
2014-12-15,71.0,51.9,62.9,65.7,45.9,60.0,1015.5,1021.3,1012.0,64,97,26,10.3,7.1,0.0
2014-12-16,59.7,47.0,52.8,53.0,38.8,46.0,1025.1,1028.1,1022.1,49,61,39,12.1,7.8,0.0
2014-12-17,58.1,48.2,51.7,57.4,42.3,47.8,1021.4,1025.0,1017.8,72,92,54,7.1,5.2,3.2
2014-12-18,62.3,51.2,56.3,62.4,49.4,54.9,1018.8,1020.6,1016.9,89,97,78,9.4,5.7,1.4
2014-12-19,57.1,47.7,51.8,52.9,42.4,47.2,1019.9,1022.4,1017.4,88,98,74,11.6,9.8,19.5
2014-12-20,54.6,48.3,51.0,51.2,43.6,47.3,1022.5,1024.6,1020.9,78,86,68,9.0,5.3,0.0
2014-12-21,57.7,48.7,52.7,52.8,45.7,48.9,1016.5,1021.9,1010.6,80,90,71,12.1,6.9,0.0
2014-12-22,73.2,53.1,60.9,71.3,48.5,57.8,1005.3,1010.3,1001.9,75,93,43,14.4,9.0,0.0
2014-12-23,54.5,45.5,51.0,51.1,36.1,43.1,1008.5,1015.5,1003.2,63,80,47,20.6,12.7,1.8
2014-12-24,55.0,38.3,45.8,46.9,31.3,37.4,1018.8,1021.2,1016.4,52,75,37,14.0,9.9,0.0
2014-12-25,61.6,36.8,48.5,51.5,29.9,40.4,1016.9,1019.3,1014.2,58,82,32,16.6,11.0,0.0
2014-12-26,68.9,51.9,61.2,70.2,45.9,59.3,1013.2,1015.2,1010.7,86,99,78,13.7,10.2,0.1
2014-12-27,63.3,43.7,52.4,67.0,34.3,47.4,1019.6,1025.5,1013.6,80,100,59,16.5,11.3,2.6
2014-12-28,43.3,36.0,38.9,37.6,28.7,32.0,1024.0,1026.6,1021.6,79,89,59,12.7,7.7,4.8
2014-12-29,61.1,31.8,44.7,56.5,25.5,39.6,1020.1,1022.5,1017.0,78,95,51,7.3,5.5,0.0
2014-12-30,47.4,36.9,42.4,39.8,31.6,36.1,1028.1,1032.1,1022.6,85,100,69,11.9,8.3,0.0
2014-12-31,43.0,37.6,39.5,35.0,29.3,31.0,1032.0,1034.6,1029.9,69,76,59,12.4,10.6,0.4
2015-01-01,38.5,36.8,37.8,32.2,29.6,31.3,1025.0,1029.8,1021.5,88,96,69,9.4,7.2,3.4
2015-01-02,41.5,38.6,40.2,36.7,32.1,34.5,1019.5,1022.4,1016.2,97,99,94,10.0,7.4,4.0
2015-01-03,59.5,38.6,46.2,55.5,32.8,41.2,1015.8,1019.1,1013.3,77,98,43,8.2,5.7,5.1
2015-01-04,46.8,33.6,41.3,36.2,25.2,32.4,1031.2,1039.1,1020.0,58,76,40,15.6,10.5,0.0
2015-01-05,49.4,28.1,37.5,43.6,20.2,30.5,1036.2,1040.3,1031.1,59,74,43,7.7,5.3,0.0
2015-01-06,64.7,38.3,48.9,61.5,30.9,43.7,1028.5,1031.0,1025.9,63,85,44,8.7,5.5,0.0
2015-01-07,48.9,31.3,43.0,41.3,18.9,33.6,1034.9,1043.0,1026.8,62,92,34,20.4,13.1,0.0
2015-01-08,35.9,25.3,30.9,28.4,15.4,22.2,1035.2,1042.9,1027.0,49,82,34,13.2,6.8,3.4
2015-01-09,39.2,34.2,35.7,31.4,25.1,28.0,1031.8,1035.1,1026.8,75,88,60,12.4,8.0,2.0
2015-01-10,35.5,33.5,34.3,28.3,26.9,27.6,1031.5,1034.2,1027.9,77,90,59,7.1,5.4,7.9
2015-01-11,49.0,34.0,40.0,45.9,28.4,35.7,1022.9,1027.1,1019.6,91,98,80,5.4,3.4,10.4
2015-01-12,47.1,35.3,41.5,39.4,29.8,34.8,1025.8,1030.5,1021.4,85,99,69,12.2,8.9,0.0
2015-01-13,42.0,35.9,39.2,35.5,27.3,31.7,1030.4,1033.0,1028.5,74,81,68,11.2,8.5,0.2
2015-01-14,40.4,38.3,39.3,34.3,31.2,32.6,1027.7,1029.4,1025.5,73,78,70,8.7,6.7,0.0
2015-01-15,55.0,38.5,44.3,49.4,31.9,38.1,1026.9,1029.2,1025.4,68,88,48,9.9,6.5,0.0
2015-01-16,61.1,32.3,45.9,56.6,26.4,41.2,1025.5,1028.9,1022.0,74,95,45,7.8,4.3,0.0
2015-01-17,69.2,42.1,53.7,65.5,36.0,47.8,1019.8,1023.6,1016.4,66,90,40,12.6,9.2,0.0
2015-01-18,66.8,40.9,53.8,62.0,35.6,48.4,1025.1,1028.7,1022.2,55,81,33,9.4,6.1,0.0
2015-01-19,70.5,42.9,55.1,66.7,36.5,50.3,1017.4,1022.1,1013.0,67,88,46,9.9,8.2,0.0
2015-01-20,74.5,42.5,57.6,72.7,38.4,55.2,1013.4,1016.3,1010.6,74,94,39,9.5,5.1,0.0
2015-01-21,56.6,53.0,54.3,53.6,49.9,51.4,1018.0,1020.6,1016.9,93,99,85,10.6,8.4,4.2
2015-01-22,54.0,40.7,46.4,52.1,31.5,39.6,1019.6,1024.1,1015.5,94,99,84,16.8,13.3,35.1
2015-01-23,48.0,39.5,42.3,41.4,30.9,34.7,1024.5,1026.6,1022.6,80,93,58,15.6,10.7,4.0
2015-01-24,60.8,34.4,46.0,55.5,26.9,39.9,1022.3,1025.5,1018.5,61,81,34,8.0,5.9,0.0
2015-01-25,68.1,41.2,53.0,62.6,33.9,46.1,1018.9,1022.3,1016.3,50,69,32,11.0,8.4,0.0
2015-01-26,71.1,40.6,55.2,67.1,34.5,50.0,1022.6,1025.4,1020.5,54,75,35,8.5,6.2,0.0
2015-01-27,75.4,49.2,59.8,75.1,42.1,55.9,1020.6,1022.4,1018.9,58,87,41,9.2,6.6,0.0
2015-01-28,76.5,46.5,60.3,73.1,42.2,56.6,1019.6,1021.9,1017.5,66,88,38,12.2,7.5,0.0
2015-01-29,72.7,51.4,61.3,73.3,49.5,58.8,1023.3,1028.5,1020.1,71,96,51,12.8,7.2,0.0
2015-01-30,55.7,47.7,51.4,50.7,39.9,45.0,1028.6,1031.8,1025.6,56,73,50,13.7,8.0,0.1
2015-01-31,60.5,47.9,54.0,60.5,43.2,50.8,1018.7,1024.9,1012.8,83,97,73,12.9,7.4,1.7
2015-02-01,69.4,46.7,59.3,67.4,35.5,55.3,1015.3,1024.7,1011.7,75,98,44,15.7,11.0,0.0
2015-02-02,48.0,34.8,42.3,41.5,24.2,33.5,1027.6,1030.6,1025.4,40,49,34,15.4,8.6,0.0
2015-02-03,44.7,39.1,41.3,38.6,33.4,36.0,1025.7,1028.1,1023.9,72,96,51,5.5,3.8,4.5
2015-02-04,56.8,41.5,48.6,53.7,37.5,45.3,1019.9,1023.2,1016.8,87,97,71,7.9,4.5,1.5
2015-02-05,48.2,36.0,42.8,43.3,30.2,35.5,1028.8,1031.6,1023.0,68,96,56,14.5,8.6,0.0
2015-02-06,58.0,33.8,44.3,52.8,28.7,39.3,1028.0,1031.2,1024.3,71,90,53,8.6,5.0,0.0
2015-02-07,67.6,43.5,54.3,63.5,38.0,49.4,1018.7,1023.7,1014.8,81,97,58,14.9,10.9,0.0
2015-02-08,75.0,54.5,61.4,75.3,49.8,59.1,1012.5,1015.0,1009.3,81,97,53,13.8,9.4,0.0
2015-02-09,78.4,49.8,63.2,77.9,46.7,61.2,1017.7,1020.2,1015.6,67,90,35,8.7,5.8,0.0
2015-02-10,76.6,47.5,61.6,73.7,43.1,58.4,1015.6,1017.9,1012.5,64,85,40,9.9,7.2,0.0
2015-02-11,73.2,48.9,60.7,70.6,46.6,58.4,1016.7,1021.8,1014.2,72,98,39,9.7,6.1,0.0
2015-02-12,59.7,47.2,53.2,53.2,38.3,46.0,1027.5,1030.4,1022.9,53,80,39,14.8,10.0,0.0
2015-02-13,67.3,42.0,53.9,64.0,36.5,49.5,1026.1,1028.5,1022.6,56,72,39,7.1,4.5,0.0
2015-02-14,75.6,47.9,61.3,76.4,44.8,59.1,1023.0,1025.2,1020.2,67,92,39,7.2,5.5,0.0
2015-02-15,65.1,57.5,60.7,64.6,56.1,60.0,1017.3,1021.4,1012.9,92,98,82,13.9,8.5,9.8
2015-02-16,63.8,39.7,49.4,65.8,28.5,42.7,1016.9,1022.5,1010.3,71,99,45,16.7,12.9,5.6
2015-02-17,52.8,34.6,41.6,45.4,24.3,33.3,1023.8,1026.3,1021.4,51,65,31,12.1,8.2,0.0
2015-02-18,61.8,34.1,47.5,56.5,27.2,41.4,1025.9,1028.5,1023.5,55,78,33,8.1,5.8,0.0
2015-02-19,68.1,38.9,53.2,60.4,33.7,47.3,1024.2,1028.4,1018.9,65,89,38,14.4,9.2,0.0
2015-02-20,72.8,54.4,62.1,68.0,48.4,57.2,1012.9,1018.6,1007.9,78,93,54,20.0,15.4,0.1
2015-02-21,74.9,57.4,66.3,75.2,52.2,63.9,1011.4,1015.9,1009.3,73,90,51,17.5,11.3,0.0
2015-02-22,56.7,41.7,51.9,54.8,32.2,47.0,1019.6,1029.0,1014.8,84,97,65,16.5,10.0,4.7
2015-02-23,40.6,31.5,34.2,30.9,22.2,24.0,1031.3,1033.8,1029.4,78,87,74,16.1,13.7,0.7
2015-02-24,38.6,30.7,34.7,32.3,22.2,27.4,1024.4,1030.1,1017.6,68,76,60,9.2,6.0,0.0
2015-02-25,60.0,35.3,44.8,53.4,29.0,39.0,1013.2,1017.5,1009.2,60,82,29,10.6,5.0,0.2
2015-02-26,51.7,35.2,42.1,44.3,25.7,34.6,1021.5,1029.2,1013.0,69,92,52,13.8,9.0,0.0
2015-02-27,39.1,34.1,36.2,30.7,25.1,27.1,1029.1,1031.2,1027.6,57,66,49,10.9,9.4,0.0
2015-02-28,39.4,32.8,36.2,33.7,24.1,28.9,1026.9,1028.6,1025.1,79,96,64,9.0,7.7,3.0
2015-03-01,44.5,36.5,40.7,39.1,30.2,34.6,1025.7,1028.0,1024.3,94,99,86,9.7,8.3,2.7
2015-03-02,45.2,38.1,41.4,41.0,31.0,35.8,1025.8,1028.7,1022.4,91,97,83,9.9,7.0,0.5
2015-03-03,60.7,42.0,52.9,61.4,38.5,51.9,1014.6,1021.6,1010.2,98,100,93,8.4,4.6,0.8
2015-03-04,68.3,34.8,55.9,73.5,22.4,54.5,1012.5,1023.7,1008.8,95,100,85,20.1,8.4,5.9
2015-03-05,45.7,30.9,37.0,35.6,18.2,26.0,1032.6,1037.3,1025.3,57,90,34,19.3,14.9,2.5
2015-03-06,52.1,26.9,39.4,47.8,19.6,33.2,1034.8,1037.9,1031.3,55,78,36,7.0,4.5,0.0
2015-03-07,57.0,39.4,48.7,52.0,32.9,43.4,1029.4,1032.1,1025.7,55,71,40,5.5,3.7,1.2
2015-03-08,51.8,47.5,49.7,49.1,44.6,46.9,1021.7,1025.6,1018.2,92,99,71,8.1,5.2,11.8
2015-03-09,52.3,48.5,50.2,50.2,45.7,48.0,1014.5,1017.9,1011.9,98,100,96,6.7,5.2,32.0
2015-03-10,62.7,50.0,55.3,61.1,47.5,53.0,1017.2,1020.8,1014.5,83,97,64,9.9,5.4,0.0
2015-03-11,62.7,47.1,54.1,58.1,43.8,50.9,1022.5,1024.4,1020.7,84,97,64,11.6,7.1,0.0
2015-03-12,69.4,51.5,58.5,68.3,47.9,56.1,1018.7,1022.2,1015.8,79,95,55,9.9,7.1,0.0
2015-03-13,72.8,49.8,60.9,71.0,47.0,59.4,1015.7,1017.1,1013.6,76,98,45,9.9,5.4,0.0
2015-03-14,72.8,51.5,61.0,70.5,48.4,58.6,1019.2,1022.7,1016.4,71,96,41,10.3,7.2,0.0
2015-03-15,69.2,48.6,59.2,69.5,45.8,57.8,1024.5,1026.1,1023.0,77,93,58,9.1,5.1,0.0
2015-03-16,71.7,49.5,61.1,71.9,47.6,61.1,1023.0,1025.3,1020.7,82,98,62,7.8,4.1,0.0
2015-03-17,74.8,58.9,66.3,76.5,58.8,67.9,1019.5,1021.9,1016.5,84,95,65,7.9,5.3,1.7
2015-03-18,75.8,61.4,67.8,76.5,62.0,69.0,1015.7,1018.0,1012.8,81,98,54,10.6,6.3,4.5
2015-03-19,78.3,63.2,69.1,80.1,64.7,71.3,1014.1,1015.7,1012.3,84,99,59,7.7,6.3,0.6
2015-03-20,69.2,58.0,64.8,74.6,57.2,67.2,1018.3,1021.1,1015.5,97,98,93,12.5,6.3,15.6
2015-03-21,62.4,55.3,58.7,62.4,53.5,58.0,1018.4,1020.6,1015.9,94,98,88,9.7,7.2,16.3
2015-03-22,72.6,57.2,64.2,73.9,57.2,64.5,1016.3,1018.5,1014.3,78,94,55,7.0,4.6,0.4
2015-03-23,76.5,55.4,65.0,81.0,55.6,66.6,1017.8,1020.5,1015.2,78,96,55,7.1,3.7,0.0
2015-03-24,79.2,58.4,68.0,81.0,58.0,68.3,1014.6,1016.8,1011.7,79,97,58,11.9,9.4,0.0
2015-03-25,79.2,59.3,67.9,80.7,59.2,67.7,1012.8,1014.6,1010.4,79,97,56,13.4,10.3,0.0
2015-03-26,66.7,54.1,61.0,64.2,45.9,55.5,1017.5,1022.1,1011.6,63,96,43,18.2,12.7,1.3
2015-03-27,77.8,45.0,61.6,75.1,38.9,57.5,1020.7,1022.4,1018.0,48,70,25,8.3,5.8,0.0
2015-03-28,79.2,49.6,65.7,76.0,45.7,61.7,1018.5,1020.4,1015.8,55,80,35,14.5,9.5,0.0
2015-03-29,80.2,56.4,67.7,78.3,52.0,64.8,1017.8,1019.6,1015.4,67,89,47,16.8,12.7,0.0
2015-03-30,78.8,59.9,69.0,79.3,60.8,69.7,1019.4,1022.0,1017.0,79,98,54,11.9,7.8,0.0
2015-03-31,78.9,63.5,70.0,78.3,63.5,70.0,1015.9,1018.1,1012.7,76,97,51,11.6,9.7,0.0
2015-04-01,79.1,66.2,70.7,78.3,67.7,71.9,1012.8,1014.8,1010.3,82,97,52,13.0,9.8,0.4
2015-04-02,82.5,66.3,72.9,82.6,67.6,73.8,1012.5,1014.4,1010.7,79,95,54,13.8,11.5,0.0
2015-04-03,80.5,66.0,72.1,84.3,59.9,71.9,1015.8,1022.3,1012.5,71,96,40,15.9,10.2,0.0
2015-04-04,66.3,56.4,61.7,62.8,47.9,56.2,1023.9,1027.2,1021.1,54,62,49,15.8,9.9,0.4
2015-04-05,68.1,60.7,64.0,70.4,59.9,65.0,1015.7,1020.9,1012.3,84,94,64,8.7,5.0,2.0
2015-04-06,82.6,65.2,72.7,81.5,66.0,73.0,1013.5,1014.8,1011.7,76,97,48,18.0,11.5,0.1
2015-04-07,83.1,66.8,74.2,84.4,67.5,75.0,1014.3,1016.6,1012.8,76,96,51,14.2,11.9,0.0
2015-04-08,81.8,67.7,73.2,81.7,67.5,74.9,1013.0,1015.1,1010.3,83,97,58,17.4,11.7,0.5
2015-04-09,81.8,67.9,72.5,81.6,68.2,74.9,1011.0,1013.5,1009.0,85,95,59,15.7,10.3,5.2
2015-04-10,72.7,61.6,66.4,72.1,57.0,64.5,1018.3,1021.9,1014.3,65,98,46,11.8,7.9,1.0
2015-04-11,73.5,60.5,66.4,78.0,61.2,68.5,1017.0,1019.0,1014.6,85,98,73,6.9,4.7,5.0
2015-04-12,78.9,65.6,70.6,81.7,68.8,74.3,1012.0,1015.1,1008.5,87,99,67,9.7,5.7,4.8
2015-04-13,83.3,68.1,73.8,86.4,70.4,77.1,1011.7,1015.1,1008.7,78,100,44,9.7,6.5,9.9
2015-04-14,75.0,60.7,67.1,75.4,59.4,66.5,1016.7,1019.3,1014.5,70,92,47,11.5,7.2,0.0
2015-04-15,77.6,57.0,66.9,80.8,55.5,67.2,1014.9,1017.2,1011.8,67,89,52,8.8,5.0,0.0
2015-04-16,75.6,65.2,69.3,78.9,67.0,72.5,1012.7,1014.7,1010.0,88,98,74,11.4,5.8,5.0
2015-04-17,78.8,65.4,69.1,81.5,66.3,71.9,1012.8,1014.2,1011.2,91,99,67,11.3,7.6,14.5
2015-04-18,77.8,62.9,68.2,83.0,64.2,71.6,1010.5,1013.1,1007.1,88,98,65,8.1,4.6,5.4
2015-04-19,85.7,61.1,71.8,87.6,57.1,71.3,1008.6,1012.2,1006.8,67,98,32,13.5,9.3,0.3
2015-04-20,70.2,54.2,62.8,67.5,46.9,58.3,1015.2,1017.8,1012.9,51,77,36,13.6,8.6,0.0
2015-04-21,77.3,52.1,66.1,78.4,49.8,65.5,1014.2,1016.4,1011.5,68,85,50,10.9,6.8,0.0
2015-04-22,77.5,65.0,70.0,79.6,65.9,72.6,1011.9,1013.6,1009.4,85,98,70,11.1,7.0,8.3
2015-04-23,84.2,68.1,75.0,90.4,72.5,80.9,1011.4,1013.4,1010.0,84,99,61,6.5,4.8,0.2
2015-04-24,81.6,70.2,75.6,87.0,75.0,81.0,1008.7,1012.0,1004.5,87,99,66,15.9,7.6,12.3
2015-04-25,88.6,68.7,76.9,90.1,72.5,80.3,1006.8,1009.6,1004.2,70,98,27,9.8,6.4,0.7
2015-04-26,83.7,68.0,74.1,88.1,71.6,78.1,1003.7,1006.8,1000.1,84,100,55,13.4,8.9,1.6
2015-04-27,80.5,67.0,73.7,86.4,66.6,76.9,1004.6,1009.7,1000.3,76,99,49,12.2,7.0,1.8
2015-04-28,65.2,55.7,60.7,65.6,51.2,56.5,1015.3,1019.6,1010.0,72,89,60,17.2,11.4,0.0
2015-04-29,73.4,50.9,62.5,72.7,46.4,59.5,1017.3,1019.5,1014.1,57,79,36,9.2,6.8,0.0
2015-04-30,78.6,51.2,66.6,81.8,48.7,65.9,1015.3,1017.3,1012.9,57,85,35,6.5,4.0,0.0
2015-05-01,80.8,55.7,68.8,83.1,54.6,68.7,1016.6,1018.5,1015.0,62,87,36,6.8,4.7,0.0
2015-05-02,80.4,57.7,69.7,80.9,57.0,68.8,1016.9,1018.8,1014.3,60,86,37,9.3,6.8,0.0
2015-05-03,81.6,55.7,70.1,81.0,55.2,69.6,1015.5,1016.9,1013.4,68,95,40,11.6,8.3,0.0
2015-05-04,81.2,63.7,72.1,80.9,65.5,72.3,1016.4,1018.6,1014.7,71,94,46,12.9,9.7,0.2
2015-05-05,81.6,64.0,72.0,80.0,64.4,71.9,1014.2,1016.1,1011.4,73,96,48,15.7,10.4,3.9
2015-05-06,83.9,69.2,75.4,85.1,71.6,77.7,1012.3,1014.2,1009.8,78,96,54,12.4,10.7,2.0
2015-05-07,82.2,70.3,76.0,85.8,73.9,79.2,1011.2,1012.8,1008.9,81,96,66,14.4,10.9,3.2
2015-05-08,84.5,72.9,76.5,87.5,76.6,81.0,1011.3,1013.3,1008.8,85,94,64,14.1,10.4,8.1
2015-05-09,84.8,73.4,78.1,85.7,77.7,81.1,1009.3,1011.1,1007.0,81,98,58,19.0,13.8,3.1
2015-05-10,83.6,73.0,78.1,87.2,76.4,81.8,1009.3,1011.7,1007.5,80,95,59,16.6,11.5,3.9
2015-05-11,76.0,68.4,72.1,79.0,71.7,76.0,1015.4,1020.0,1011.2,88,98,76,11.0,7.5,9.4
2015-05-12,70.2,64.9,67.4,72.2,66.4,69.3,1020.3,1022.6,1017.8,91,98,80,10.6,8.1,10.5
2015-05-13,70.1,64.3,67.3,74.0,66.1,69.8,1018.1,1019.5,1016.7,95,99,88,11.4,7.8,33.0
2015-05-14,84.5,67.5,74.2,91.8,70.7,79.4,1016.3,1018.6,1013.8,88,99,65,10.6,7.1,2.4
2015-05-15,77.7,71.9,73.6,82.4,76.4,78.9,1013.6,1016.0,1011.1,91,98,74,10.6,7.3,4.7
2015-05-16,83.6,67.7,76.3,86.9,71.0,79.3,1010.4,1012.1,1008.2,82,98,63,17.6,11.9,0.6
2015-05-17,82.7,72.0,75.5,87.7,78.2,81.4,1013.7,1016.7,1009.6,89,96,71,15.0,7.7,9.4
2015-05-18,83.9,69.4,74.7,92.7,74.6,80.9,1016.8,1018.7,1015.1,89,99,73,10.5,5.6,14.0
2015-05-19,84.9,70.8,76.7,91.5,76.4,82.0,1014.8,1017.3,1011.7,86,99,66,15.1,9.2,3.4
2015-05-20,85.0,71.0,77.1,91.4,75.2,83.3,1013.9,1016.7,1012.2,82,97,59,11.0,5.9,1.6
2015-05-21,73.4,64.7,68.8,82.5,63.9,71.0,1018.7,1020.8,1015.3,90,99,78,13.1,8.6,11.2
2015-05-22,79.6,63.9,70.2,84.4,63.7,72.8,1018.4,1019.6,1016.3,87,93,73,11.0,8.5,1.8
2015-05-23,81.6,71.1,74.1,86.7,75.1,79.1,1016.4,1019.9,1013.2,92,98,70,12.6,9.4,15.5
2015-05-24,79.8,69.3,73.0,83.7,72.4,77.2,1011.6,1013.1,1009.6,91,99,73,14.8,9.1,42.2
2015-05-25,77.2,69.3,72.3,83.9,73.3,77.4,1011.3,1012.5,1007.2,95,98,85,11.9,7.9,38.4
2015-05-26,85.4,67.4,75.6,92.6,71.2,80.7,1014.1,1015.9,1012.0,85,99,66,11.8,7.9,0.5
2015-05-27,83.8,68.8,76.1,91.0,72.2,81.0,1016.5,1018.7,1014.4,84,98,66,11.5,9.0,6.1
2015-05-28,84.7,71.4,76.8,94.2,77.1,82.7,1015.4,1017.9,1011.4,87,98,71,10.9,8.4,7.2
2015-05-29,83.3,69.6,77.1,90.1,71.7,82.2,1014.0,1015.6,1010.9,79,94,63,15.7,6.8,4.9
2015-05-30,83.9,71.0,76.6,90.4,76.2,82.5,1016.4,1018.7,1014.5,80,98,57,8.3,4.7,3.7
2015-05-31,80.6,66.4,72.8,83.8,69.2,76.0,1017.9,1020.0,1015.8,78,97,52,9.7,5.7,0.1
2015-06-01,83.4,64.4,74.4,90.7,67.6,79.1,1017.2,1019.1,1015.6,73,94,51,5.0,3.1,0.0
2015-06-02,85.6,65.1,76.0,93.1,68.6,81.0,1015.1,1017.4,1012.5,74,97,52,6.8,4.8,0.0
2015-06-03,85.9,67.6,77.1,92.0,72.0,81.7,1012.8,1014.3,1010.9,74,96,52,8.4,6.6,0.0
2015-06-04,86.3,66.8,77.3,93.1,71.4,82.3,1014.4,1015.8,1012.9,72,96,50,7.6,5.4,0.0
2015-06-05,86.1,68.0,77.4,94.1,73.6,83.0,1015.9,1017.9,1014.3,75,98,52,6.3,4.7,0.0
2015-06-06,86.9,68.5,78.2,94.6,73.3,84.0,1015.2,1017.0,1012.9,73,96,51,5.9,4.3,0.0
2015-06-07,87.9,68.0,78.7,93.4,72.6,83.6,1014.1,1015.8,1012.4,70,95,47,7.9,5.8,0.0
2015-06-08,90.6,70.7,80.6,98.0,77.0,86.6,1014.4,1016.2,1012.3,69,98,42,7.3,4.9,0.0
2015-06-09,91.4,71.1,81.6,97.6,76.4,86.5,1012.7,1014.9,1009.7,63,92,39,6.8,5.2,0.0
2015-06-10,90.1,71.9,81.6,96.2,76.5,86.2,1010.5,1012.3,1008.1,63,88,42,8.5,6.3,0.0
2015-06-11,89.9,73.3,81.5,95.0,79.2,85.6,1009.4,1011.3,1007.2,69,96,48,11.9,9.8,0.0
2015-06-12,88.9,74.9,81.6,94.7,81.4,87.0,1009.9,1011.5,1007.9,73,95,56,11.6,9.1,2.1
2015-06-13,89.4,73.7,80.9,95.2,80.9,86.9,1010.5,1012.1,1008.6,75,94,50,11.9,7.7,1.0
2015-06-14,85.3,73.8,77.9,93.4,80.2,84.3,1011.9,1013.2,1010.5,85,96,68,11.0,7.8,4.4
2015-06-15,86.6,72.4,78.8,95.6,79.4,85.6,1013.0,1014.3,1010.7,81,96,62,9.8,6.2,1.8
2015-06-16,81.3,73.2,76.0,85.1,77.5,81.3,1012.0,1013.8,1010.0,90,98,73,13.7,10.1,15.9
2015-06-17,86.3,72.3,78.1,92.5,77.3,84.0,1010.9,1013.7,1008.2,85,98,61,11.5,8.7,16.6
2015-06-18,86.1,74.3,78.5,97.2,81.4,86.3,1014.4,1016.3,1012.6,88,99,75,11.1,7.4,17.4
2015-06-19,83.5,73.7,78.2,90.5,80.7,85.6,1016.4,1018.2,1014.8,83,96,67,6.6,4.6,0.2
2015-06-20,83.2,73.8,77.3,90.5,80.5,84.2,1016.3,1017.4,1014.9,89,97,71,9.2,7.0,4.6
2015-06-21,83.6,74.2,78.1,92.2,80.6,85.3,1016.7,1018.3,1015.2,90,98,78,11.3,8.5,13.6
2015-06-22,86.6,73.3,78.3,95.2,80.8,86.0,1017.9,1018.6,1016.9,88,98,65,10.2,6.8,7.6
2015-06-23,87.3,72.7,79.1,95.0,80.4,86.6,1019.5,1021.0,1017.3,82,98,60,8.7,5.6,2.1
2015-06-24,86.7,71.9,79.5,94.7,79.1,87.5,1019.7,1021.5,1017.4,80,99,61,6.8,4.4,0.1
2015-06-25,87.9,72.5,80.3,96.8,79.5,87.7,1017.8,1019.8,1014.7,78,99,57,7.8,5.8,0.0
2015-06-26,89.2,74.9,81.6,97.6,82.2,88.5,1015.2,1016.9,1012.6,76,96,55,8.5,7.4,0.0
2015-06-27,86.7,75.3,80.0,98.1,82.4,88.9,1015.9,1017.7,1014.1,82,94,64,8.8,3.8,9.1
2015-06-28,87.9,74.3,79.3,98.3,82.5,88.5,1015.9,1017.7,1014.3,83,97,62,6.7,3.1,5.3
2015-06-29,88.7,73.9,80.5,96.1,80.6,87.3,1015.1,1017.0,1012.8,79,97,54,9.9,7.7,0.2
2015-06-30,88.3,73.7,78.9,98.5,80.5,86.5,1016.2,1018.0,1015.1,82,97,61,10.8,5.8,4.5
2015-07-01,85.8,71.3,77.5,93.8,75.7,83.2,1016.4,1017.6,1014.5,83,96,66,12.4,8.1,3.7
2015-07-02,86.7,68.4,77.8,91.0,72.8,82.4,1015.3,1016.8,1013.0,78,95,57,13.9,8.9,1.0
2015-07-03,87.5,73.8,80.1,93.9,80.6,86.4,1014.6,1016.0,1012.8,77,98,55,8.8,7.2,0.3
2015-07-04,88.1,74.1,79.9,95.6,81.3,86.6,1014.8,1016.1,1013.0,81,98,60,13.3,8.0,1.9
2015-07-05,87.9,74.8,80.8,92.4,82.3,86.1,1015.9,1017.8,1013.1,77,97,54,14.1,10.3,0.4
2015-07-06,89.3,76.4,81.8,92.8,81.4,86.0,1015.5,1017.4,1012.4,74,94,50,16.0,12.8,0.1
2015-07-07,87.9,76.4,81.0,91.3,82.0,86.0,1014.6,1015.7,1012.7,78,94,55,15.9,12.0,3.0
2015-07-08,89.0,76.3,81.7,92.4,81.5,85.8,1015.4,1016.8,1014.1,73,91,50,15.7,12.3,0.0
2015-07-09,90.6,76.2,82.1,95.5,80.7,86.6,1016.7,1018.0,1015.0,70,91,46,12.5,10.8,0.1
2015-07-10,89.8,71.8,80.9,95.4,77.1,85.7,1017.9,1019.5,1015.9,72,96,50,10.6,8.5,0.0
2015-07-11,91.0,71.1,81.4,95.8,77.8,86.3,1019.3,1020.9,1017.7,69,98,43,9.6,7.4,0.0
2015-07-12,93.2,73.2,83.4,99.3,80.3,89.1,1017.6,1019.6,1015.0,68,97,44,10.5,7.6,0.0
2015-07-13,94.4,74.3,84.4,101.7,80.6,89.7,1013.4,1015.8,1010.3,65,92,43,10.4,8.6,0.0
2015-07-14,95.1,73.1,84.0,99.5,79.0,88.2,1011.5,1013.3,1009.5,62,92,34,10.6,8.5,0.0
2015-07-15,93.6,73.6,83.5,98.9,78.6,87.7,1012.9,1014.5,1010.7,64,95,40,11.5,9.1,0.0
2015-07-16,94.1,73.2,83.9,99.1,80.1,88.5,1013.9,1015.6,1011.5,64,95,41,11.2,8.6,0.0
2015-07-17,95.3,74.6,85.0,99.6,81.7,89.7,1013.6,1015.4,1011.1,64,94,41,12.0,9.7,0.0
2015-07-18,95.3,77.1,85.8,100.7,83.0,90.8,1014.7,1016.2,1013.0,65,89,43,12.1,10.3,0.0
2015-07-19,94.7,76.0,85.6,100.7,83.1,91.1,1015.1,1017.1,1012.6,65,91,45,10.6,8.8,0.0
2015-07-20,96.5,75.0,86.4,101.2,81.5,90.8,1013.4,1015.4,1010.4,57,87,35,10.1,8.0,0.0
2015-07-21,96.3,74.6,85.7,100.5,81.5,90.3,1011.7,1013.6,1009.0,61,93,36,10.5,8.9,0.0
2015-07-22,95.9,77.1,86.1,100.6,82.9,90.7,1012.0,1013.6,1009.7,62,89,40,11.8,10.2,0.0
2015-07-23,97.4,75.9,86.5,100.9,80.9,89.7,1014.1,1015.8,1012.0,58,89,34,13.5,11.0,0.0
2015-07-24,96.3,74.6,85.9,101.5,80.4,90.5,1015.2,1017.4,1012.6,61,92,39,10.8,8.8,0.0
2015-07-25,96.5,75.1,86.3,102.8,82.5,91.8,1013.8,1016.1,1010.8,60,91,37,9.2,6.7,0.0
2015-07-26,96.1,76.5,86.9,104.8,85.1,93.9,1012.0,1013.5,1009.8,64,93,44,9.3,6.4,0.0
2015-07-27,97.1,77.8,87.4,100.7,86.6,92.4,1012.3,1014.3,1009.6,59,90,34,12.3,8.3,0.0
2015-07-28,97.7,75.8,86.8,101.8,82.0,90.7,1013.5,1015.2,1011.4,59,91,34,13.0,9.9,0.0
2015-07-29,98.3,76.1,87.7,102.9,83.1,92.4,1015.7,1017.4,1013.8,54,84,31,9.2,6.7,0.0
2015-07-30,98.3,79.9,89.9,105.6,86.9,94.7,1016.5,1018.4,1013.8,48,75,30,9.0,4.8,0.0
2015-07-31,99.8,80.2,89.5,105.1,86.8,94.6,1015.4,1017.1,1012.3,52,71,33,12.3,6.6,0.2
2015-08-01,96.6,74.6,87.0,97.7,79.9,89.6,1014.4,1016.6,1011.9,46,81,24,8.8,5.6,0.0
2015-08-02,97.8,74.5,87.0,101.5,77.9,88.8,1012.1,1014.1,1009.5,40,74,22,7.4,4.5,0.0
2015-08-03,97.6,75.2,87.2,100.6,80.2,89.7,1011.7,1013.1,1010.0,46,78,26,8.9,6.1,0.0
2015-08-04,97.4,78.6,87.9,103.5,85.9,93.0,1013.0,1014.7,1011.0,58,85,37,12.5,8.0,0.0
2015-08-05,97.2,79.1,88.1,102.3,85.5,92.6,1013.6,1015.6,1010.9,57,82,36,13.1,9.1,0.0
2015-08-06,100.1,77.3,88.5,104.1,82.5,91.8,1012.2,1014.7,1009.3,53,80,30,12.9,10.1,0.0
2015-08-07,99.8,77.3,88.3,104.3,83.4,92.3,1011.6,1013.5,1008.9,55,83,31,12.6,9.7,0.0
2015-08-08,100.0,77.1,88.2,105.0,83.3,92.7,1011.9,1014.0,1009.5,58,88,32,13.1,9.7,0.0
2015-08-09,100.8,76.1,88.1,104.4,82.7,92.2,1012.8,1014.7,1010.2,55,90,26,10.7,8.1,0.0
2015-08-10,102.8,75.8,89.4,106.2,82.4,93.0,1012.7,1014.6,1010.3,49,89,20,9.0,5.9,0.0
2015-08-11,102.5,79.2,91.1,107.5,85.1,95.6,1014.7,1016.4,1012.3,47,71,28,9.0,5.9,0.0
2015-08-12,103.1,81.6,92.5,107.5,88.4,97.2,1015.7,1018.1,1013.1,45,69,28,9.6,5.2,0.0
2015-08-13,101.5,83.0,92.1,106.3,88.6,96.3,1014.4,1016.4,1012.1,44,60,29,9.8,5.7,0.0
2015-08-14,99.8,81.8,90.7,106.2,87.8,94.8,1014.6,1017.0,1012.1,46,69,28,9.2,5.7,0.0
2015-08-15,97.0,81.4,88.9,98.6,85.0,92.0,1014.7,1016.8,1011.8,46,72,26,7.6,5.4,0.0
2015-08-16,95.3,76.4,86.3,97.1,83.2,90.2,1013.9,1015.7,1010.9,52,81,30,10.4,5.4,0.0
2015-08-17,95.0,76.5,86.1,100.4,84.5,90.8,1013.1,1015.3,1009.7,54,84,34,11.2,5.0,0.0
2015-08-18,96.9,77.3,86.8,99.5,83.3,90.3,1010.0,1013.2,1005.8,58,83,33,13.8,10.4,0.0
2015-08-19,97.1,78.9,86.2,104.7,84.7,92.4,1009.1,1011.7,1007.0,65,84,41,11.0,8.1,2.4
2015-08-20,79.7,74.0,76.3,86.8,80.3,83.6,1013.6,1015.7,1010.8,90,97,77,9.4,5.7,26.4
2015-08-21,88.0,73.4,78.7,97.2,80.0,86.1,1013.7,1016.0,1011.3,85,98,60,10.1,6.5,1.7
2015-08-22,93.6,76.5,83.8,99.4,83.0,90.2,1012.9,1014.3,1010.3,72,94,44,11.8,8.9,0.1
2015-08-23,95.4,75.9,85.4,103.4,84.7,92.4,1015.0,1017.0,1013.1,67,95,40,9.9,6.4,0.0
2015-08-24,96.1,76.8,86.5,102.9,86.3,93.2,1016.5,1018.8,1013.9,61,94,34,6.8,4.4,0.0
2015-08-25,95.3,77.2,85.4,102.0,83.9,91.6,1016.7,1018.2,1015.1,63,84,39,9.7,5.8,0.8
2015-08-26,94.3,74.3,84.5,100.6,82.6,90.9,1017.9,1020.1,1015.7,62,94,38,6.2,3.8,0.0
2015-08-27,95.7,74.3,85.0,100.6,81.5,89.3,1016.5,1018.7,1013.9,54,92,29,7.2,4.2,0.0
2015-08-28,96.2,72.9,84.8,98.9,76.1,86.2,1014.5,1016.1,1012.2,45,75,24,9.7,6.2,0.0
2015-08-29,90.6,73.4,82.8,99.5,76.1,86.7,1015.5,1017.7,1013.4,57,75,39,8.8,5.4,0.3
2015-08-30,91.8,77.2,84.0,98.6,80.7,87.7,1015.2,1016.9,1013.3,52,71,36,7.8,4.1,0.2
2015-08-31,93.5,74.6,83.1,97.5,80.9,87.4,1014.9,1016.9,1012.6,61,91,31,12.4,6.1,0.0
2015-09-01,90.8,75.2,82.5,96.2,83.1,87.5,1015.6,1017.2,1013.5,66,91,42,11.5,6.4,0.7
2015-09-02,91.1,71.0,81.7,94.7,76.3,85.4,1015.4,1017.7,1012.3,59,87,38,8.7,5.0,0.0
2015-09-03,90.8,73.6,83.0,97.5,80.2,87.6,1012.6,1014.7,1009.8,59,85,41,6.9,4.5,0.0
2015-09-04,94.3,77.0,85.0,99.5,84.9,90.5,1012.6,1014.0,1010.4,62,87,39,12.0,6.4,0.0
2015-09-05,94.7,77.9,86.0,101.0,85.7,91.5,1014.2,1016.1,1012.1,64,88,40,11.4,8.3,0.0
2015-09-06,97.1,78.2,87.1,102.5,86.0,92.7,1014.1,1016.3,1011.2,61,91,36,9.6,7.5,0.0
2015-09-07,96.4,78.5,87.2,102.6,86.3,92.7,1013.1,1015.0,1010.5,58,84,36,9.8,6.6,0.0
2015-09-08,97.2,77.8,86.9,103.1,86.1,92.3,1011.6,1013.9,1008.1,60,87,37,12.8,7.4,0.0
2015-09-09,93.4,78.5,82.4,102.4,85.3,89.7,1012.2,1014.2,1009.9,72,85,46,9.1,4.8,1.7
2015-09-10,89.9,76.4,80.6,96.7,85.1,89.1,1012.4,1013.8,1009.4,81,94,54,8.2,3.9,14.5
2015-09-11,90.2,74.6,81.3,96.0,83.9,88.6,1013.0,1015.7,1011.4,76,96,47,9.2,4.6,1.1
2015-09-12,88.4,73.0,79.8,88.0,69.1,79.6,1016.6,1018.8,1014.7,48,88,23,11.2,7.6,0.0
2015-09-13,88.1,66.0,76.5,86.4,62.8,73.6,1016.5,1018.8,1014.1,37,62,23,10.1,6.8,0.0
2015-09-14,87.7,65.4,76.6,88.3,66.5,76.7,1016.3,1018.4,1014.2,53,79,28,8.3,6.4,0.0
2015-09-15,90.0,72.5,80.0,92.8,76.7,84.6,1016.5,1017.9,1014.7,72,89,48,12.8,7.5,1.1
2015-09-16,88.8,74.6,80.8,93.9,80.6,86.3,1017.3,1019.2,1015.5,74,91,54,10.0,8.2,1.3
2015-09-17,92.2,73.2,82.4,95.5,80.3,87.0,1014.7,1017.0,1011.4,66,96,40,10.4,7.0,0.0
2015-09-18,93.5,74.7,83.2,96.8,81.5,87.6,1011.6,1013.4,1009.0,65,94,37,11.1,7.8,0.0
2015-09-19,93.7,72.9,82.8,96.3,80.3,86.6,1013.1,1014.9,1011.3,59,97,27,8.2,4.9,0.0
2015-09-20,92.8,70.6,82.1,94.9,76.6,85.0,1014.7,1016.5,1012.2,56,95,27,7.5,4.6,0.0
2015-09-21,94.0,75.0,84.3,95.5,81.5,87.1,1014.4,1016.1,1012.3,51,84,27,6.5,4.6,0.0
2015-09-22,93.1,73.1,83.4,93.8,77.8,85.3,1015.6,1017.5,1013.9,49,80,27,7.8,4.9,0.0
2015-09-23,92.6,71.1,82.3,95.0,76.3,84.5,1015.6,1017.9,1013.0,51,91,28,7.4,4.6,0.0
2015-09-24,90.6,70.1,81.7,91.9,72.8,82.5,1015.6,1017.2,1014.0,46,78,29,8.2,4.9,0.0
2015-09-25,91.9,74.0,82.5,94.4,76.8,84.4,1016.1,1017.6,1013.9,48,70,31,6.2,3.9,0.0
2015-09-26,91.7,70.2,81.1,90.8,74.2,81.7,1013.6,1015.6,1011.1,50,86,25,8.5,5.5,0.0
2015-09-27,91.7,68.4,80.1,91.9,69.5,79.6,1011.6,1013.7,1009.0,44,73,22,8.3,5.1,0.0
2015-09-28,85.1,69.0,77.4,85.0,71.8,79.0,1010.4,1012.1,1008.0,60,81,41,11.5,5.9,0.0
2015-09-29,90.3,70.3,80.2,89.8,74.1,82.3,1011.2,1013.0,1009.7,56,83,33,9.0,5.3,0.0
2015-09-30,92.7,73.3,82.6,93.2,75.5,84.0,1014.1,1016.1,1012.2,48,68,31,8.8,5.3,0.0
2015-10-01,92.3,71.9,81.5,93.8,72.7,82.1,1015.6,1017.9,1013.6,47,65,32,10.2,6.3,0.0
2015-10-02,85.6,68.9,76.2,82.1,65.2,72.5,1014.9,1018.0,1011.4,36,54,22,9.2,7.3,0.0
2015-10-03,83.8,61.9,72.9,81.8,57.8,69.5,1011.6,1013.6,1008.9,34,48,21,6.6,4.6,0.0
2015-10-04,84.5,63.0,74.0,82.7,61.2,71.6,1014.0,1016.6,1011.8,40,58,25,6.8,4.7,0.0
2015-10-05,82.2,69.2,74.9,80.1,68.4,73.5,1017.0,1019.1,1014.9,44,58,34,7.9,4.7,0.1
2015-10-06,87.2,65.5,75.9,87.9,64.0,75.6,1018.3,1021.0,1015.8,48,67,29,6.6,4.4,0.0
2015-10-07,89.2,67.3,78.8,91.0,67.9,79.2,1016.5,1019.4,1014.2,48,67,33,7.6,4.9,0.0
2015-10-08,88.6,71.5,80.4,91.1,77.0,82.5,1015.9,1017.5,1013.3,55,84,36,9.2,4.9,0.0
2015-10-09,87.0,72.8,79.7,90.3,77.1,83.3,1018.6,1020.9,1016.7,59,80,43,5.8,3.1,0.0
2015-10-10,87.6,69.4,78.6,89.6,69.4,79.8,1019.7,1022.8,1016.8,53,71,39,8.9,5.6,0.0
2015-10-11,93.6,69.7,81.6,93.4,71.8,82.1,1013.4,1017.5,1009.2,51,77,31,11.9,7.9,0.0
2015-10-12,96.7,72.6,83.8,98.7,74.6,85.7,1008.7,1010.6,1006.0,57,82,33,13.6,9.4,0.0
2015-10-13,92.4,72.6,81.9,85.9,66.5,77.9,1014.5,1016.9,1011.2,31,80,8,11.5,7.7,0.0
2015-10-14,94.4,70.9,81.7,89.2,65.2,76.2,1016.7,1018.9,1014.9,18,29,11,7.9,5.1,0.0
2015-10-15,92.6,63.9,78.3,89.5,65.3,76.5,1017.7,1019.7,1015.4,44,85,20,8.8,6.6,0.0
2015-10-16,89.7,63.1,76.9,85.7,64.9,75.3,1021.0,1023.2,1019.3,45,85,19,8.9,5.5,0.0
2015-10-17,86.0,65.0,74.9,83.1,62.7,71.4,1023.3,1025.7,1021.5,37,59,24,9.0,6.6,0.0
2015-10-18,82.6,60.4,71.2,76.7,55.7,65.7,1024.9,1027.8,1022.9,27,42,14,7.3,5.6,0.0
2015-10-19,83.8,57.5,71.0,79.8,55.2,67.1,1022.0,1024.7,1018.8,39,68,21,10.6,6.0,0.0
2015-10-20,84.6,58.8,72.5,83.1,59.4,72.0,1018.3,1020.5,1015.6,60,90,33,10.9,6.8,0.0
2015-10-21,83.8,71.3,75.7,84.2,73.7,78.0,1017.5,1019.6,1015.2,77,91,50,13.4,10.3,0.6
2015-10-22,81.6,69.8,74.3,85.0,74.1,77.5,1014.1,1016.7,1011.5,85,99,67,16.5,10.1,13.4
2015-10-23,79.0,71.0,73.6,88.4,75.6,79.8,1011.5,1013.5,1008.5,95,100,83,12.6,7.0,47.0
2015-10-24,73.5,61.9,69.4,80.7,58.5,70.8,1012.5,1015.5,1009.6,95,98,93,17.5,13.7,91.4
2015-10-25,65.7,58.6,61.6,61.4,54.1,57.4,1016.2,1018.0,1015.1,85,96,73,18.7,15.2,7.0
2015-10-26,74.5,59.5,65.8,72.8,55.2,63.2,1014.4,1016.9,1011.5,69,79,55,13.0,10.3,0.0
2015-10-27,77.9,56.4,66.8,77.7,55.4,66.6,1010.4,1013.3,1006.9,71,92,42,8.8,5.7,0.0
2015-10-28,75.5,58.0,67.3,73.3,56.8,64.7,1010.6,1012.9,1008.2,63,85,49,15.4,9.3,0.0
2015-10-29,76.4,54.6,66.9,76.6,53.0,66.9,1012.0,1014.7,1009.6,70,89,51,11.2,5.7,0.0
2015-10-30,72.9,69.2,70.8,78.2,69.9,73.9,1005.9,1010.6,1001.7,96,100,85,15.8,11.1,49.8
2015-10-31,75.8,63.3,70.1,76.8,63.3,72.7,1007.9,1012.9,1003.7,84,99,67,10.9,6.9,16.0
2015-11-01,72.0,58.2,64.3,71.2,58.1,64.2,1014.1,1016.2,1012.7,74,90,53,5.9,4.5,0.0
2015-11-02,75.4,54.1,64.0,78.2,53.1,65.2,1014.6,1016.5,1012.7,82,97,59,6.3,4.2,0.0
2015-11-03,76.3,55.5,65.7,78.6,55.3,67.0,1015.6,1018.0,1013.9,84,100,60,7.5,5.5,0.0
2015-11-04,77.3,60.2,69.1,79.3,61.2,70.8,1016.1,1017.8,1014.5,83,99,63,11.4,7.8,0.0
2015-11-05,82.7,71.2,75.3,87.5,73.1,79.5,1014.2,1015.6,1012.3,87,96,69,13.9,10.1,4.2
2015-11-06,73.2,60.8,66.7,80.0,55.0,64.9,1017.9,1020.3,1015.9,60,98,41,13.2,6.5,9.5
2015-11-07,61.5,56.1,59.2,59.6,50.3,55.6,1021.0,1024.2,1017.4,83,91,68,13.7,11.4,17.7
2015-11-08,65.3,54.1,58.4,62.0,47.2,53.9,1022.8,1025.4,1019.9,61,78,52,10.5,7.7,0.0
2015-11-09,69.9,54.4,61.1,71.2,53.2,61.1,1019.6,1022.0,1017.1,76,89,62,4.4,2.8,0.0
2015-11-10,71.9,59.3,66.5,75.4,59.8,67.9,1016.6,1019.0,1013.8,87,93,79,11.5,7.4,0.3
2015-11-11,82.3,64.6,74.0,87.4,59.2,75.9,1011.5,1016.0,1009.3,80,96,54,16.4,11.6,0.4
2015-11-12,66.7,56.1,61.3,61.3,49.0,55.4,1021.9,1024.9,1016.7,46,59,33,11.8,8.7,0.0
2015-11-13,62.0,57.3,59.5,58.2,52.9,55.1,1024.8,1027.0,1023.5,54,64,49,8.2,6.4,0.0
2015-11-14,61.9,55.1,57.8,60.1,52.9,55.4,1025.8,1027.8,1024.8,69,88,58,6.9,4.3,4.6
2015-11-15,70.3,54.0,61.7,71.5,51.7,60.5,1021.6,1025.4,1017.5,79,86,70,10.9,6.7,0.3
2015-11-16,75.5,62.2,68.8,77.5,63.7,69.7,1010.8,1017.8,1003.4,89,95,77,19.7,11.5,2.5
2015-11-17,72.7,51.8,63.3,73.5,46.5,60.2,1004.4,1007.6,1000.5,68,97,38,19.6,10.6,24.8
2015-11-18,69.2,45.6,57.2,65.4,40.8,52.9,1010.4,1013.7,1008.0,58,80,43,8.9,6.0,0.0
2015-11-19,72.6,48.9,60.1,73.0,45.2,58.3,1017.8,1020.3,1013.9,71,90,52,6.7,4.9,0.0
2015-11-20,72.7,51.9,61.9,72.1,49.5,61.2,1016.9,1020.2,1013.2,82,95,58,8.3,6.0,0.0
2015-11-21,62.4,44.5,55.8,63.9,35.5,49.3,1020.6,1027.9,1013.0,66,97,41,21.5,13.3,0.8
2015-11-22,53.0,36.9,44.5,48.7,30.5,38.6,1026.2,1029.2,1023.3,61,83,46,9.4,5.3,0.0
2015-11-23,59.3,36.8,47.9,54.9,31.4,43.1,1024.9,1027.6,1022.6,68,88,47,7.6,4.8,0.0
2015-11-24,66.2,46.0,57.1,64.4,42.1,54.2,1020.4,1024.0,1017.8,77,90,68,10.9,7.2,0.1
2015-11-25,73.5,60.6,66.0,73.0,60.4,65.9,1017.7,1019.4,1016.1,86,94,76,14.9,10.0,2.1
2015-11-26,72.9,65.6,68.7,75.7,66.6,70.8,1018.7,1020.3,1017.0,95,98,86,13.0,10.8,6.0
2015-11-27,72.9,45.1,63.7,76.9,38.8,64.6,1020.0,1023.7,1017.8,96,100,89,12.7,9.9,24.1
2015-11-28,45.1,41.9,43.2,39.1,34.5,36.0,1023.5,1025.1,1022.6,87,99,75,12.3,11.0,16.2
2015-11-29,46.6,42.2,43.9,42.9,36.5,38.9,1021.6,1024.0,1019.2,92,95,80,8.9,7.1,1.1
2015-11-30,54.5,44.4,49.2,51.9,40.4,45.9,1017.8,1019.3,1016.5,85,93,74,6.1,4.4,0.0
2015-12-01,57.6,45.8,50.5,54.1,41.2,46.8,1017.3,1019.4,1015.0,78,92,58,7.3,5.0,0.0
2015-12-02,63.6,41.3,51.1,59.3,36.9,46.9,1021.2,1025.1,1017.5,74,96,48,8.8,5.7,0.0
2015-12-03,59.1,39.3,48.7,55.5,34.4,44.3,1027.9,1030.1,1025.6,71,89,50,6.3,4.6,0.0
2015-12-04,59.3,43.0,50.0,55.7,38.3,46.2,1030.3,1032.8,1028.5,72,90,54,6.5,4.2,0.0
2015-12-05,61.1,38.6,49.0,57.4,33.2,45.0,1029.9,1032.4,1027.5,77,96,52,6.0,4.9,0.0
2015-12-06,64.7,42.6,52.8,62.4,38.9,50.0,1028.9,1031.0,1026.7,80,93,62,6.7,4.9,0.0
2015-12-07,64.7,44.0,53.4,64.8,40.5,51.6,1024.6,1027.8,1021.0,83,96,59,5.6,3.2,0.0
2015-12-08,71.3,46.4,57.3,68.6,42.6,54.8,1016.6,1020.6,1012.7,83,95,62,13.2,7.8,0.0
2015-12-09,71.0,49.5,59.5,70.5,46.4,58.0,1014.9,1017.8,1012.6,78,95,48,7.6,4.9,0.0
2015-12-10,73.8,56.6,63.7,74.6,54.6,63.1,1010.4,1012.7,1007.7,88,99,67,13.4,9.3,0.0
2015-12-11,74.0,53.6,63.5,76.0,52.1,63.4,1009.4,1010.8,1007.9,90,99,72,14.8,9.0,0.0
2015-12-12,71.9,68.3,70.0,73.6,68.7,70.9,1007.3,1009.9,1003.7,94,98,91,19.5,14.7,4.7
2015-12-13,71.6,50.4,58.3,72.1,45.0,54.6,1006.0,1008.5,1002.4,71,98,43,20.8,9.2,31.2
2015-12-14,71.2,46.7,57.9,66.0,40.4,52.0,1008.1,1010.1,1006.5,51,76,37,11.0,8.6,0.0
2015-12-15,70.7,53.0,60.9,74.9,48.8,60.0,1006.2,1008.5,1003.9,86,94,65,11.7,7.7,1.2
2015-12-16,60.5,45.2,55.6,55.0,38.8,48.0,1012.9,1016.7,1009.2,42,63,27,12.3,8.9,0.0
2015-12-17,62.6,37.4,49.2,57.9,31.8,43.2,1017.9,1023.8,1015.4,56,83,40,12.8,5.8,0.0
2015-12-18,54.0,36.1,44.5,49.6,29.4,38.3,1027.9,1030.9,1024.9,64,84,47,13.4,6.1,0.0
2015-12-19,61.7,36.0,48.6,56.5,30.6,43.6,1028.8,1032.1,1026.5,75,89,54,10.4,6.8,0.0
2015-12-20,68.1,50.8,59.1,67.4,46.6,56.4,1020.2,1027.7,1015.4,87,95,77,15.4,10.7,1.0
2015-12-21,72.8,53.3,65.5,75.1,52.4,66.7,1013.9,1015.6,1011.8,86,97,65,13.0,6.2,0.0
2015-12-22,73.6,47.6,61.0,73.8,45.3,60.4,1006.6,1013.1,1000.4,85,98,62,11.9,6.6,0.0
2015-12-23,76.4,55.9,67.8,74.3,53.8,67.7,1001.3,1005.3,998.7,75,99,36,10.7,7.1,0.4
2015-12-24,72.5,53.9,63.2,76.5,52.4,64.1,1009.5,1014.0,1005.8,81,91,69,7.4,3.8,0.0
2015-12-25,67.8,53.7,62.2,70.7,50.4,62.5,1013.6,1016.5,1010.7,82,96,69,10.8,4.8,0.5
2015-12-26,75.1,67.2,71.8,77.3,68.2,73.9,1006.6,1010.4,1003.2,94,98,87,20.0,14.1,10.1
2015-12-27,71.1,38.3,56.2,75.4,27.5,52.5,1005.2,1009.0,1001.0,91,98,67,17.7,13.9,28.5
2015-12-28,45.7,36.3,39.8,36.1,23.5,30.0,1013.3,1017.6,1008.7,61,72,52,20.3,12.8,0.0
2015-12-29,50.5,35.7,43.3,45.5,30.3,38.1,1018.2,1021.9,1015.8,70,85,59,6.9,4.1,0.0
2015-12-30,55.5,40.9,47.9,50.6,35.6,43.6,1023.2,1025.4,1021.1,80,95,63,8.4,5.5,0.0
2015-12-31,53.0,40.0,46.7,46.0,33.7,40.1,1026.1,1029.0,1024.2,75,93,58,11.5,9.1,0.0
2016-01-01,48.5,43.6,45.5,40.7,33.6,37.0,1031.6,1033.6,1028.9,59,65,54,14.2,11.0,0.0
2016-01-02,47.1,42.7,44.6,41.7,36.9,39.0,1030.0,1032.8,1027.7,63,90,50,8.1,4.5,5.0
2016-01-03,58.8,41.8,48.5,53.9,36.9,44.1,1025.7,1028.0,1022.7,74,91,51,6.5,5.0,0.7
2016-01-04,54.9,36.7,44.2,49.5,30.0,38.3,1026.5,1029.2,1024.7,69,86,46,7.5,5.7,0.0
2016-01-05,54.4,36.8,45.1,50.3,30.7,39.9,1025.2,1028.2,1022.2,75,90,59,7.0,5.6,0.0
2016-01-06,54.5,45.1,49.9,53.7,41.2,47.3,1018.6,1023.3,1013.9,89,100,73,6.6,4.5,15.4
2016-01-07,67.6,50.0,56.5,66.3,47.8,54.8,1011.7,1014.3,1008.7,86,99,58,8.1,5.7,0.0
2016-01-08,66.8,46.7,55.5,66.0,42.7,53.1,1008.0,1010.4,1004.9,88,99,68,10.3,7.2,0.6
2016-01-09,55.0,40.4,47.4,49.9,31.2,38.6,1016.2,1023.7,1010.2,61,88,51,17.5,13.2,0.0
2016-01-10,46.8,33.4,39.8,40.7,25.6,32.6,1025.8,1029.2,1024.0,60,69,50,10.1,6.7,0.0
2016-01-11,52.7,32.2,41.7,48.6,26.0,36.4,1024.2,1026.3,1021.5,67,85,48,6.3,3.5,0.0
2016-01-12,61.4,36.2,47.4,58.9,30.3,42.8,1024.8,1027.5,1022.9,73,92,44,6.5,4.7,0.0
2016-01-13,62.5,38.6,49.8,58.1,33.3,45.3,1021.5,1024.3,1018.1,75,93,50,7.9,6.2,0.0
2016-01-14,65.8,48.1,56.1,62.7,44.3,53.4,1012.0,1017.8,1006.9,83,93,65,11.7,7.1,0.2
2016-01-15,65.6,46.9,55.6,62.4,40.4,50.8,1008.3,1011.0,1006.1,63,93,37,11.4,7.4,0.0
2016-01-16,58.8,40.7,48.0,54.4,33.9,42.3,1013.0,1021.8,1008.2,73,88,54,16.8,7.7,0.7
2016-01-17,54.8,34.4,43.8,48.9,28.5,38.4,1021.9,1023.9,1018.8,72,93,47,9.1,5.0,0.0
2016-01-18,57.0,35.5,45.9,54.2,29.4,41.6,1026.1,1029.3,1023.6,77,94,57,8.1,4.4,0.0
2016-01-19,67.3,43.9,53.9,62.0,37.9,49.1,1021.8,1025.6,1018.1,80,96,52,17.7,9.8,0.0
2016-01-20,56.7,43.2,50.8,53.9,36.3,46.9,1019.9,1023.6,1015.9,74,96,59,9.0,5.2,0.2
2016-01-21,62.0,45.5,56.2,59.8,35.0,51.0,1016.2,1023.2,1011.3,71,99,40,18.4,11.0,0.8
2016-01-22,52.1,39.1,44.4,43.5,29.7,35.4,1025.8,1028.2,1023.2,55,71,45,16.0,11.8,0.0
2016-01-23,54.6,31.4,42.1,49.5,25.3,36.8,1025.1,1028.4,1021.4,71,91,48,7.2,4.4,0.0
2016-01-24,66.0,37.5,51.2,61.2,31.1,45.5,1016.6,1021.3,1011.9,74,89,56,14.8,10.0,0.0
2016-01-25,70.4,53.3,60.2,70.5,47.4,57.8,1013.6,1017.2,1011.1,78,95,50,13.9,7.7,0.0
2016-01-26,52.7,45.4,48.8,45.9,36.3,40.1,1022.2,1026.4,1017.8,57,70,47,18.0,12.5,1.7
2016-01-27,54.6,40.3,45.7,47.1,31.6,38.2,1026.1,1028.8,1023.9,54,67,34,11.4,8.2,0.0
2016-01-28,67.5,33.7,49.4,62.4,26.9,44.4,1021.1,1024.5,1017.5,61,85,32,6.8,4.6,0.0
2016-01-29,71.3,39.3,54.4,64.2,33.0,48.1,1016.4,1019.3,1012.9,57,84,30,14.2,8.5,0.0
2016-01-30,72.4,47.6,58.9,67.7,41.0,53.3,1011.5,1014.0,1008.4,63,93,47,13.9,11.6,0.0
2016-01-31,79.2,56.6,64.4,78.4,53.8,63.0,1009.1,1010.9,1007.0,77,97,34,13.6,7.9,0.0
2016-02-01,73.4,51.2,61.9,70.8,48.9,59.9,1006.2,1011.0,999.4,83,100,60,16.1,9.7,0.0
2016-02-02,68.7,50.9,59.4,61.3,42.7,51.7,1008.1,1012.6,1005.1,32,84,19,12.4,8.8,0.0
2016-02-03,55.9,41.1,48.0,47.3,32.0,39.3,1021.7,1028.6,1013.7,41,54,32,12.9,9.8,0.0
2016-02-04,55.1,32.9,43.9,49.7,26.3,37.5,1030.9,1033.9,1028.7,50,78,29,5.9,4.5,0.0
2016-02-05,58.1,33.3,46.1,50.1,26.4,39.2,1028.8,1031.9,1025.2,53,77,29,10.6,6.7,0.0
2016-02-06,58.1,39.8,48.5,49.0,32.3,40.5,1027.8,1029.3,1026.6,56,92,32,17.7,10.6,2.1
2016-02-07,65.1,34.1,48.5,57.9,27.8,42.1,1023.5,1029.1,1019.0,61,92,29,13.1,7.2,0.0
2016-02-08,61.7,43.9,51.3,50.8,35.2,42.0,1026.8,1030.7,1022.1,34,61,17,14.8,10.6,0.0
2016-02-09,69.9,39.4,52.4,62.2,31.5,45.3,1026.3,1029.6,1022.8,40,63,22,11.2,7.1,0.0
2016-02-10,71.3,40.1,54.8,65.3,34.0,48.7,1025.6,1029.8,1021.6,49,73,27,10.4,6.9,0.0
2016-02-11,79.0,51.7,63.1,72.7,43.5,56.4,1019.8,1021.5,1017.4,41,66,24,12.2,10.3,0.0
2016-02-12,76.3,47.8,61.7,72.7,44.4,58.0,1022.6,1025.7,1020.1,59,88,28,10.3,6.7,0.0
2016-02-13,72.7,48.5,60.1,69.3,44.1,56.5,1024.6,1028.2,1020.8,65,85,46,12.9,7.8,0.0
2016-02-14,74.2,54.7,62.9,69.6,51.0,59.0,1014.2,1020.4,1009.6,72,94,44,19.0,11.3,0.0
2016-02-15,73.0,54.8,62.7,68.3,51.6,59.5,1011.8,1014.0,1009.2,64,97,33,13.5,7.5,0.0
2016-02-16,79.3,48.9,62.4,76.3,44.3,57.6,1014.9,1018.6,1013.1,50,78,25,9.7,7.1,0.0
2016-02-17,72.6,45.7,59.5,67.1,40.4,53.8,1022.3,1025.6,1019.0,45,69,27,11.1,7.1,0.0
2016-02-18,77.3,51.6,62.4,72.3,47.7,58.3,1021.1,1023.6,1017.7,71,97,42,15.5,11.7,0.0
2016-02-19,79.1,58.9,67.0,76.8,56.0,64.6,1019.1,1021.5,1016.3,74,93,45,14.8,11.7,0.0
2016-02-20,75.8,63.0,68.6,74.8,61.8,67.9,1017.0,1019.2,1014.1,77,90,58,12.5,10.5,0.0
2016-02-21,70.8,63.8,66.6,74.3,63.3,68.5,1015.8,1017.6,1013.7,88,98,78,9.6,6.2,4.9
2016-02-22,69.0,60.3,64.3,69.0,60.2,64.4,1011.9,1015.7,1005.5,81,100,60,10.0,6.3,6.3
2016-02-23,62.7,47.5,56.3,60.6,36.0,50.6,1007.5,1017.2,1003.0,76,99,51,21.6,13.5,43.6
2016-02-24,62.5,44.9,52.3,54.6,35.0,43.6,1021.3,1024.8,1017.5,43,62,28,17.4,11.8,0.0
2016-02-25,64.7,39.9,51.8,60.5,33.3,45.7,1025.5,1030.5,1022.2,53,72,36,10.5,7.2,0.0
2016-02-26,60.4,38.2,49.6,56.7,32.2,44.3,1029.5,1033.2,1025.9,54,77,38,7.7,5.1,0.0
2016-02-27,69.3,41.4,55.3,65.4,36.8,50.9,1023.8,1026.6,1019.7,68,92,45,12.4,8.1,0.0
2016-02-28,74.7,53.2,62.5,73.0,48.8,59.4,1017.0,1020.5,1014.0,76,94,50,16.7,10.8,0.0
2016-02-29,73.6,57.5,64.7,72.4,57.8,64.4,1016.7,1019.6,1013.5,82,99,56,12.5,7.4,0.1
2016-03-01,78.1,56.8,67.2,77.1,51.6,65.1,1016.7,1022.2,1013.6,71,95,43,14.8,10.7,0.0
2016-03-02,75.8,49.4,62.0,71.9,44.3,57.5,1018.5,1022.6,1013.1,57,94,40,14.9,9.6,0.0
2016-03-03,79.2,58.7,69.6,74.0,53.5,66.3,1014.6,1020.1,1010.4,60,95,24,16.5,11.3,0.0
2016-03-04,71.9,47.0,59.7,68.9,42.1,55.4,1020.0,1023.1,1016.9,50,75,30,9.1,5.7,0.0
2016-03-05,75.2,48.4,61.9,75.6,46.1,60.4,1020.2,1022.7,1018.7,71,96,47,8.3,5.7,0.0
2016-03-06,76.2,54.1,64.0,72.0,52.5,61.3,1018.0,1021.5,1013.4,76,98,46,15.7,10.6,0.0
2016-03-07,75.7,63.3,68.6,72.1,59.9,66.1,1009.6,1013.8,1006.3,80,89,60,22.1,15.8,1.6
2016-03-08,81.5,64.1,70.7,84.8,64.9,72.0,1005.0,1008.2,1001.8,85,99,51,16.1,10.5,16.1
2016-03-09,67.6,61.4,63.8,71.8,59.5,63.6,1007.1,1009.7,1004.2,93,100,84,15.7,10.2,11.6
2016-03-10,63.5,57.7,60.3,60.6,54.7,57.9,1011.3,1013.5,1008.6,91,98,80,15.3,11.9,20.5
2016-03-11,72.4,57.5,62.9,74.5,58.1,63.5,1013.3,1014.8,1011.5,88,99,63,12.0,6.3,19.6
2016-03-12,71.0,54.7,61.9,69.0,55.6,61.4,1012.0,1014.5,1009.3,79,100,52,7.2,4.8,1.3
2016-03-13,81.1,57.2,67.5,76.7,54.6,64.8,1008.3,1009.6,1006.3,62,94,27,12.8,8.8,0.0
2016-03-14,86.8,53.8,70.3,86.8,48.7,68.1,1008.8,1011.3,1006.2,56,82,37,12.5,9.3,0.0
2016-03-15,87.6,63.8,73.8,90.0,61.7,74.8,1008.9,1013.3,1006.9,67,95,30,12.5,7.8,0.0
2016-03-16,78.4,58.0,68.5,80.5,54.3,67.9,1013.8,1016.4,1011.6,65,95,43,8.6,7.5,0.0
2016-03-17,76.3,65.6,69.9,80.9,68.4,73.8,1010.9,1012.8,1008.3,87,99,68,8.9,4.4,0.0
2016-03-18,76.0,57.4,68.4,80.8,51.8,71.2,1009.7,1016.4,1006.9,87,98,72,16.4,6.0,5.1
2016-03-19,60.6,49.1,54.5,53.7,38.3,45.9,1021.3,1025.5,1016.7,53,77,40,17.9,14.7,0.3
2016-03-20,60.4,43.7,51.3,54.1,36.4,44.5,1028.9,1031.6,1026.0,46,67,30,11.9,7.8,0.0
2016-03-21,64.4,37.0,50.9,59.9,31.3,45.1,1028.0,1031.7,1023.7,56,82,35,11.9,7.3,0.0
2016-03-22,75.5,48.3,60.7,70.0,41.4,54.8,1017.6,1023.3,1012.9,66,82,45,19.0,14.7,0.0
2016-03-23,81.0,61.8,69.6,80.3,56.4,67.1,1008.5,1012.6,1005.4,74,95,49,19.0,14.8,0.0
2016-03-24,66.3,50.2,59.7,69.5,41.8,53.9,1015.0,1018.5,1008.9,52,98,34,16.6,11.1,12.5
2016-03-25,70.2,46.4,57.6,69.1,41.6,54.0,1013.8,1016.7,1009.7,59,82,37,9.4,5.7,0.0
2016-03-26,73.2,48.5,61.3,73.6,46.4,60.3,1012.3,1013.7,1011.0,76,97,55,8.8,5.8,0.0
2016-03-27,70.8,55.0,62.8,68.2,51.4,61.0,1017.3,1021.3,1012.6,73,99,45,15.2,7.9,0.2
2016-03-28,71.0,46.2,59.0,68.9,41.9,56.1,1018.8,1022.0,1015.2,62,86,39,7.6,5.5,0.0
2016-03-29,70.3,55.6,64.2,72.0,55.3,64.9,1013.2,1015.8,1010.0,89,99,74,11.6,7.5,2.1
2016-03-30,77.0,67.4,71.2,77.5,68.9,72.7,1006.4,1010.1,1002.8,90,100,72,17.5,12.7,1.1
2016-03-31,81.4,63.4,72.0,79.6,58.3,72.0,1004.9,1008.2,1002.7,64,100,26,12.4,7.8,1.0
2016-04-01,61.8,52.7,57.9,55.6,45.7,50.9,1015.0,1021.2,1008.3,60,75,50,17.0,12.8,6.8
2016-04-02,70.5,45.8,57.8,67.1,39.0,53.0,1023.5,1026.4,1021.0,50,72,27,9.0,6.5,0.0
2016-04-03,75.5,45.8,61.6,74.1,41.7,58.1,1021.5,1024.2,1018.0,50,81,26,7.8,5.2,0.0
2016-04-04,81.0,51.8,65.9,80.2,46.6,62.3,1020.9,1022.7,1019.1,49,73,29,9.6,7.7,0.0
2016-04-05,80.4,52.9,67.4,77.5,48.7,63.0,1020.5,1023.4,1016.8,48,75,30,12.4,9.3,0.0
2016-04-06,78.8,57.5,67.2,75.5,53.8,63.7,1017.4,1019.7,1014.0,55,94,20,13.9,8.5,0.1
2016-04-07,84.0,49.4,67.6,81.1,44.6,63.6,1015.9,1018.2,1013.0,43,72,21,9.8,6.4,0.0
2016-04-08,78.4,54.8,67.0,73.7,51.3,62.6,1019.6,1022.2,1016.7,44,73,25,11.0,7.0,0.0
2016-04-09,76.9,58.1,66.3,72.7,55.0,63.0,1018.2,1020.6,1015.2,58,79,42,13.8,8.7,1.8
2016-04-10,78.6,63.3,70.8,77.5,61.2,69.7,1013.9,1016.5,1010.7,75,90,51,16.2,12.6,0.0
2016-04-11,87.0,69.2,75.8,90.6,68.5,77.9,1012.1,1014.7,1010.4,73,95,36,18.8,9.6,1.4
2016-04-12,71.2,64.5,67.2,74.5,62.9,67.3,1017.3,1019.7,1014.7,84,96,71,14.3,9.9,20.8
2016-04-13,71.8,59.4,64.5,72.2,59.7,64.8,1016.4,1018.6,1014.6,83,95,64,11.4,6.4,5.4
2016-04-14,75.7,56.5,64.9,75.5,56.0,64.6,1015.1,1017.5,1012.6,75,97,47,9.5,6.4,0.0
2016-04-15,77.3,54.2,66.2,79.8,54.5,67.1,1011.1,1013.7,1008.2,77,99,55,11.7,5.7,0.0
2016-04-16,75.9,60.8,68.2,76.2,61.2,68.6,1010.2,1011.9,1008.7,88,99,69,15.8,11.6,5.6
2016-04-17,73.5,66.9,69.5,78.3,68.7,72.9,1013.1,1015.6,1010.9,96,100,85,14.8,9.0,28.6
2016-04-18,73.8,65.6,68.8,76.2,68.8,71.5,1017.4,1019.3,1014.9,89,100,69,10.0,6.8,8.5
2016-04-19,76.3,62.9,68.9,80.5,66.0,72.1,1016.7,1018.9,1013.9,86,99,68,6.8,4.7,0.3
2016-04-20,78.5,64.6,70.7,84.2,67.0,74.0,1014.6,1017.0,1012.3,81,99,56,10.1,5.5,1.5
2016-04-21,80.6,64.8,70.7,85.0,68.0,73.9,1014.5,1017.1,1011.9,81,96,55,11.6,5.5,8.6
2016-04-22,78.9,57.3,68.7,80.1,56.8,69.1,1018.1,1020.2,1016.7,66,91,40,9.0,5.5,0.0
2016-04-23,79.3,56.9,69.1,83.3,56.1,69.7,1016.8,1019.4,1012.9,63,85,43,9.3,4.6,0.0
2016-04-24,77.1,61.1,68.6,80.9,62.1,70.0,1011.3,1014.5,1008.4,83,96,62,11.7,8.1,10.2
2016-04-25,86.2,66.7,75.6,89.9,68.8,78.7,1007.9,1009.9,1004.9,81,98,58,12.7,10.3,0.3
2016-04-26,84.7,70.1,76.4,85.3,72.4,78.3,1004.9,1007.8,1001.6,78,94,56,16.3,13.2,0.2
2016-04-27,85.6,65.4,75.4,89.0,66.3,78.2,1005.6,1007.7,1002.1,67,98,24,11.8,5.4,21.3
2016-04-28,84.5,61.9,71.1,87.5,64.2,74.5,1008.5,1011.1,1006.3,84,100,54,11.0,6.8,2.2
2016-04-29,81.5,68.1,74.2,87.1,72.5,78.8,1004.1,1007.2,1000.1,92,99,77,16.9,10.5,8.2
2016-04-30,81.8,67.4,73.0,87.5,69.3,76.9,1006.3,1009.7,1003.4,80,100,52,9.3,6.0,4.4
2016-05-01,74.7,65.0,69.9,75.0,65.1,69.4,1012.0,1015.1,1009.3,76,91,61,13.7,10.7,0.2
2016-05-02,68.3,58.4,62.2,64.3,53.9,58.5,1018.0,1020.2,1014.7,71,80,59,14.8,10.7,4.3
2016-05-03,73.2,51.2,62.1,72.1,49.7,60.3,1018.2,1020.2,1015.4,68,93,43,10.7,6.6,0.0
2016-05-04,82.7,52.2,68.0,82.5,49.9,67.3,1017.1,1019.6,1014.3,61,90,32,8.8,5.6,0.0
2016-05-05,83.8,55.3,70.5,88.1,53.5,71.3,1016.4,1018.6,1014.1,62,83,39,6.3,4.7,0.0
2016-05-06,81.8,61.5,71.3,84.2,60.9,71.6,1016.9,1019.4,1014.7,56,84,36,6.8,4.7,0.0
2016-05-07,82.5,58.6,71.3,81.9,58.7,70.0,1014.8,1016.7,1012.0,65,92,42,17.3,10.5,0.0
2016-05-08,76.6,65.7,71.1,75.1,65.5,69.8,1010.4,1013.4,1006.0,75,89,59,18.6,13.7,3.4
2016-05-09,85.5,69.6,76.7,85.9,69.2,76.7,1007.8,1009.4,1005.7,67,85,46,18.8,13.1,0.0
2016-05-10,89.7,69.4,78.2,95.8,72.1,82.9,1011.1,1015.9,1008.3,77,97,52,13.2,8.4,0.7
2016-05-11,87.9,68.6,77.5,92.4,70.5,80.7,1014.4,1016.1,1012.8,76,98,52,15.7,10.5,2.0
2016-05-12,81.8,70.1,75.8,86.3,76.0,81.1,1018.7,1021.2,1016.6,80,97,62,8.5,4.8,2.6
2016-05-13,85.2,67.4,75.9,93.1,69.7,81.3,1019.4,1021.9,1015.9,76,89,59,7.6,4.8,1.7
2016-05-14,84.9,68.5,73.4,93.5,73.2,79.2,1017.8,1018.8,1016.9,87,98,55,9.8,4.6,16.5
2016-05-15,71.9,62.9,67.3,76.6,62.5,70.0,1017.4,1019.8,1014.7,91,98,79,8.7,6.1,12.7
2016-05-16,77.6,66.6,70.6,80.7,70.2,74.3,1012.1,1015.5,1009.7,89,100,70,8.8,6.5,26.4
2016-05-17,78.0,65.4,71.3,82.2,69.0,74.8,1012.9,1016.4,1010.3,85,99,70,11.3,6.4,0.6
2016-05-18,70.9,63.5,66.9,72.5,62.1,66.7,1017.0,1019.3,1014.5,83,94,74,12.9,9.7,2.4
2016-05-19,73.6,61.1,66.2,77.8,60.4,67.0,1014.2,1016.9,1011.1,87,99,69,13.7,8.1,18.4
2016-05-20,80.1,56.6,69.8,85.2,56.8,72.6,1014.9,1016.8,1013.1,77,98,58,6.3,4.5,0.0
2016-05-21,82.6,67.3,74.2,90.9,70.8,79.8,1015.9,1017.9,1013.5,85,96,72,8.5,5.4,0.9
2016-05-22,83.0,72.1,76.8,91.4,78.1,83.8,1013.3,1014.9,1011.1,87,99,69,10.4,5.7,5.9
2016-05-23,80.9,72.4,76.3,86.4,78.0,82.0,1011.4,1013.4,1009.1,88,98,76,10.8,8.3,2.6
2016-05-24,85.4,72.2,78.7,92.0,76.9,84.2,1012.9,1014.3,1011.2,81,97,64,12.0,8.6,0.6
2016-05-25,86.0,73.9,79.7,93.2,79.4,85.8,1014.3,1015.5,1013.1,84,98,72,13.3,10.3,0.9
2016-05-26,83.1,72.4,77.1,90.7,75.5,83.0,1011.0,1013.9,1007.1,91,97,79,16.4,10.7,20.3
2016-05-27,86.3,72.7,77.3,93.7,74.5,82.8,1007.2,1010.0,1004.7,84,96,66,18.7,8.9,1.9
2016-05-28,88.1,70.1,78.8,94.8,74.6,84.8,1012.6,1016.0,1010.0,81,98,58,12.0,8.1,0.0
2016-05-29,86.2,72.4,78.8,92.2,79.1,84.6,1016.7,1018.9,1014.5,79,98,58,10.9,7.3,0.0
2016-05-30,83.6,70.8,76.4,90.5,74.2,81.1,1014.8,1018.0,1011.1,77,98,49,13.8,6.4,0.4
2016-05-31,84.0,70.1,75.0,90.7,73.2,81.7,1011.4,1013.1,1008.9,89,99,65,9.2,5.2,34.5
2016-06-01,82.2,68.8,73.6,90.2,74.9,80.0,1011.4,1013.2,1007.9,89,99,67,7.0,4.0,6.4
2016-06-02,78.9,68.3,71.5,88.3,71.2,76.4,1011.8,1013.0,1010.4,88,99,72,9.5,4.8,18.1
2016-06-03,80.8,65.3,72.3,87.4,68.5,77.0,1011.6,1012.7,1008.8,81,96,64,6.1,3.4,5.2
2016-06-04,80.0,68.6,73.2,84.3,73.4,77.1,1011.9,1013.3,1010.1,85,99,68,10.9,8.0,6.3
2016-06-05,84.1,68.6,75.7,84.4,70.8,77.2,1011.5,1012.7,1009.9,68,94,40,14.2,9.2,0.0
2016-06-06,85.1,66.9,75.8,88.5,66.6,77.8,1011.0,1012.2,1008.9,62,80,45,9.7,6.7,0.0
2016-06-07,85.8,67.0,77.1,92.4,71.1,82.4,1012.2,1013.4,1010.4,75,95,53,6.6,4.7,0.1
2016-06-08,86.0,69.0,77.2,95.8,74.9,84.3,1012.8,1014.0,1010.0,82,97,64,6.4,4.2,2.4
2016-06-09,87.2,70.9,77.6,97.2,78.1,85.2,1013.3,1014.8,1011.5,84,100,64,9.9,4.9,1.1
2016-06-10,87.7,69.3,78.7,97.6,76.3,86.2,1013.9,1015.7,1012.3,81,100,61,7.7,4.5,0.3
2016-06-11,88.9,73.5,80.4,97.4,81.3,88.3,1015.6,1017.7,1013.5,81,99,60,9.1,6.2,0.2
2016-06-12,88.5,76.4,81.4,99.9,84.0,89.7,1015.7,1017.9,1013.0,83,97,60,12.1,7.3,5.8
2016-06-13,89.6,77.0,83.0,98.6,84.0,90.0,1013.2,1015.6,1010.0,77,95,58,11.7,9.0,0.8
2016-06-14,90.7,77.3,83.3,96.9,84.8,89.9,1010.9,1012.5,1009.1,76,92,56,11.4,9.4,0.0
2016-06-15,93.5,76.9,83.9,100.5,83.7,90.0,1012.8,1014.4,1011.4,72,93,47,12.4,10.4,0.0
2016-06-16,93.1,74.5,83.5,98.9,80.9,89.3,1013.8,1015.5,1011.9,71,93,45,11.7,9.6,0.0
2016-06-17,94.2,76.0,84.0,102.2,82.1,90.6,1013.4,1015.1,1011.2,70,95,44,10.3,8.1,0.0
2016-06-18,93.8,76.0,84.1,102.9,83.1,92.1,1015.0,1017.1,1013.3,72,94,46,10.1,5.9,0.7
2016-06-19,90.7,75.5,80.9,99.4,84.4,88.8,1018.2,1020.8,1016.4,79,94,49,8.7,5.4,1.2
2016-06-20,90.3,74.3,82.4,98.3,82.3,90.1,1020.9,1023.1,1018.8,72,94,54,6.8,4.7,0.9
2016-06-21,91.8,76.2,84.3,99.7,84.1,90.9,1018.8,1021.0,1015.7,66,92,45,8.7,5.5,0.0
2016-06-22,91.7,76.2,84.0,98.9,83.1,89.4,1016.0,1017.6,1013.3,68,92,48,11.7,9.1,0.0
2016-06-23,90.5,76.2,83.3,96.7,82.1,88.3,1016.4,1018.2,1014.1,67,89,48,12.1,8.9,0.0
2016-06-24,91.2,74.3,82.8,94.8,80.7,87.4,1016.2,1018.2,1013.7,67,93,45,11.5,8.5,0.0
2016-06-25,87.6,76.6,80.8,92.5,84.6,87.6,1016.5,1018.0,1015.6,81,95,63,12.7,8.5,2.7
2016-06-26,90.9,75.5,82.1,99.0,84.1,89.6,1018.0,1019.9,1015.7,75,96,53,9.3,5.7,2.0
2016-06-27,92.6,74.1,83.8,101.9,83.0,91.9,1018.0,1020.0,1015.5,69,96,47,5.5,3.5,0.0
2016-06-28,94.8,75.5,83.3,105.3,82.2,92.1,1016.9,1018.4,1014.8,75,95,44,10.9,4.5,13.3
2016-06-29,90.8,74.5,81.9,96.8,82.6,88.7,1015.0,1016.8,1012.4,72,97,43,9.6,5.2,0.4
2016-06-30,91.7,73.8,83.1,99.0,81.8,89.8,1014.2,1015.9,1012.4,68,95,46,9.3,5.1,0.0
2016-07-01,92.7,74.8,84.0,99.2,82.9,91.0,1015.2,1016.9,1013.4,68,93,44,9.4,5.2,0.0
2016-07-02,95.0,76.0,85.4,99.8,83.5,90.5,1014.8,1016.8,1011.9,66,94,41,12.6,10.3,0.0
2016-07-03,95.9,78.6,86.5,100.2,83.7,90.4,1012.7,1014.8,1010.1,65,85,44,16.6,13.3,0.0
2016-07-04,98.5,79.2,88.0,102.6,84.0,92.3,1012.9,1015.6,1011.0,60,84,36,14.5,11.5,0.0
2016-07-05,98.1,79.3,87.6,104.3,84.4,92.0,1014.1,1015.6,1012.2,62,85,39,15.7,12.1,0.0
2016-07-06,97.7,78.9,86.9,101.0,83.1,90.2,1013.8,1015.8,1011.4,62,86,38,15.7,14.0,0.0
2016-07-07,98.2,77.7,86.8,101.9,83.3,90.5,1013.3,1014.7,1011.4,63,88,37,14.8,13.1,0.0
2016-07-08,97.6,77.6,86.4,102.2,82.6,90.2,1014.6,1016.6,1012.5,61,87,38,14.9,11.5,0.2
2016-07-09,98.1,77.2,87.0,102.5,83.3,91.8,1015.4,1017.0,1012.7,61,88,34,12.5,9.8,0.0
2016-07-10,94.0,78.3,85.6,99.2,84.2,89.8,1013.3,1015.2,1010.3,62,85,39,12.2,10.1,0.4
2016-07-11,98.9,78.9,86.9,100.2,82.1,88.9,1012.1,1013.6,1010.1,58,85,27,16.4,13.9,0.0
2016-07-12,97.0,77.2,86.3,99.9,80.8,88.7,1013.2,1014.9,1011.5,61,87,36,16.5,14.0,0.0
2016-07-13,98.8,78.2,87.6,102.2,82.7,90.9,1014.7,1016.2,1012.7,60,88,35,15.0,12.9,0.0
2016-07-14,99.4,78.4,87.7,103.1,82.8,91.7,1014.8,1017.0,1012.0,59,86,34,13.2,11.4,0.0
2016-07-15,99.6,77.6,87.9,103.0,83.1,91.3,1014.5,1016.6,1011.2,55,87,27,15.2,10.1,0.0
2016-07-16,96.8,76.3,86.4,102.0,82.8,90.9,1015.1,1016.9,1013.1,59,89,35,11.0,8.5,0.6
2016-07-17,95.4,75.0,85.6,99.7,80.1,89.7,1016.5,1018.2,1014.5,59,89,38,11.4,8.9,0.0
2016-07-18,95.9,77.4,85.9,101.7,84.9,91.4,1018.9,1020.8,1016.6,62,87,38,12.4,7.2,0.0
2016-07-19,95.3,78.6,86.4,100.8,88.4,93.0,1019.7,1022.0,1017.1,64,89,40,10.6,6.8,0.0
2016-07-20,96.7,77.2,87.1,101.3,86.4,93.2,1019.8,1021.9,1017.2,60,90,36,11.1,5.9,0.0
2016-07-21,98.5,77.9,88.7,103.2,84.3,93.4,1018.6,1020.7,1015.9,52,79,32,8.6,6.6,0.0
2016-07-22,99.7,78.4,89.4,105.0,85.7,94.2,1016.6,1019.0,1013.5,51,80,32,10.1,6.2,0.0
2016-07-23,99.6,79.1,89.4,105.2,84.7,93.9,1013.6,1016.1,1010.0,52,77,33,11.3,7.7,0.2
2016-07-24,99.3,79.7,89.1,106.3,86.9,95.3,1012.8,1014.6,1010.1,58,83,37,10.7,7.8,0.2
2016-07-25,98.0,80.6,87.3,107.0,87.5,94.6,1013.2,1015.2,1010.2,62,83,39,11.2,5.7,3.8
2016-07-26,89.9,75.8,81.2,101.1,84.1,90.0,1013.0,1014.2,1011.6,80,95,57,10.6,4.9,15.4
2016-07-27,90.7,76.4,81.7,99.3,84.5,89.9,1013.8,1015.7,1012.2,78,92,53,10.9,5.7,3.5
2016-07-28,90.8,76.4,83.2,100.6,84.7,90.4,1014.7,1016.6,1013.1,73,94,52,12.0,7.1,0.0
2016-07-29,93.2,76.7,84.1,101.5,84.4,91.3,1015.0,1017.6,1011.9,70,94,44,9.3,6.4,0.0
2016-07-30,95.2,75.9,85.2,101.0,83.9,91.0,1015.0,1016.7,1012.3,65,94,39,9.2,7.6,0.0
2016-07-31,95.2,77.0,86.2,99.7,84.3,90.8,1014.8,1016.6,1012.2,61,90,39,11.0,9.4,0.0
2016-08-01,98.2,76.0,87.0,99.8,81.7,89.8,1016.0,1017.7,1013.7,54,86,27,11.8,9.7,0.0
2016-08-02,99.0,75.2,87.3,104.9,82.9,92.6,1016.9,1018.8,1014.0,59,93,33,9.7,7.7,0.0
2016-08-03,98.9,77.9,89.0,104.5,85.6,94.6,1015.2,1017.6,1012.2,55,84,34,10.0,6.6,0.0
2016-08-04,98.8,78.0,88.8,104.0,84.7,93.6,1013.2,1015.4,1010.6,54,82,35,10.4,7.9,0.0
2016-08-05,97.6,78.9,88.7,103.2,86.7,94.4,1013.4,1015.0,1011.0,57,83,38,10.5,6.9,0.0
2016-08-06,98.6,79.0,89.5,103.8,85.3,93.9,1013.6,1015.5,1010.7,51,78,33,10.8,7.5,0.0
2016-08-07,99.4,79.7,90.0,104.3,86.5,94.5,1012.4,1014.5,1009.1,53,83,31,10.5,8.2,0.0
2016-08-08,100.5,80.0,90.5,106.3,86.9,95.2,1011.3,1012.8,1008.2,52,80,32,9.9,8.0,0.0
2016-08-09,99.1,80.3,90.1,106.5,88.1,95.8,1012.0,1013.5,1009.3,56,84,38,11.3,8.2,0.0
2016-08-10,101.4,80.9,90.8,106.2,88.8,96.2,1013.6,1015.5,1010.9,54,82,30,11.9,8.1,0.0
2016-08-11,102.2,80.8,90.8,108.3,88.3,96.7,1012.7,1015.4,1009.5,55,80,31,12.4,8.1,0.0
2016-08-12,101.5,81.0,91.0,111.9,85.9,97.0,1009.7,1011.7,1005.5,55,76,36,11.4,7.7,0.2
2016-08-13,92.1,79.2,83.9,98.2,86.5,91.5,1010.3,1012.0,1008.1,70,89,49,7.5,4.3,2.3
2016-08-14,81.6,74.5,77.8,90.1,81.3,86.9,1012.4,1014.6,1010.3,91,97,82,8.6,4.4,32.6
2016-08-15,78.1,73.7,75.2,88.9,81.0,83.1,1015.2,1016.7,1013.9,93,99,83,5.8,4.2,31.6
2016-08-16,78.7,73.3,74.9,87.6,80.6,82.8,1016.1,1017.6,1015.2,96,100,87,9.8,5.2,42.9
2016-08-17,81.5,74.2,76.4,91.3,80.2,84.7,1017.5,1019.1,1016.5,94,98,85,9.1,5.4,7.8
2016-08-18,85.5,73.2,78.0,96.9,80.3,86.6,1016.7,1018.4,1014.1,88,99,72,7.3,4.3,3.8
2016-08-19,87.8,75.5,80.7,96.0,82.8,88.3,1013.1,1015.5,1010.1,82,98,63,10.4,7.6,0.4
2016-08-20,84.8,74.3,78.3,93.1,81.3,86.1,1011.7,1013.2,1009.9,87,99,70,11.0,5.8,36.7
2016-08-21,79.1,73.9,75.7,87.5,82.2,84.4,1014.9,1016.7,1013.0,94,99,86,5.0,3.3,23.0
2016-08-22,84.8,73.3,78.1,93.6,81.2,86.1,1017.2,1019.0,1015.3,88,98,73,10.6,5.7,5.9
2016-08-23,89.3,75.7,81.6,95.8,81.7,87.6,1018.7,1020.2,1016.9,77,97,56,13.5,10.2,0.0
2016-08-24,88.7,72.9,80.6,96.3,78.8,86.8,1018.3,1019.9,1015.7,77,97,58,10.9,8.1,0.0
2016-08-25,87.5,74.6,80.4,99.3,81.7,88.9,1016.9,1018.9,1013.9,81,98,63,7.9,4.4,0.7
2016-08-26,87.8,73.8,79.4,101.4,82.3,88.7,1015.9,1017.7,1013.0,84,96,66,6.2,3.4,3.3
2016-08-27,86.2,74.4,79.1,96.8,83.3,88.1,1014.7,1016.5,1011.5,85,96,67,5.2,3.4,3.1
2016-08-28,85.4,72.3,78.7,94.0,79.5,86.1,1015.2,1017.0,1012.6,82,97,66,9.5,5.4,1.0
2016-08-29,85.5,73.0,77.5,91.7,79.7,84.0,1015.1,1016.8,1012.8,85,96,66,11.1,7.2,8.9
2016-08-30,86.3,73.1,78.6,93.6,79.5,85.8,1014.8,1016.5,1012.1,84,96,65,8.5,5.8,2.5
2016-08-31,89.0,75.4,80.9,99.0,83.7,89.5,1013.8,1015.2,1011.1,80,94,60,7.4,4.3,0.6
2016-09-01,89.6,75.4,81.8,98.9,83.0,89.5,1013.6,1015.2,1011.8,75,94,56,7.8,5.1,0.0
2016-09-02,86.7,72.8,79.5,97.7,77.8,86.8,1014.9,1016.7,1012.9,78,88,65,7.5,5.0,0.6
2016-09-03,87.3,73.5,79.9,97.5,80.5,87.7,1014.7,1016.0,1012.7,79,94,61,7.1,4.3,0.5
2016-09-04,87.7,73.0,80.2,96.0,81.1,88.3,1014.5,1016.1,1012.7,80,97,61,8.6,4.3,1.1
2016-09-05,89.0,74.6,80.2,97.0,82.6,87.8,1016.2,1017.8,1014.8,84,98,62,10.3,7.5,5.0
2016-09-06,89.4,75.5,81.4,98.2,82.6,89.2,1018.0,1019.7,1016.6,81,97,63,10.5,7.5,0.7
2016-09-07,90.0,76.4,82.5,97.4,84.5,89.9,1018.2,1020.3,1015.7,78,97,58,9.9,8.1,0.2
2016-09-08,91.0,75.0,82.4,97.9,82.0,88.8,1015.2,1017.6,1012.2,73,96,50,10.0,8.2,0.0
2016-09-09,90.2,75.0,81.9,96.0,81.8,87.9,1013.4,1014.9,1011.4,74,96,52,10.2,8.4,0.0
2016-09-10,88.5,74.7,80.8,95.2,79.8,86.3,1018.1,1021.4,1014.4,73,97,52,11.9,7.7,0.0
2016-09-11,86.4,71.1,79.0,92.5,75.4,83.6,1018.9,1021.7,1015.3,66,84,49,8.2,4.6,0.0
2016-09-12,88.0,72.1,80.1,95.2,77.6,86.2,1014.3,1016.4,1011.3,71,88,53,6.9,4.4,0.5
2016-09-13,89.1,72.9,80.8,97.3,81.3,88.5,1014.5,1016.5,1012.0,76,98,52,7.4,3.8,0.3
2016-09-14,89.7,75.6,81.8,96.4,84.7,89.3,1016.6,1018.4,1014.4,74,94,52,7.9,4.2,0.2
2016-09-15,90.4,73.0,82.2,96.5,80.1,88.5,1015.3,1017.2,1012.5,68,92,49,5.8,4.0,0.1
2016-09-16,91.8,74.7,83.1,101.4,83.0,91.3,1013.1,1015.1,1010.7,72,94,52,4.7,3.5,0.0
2016-09-17,92.6,75.4,84.4,100.9,83.5,92.3,1014.1,1016.1,1012.6,69,93,49,5.6,3.8,0.0
2016-09-18,94.9,76.6,85.6,105.6,83.8,93.6,1014.0,1015.7,1012.1,67,93,46,7.5,4.5,0.2
2016-09-19,96.1,77.4,86.8,104.4,85.7,93.5,1015.4,1017.1,1013.9,61,90,39,6.6,5.2,0.0
2016-09-20,94.8,75.4,85.8,101.4,83.2,91.9,1016.6,1018.9,1014.1,59,91,38,7.6,3.9,0.0
2016-09-21,92.9,77.1,84.4,97.2,81.0,89.7,1015.6,1017.4,1013.9,58,89,33,6.1,3.5,0.0
2016-09-22,90.6,74.6,82.8,96.6,79.2,87.3,1014.3,1016.2,1012.2,61,78,45,8.8,5.7,0.0
2016-09-23,91.2,76.0,82.4,96.3,83.5,88.6,1014.0,1016.0,1011.7,72,95,49,11.1,7.2,0.6
2016-09-24,91.1,76.0,80.3,96.9,80.7,87.1,1013.9,1015.8,1011.3,81,92,52,11.4,8.0,9.8
2016-09-25,83.1,73.6,77.8,91.0,81.3,85.8,1014.9,1017.1,1011.9,88,98,70,7.8,4.7,10.3
2016-09-26,73.6,66.6,70.9,80.4,67.5,74.6,1018.5,1020.0,1016.5,90,98,80,11.9,8.0,14.0
2016-09-27,78.3,65.7,70.9,81.0,66.1,72.7,1017.8,1019.4,1016.3,75,86,62,9.0,6.3,0.9
2016-09-28,84.5,63.2,74.0,89.6,65.7,78.1,1017.3,1019.2,1016.0,71,95,47,3.8,2.5,0.0
2016-09-29,81.4,63.5,71.3,81.8,62.7,70.8,1021.1,1023.1,1018.6,62,90,39,10.7,7.5,0.0
2016-09-30,77.8,57.6,68.1,80.1,56.4,67.7,1020.7,1023.3,1017.6,59,83,40,6.4,4.0,0.0
2016-10-01,77.2,63.8,69.8,79.4,62.6,69.9,1017.9,1019.5,1015.9,58,74,44,5.1,2.7,0.1
2016-10-02,82.2,60.1,71.2,85.5,61.2,72.7,1016.3,1018.2,1014.2,63,86,41,5.6,3.2,0.0
2016-10-03,84.8,63.7,74.0,86.9,64.3,76.1,1012.6,1015.0,1009.6,66,86,43,8.6,4.6,0.0
2016-10-04,89.1,69.8,78.5,91.5,73.6,82.1,1008.9,1010.4,1006.1,73,97,46,10.7,8.2,0.2
2016-10-05,90.5,72.5,80.8,96.2,79.3,86.1,1011.1,1013.0,1009.8,71,98,43,10.0,6.0,0.0
2016-10-06,88.8,75.4,79.9,95.0,81.8,86.2,1012.5,1013.9,1010.1,77,94,50,8.3,6.0,0.6
2016-10-07,84.4,69.6,76.6,88.2,68.4,80.2,1017.0,1021.4,1012.9,77,98,59,14.3,9.1,1.5
2016-10-08,82.2,62.9,71.7,84.1,60.7,71.5,1022.0,1024.1,1019.8,65,79,50,10.4,8.1,0.0
2016-10-09,79.9,60.2,69.3,76.3,57.5,66.2,1023.1,1025.5,1021.2,47,75,23,7.8,6.0,0.0
2016-10-10,81.3,55.1,68.6,80.9,51.7,66.0,1021.0,1022.9,1018.6,44,70,24,6.4,3.6,0.0
2016-10-11,85.4,57.6,71.4,86.8,56.6,71.3,1018.5,1020.8,1016.2,56,81,33,6.3,4.3,0.0
2016-10-12,89.0,66.6,76.9,91.5,67.9,80.0,1016.8,1018.6,1014.6,69,94,42,10.1,6.2,0.0
2016-10-13,85.4,72.8,78.0,91.8,78.6,84.2,1018.7,1020.8,1016.7,79,96,57,9.7,4.8,1.0
2016-10-14,83.8,69.2,76.2,89.2,73.7,81.1,1018.4,1021.0,1015.5,77,99,54,7.9,4.8,0.5
2016-10-15,88.1,69.8,79.0,90.0,73.6,81.6,1015.7,1017.6,1012.9,69,92,47,11.8,9.1,0.0
2016-10-16,90.9,72.1,80.3,92.1,76.6,82.9,1013.6,1015.9,1010.9,67,96,38,13.3,9.9,0.0
2016-10-17,90.8,72.9,80.8,92.3,76.9,83.4,1010.3,1012.6,1007.0,67,93,42,12.7,10.4,0.0
2016-10-18,90.8,72.9,80.8,92.9,77.3,84.2,1010.7,1012.6,1009.4,69,95,44,12.5,9.6,0.0
2016-10-19,88.3,73.5,80.2,90.6,79.2,84.2,1013.1,1015.0,1011.2,71,97,44,9.9,7.9,0.9
2016-10-20,78.7,67.0,73.8,80.4,61.0,73.2,1018.7,1023.4,1014.0,65,96,34,17.9,10.5,0.3
2016-10-21,74.4,57.1,65.5,70.5,52.9,60.9,1023.2,1026.0,1020.8,45,66,28,10.8,7.4,0.0
2016-10-22,77.8,54.0,65.8,74.0,50.9,62.0,1021.0,1023.5,1018.7,43,73,24,8.9,5.0,0.0
2016-10-23,80.4,57.1,68.8,77.8,56.1,67.4,1020.8,1022.5,1019.1,63,94,39,9.4,7.0,0.0
2016-10-24,82.7,64.0,73.9,85.3,67.4,76.2,1022.2,1024.5,1020.9,70,96,49,9.1,5.3,0.0
2016-10-25,82.8,63.3,73.6,82.6,66.1,74.6,1020.7,1022.9,1018.3,64,95,40,9.2,5.4,0.0
2016-10-26,83.1,65.0,74.5,84.4,68.1,76.0,1019.4,1021.1,1017.2,65,93,46,8.1,5.6,0.0
2016-10-27,84.5,65.1,74.4,86.5,69.1,76.8,1021.3,1023.6,1019.9,67,96,43,7.6,4.2,0.0
2016-10-28,82.4,63.1,72.9,83.2,63.8,73.8,1021.1,1023.6,1018.6,62,80,44,9.4,4.6,0.0
2016-10-29,84.4,62.6,73.7,84.3,65.2,75.2,1019.8,1021.8,1017.7,66,97,39,8.3,5.5,0.0
2016-10-30,85.7,65.4,74.5,87.8,68.6,76.5,1019.7,1021.9,1018.0,67,99,34,7.6,5.0,0.0
2016-10-31,83.1,61.7,72.7,82.8,63.6,74.0,1016.9,1019.5,1014.1,69,99,36,9.6,6.3,0.0
2016-11-01,85.5,71.6,76.9,88.6,75.6,81.0,1014.6,1016.1,1011.8,79,93,54,9.9,8.0,0.8
2016-11-02,84.6,71.7,75.2,88.9,76.7,80.3,1017.4,1019.7,1015.6,87,96,61,11.2,7.7,12.7
2016-11-03,81.2,69.5,73.8,89.2,72.1,79.5,1021.6,1023.8,1019.3,89,96,68,11.0,5.8,16.0
2016-11-04,75.9,67.4,69.6,78.3,71.1,73.0,1023.8,1026.0,1022.6,90,97,68,8.9,6.7,23.0
2016-11-05,74.6,64.7,69.0,79.8,65.1,72.6,1022.5,1024.2,1020.5,89,98,80,7.8,5.4,9.8
2016-11-06,73.6,61.8,66.9,78.6,62.5,69.4,1019.7,1021.9,1017.2,86,98,73,6.8,4.8,10.6
2016-11-07,73.8,64.8,67.9,76.8,69.1,72.1,1018.5,1020.0,1016.9,93,99,78,7.8,4.2,13.9
2016-11-08,68.4,63.0,65.5,69.8,63.2,67.9,1020.7,1022.5,1019.2,95,99,82,8.8,6.3,17.3
2016-11-09,65.2,61.1,62.8,64.4,59.8,62.0,1023.3,1024.9,1021.7,89,97,80,10.4,9.4,5.3
2016-11-10,68.4,57.9,62.3,66.6,57.1,61.1,1025.4,1027.4,1023.8,75,89,56,7.4,5.7,0.0
2016-11-11,71.0,55.1,62.7,71.8,54.2,62.9,1023.6,1025.7,1021.7,80,95,60,6.2,4.1,0.0
2016-11-12,72.2,58.2,64.2,72.6,57.0,64.1,1023.1,1025.2,1021.4,78,95,61,8.2,5.7,0.0
2016-11-13,71.5,56.5,63.2,72.4,56.4,63.6,1021.9,1024.7,1019.5,80,92,63,5.6,4.0,0.0
2016-11-14,76.7,57.3,65.8,77.9,57.0,66.3,1018.3,1020.2,1015.7,81,96,58,8.4,6.5,0.0
2016-11-15,80.4,55.4,66.6,82.3,54.3,67.3,1017.2,1019.2,1015.6,75,93,43,6.4,4.5,0.0
2016-11-16,81.3,56.0,67.7,79.9,54.5,66.3,1014.8,1016.7,1012.4,66,87,39,11.6,7.1,0.0
2016-11-17,79.1,61.3,69.4,77.5,59.6,67.5,1011.8,1013.6,1009.2,74,95,49,16.3,12.5,0.0
2016-11-18,73.7,53.0,65.8,76.5,42.7,62.4,1020.1,1030.9,1012.5,63,84,39,16.6,12.0,2.2
2016-11-19,58.4,43.5,50.9,50.3,36.3,42.7,1033.7,1036.9,1031.3,45,68,34,15.2,10.1,0.0
2016-11-20,61.4,42.8,50.7,55.1,36.9,45.1,1027.5,1031.9,1022.7,50,69,35,7.2,4.8,0.0
2016-11-21,71.9,45.6,58.4,68.5,40.2,54.4,1018.7,1022.5,1015.0,71,94,51,12.8,9.3,0.0
2016-11-22,75.5,61.4,67.1,77.4,59.7,67.2,1013.6,1015.5,1011.5,87,98,70,17.8,10.9,8.1
2016-11-23,67.6,53.0,61.3,70.2,47.2,59.0,1019.7,1022.7,1014.5,72,100,49,12.8,7.4,19.5
2016-11-24,70.7,50.2,60.3,69.4,47.4,59.1,1021.8,1023.9,1019.8,73,85,55,6.0,3.9,0.0
2016-11-25,65.1,58.1,60.3,66.6,56.0,60.4,1026.2,1029.2,1022.6,90,96,78,8.3,5.5,4.2
2016-11-26,67.1,54.3,60.4,66.8,51.4,59.1,1026.4,1029.3,1022.7,73,86,63,5.9,4.3,0.0
2016-11-27,73.5,56.7,65.1,71.9,55.1,63.5,1014.1,1022.1,1006.3,82,94,67,16.8,11.4,0.0
2016-11-28,74.6,55.4,67.7,70.9,53.4,65.1,1001.7,1005.1,999.8,66,91,30,16.6,10.9,0.4
2016-11-29,74.2,49.6,60.5,69.6,45.5,56.7,1004.0,1008.4,1001.6,58,83,31,7.7,6.0,0.0
2016-11-30,62.0,45.5,54.5,55.8,40.1,48.2,1015.8,1019.3,1008.7,51,73,34,11.9,7.6,0.0
2016-12-01,64.7,40.5,52.1,58.1,34.7,46.3,1018.2,1020.7,1015.4,58,80,34,8.6,6.7,0.0
2016-12-02,61.5,50.1,56.0,58.9,46.1,52.6,1017.5,1018.8,1015.8,76,89,65,9.9,7.2,4.0
2016-12-03,52.4,48.5,50.2,48.5,42.7,45.9,1014.8,1017.1,1011.8,97,99,90,12.7,9.8,53.7
2016-12-04,52.0,49.4,50.5,47.1,44.7,45.7,1015.8,1018.7,1013.7,91,97,81,13.7,10.1,12.5
2016-12-05,51.6,47.2,48.9,50.1,42.0,45.3,1011.1,1016.1,1008.1,94,96,90,10.7,6.7,18.4
2016-12-06,60.6,46.9,52.3,54.0,42.1,47.0,1013.5,1018.5,1008.8,77,93,52,14.3,9.5,0.0
2016-12-07,57.5,41.9,50.3,55.5,38.1,47.1,1019.1,1023.9,1017.1,84,96,65,11.1,4.9,0.0
2016-12-08,50.6,35.8,41.7,44.6,25.1,31.0,1032.5,1038.4,1024.5,62,83,48,20.4,15.9,0.0
2016-12-09,44.9,34.0,38.7,38.8,24.8,30.7,1036.0,1038.6,1033.0,48,70,40,11.7,6.6,0.0
2016-12-10,50.8,37.7,45.1,47.1,32.2,40.0,1028.9,1033.5,1022.6,68,87,54,7.2,4.5,0.0
2016-12-11,63.1,51.4,57.6,60.7,48.2,55.0,1016.0,1021.8,1012.8,92,97,86,14.0,10.3,0.0
2016-12-12,62.1,46.1,53.9,61.3,40.3,51.0,1016.6,1019.9,1014.5,82,95,65,9.4,6.0,0.0
2016-12-13,70.3,51.3,60.8,70.4,48.6,59.3,1015.9,1020.4,1013.3,82,97,62,12.2,7.6,0.0
2016-12-14,59.0,50.5,54.1,56.6,46.1,50.9,1021.6,1025.8,1020.1,78,82,70,9.0,6.0,0.0
2016-12-15,52.3,48.1,50.6,48.6,42.8,46.1,1025.9,1030.0,1021.5,76,81,71,9.4,6.8,0.0
2016-12-16,64.5,52.4,58.4,64.3,46.9,55.7,1014.0,1020.7,1009.1,84,97,64,12.1,9.7,0.0
2016-12-17,75.2,42.8,65.0,77.8,28.1,63.8,1008.2,1021.5,1004.1,86,99,36,21.6,12.8,0.2
2016-12-18,39.7,26.6,30.4,24.8,11.9,17.1,1031.7,1037.4,1022.8,41,45,36,21.5,16.8,0.0
2016-12-19,42.1,24.7,32.6,33.3,13.9,22.7,1038.3,1041.1,1036.3,43,52,36,12.8,9.2,0.0
2016-12-20,54.8,34.5,44.0,47.9,27.7,37.4,1031.3,1036.1,1026.1,45,56,36,7.7,4.1,0.0
2016-12-21,64.5,41.7,52.0,58.5,35.3,45.5,1022.4,1025.9,1018.8,54,71,41,12.2,8.1,0.0
2016-12-22,61.3,47.6,53.6,55.8,40.6,48.0,1024.3,1027.4,1021.4,64,80,47,11.9,8.1,0.0
2016-12-23,66.1,54.4,60.4,69.0,50.9,60.7,1019.0,1023.3,1015.5,84,99,60,9.0,4.0,0.0
2016-12-24,75.1,66.7,69.8,77.1,67.7,71.2,1016.3,1018.0,1014.6,90,98,75,14.2,11.4,1.6
2016-12-25,77.3,67.6,70.8,76.5,67.7,71.0,1013.6,1015.8,1011.0,87,98,67,22.1,14.3,1.3
2016-12-26,77.6,67.5,71.7,82.8,68.8,76.0,1019.1,1023.0,1016.1,91,98,76,11.3,7.1,4.0
2016-12-27,67.9,63.7,66.2,72.6,64.7,69.0,1022.5,1025.0,1020.5,90,100,79,7.0,4.5,2.9
2016-12-28,77.9,63.2,69.8,79.7,65.2,71.9,1017.9,1020.4,1014.7,86,100,66,14.0,8.4,0.0
2016-12-29,66.4,49.8,57.2,68.7,42.6,49.1,1028.1,1034.1,1018.8,43,94,29,17.8,11.9,0.0
2016-12-30,53.2,47.6,50.0,45.7,40.9,43.1,1027.5,1033.0,1019.5,40,53,29,8.9,5.5,0.6
2016-12-31,70.2,49.4,59.3,71.1,43.0,57.0,1011.8,1018.6,1007.4,81,93,64,11.1,8.5,0.1
2017-01-01,70.0,53.8,60.0,71.2,49.5,59.4,1010.7,1013.6,1008.7,82,100,60,8.1,4.7,1.5
2017-01-02,71.5,55.0,62.7,68.9,51.7,61.1,1011.1,1014.5,1007.5,74,99,42,13.0,6.8,3.8
2017-01-03,70.2,46.5,57.7,64.8,37.5,51.2,1016.7,1022.4,1013.8,52,68,36,13.2,9.6,0.0
2017-01-04,46.8,38.5,42.1,40.4,29.3,34.3,1020.7,1023.9,1015.7,59,73,53,13.4,8.4,0.0
2017-01-05,63.6,36.4,47.3,59.8,24.3,40.6,1014.2,1019.8,1011.2,67,80,49,18.4,9.1,0.0
2017-01-06,35.0,24.2,29.9,22.8,11.4,17.3,1025.6,1035.4,1020.1,51,56,47,18.6,16.1,0.1
2017-01-07,39.4,20.0,28.4,30.0,9.9,18.6,1040.3,1043.4,1035.8,49,69,24,14.5,9.0,0.0
2017-01-08,46.8,23.7,36.3,36.3,16.1,28.0,1037.6,1042.3,1031.7,47,75,14,11.4,6.4,0.0
2017-01-09,68.1,38.3,53.3,61.2,33.7,48.2,1026.2,1032.2,1020.6,78,96,53,20.5,9.9,0.0
2017-01-10,75.3,58.2,64.6,72.6,52.3,61.4,1016.8,1020.2,1014.5,77,92,51,18.2,13.0,0.0
2017-01-11,77.9,60.8,67.6,72.9,58.0,64.4,1014.1,1016.3,1011.5,78,93,51,23.9,15.3,0.0
2017-01-12,77.3,65.8,70.4,75.8,63.5,70.1,1017.2,1020.9,1014.1,80,92,56,16.4,12.1,0.9
2017-01-13,76.3,60.9,68.6,76.6,59.5,69.8,1023.9,1026.9,1021.2,84,98,55,12.6,8.4,4.6
2017-01-14,72.7,53.2,60.4,73.6,49.8,59.8,1026.0,1028.1,1023.5,90,100,62,9.9,7.2,2.5
2017-01-15,72.3,57.1,63.5,68.9,56.3,62.5,1016.8,1023.9,1010.9,91,100,69,19.7,10.9,5.6
2017-01-16,70.3,54.4,62.9,67.5,51.8,61.0,1014.5,1016.4,1011.8,73,95,46,16.8,7.5,13.1
2017-01-17,60.3,49.0,53.7,58.3,43.6,48.8,1019.0,1021.8,1016.8,84,93,70,14.5,10.9,15.5
2017-01-18,55.4,47.7,51.3,54.2,42.3,47.9,1018.3,1020.1,1016.0,91,96,81,10.5,7.1,12.4
2017-01-19,69.0,49.5,57.5,64.6,48.1,54.9,1010.3,1015.2,1005.9,83,99,57,14.3,7.7,1.5
2017-01-20,72.1,49.9,59.5,70.6,46.9,57.8,1006.5,1009.6,1004.3,75,97,45,9.7,4.8,0.0
2017-01-21,76.3,49.5,62.7,73.5,46.7,59.8,1000.8,1004.5,996.0,71,100,41,16.9,8.6,2.6
2017-01-22,66.4,55.2,59.9,54.3,43.2,48.4,1007.0,1015.1,1001.1,38,49,28,28.9,19.1,0.0
2017-01-23,68.8,44.8,56.7,63.3,40.0,51.7,1014.0,1017.7,1010.0,55,78,39,10.9,6.5,0.0
2017-01-24,77.2,53.0,63.7,74.4,46.3,59.7,1006.3,1010.1,1003.1,66,95,50,17.1,11.9,0.0
2017-01-25,64.7,50.9,59.9,68.3,41.7,53.6,1012.9,1021.1,1005.9,50,98,31,15.3,10.5,0.2
2017-01-26,55.0,41.3,47.3,49.2,34.1,40.5,1024.7,1027.9,1021.5,49,62,37,9.3,6.3,0.0
2017-01-27,53.8,38.5,46.3,45.6,31.2,38.7,1027.3,1029.5,1025.9,48,66,32,12.3,7.3,0.0
2017-01-28,57.3,41.8,47.7,48.2,34.7,40.2,1027.7,1030.5,1024.8,56,83,27,12.2,9.0,0.4
2017-01-29,64.4,41.7,51.1,57.4,32.9,43.7,1026.6,1029.1,1025.1,47,62,31,13.0,8.7,0.0
2017-01-30,73.8,47.1,58.5,69.1,38.7,51.6,1022.5,1025.3,1019.4,39,58,21,11.3,8.0,0.0
2017-01-31,72.1,43.9,59.0,64.4,37.2,52.6,1017.5,1020.1,1014.2,47,84,28,14.2,8.9,0.0
2017-02-01,77.4,51.7,62.9,74.2,49.6,60.9,1014.7,1017.2,1012.2,76,97,45,12.6,8.2,0.0
2017-02-02,62.1,48.7,55.0,56.0,41.1,47.7,1023.2,1025.9,1018.2,50,79,39,13.9,10.5,0.0
2017-02-03,50.2,45.0,47.9,44.1,36.9,40.5,1028.0,1030.5,1025.8,61,66,57,13.1,9.8,0.3
2017-02-04,53.0,47.0,50.0,50.6,43.6,47.0,1024.4,1028.4,1020.1,80,93,59,6.1,3.8,1.7
2017-02-05,70.5,53.4,61.9,71.0,51.7,62.2,1017.7,1020.1,1015.5,90,98,74,10.9,6.4,0.2
2017-02-06,79.0,65.4,70.1,77.7,66.3,70.4,1012.7,1015.2,1009.1,84,98,53,16.1,11.7,0.5
2017-02-07,84.0,67.2,73.3,84.9,66.0,73.0,1008.9,1011.0,1006.7,60,97,21,13.0,6.2,0.0
2017-02-08,81.9,57.8,68.0,76.5,48.6,61.3,1011.3,1021.6,1006.6,36,61,24,16.1,10.3,0.0
2017-02-09,64.6,44.0,54.2,58.6,35.1,47.2,1025.3,1028.9,1022.2,45,56,30,11.9,8.5,0.0
2017-02-10,74.9,50.2,62.2,73.0,45.1,59.7,1021.1,1025.0,1016.5,71,90,53,14.7,8.5,0.5
2017-02-11,84.7,64.9,72.4,84.5,65.5,73.2,1015.6,1017.7,1012.8,79,98,46,14.3,10.7,0.3
2017-02-12,77.2,61.0,69.1,79.9,61.7,69.7,1018.9,1022.0,1015.5,77,98,53,12.6,7.9,0.1
2017-02-13,75.7,61.8,67.3,74.8,60.6,66.5,1017.5,1021.5,1012.9,77,92,59,13.6,9.8,4.5
2017-02-14,64.8,47.5,57.0,64.4,37.5,51.0,1013.4,1018.5,1008.7,74,93,56,17.6,14.1,14.8
2017-02-15,61.1,43.4,51.1,53.4,35.3,43.3,1020.7,1022.8,1019.1,52,70,31,15.1,10.3,0.0
2017-02-16,64.4,38.3,51.6,59.3,33.4,46.7,1019.3,1022.3,1015.8,59,92,36,9.4,5.2,0.0
2017-02-17,72.3,50.1,59.6,67.7,44.5,55.7,1011.4,1016.0,1006.6,68,98,46,16.4,9.2,0.2
2017-02-18,80.5,58.6,67.6,78.3,57.5,66.7,1008.2,1010.2,1006.2,74,99,36,10.2,8.3,0.7
2017-02-19,78.0,66.8,71.1,76.9,68.7,72.4,1009.9,1011.2,1008.5,87,99,67,19.4,12.0,10.9
2017-02-20,68.1,57.2,62.3,70.8,54.4,61.7,1013.6,1016.6,1010.5,85,100,65,13.8,7.5,31.9
2017-02-21,74.7,54.0,62.1,70.4,47.1,57.2,1014.7,1016.9,1013.1,57,93,37,13.7,9.9,0.0
2017-02-22,79.4,47.2,63.4,77.8,44.0,61.2,1011.4,1014.3,1007.5,64,89,40,9.1,6.0,0.0
2017-02-23,83.0,53.3,66.9,78.5,49.7,64.0,1004.4,1007.2,1000.2,63,83,36,15.9,9.5,0.0
2017-02-24,73.1,54.4,63.9,68.3,46.2,59.6,1008.9,1016.6,1003.2,57,93,28,13.7,9.4,0.0
2017-02-25,60.0,43.2,51.4,53.8,33.9,43.9,1020.2,1024.3,1017.2,44,61,31,12.7,8.9,0.0
2017-02-26,66.3,43.6,55.4,68.8,37.9,54.1,1014.6,1018.6,1011.1,80,94,66,7.4,4.0,4.6
2017-02-27,79.2,62.2,70.0,80.6,63.6,71.9,1012.8,1014.3,1010.9,84,98,60,15.7,8.1,0.8
2017-02-28,85.6,66.7,73.2,83.9,69.1,74.8,1011.7,1013.7,1008.4,83,99,47,18.6,11.5,1.7
2017-03-01,68.6,53.8,63.6,69.1,45.9,58.6,1018.5,1025.0,1011.1,55,98,28,19.2,11.1,0.0
2017-03-02,63.2,46.0,54.3,55.8,38.1,46.5,1028.9,1031.5,1025.5,34,45,21,12.9,8.5,0.0
2017-03-03,67.9,41.8,55.6,60.0,35.1,48.9,1032.0,1034.8,1029.5,42,66,22,11.7,7.4,0.0
2017-03-04,60.0,51.8,56.4,59.0,46.9,54.1,1027.4,1030.7,1024.3,84,96,55,10.4,6.7,14.1
2017-03-05,70.7,56.0,62.8,71.5,56.1,63.4,1019.1,1023.9,1015.5,90,100,72,10.8,6.5,8.6
2017-03-06,80.3,65.9,71.7,78.3,66.0,71.7,1013.3,1016.0,1009.7,83,98,56,18.6,14.0,1.4
2017-03-07,70.2,59.3,65.8,74.0,53.4,63.5,1019.7,1025.2,1013.5,68,97,32,15.6,9.5,1.4
2017-03-08,70.1,56.0,63.3,73.5,51.3,61.5,1023.9,1026.2,1021.5,62,95,43,7.8,5.3,0.1
2017-03-09,74.5,63.7,68.4,75.5,66.1,70.5,1020.0,1022.0,1017.5,91,100,74,12.2,8.6,3.9
2017-03-10,77.6,64.1,69.5,81.4,67.1,72.6,1019.6,1021.7,1018.2,84,98,59,13.0,5.0,1.0
2017-03-11,71.2,59.8,64.5,70.9,61.3,65.6,1018.3,1019.8,1015.4,88,99,67,10.9,6.2,19.5
2017-03-12,61.4,46.9,53.0,58.9,39.2,47.6,1022.7,1026.0,1020.2,78,92,65,18.2,10.7,0.0
2017-03-13,67.7,47.5,55.4,63.3,44.4,51.8,1020.4,1023.6,1017.4,75,95,46,14.8,7.0,0.0
2017-03-14,67.5,41.8,54.1,63.9,36.2,50.3,1023.9,1027.3,1020.6,61,76,48,10.5,5.3,0.0
2017-03-15,70.6,47.0,59.7,68.8,45.0,57.1,1024.6,1027.5,1023.3,71,96,48,11.6,7.1,0.0
2017-03-16,74.2,58.3,65.5,74.2,57.4,64.2,1021.8,1024.1,1018.4,81,95,64,16.2,10.5,0.6
2017-03-17,80.0,63.7,70.6,77.3,61.4,68.7,1019.8,1022.1,1017.7,74,88,51,18.7,14.2,0.2
2017-03-18,79.1,60.0,69.3,81.1,61.4,71.7,1023.5,1026.2,1021.9,83,99,56,9.6,5.8,0.4
2017-03-19,80.4,64.0,71.1,80.4,65.3,72.3,1022.8,1025.1,1020.2,77,97,51,12.6,9.0,0.0
2017-03-20,81.6,64.1,71.0,80.0,63.6,70.4,1019.8,1022.3,1016.9,72,96,39,14.6,11.3,0.0
2017-03-21,82.1,61.2,70.6,81.9,60.5,69.7,1017.6,1019.9,1015.0,72,96,46,15.1,11.4,0.0
2017-03-22,81.4,62.1,71.1,81.5,64.3,71.4,1018.4,1020.9,1016.7,74,97,46,13.4,8.9,0.0
2017-03-23,81.7,65.2,71.7,75.5,62.9,67.8,1016.5,1019.3,1013.1,67,96,32,23.9,17.0,0.1
2017-03-24,77.4,60.4,69.6,76.0,56.8,67.9,1012.5,1014.2,1009.7,71,95,37,19.8,11.6,13.3
2017-03-25,78.9,55.7,66.1,78.5,51.0,63.1,1015.0,1018.7,1012.1,47,63,30,10.8,6.0,0.0
2017-03-26,85.7,58.9,72.0,81.9,57.8,70.9,1010.2,1012.9,1006.0,69,100,35,18.7,11.6,0.2
2017-03-27,84.5,67.2,74.5,88.2,70.4,77.6,1010.2,1012.3,1007.5,76,94,49,12.3,6.6,0.1
2017-03-28,86.5,66.1,75.0,80.6,69.9,74.4,1007.3,1010.4,1002.4,73,98,41,25.2,14.4,1.3
2017-03-29,80.4,62.2,71.7,79.7,53.7,70.9,1007.5,1012.0,1002.9,61,98,28,19.3,8.6,7.0
2017-03-30,77.5,54.8,65.2,77.0,49.7,61.8,1011.0,1013.7,1007.2,53,75,30,17.1,8.0,0.0
2017-03-31,84.4,56.0,69.4,81.8,53.9,65.7,1008.1,1010.0,1005.7,54,79,35,16.3,11.4,0.0
2017-04-01,78.7,63.0,70.8,76.6,61.5,70.0,1009.7,1011.3,1007.9,76,96,54,17.3,12.1,0.6
2017-04-02,73.8,58.5,66.5,74.8,54.8,66.6,1006.8,1010.4,1003.4,84,100,56,16.3,9.4,17.7
2017-04-03,83.9,52.6,67.6,82.7,48.6,65.4,1006.6,1008.6,1003.9,59,85,34,11.3,8.2,0.0
2017-04-04,86.9,60.5,71.7,86.0,56.7,70.0,1005.1,1007.5,1002.1,55,78,30,14.4,8.7,0.0
2017-04-05,71.3,52.2,61.9,64.3,44.7,54.9,1017.4,1021.1,1008.5,46,61,30,18.1,12.5,0.0
2017-04-06,74.0,48.3,61.4,73.7,45.9,59.0,1022.6,1025.7,1021.0,56,89,30,7.1,4.2,0.0
2017-04-07,78.3,50.7,65.0,75.0,46.4,61.6,1021.4,1024.3,1018.0,54,77,30,13.0,7.8,0.0
2017-04-08,83.4,60.3,70.5,81.3,58.0,67.4,1015.3,1018.8,1011.7,63,80,40,19.8,13.5,0.0
2017-04-09,85.6,64.0,72.6,84.0,62.6,70.7,1012.2,1013.8,1008.3,71,94,42,20.6,14.9,0.1
2017-04-10,80.6,70.1,73.3,82.2,70.3,75.6,1014.2,1015.9,1011.4,84,94,66,14.4,11.0,38.6
2017-04-11,75.6,64.4,68.6,78.1,63.9,70.9,1019.2,1022.1,1015.7,88,100,69,11.9,7.7,79.1
2017-04-12,74.9,60.7,67.1,77.3,61.7,68.3,1021.0,1023.2,1018.6,81,94,63,10.8,6.2,0.3
2017-04-13,76.6,65.1,70.1,80.3,66.4,72.3,1020.1,1022.1,1017.5,84,99,66,14.7,7.8,0.9
2017-04-14,79.3,62.9,70.4,80.3,65.1,71.8,1018.0,1020.5,1015.0,74,97,45,11.5,7.2,0.2
2017-04-15,78.9,64.3,71.7,79.8,66.4,72.7,1016.5,1018.2,1014.1,78,98,60,13.1,9.7,0.3
2017-04-16,80.4,65.0,72.6,83.3,67.9,74.7,1015.9,1017.4,1013.7,80,99,59,13.1,9.0,1.4
2017-04-17,74.2,65.9,69.2,78.1,66.5,72.4,1015.9,1018.5,1013.7,90,98,80,12.4,6.4,5.3
2017-04-18,74.8,60.7,67.8,80.1,62.3,70.2,1015.8,1017.3,1014.4,87,97,70,10.8,6.2,0.7
2017-04-19,80.4,65.6,72.3,82.5,69.4,75.0,1016.4,1018.0,1014.7,79,98,56,10.8,7.2,0.3
2017-04-20,81.7,67.5,74.3,83.7,69.9,77.0,1015.2,1017.1,1013.1,80,96,57,11.6,9.3,0.6
2017-04-21,82.4,67.8,75.0,84.5,70.4,76.3,1010.8,1014.6,1006.8,77,97,54,16.2,11.9,0.3
2017-04-22,70.5,58.1,63.2,74.1,51.3,59.6,1015.8,1020.9,1009.5,72,97,54,16.8,12.1,0.4
2017-04-23,71.4,52.2,61.2,68.9,46.0,56.7,1019.3,1022.2,1015.7,55,75,37,14.1,9.4,0.0
2017-04-24,76.6,49.6,65.1,75.3,46.1,62.7,1011.6,1016.7,1006.0,61,87,42,13.2,8.1,0.0
2017-04-25,88.3,62.8,73.9,90.1,59.4,73.6,1001.5,1005.7,997.2,74,95,51,19.1,14.6,0.0
2017-04-26,84.9,62.5,75.5,82.7,55.5,73.3,1001.5,1008.5,996.4,59,96,20,21.0,13.9,3.1
2017-04-27,81.9,53.3,67.7,78.2,50.9,64.8,1006.6,1010.9,1002.0,55,80,34,15.4,8.9,0.0
2017-04-28,92.8,66.3,79.1,95.4,65.4,81.1,1001.6,1003.7,998.6,71,93,43,17.3,12.8,0.4
2017-04-29,91.3,63.6,78.6,92.5,55.3,77.8,1001.9,1010.0,996.6,69,94,44,22.7,18.2,4.7
2017-04-30,74.2,53.4,64.1,68.7,45.6,58.0,1012.6,1015.0,1009.8,44,81,24,18.5,10.9,2.7
2017-05-01,84.7,54.4,70.8,81.0,50.6,66.7,1013.7,1016.0,1010.8,47,70,28,17.3,10.9,0.0
2017-05-02,88.1,61.2,74.7,87.1,60.0,73.0,1013.1,1015.7,1009.8,56,85,33,15.7,10.9,0.0
2017-05-03,88.9,65.0,77.5,90.4,58.1,77.3,1009.0,1014.8,1004.6,65,94,39,19.1,13.4,1.5
2017-05-04,77.6,60.2,68.0,71.4,52.6,61.0,1017.2,1020.0,1014.8,39,55,24,19.7,13.3,0.0
2017-05-05,82.1,56.4,68.9,79.2,52.2,64.9,1016.8,1019.5,1013.1,39,65,21,9.2,6.6,0.0
2017-05-06,86.0,56.6,71.9,85.7,52.5,69.6,1014.6,1017.0,1011.2,44,68,26,8.5,6.1,0.0
2017-05-07,86.8,60.6,74.0,85.8,59.9,72.4,1013.9,1016.2,1010.9,53,83,31,14.1,9.0,0.0
2017-05-08,82.7,63.9,73.5,79.3,64.4,72.2,1014.5,1015.9,1012.4,63,83,44,17.7,10.8,0.2
2017-05-09,81.1,65.2,73.3,81.1,67.0,74.6,1014.0,1015.6,1011.5,78,90,60,15.4,10.8,2.4
2017-05-10,85.3,70.2,76.8,84.4,71.2,76.9,1012.2,1013.4,1010.5,72,92,51,18.6,14.5,0.9
2017-05-11,82.8,70.2,75.4,86.9,74.5,80.3,1011.6,1013.7,1009.0,81,95,64,10.7,6.0,5.1
2017-05-12,83.4,62.9,72.7,80.6,60.8,71.6,1012.2,1014.5,1009.9,60,96,33,15.5,9.4,0.2
2017-05-13,83.3,60.3,72.1,86.0,60.3,72.6,1013.1,1015.1,1010.2,59,84,38,8.1,5.5,0.0
2017-05-14,89.6,61.5,75.6,92.9,61.6,77.1,1012.6,1014.7,1009.4,63,89,37,10.5,7.4,0.0
2017-05-15,91.3,64.7,77.0,92.8,67.9,78.2,1012.1,1014.6,1008.2,65,97,33,14.0,9.8,0.0
2017-05-16,93.3,70.2,78.4,90.3,70.8,77.4,1008.7,1011.8,1004.1,66,87,35,22.2,16.0,0.0
2017-05-17,81.5,69.3,75.5,86.5,70.8,78.7,1007.6,1010.1,1004.9,82,97,64,18.7,10.6,24.2
2017-05-18,88.4,73.3,79.9,88.8,77.4,82.8,1006.9,1008.7,1003.2,78,97,52,22.6,14.4,4.5
2017-05-19,89.9,74.0,80.8,88.1,77.1,82.1,1007.3,1008.6,1004.7,71,91,45,20.1,15.5,0.3
2017-05-20,80.4,70.0,74.8,86.5,72.9,79.5,1011.8,1015.6,1008.2,85,97,68,12.5,7.6,14.6
2017-05-21,80.2,64.6,70.8,81.6,63.7,71.5,1017.2,1019.0,1015.5,80,95,53,15.0,10.2,13.6
2017-05-22,77.7,61.6,68.4,79.7,60.9,69.3,1014.6,1017.5,1011.1,82,95,64,13.2,8.6,10.0
2017-05-23,78.8,60.0,68.4,81.6,54.6,69.3,1011.9,1014.5,1009.5,80,99,59,13.8,7.7,11.5
2017-05-24,82.2,56.0,69.0,83.1,51.9,67.1,1010.3,1014.3,1005.6,56,76,33,13.1,8.1,0.0
2017-05-25,89.8,63.4,75.9,89.3,60.2,74.7,1006.7,1008.6,1003.6,61,84,43,20.3,13.8,0.0
2017-05-26,93.7,72.8,81.3,98.9,74.9,86.2,1009.5,1011.3,1007.4,77,94,48,13.9,11.3,0.7
2017-05-27,95.0,77.5,84.1,100.0,80.9,88.2,1010.3,1012.4,1007.1,71,92,45,17.3,13.9,0.4
2017-05-28,89.4,71.6,79.0,98.1,74.7,85.5,1011.4,1014.5,1009.4,80,95,55,12.7,6.7,21.4
2017-05-29,81.0,70.0,74.1,86.6,74.8,79.8,1015.5,1018.4,1013.6,85,98,64,7.9,4.3,4.2
2017-05-30,84.5,66.3,76.0,89.7,70.3,81.0,1016.5,1018.1,1014.4,75,97,52,7.8,4.6,0.1
2017-05-31,82.9,68.1,75.6,89.2,73.1,81.1,1015.9,1017.6,1013.4,78,92,58,10.9,4.0,0.7
2017-06-01,82.7,68.3,74.9,88.5,73.5,80.3,1014.1,1016.5,1011.0,82,97,63,8.1,4.8,6.0
2017-06-02,84.7,70.2,77.0,93.2,77.2,83.8,1012.5,1014.5,1009.8,82,99,62,9.0,4.2,2.9
2017-06-03,83.6,70.4,76.4,93.8,76.5,83.8,1012.1,1014.0,1009.3,85,96,66,8.5,3.8,17.1
2017-06-04,82.8,69.7,75.0,92.7,74.9,81.4,1009.9,1012.9,1007.2,85,97,69,9.3,4.4,14.3
2017-06-05,82.5,69.4,75.3,89.5,75.7,81.3,1007.4,1009.2,1005.1,84,99,64,14.5,5.5,7.0
2017-06-06,86.4,70.2,77.9,87.7,74.7,81.2,1009.9,1012.1,1008.5,74,96,51,16.6,9.7,0.2
2017-06-07,88.0,69.1,79.0,92.9,71.1,83.3,1012.7,1014.1,1011.4,64,84,43,8.1,4.4,0.0
2017-06-08,87.4,70.2,78.9,97.2,74.9,84.3,1013.1,1015.5,1010.1,70,90,54,7.6,5.5,0.1
2017-06-09,85.2,71.0,77.5,91.9,75.9,82.0,1011.3,1012.7,1009.0,77,94,61,14.5,7.9,2.1
2017-06-10,88.9,70.0,78.9,92.0,72.5,80.8,1011.3,1013.0,1008.6,63,86,46,12.0,9.2,0.5
2017-06-11,90.6,73.9,81.0,95.3,75.6,84.5,1012.0,1013.8,1009.6,65,89,39,11.5,8.9,0.0
2017-06-12,92.5,71.9,82.0,97.8,78.4,86.4,1011.7,1013.9,1008.5,65,97,38,11.5,7.3,0.1
2017-06-13,91.5,73.9,82.5,96.6,78.6,86.9,1011.4,1013.0,1008.8,70,94,47,14.5,10.4,0.8
2017-06-14,95.2,76.5,84.5,96.1,82.7,87.9,1012.3,1014.1,1009.2,66,94,38,15.5,11.9,0.6
2017-06-15,97.6,75.8,85.6,101.2,81.3,89.4,1012.5,1014.7,1008.6,62,92,35,14.7,11.1,0.0
2017-06-16,96.8,75.3,85.6,101.3,79.7,89.7,1009.9,1012.6,1006.3,63,91,36,13.5,11.4,0.0
2017-06-17,100.4,77.0,87.2,102.7,81.9,90.8,1006.6,1008.9,1002.8,62,88,31,15.4,13.1,0.0
2017-06-18,99.9,76.8,86.7,102.1,81.3,90.5,1007.4,1010.6,1005.0,62,89,30,15.3,12.4,0.1
2017-06-19,90.1,77.2,82.8,95.5,84.1,89.1,1012.6,1014.7,1010.6,69,88,51,10.5,5.7,0.2
2017-06-20,95.1,75.8,85.1,99.6,81.9,89.8,1013.0,1015.3,1009.6,61,86,39,12.4,8.0,0.1
2017-06-21,95.4,75.2,84.8,96.0,78.5,85.9,1008.7,1012.7,1004.4,49,77,27,13.7,9.2,0.0
2017-06-22,94.8,76.1,85.3,102.3,79.6,89.7,1004.6,1006.5,1002.3,57,76,39,11.2,6.6,0.0
2017-06-23,100.5,78.4,88.3,105.8,84.4,93.5,1007.7,1012.4,1005.2,59,83,31,12.1,9.6,0.3
2017-06-24,82.9,75.6,78.8,88.5,81.9,85.1,1016.2,1019.7,1012.6,81,96,65,11.4,7.3,13.2
2017-06-25,84.6,73.8,78.9,89.4,80.0,84.2,1019.4,1021.0,1017.3,76,91,62,11.8,7.0,8.4
2017-06-26,84.2,72.7,77.0,94.2,80.0,84.8,1018.0,1020.4,1014.8,88,98,67,9.0,4.8,36.5
2017-06-27,81.9,73.1,76.8,88.8,80.5,83.8,1015.2,1017.1,1012.7,86,98,70,10.5,5.2,15.2
2017-06-28,87.5,70.1,79.2,93.7,76.4,85.4,1012.3,1014.7,1009.6,78,99,54,8.3,5.5,0.4
2017-06-29,90.9,73.8,82.6,98.3,82.3,89.4,1010.4,1012.3,1008.2,76,99,57,12.8,8.2,0.2
2017-06-30,94.7,77.7,85.1,98.1,83.3,90.0,1012.0,1014.2,1010.3,71,90,45,17.3,13.7,0.2
2017-07-01,92.8,77.2,84.3,97.2,84.7,90.3,1016.3,1019.2,1013.9,71,94,43,13.0,9.5,1.8
2017-07-02,92.9,77.4,84.6,98.6,83.6,90.8,1017.9,1020.9,1014.8,71,91,48,13.3,9.6,1.1
2017-07-03,95.8,77.2,85.8,99.9,82.7,90.4,1015.5,1018.4,1011.3,64,90,38,13.6,11.1,0.0
2017-07-04,95.4,77.9,86.0,100.1,83.8,90.6,1014.7,1017.0,1011.8,65,89,42,14.7,11.5,0.9
2017-07-05,97.0,77.8,86.5,101.9,83.9,91.8,1016.1,1019.1,1012.7,62,88,30,12.0,8.5,0.0
2017-07-06,93.7,77.1,83.8,100.9,85.7,91.4,1017.9,1019.6,1016.0,69,94,41,10.2,4.6,4.0
2017-07-07,95.3,76.7,84.4,104.8,85.1,92.0,1017.9,1020.3,1016.1,68,90,42,11.5,4.7,6.1
2017-07-08,98.0,77.3,86.8,103.7,84.3,92.3,1017.0,1019.4,1014.4,57,84,33,10.3,6.0,0.0
2017-07-09,96.3,78.5,86.3,102.1,84.8,91.6,1016.1,1018.0,1013.5,58,77,36,11.6,6.3,2.0
2017-07-10,97.5,77.6,87.4,99.6,81.1,89.7,1014.5,1016.7,1011.6,48,75,25,9.8,7.6,0.0
2017-07-11,97.7,76.6,86.4,102.2,83.0,90.0,1014.4,1016.4,1011.5,58,88,34,14.3,10.0,1.1
2017-07-12,95.0,77.7,86.5,99.2,83.9,90.2,1015.6,1017.4,1013.0,58,86,35,11.7,9.3,0.0
2017-07-13,95.5,77.4,86.3,99.1,86.3,91.9,1017.6,1019.9,1014.5,62,90,35,11.5,6.5,0.5
2017-07-14,97.2,77.9,87.8,103.6,86.5,93.6,1017.9,1020.3,1015.2,56,87,33,9.2,4.9,0.3
2017-07-15,95.1,77.1,84.2,103.5,84.1,91.4,1016.7,1018.8,1014.3,68,91,41,16.0,5.1,7.3
2017-07-16,96.6,74.0,83.9,100.4,81.8,90.1,1013.5,1015.8,1010.9,67,99,34,11.6,6.0,1.0
2017-07-17,88.7,76.4,81.1,97.9,83.6,89.6,1013.2,1014.6,1011.5,78,94,57,10.8,3.8,7.4
2017-07-18,92.9,76.1,84.3,99.7,84.2,91.3,1015.6,1017.4,1013.3,68,94,44,9.1,5.5,0.0
2017-07-19,95.3,77.4,86.0,102.0,86.3,92.8,1018.1,1020.7,1015.6,64,90,40,10.1,6.5,0.3
2017-07-20,98.3,78.4,88.0,104.0,85.7,93.8,1017.1,1020.6,1013.3,58,86,32,11.5,6.9,0.0
2017-07-21,100.3,78.8,89.4,104.0,86.4,93.5,1014.6,1017.2,1010.9,52,83,29,12.7,8.4,0.1
2017-07-22,100.4,79.3,89.2,104.7,85.5,93.1,1012.7,1015.1,1008.8,53,81,29,12.4,9.0,0.0
2017-07-23,99.4,79.0,87.9,107.0,85.4,93.5,1012.0,1013.8,1009.4,59,82,34,11.0,7.3,1.3
2017-07-24,99.7,79.0,86.3,101.5,85.2,91.2,1013.6,1015.5,1010.4,62,94,22,12.6,8.6,1.8
2017-07-25,97.4,79.4,86.8,100.9,85.3,91.5,1016.9,1018.6,1014.8,62,86,34,13.7,10.3,0.1
2017-07-26,99.8,78.9,88.0,102.9,84.9,92.0,1017.0,1019.9,1013.9,58,88,29,19.4,10.5,0.0
2017-07-27,99.8,77.4,88.1,104.6,84.3,92.2,1015.2,1017.7,1011.7,54,82,31,17.1,9.0,0.0
2017-07-28,102.8,77.7,90.3,104.2,84.0,93.0,1012.7,1015.5,1008.9,47,81,21,13.9,8.5,0.0
2017-07-29,103.6,79.6,92.2,108.0,86.2,95.7,1011.6,1013.8,1008.4,47,81,21,12.7,7.4,0.0
2017-07-30,98.4,82.0,89.6,105.4,87.0,94.5,1013.6,1015.1,1011.7,51,69,38,12.1,6.7,2.4
2017-07-31,96.5,78.8,87.7,98.7,81.8,89.7,1015.3,1017.8,1012.7,45,69,25,10.5,7.3,0.0
2017-08-01,97.6,77.0,87.3,99.0,80.5,89.7,1014.7,1016.5,1011.7,43,67,26,13.2,5.1,0.0
2017-08-02,84.6,73.7,79.5,92.3,79.8,87.1,1015.6,1017.0,1014.1,80,97,57,9.6,4.4,39.4
2017-08-03,87.2,72.6,79.7,94.9,78.9,86.9,1016.3,1018.2,1013.9,76,96,58,7.3,4.0,4.7
2017-08-04,92.8,74.9,83.8,98.0,83.0,90.6,1015.5,1017.9,1012.7,66,94,37,10.4,4.3,1.0
2017-08-05,94.2,76.4,84.2,102.3,85.8,91.6,1013.6,1015.6,1010.1,74,95,51,12.8,7.8,14.2
2017-08-06,96.3,78.3,84.9,99.9,83.3,90.1,1010.8,1012.5,1007.9,70,89,41,15.0,10.9,6.2
2017-08-07,82.8,75.6,79.2,90.3,82.4,87.3,1012.7,1014.6,1010.6,85,96,66,10.7,5.3,31.4
2017-08-08,88.8,74.8,81.3,94.5,82.2,87.5,1014.6,1015.8,1013.0,74,96,51,14.7,7.3,0.3
2017-08-09,90.9,74.9,82.4,95.5,81.6,88.9,1015.7,1017.4,1013.6,69,90,44,8.6,5.0,0.2
2017-08-10,94.9,76.4,84.7,102.0,86.2,92.8,1017.2,1019.2,1014.9,72,97,46,10.9,6.0,1.2
2017-08-11,95.8,77.2,86.6,104.4,85.3,93.6,1016.2,1018.7,1013.2,64,94,41,10.4,6.0,0.2
2017-08-12,99.9,79.0,89.1,105.0,86.4,94.4,1013.6,1016.0,1009.8,58,87,33,13.2,9.3,0.0
2017-08-13,101.1,79.1,89.2,104.0,84.9,93.0,1011.2,1013.8,1007.7,56,82,28,14.6,10.9,0.0
2017-08-14,101.1,78.4,88.7,102.2,83.1,91.7,1009.8,1012.4,1005.4,56,82,26,15.8,12.2,0.0
2017-08-15,100.6,78.2,88.1,102.2,84.7,91.0,1010.1,1012.0,1006.3,57,86,27,15.5,12.5,0.0
2017-08-16,101.2,80.2,88.5,103.0,85.7,92.1,1012.2,1014.3,1009.0,60,84,26,15.4,13.2,0.9
2017-08-17,100.4,81.0,89.4,104.1,88.0,94.0,1014.8,1016.7,1011.9,57,82,30,13.5,9.8,0.0
2017-08-18,100.6,79.0,89.4,105.4,86.4,94.1,1015.0,1017.6,1011.2,54,87,25,13.9,7.6,0.0
2017-08-19,101.3,78.8,90.0,105.6,85.9,94.1,1014.2,1016.4,1010.1,50,84,26,12.7,7.8,0.0
2017-08-20,100.1,79.1,89.8,103.6,86.3,93.5,1014.5,1016.4,1011.1,51,83,27,14.2,8.7,0.0
2017-08-21,98.7,79.7,88.7,103.5,88.2,93.6,1016.5,1018.3,1013.1,55,84,34,13.1,7.4,0.0
2017-08-22,97.4,78.6,88.6,101.6,85.6,92.7,1016.0,1018.3,1012.8,50,81,30,11.9,6.0,0.0
2017-08-23,97.0,79.7,86.8,102.9,84.8,91.3,1013.7,1015.8,1009.6,54,72,32,12.5,6.1,0.2
2017-08-24,88.8,76.2,82.2,93.8,85.2,89.0,1011.5,1013.9,1008.9,72,96,54,10.0,5.7,2.8
2017-08-25,83.8,75.3,78.3,87.0,76.8,83.1,1011.1,1012.1,1009.5,85,93,69,18.4,12.1,16.2
2017-08-26,76.2,73.1,74.6,76.5,69.7,73.8,1007.7,1010.2,1006.0,93,98,87,31.1,24.2,111.6
2017-08-27,75.3,67.9,72.8,75.7,64.9,71.4,1007.1,1009.6,1004.4,91,95,88,26.7,22.6,128.0
2017-08-28,81.1,67.8,73.6,81.0,64.9,72.0,1010.1,1011.8,1008.1,77,91,58,22.3,17.7,20.6
2017-08-29,84.4,71.2,77.5,85.6,70.7,78.1,1010.9,1012.1,1009.4,70,85,55,19.6,14.0,0.1
2017-08-30,86.2,72.2,78.7,89.2,72.9,81.1,1011.6,1013.2,1010.3,66,82,49,14.1,9.7,0.0
2017-08-31,86.5,68.4,77.9,92.2,70.3,82.1,1014.0,1016.0,1012.1,68,82,46,7.9,5.2,0.0
2017-09-01,86.7,70.9,78.5,94.4,75.3,84.0,1015.6,1017.7,1014.0,70,85,51,5.9,3.8,0.0
2017-09-02,88.2,69.6,79.2,95.3,74.9,85.3,1016.6,1018.4,1014.9,73,95,51,7.6,4.4,0.0
2017-09-03,87.0,71.6,79.3,95.4,78.4,85.8,1017.8,1019.7,1016.1,74,95,53,5.8,4.4,0.0
2017-09-04,87.3,70.3,79.0,93.7,76.7,85.1,1016.1,1018.1,1013.7,72,95,47,8.5,4.0,0.0
2017-09-05,89.6,72.2,80.4,97.7,79.3,87.9,1015.1,1017.3,1012.5,75,98,49,8.1,3.6,0.1
2017-09-06,81.7,67.1,75.3,81.2,65.4,73.3,1018.5,1020.4,1016.4,53,76,34,15.1,10.7,0.4
2017-09-07,79.4,61.2,70.5,80.7,58.9,69.8,1019.7,1021.8,1017.7,54,65,42,7.6,5.5,0.0
2017-09-08,80.2,59.8,70.8,83.0,59.1,71.7,1019.4,1021.5,1017.1,63,82,46,6.5,5.0,0.0
2017-09-09,82.1,63.4,72.6,83.0,64.6,73.3,1019.6,1021.9,1017.4,62,83,42,9.7,6.2,0.0
2017-09-10,83.1,64.3,73.1,84.6,64.0,73.4,1019.2,1021.3,1017.0,60,76,42,10.5,6.9,0.0
2017-09-11,83.5,64.0,73.0,83.5,64.6,73.1,1017.0,1019.7,1013.4,59,79,37,11.5,6.3,0.0
2017-09-12,88.6,61.9,74.7,90.2,61.3,75.6,1011.8,1014.7,1007.7,57,85,29,7.1,4.7,0.0
2017-09-13,89.5,66.2,77.3,94.3,66.5,80.0,1009.0,1010.9,1006.7,61,82,42,8.3,5.2,0.0
2017-09-14,91.6,70.8,80.7,95.7,75.9,84.8,1009.8,1011.4,1007.7,71,96,46,12.8,9.6,0.0
2017-09-15,89.1,72.7,80.2,94.2,77.5,84.5,1011.8,1013.5,1009.9,71,92,49,12.5,8.9,0.1
2017-09-16,89.9,74.9,81.6,95.8,81.3,87.4,1014.0,1016.2,1011.8,72,95,47,9.9,7.3,0.6
2017-09-17,89.6,73.0,81.4,95.0,79.6,86.4,1015.5,1017.4,1013.2,67,92,44,9.3,6.0,0.0
2017-09-18,88.2,73.4,80.3,96.4,79.6,87.4,1014.3,1016.5,1011.8,78,95,61,10.4,5.8,3.7
2017-09-19,90.9,75.7,82.3,96.9,83.9,88.5,1012.0,1014.2,1008.2,77,97,54,13.5,9.8,0.5
2017-09-20,94.4,76.5,83.9,98.9,83.0,89.2,1011.4,1013.1,1008.8,72,93,44,14.0,11.1,0.0
2017-09-21,89.1,76.9,81.6,95.0,82.9,87.4,1012.7,1014.4,1010.3,77,94,57,13.3,9.7,2.4
2017-09-22,87.3,73.8,79.7,93.0,81.4,85.6,1013.0,1014.9,1011.0,79,97,58,14.2,8.2,5.0
2017-09-23,88.4,71.1,79.8,92.0,78.4,85.0,1012.0,1014.0,1009.2,73,100,50,10.6,6.6,0.3
2017-09-24,87.1,73.1,79.4,93.9,80.2,85.4,1011.1,1012.7,1008.6,78,95,60,10.4,7.1,1.1
2017-09-25,86.1,72.6,78.6,90.8,79.4,84.4,1010.6,1012.3,1008.2,79,96,54,10.7,6.8,1.3
2017-09-26,80.7,73.5,75.5,88.4,79.8,83.1,1011.8,1013.1,1010.4,92,97,83,9.4,5.2,29.8
2017-09-27,80.0,72.1,75.5,85.8,77.1,82.2,1013.9,1015.5,1012.8,89,97,72,9.2,5.5,10.9
2017-09-28,81.6,72.3,75.4,85.8,76.8,80.6,1015.7,1017.2,1014.3,88,96,69,10.2,8.1,15.4
2017-09-29,74.0,69.8,71.7,77.6,68.9,74.6,1017.9,1019.3,1016.7,88,95,77,12.6,9.4,11.4
2017-09-30,81.8,66.7,73.2,83.4,67.6,74.3,1018.3,1020.5,1015.6,66,83,46,11.0,6.8,0.0
2017-10-01,83.2,63.5,73.5,88.3,63.5,77.1,1014.1,1016.9,1011.3,70,85,53,4.6,3.6,0.0
2017-10-02,85.3,69.1,77.3,89.2,74.0,82.4,1013.0,1014.8,1011.4,77,100,52,9.9,6.1,0.1
2017-10-03,82.8,74.0,77.1,90.5,81.2,84.3,1017.6,1021.0,1014.7,90,98,75,11.3,7.1,15.7
2017-10-04,84.3,74.0,78.4,90.3,80.2,84.0,1020.8,1023.0,1018.5,80,97,60,11.5,7.8,1.9
2017-10-05,82.4,70.8,77.0,88.5,78.3,82.8,1018.2,1020.6,1015.3,77,98,65,6.5,4.0,0.9
2017-10-06,81.9,68.3,75.8,86.2,72.8,80.2,1013.1,1016.3,1009.4,74,97,57,8.0,4.6,0.0
2017-10-07,84.4,67.6,76.6,91.0,72.6,82.2,1007.9,1009.8,1005.9,78,96,58,9.5,4.2,0.0
2017-10-08,87.0,69.5,78.0,91.9,72.5,83.2,1006.1,1007.9,1003.4,72,96,52,10.3,5.1,0.0
2017-10-09,89.1,72.2,80.2,94.9,78.3,85.9,1007.8,1012.1,1005.5,76,96,54,11.5,7.9,0.0
2017-10-10,79.0,59.5,66.6,88.1,51.1,62.0,1019.7,1022.6,1012.8,59,93,43,17.7,12.7,7.2
2017-10-11,75.3,58.4,67.0,73.7,53.6,64.2,1020.7,1023.7,1018.3,54,67,41,11.3,7.0,0.0
2017-10-12,82.8,62.2,73.0,87.3,62.8,75.7,1017.7,1020.0,1015.5,64,89,50,5.5,3.0,0.0
2017-10-13,86.1,68.6,77.3,91.2,74.1,82.9,1017.5,1019.7,1015.7,79,100,54,9.0,5.5,0.0
2017-10-14,86.8,71.0,78.9,90.6,76.8,84.2,1016.5,1018.7,1013.7,77,98,54,10.3,6.6,0.0
2017-10-15,78.6,66.5,73.5,84.8,59.2,73.1,1020.4,1025.6,1015.7,68,97,38,17.5,11.7,1.6
2017-10-16,74.7,56.9,64.8,67.9,49.8,58.5,1025.6,1028.8,1022.8,43,58,27,13.8,10.8,0.0
2017-10-17,73.1,50.7,62.6,72.7,47.6,60.3,1023.5,1026.7,1020.6,55,81,37,6.2,3.7,0.0
2017-10-18,77.8,51.7,64.4,76.2,49.3,62.5,1020.2,1022.3,1017.8,61,84,36,6.9,5.2,0.0
2017-10-19,81.6,58.3,69.7,82.3,57.9,70.6,1018.9,1021.2,1016.4,70,95,45,9.2,5.3,0.0
2017-10-20,79.1,66.6,72.2,83.4,68.6,76.3,1015.4,1017.8,1012.2,83,94,69,8.4,5.2,1.3
2017-10-21,88.4,70.8,77.0,88.9,75.2,80.4,1011.9,1013.6,1009.0,81,98,46,16.3,10.6,0.9
2017-10-22,78.4,59.4,69.2,80.0,54.8,67.3,1018.3,1021.8,1012.1,66,96,34,18.3,10.4,27.2
2017-10-23,77.1,50.5,64.2,76.4,48.2,62.3,1020.0,1021.8,1016.8,58,78,42,7.8,4.8,0.0
2017-10-24,74.7,55.5,65.1,66.8,49.3,58.8,1025.5,1028.8,1021.3,39,77,20,13.9,9.4,0.0
2017-10-25,76.8,48.6,62.7,73.2,42.8,57.7,1022.0,1026.3,1016.2,42,62,23,8.6,6.2,0.0
2017-10-26,81.1,55.0,67.5,73.9,49.5,61.9,1011.3,1015.7,1007.0,47,75,30,18.5,11.5,0.0
2017-10-27,65.1,49.0,57.8,64.9,38.0,49.1,1016.5,1022.0,1008.7,47,89,27,20.9,14.5,0.1
2017-10-28,61.2,42.1,51.0,52.3,33.1,42.4,1022.1,1025.0,1019.4,31,45,17,12.0,8.6,0.0
2017-10-29,71.9,40.7,56.7,64.2,33.9,49.6,1017.4,1021.4,1013.6,35,55,19,9.9,6.8,0.0
2017-10-30,76.8,48.2,62.8,72.5,42.4,58.2,1014.1,1016.1,1011.9,49,87,30,13.0,7.7,0.0
2017-10-31,62.6,53.3,56.9,63.3,48.1,52.8,1017.8,1020.6,1015.1,72,95,48,12.7,8.3,15.7
2017-11-01,80.4,55.4,66.7,81.9,54.2,67.4,1011.2,1014.1,1008.0,82,97,59,13.5,7.7,1.6
2017-11-02,83.1,67.5,74.1,86.0,69.7,77.7,1013.4,1015.7,1011.4,85,99,62,13.9,9.5,0.2
2017-11-03,84.7,71.0,76.7,90.5,76.2,82.8,1016.4,1018.6,1014.4,85,99,62,9.4,6.4,1.3
2017-11-04,81.6,72.6,76.0,84.0,76.6,80.6,1014.9,1017.0,1012.4,84,94,65,12.3,8.8,0.7
2017-11-05,85.8,70.8,75.7,88.0,74.5,78.9,1013.1,1015.0,1010.6,81,95,52,14.5,9.9,0.1
2017-11-06,83.9,69.3,75.0,86.5,72.1,77.9,1014.5,1016.3,1012.9,78,95,54,13.8,8.9,0.0
2017-11-07,80.8,60.7,70.1,86.0,54.2,71.7,1017.5,1020.8,1015.5,79,97,54,13.8,7.8,0.3
2017-11-08,59.6,46.8,52.2,53.5,40.5,45.5,1023.1,1025.4,1021.0,76,93,57,15.5,12.6,11.3
2017-11-09,59.1,47.3,52.0,55.4,40.2,47.4,1024.7,1026.3,1022.8,78,90,65,13.5,8.0,0.1
2017-11-10,60.3,49.3,55.9,60.1,47.1,53.9,1023.9,1026.0,1022.3,75,91,64,5.9,3.6,0.0
2017-11-11,69.7,58.5,63.1,72.3,57.2,63.2,1020.1,1022.0,1017.9,78,85,73,9.0,4.7,1.3
2017-11-12,74.7,64.0,68.3,78.6,65.6,70.8,1021.8,1024.8,1019.1,84,94,70,7.7,5.3,0.7
2017-11-13,73.8,61.8,67.3,76.0,61.8,69.0,1024.3,1026.4,1022.5,80,96,63,6.6,4.8,0.0
2017-11-14,77.6,61.5,69.4,75.4,63.1,69.6,1019.3,1022.6,1015.6,76,96,52,13.2,8.3,0.0
2017-11-15,76.0,65.1,69.9,80.4,65.9,72.6,1015.8,1017.7,1014.4,86,96,67,11.0,7.1,1.8
2017-11-16,75.4,66.7,70.5,81.0,72.1,75.4,1017.3,1019.4,1015.3,92,100,76,11.4,4.7,5.4
2017-11-17,81.5,67.4,73.2,79.7,69.7,73.9,1013.5,1016.2,1010.2,80,97,53,18.0,12.7,0.1
2017-11-18,80.0,55.8,69.1,80.5,47.2,65.1,1014.3,1025.1,1008.8,63,95,33,24.6,15.0,0.4
2017-11-19,61.8,46.8,54.5,55.2,40.8,48.1,1026.1,1029.7,1023.7,47,62,29,11.0,7.0,0.0
2017-11-20,65.1,46.5,55.7,57.6,41.9,50.6,1020.2,1023.7,1015.9,52,82,30,11.4,5.6,0.0
2017-11-21,73.0,53.0,62.2,72.9,51.1,59.3,1013.5,1019.8,1010.4,72,95,51,16.9,8.8,0.0
2017-11-22,62.6,46.5,55.8,54.8,40.3,47.4,1024.9,1028.1,1020.8,45,67,27,17.8,12.1,0.0
2017-11-23,65.4,38.0,52.0,60.6,31.9,46.7,1021.5,1025.1,1017.9,47,71,29,5.3,3.6,0.0
2017-11-24,72.7,43.1,58.5,64.6,37.2,52.3,1014.2,1018.2,1010.9,46,75,28,14.0,7.8,0.0
2017-11-25,74.9,48.4,62.5,74.8,45.0,61.0,1014.8,1021.0,1011.7,69,94,50,7.8,5.0,0.0
2017-11-26,74.1,55.0,64.0,73.7,52.4,62.6,1023.1,1026.0,1021.0,68,86,49,7.8,5.5,0.0
2017-11-27,73.6,50.5,62.7,70.3,48.2,60.8,1019.6,1022.5,1016.2,75,99,49,11.5,7.6,0.0
2017-11-28,78.3,53.2,64.9,73.0,51.6,62.6,1016.9,1020.6,1014.6,71,94,39,13.9,8.6,0.0
2017-11-29,72.0,55.5,63.0,66.0,49.7,58.6,1022.2,1025.0,1020.6,49,92,26,11.0,6.0,0.0
2017-11-30,72.8,50.5,61.8,71.5,46.9,58.8,1022.0,1024.4,1020.0,51,65,42,6.9,3.5,0.0
2017-12-01,73.4,51.3,61.4,70.8,48.7,58.9,1021.2,1024.1,1018.2,60,81,41,6.5,4.1,0.0
2017-12-02,76.1,54.1,64.5,73.6,52.3,63.8,1019.5,1021.7,1017.8,73,93,47,9.9,5.4,0.0
2017-12-03,69.2,58.4,64.3,71.3,58.8,66.5,1017.6,1020.3,1014.4,94,99,84,10.1,5.4,9.2
2017-12-04,80.0,64.5,71.0,80.0,65.5,72.5,1012.8,1015.2,1010.0,83,97,56,16.4,9.7,2.9
2017-12-05,68.7,48.1,58.4,72.3,38.8,51.8,1021.2,1026.7,1013.7,57,98,27,17.9,12.8,4.1
2017-12-06,45.6,41.4,43.5,37.9,34.6,36.8,1027.9,1029.8,1026.4,84,92,62,13.5,9.7,21.1
2017-12-07,47.8,35.2,42.1,40.5,25.9,34.5,1028.2,1030.1,1026.6,76,98,45,16.4,10.2,8.8
2017-12-08,50.7,30.9,39.7,44.0,23.4,32.7,1024.6,1028.8,1020.4,52,76,36,12.4,5.3,0.0
2017-12-09,62.2,37.0,48.8,53.3,30.9,41.0,1025.1,1028.7,1022.3,49,75,27,13.0,8.7,0.0
2017-12-10,65.0,36.6,49.7,59.5,31.0,44.3,1029.3,1031.8,1027.6,58,89,28,6.5,4.8,0.0
2017-12-11,70.6,43.3,55.2,66.1,37.5,49.6,1024.7,1027.6,1021.3,53,74,32,10.8,6.7,0.0
2017-12-12,60.6,42.2,52.4,50.8,37.1,44.4,1026.2,1030.2,1023.1,45,76,28,14.1,9.8,0.0
2017-12-13,63.3,34.5,49.0,55.3,28.1,42.6,1019.3,1024.4,1015.1,61,87,36,12.9,7.2,0.0
2017-12-14,63.6,46.5,53.9,56.9,41.5,47.3,1016.1,1022.0,1013.9,50,72,34,12.9,7.6,0.0
2017-12-15,58.5,45.0,50.8,51.4,38.7,43.4,1024.9,1027.2,1022.7,48,68,32,13.2,8.2,0.0
2017-12-16,51.1,41.5,46.0,45.8,36.0,41.1,1020.7,1024.6,1016.9,74,94,56,9.0,4.9,27.3
2017-12-17,61.1,41.0,49.7,59.6,37.9,47.4,1018.5,1020.9,1016.6,89,100,67,7.1,3.3,0.0
2017-12-18,57.7,49.4,53.8,59.3,47.4,53.5,1020.8,1022.6,1019.5,95,99,93,4.7,2.7,1.3
2017-12-19,68.0,57.8,62.7,69.1,59.7,63.9,1016.7,1020.1,1014.0,96,100,88,13.2,6.9,28.1
2017-12-20,71.7,51.9,59.8,69.6,46.5,56.8,1015.8,1017.9,1013.9,68,91,40,11.2,6.5,0.0
2017-12-21,77.6,49.9,63.7,76.4,45.8,62.0,1011.7,1013.7,1009.1,74,98,56,15.1,9.1,0.0
2017-12-22,72.8,42.3,59.7,76.0,32.3,57.9,1014.4,1022.4,1010.3,88,99,64,17.8,11.2,8.0
2017-12-23,54.8,38.8,45.4,51.8,31.5,39.1,1024.0,1027.3,1021.8,65,80,51,13.1,6.9,0.0
2017-12-24,60.8,39.7,46.9,54.2,31.6,39.7,1024.8,1032.2,1019.9,67,86,36,17.3,9.6,0.0
2017-12-25,51.6,32.9,43.3,47.2,26.5,37.1,1027.9,1032.2,1022.6,67,82,49,9.3,6.4,0.0
2017-12-26,51.3,41.6,47.5,48.8,33.2,42.6,1023.8,1028.1,1022.1,91,95,80,13.9,8.6,2.3
2017-12-27,41.4,38.4,39.9,32.2,29.1,30.8,1031.6,1033.8,1028.7,73,90,63,15.1,12.4,0.7
2017-12-28,45.6,38.1,41.5,39.8,31.1,35.1,1029.9,1031.9,1028.1,69,75,64,8.0,5.9,0.0
2017-12-29,49.3,41.1,45.1,44.6,35.7,40.3,1026.9,1029.6,1022.9,78,91,71,9.2,5.2,0.0
2017-12-30,60.2,46.9,52.4,59.1,41.9,49.5,1021.6,1023.0,1019.4,85,90,75,11.1,6.0,0.4
2017-12-31,46.4,29.5,40.6,41.0,17.6,31.8,1028.5,1037.5,1022.4,75,86,62,16.3,12.6,0.0
2018-01-01,33.7,24.5,28.3,23.1,12.4,17.3,1039.5,1042.7,1037.3,48,60,40,15.3,11.7,0.0
2018-01-02,32.5,25.1,28.5,23.1,15.7,19.1,1036.0,1038.3,1033.0,53,61,44,10.8,8.2,0.0
2018-01-03,52.5,22.3,35.8,45.4,14.0,27.8,1031.0,1034.9,1026.9,49,71,16,7.8,6.0,0.0
2018-01-04,50.8,27.0,40.1,44.9,20.5,34.3,1028.2,1030.2,1026.4,62,86,41,5.1,3.3,0.0
2018-01-05,57.0,42.1,47.5,49.7,36.9,41.6,1027.6,1030.1,1025.2,56,70,38,8.1,5.1,0.0
2018-01-06,63.0,38.0,50.6,58.3,34.0,46.9,1025.9,1029.0,1023.2,80,99,59,10.2,5.6,0.2
2018-01-07,67.4,52.2,58.8,63.4,48.5,55.7,1016.5,1022.9,1011.1,87,96,67,20.2,10.9,2.3
2018-01-08,64.6,47.6,54.5,56.2,41.2,47.4,1019.9,1022.4,1015.4,58,86,39,16.0,11.2,0.0
2018-01-09,63.6,39.3,50.5,59.5,34.9,46.7,1019.6,1022.5,1016.1,73,93,48,6.1,4.4,0.0
2018-01-10,65.8,46.1,55.2,60.1,42.1,51.3,1012.2,1016.9,1006.3,86,100,62,17.0,9.8,0.5
2018-01-11,70.0,42.3,56.3,67.0,27.4,50.0,1012.3,1023.8,1007.3,65,98,29,24.5,13.0,0.4
2018-01-12,53.8,33.8,42.5,43.8,24.1,32.0,1025.9,1029.7,1023.2,35,46,25,23.0,11.8,0.0
2018-01-13,49.4,31.6,39.5,41.6,22.6,31.1,1034.5,1038.1,1030.3,44,55,31,10.9,7.2,0.0
2018-01-14,56.6,29.8,42.3,50.5,22.8,36.1,1032.3,1035.9,1028.5,66,88,47,9.0,5.8,0.0
2018-01-15,64.4,39.2,50.3,60.5,28.9,46.2,1026.5,1031.1,1022.9,85,99,58,24.3,7.4,4.4
2018-01-16,39.3,26.5,29.5,26.9,11.8,16.3,1039.5,1042.4,1032.6,47,78,29,21.6,17.3,1.6
2018-01-17,36.6,19.0,27.5,28.1,10.2,18.5,1040.4,1043.5,1037.2,42,63,19,10.7,6.5,0.0
2018-01-18,39.9,25.5,33.6,33.6,18.1,26.6,1033.3,1037.0,1028.7,54,78,38,6.9,3.7,4.2
2018-01-19,50.6,38.2,44.0,48.4,31.4,39.1,1023.6,1028.5,1018.8,68,95,53,6.4,3.8,0.8
2018-01-20,66.0,50.0,56.0,63.7,45.6,53.5,1016.8,1019.0,1014.7,90,98,70,15.2,8.3,0.9
2018-01-21,71.5,60.8,65.2,68.9,59.3,63.9,1011.9,1014.9,1008.5,91,97,75,22.9,13.3,3.0
2018-01-22,61.5,44.0,52.8,58.6,36.6,45.0,1018.1,1021.7,1013.7,40,90,23,13.1,8.7,1.6
2018-01-23,61.4,33.7,47.9,56.0,27.1,41.4,1024.9,1028.1,1021.9,45,75,25,7.8,5.0,0.0
2018-01-24,60.0,34.2,48.5,54.5,27.2,42.5,1030.5,1033.2,1028.4,50,75,28,6.3,4.5,0.0
2018-01-25,61.7,35.3,51.3,53.6,30.3,45.2,1028.9,1031.4,1025.8,46,74,28,10.4,5.2,0.0
2018-01-26,67.6,51.0,58.2,66.2,47.0,56.3,1022.5,1026.6,1019.0,80,95,66,10.5,6.8,1.3
2018-01-27,66.7,58.2,61.4,68.9,54.4,60.9,1021.4,1024.3,1019.8,88,99,67,14.4,7.3,5.0
2018-01-28,65.8,50.2,57.3,60.7,43.9,51.7,1025.5,1028.2,1023.5,55,79,42,11.2,8.4,0.0
2018-01-29,62.8,43.0,51.4,53.5,35.7,43.6,1031.7,1034.8,1028.6,45,67,25,14.8,8.7,0.0
2018-01-30,63.2,34.5,48.9,55.4,27.5,42.1,1029.9,1034.3,1024.9,50,77,28,11.9,6.9,0.0
2018-01-31,70.0,43.4,55.7,60.8,39.2,49.5,1018.9,1024.2,1014.3,68,97,32,16.5,11.3,0.0
2018-02-01,74.6,53.0,61.1,70.7,44.6,56.1,1017.3,1025.8,1013.9,62,93,25,14.6,9.9,0.0
2018-02-02,56.6,45.8,51.4,49.3,35.4,42.3,1028.9,1032.7,1026.7,43,51,34,15.3,11.5,0.0
2018-02-03,58.9,43.3,51.9,55.5,38.0,47.0,1018.8,1026.5,1011.9,74,95,46,11.2,8.2,4.6
2018-02-04,73.8,45.2,58.6,72.5,42.8,56.2,1014.7,1021.5,1011.2,77,100,45,15.1,6.7,0.0
2018-02-05,59.9,38.9,49.2,55.9,31.0,43.3,1020.8,1024.3,1017.0,63,78,54,17.7,7.4,0.1
2018-02-06,55.4,43.2,50.3,54.3,37.2,46.3,1018.5,1020.8,1016.4,92,97,80,11.0,8.4,10.1
2018-02-07,50.2,37.7,41.8,39.7,26.7,32.4,1027.3,1031.5,1021.4,64,91,37,16.6,12.6,2.6
2018-02-08,57.0,33.3,46.0,52.6,26.6,40.7,1029.1,1032.7,1024.8,68,93,50,8.0,5.7,0.0
2018-02-09,63.0,50.0,55.6,60.1,46.4,53.0,1019.4,1024.7,1015.2,82,96,70,10.1,6.7,2.2
2018-02-10,62.1,42.7,54.3,61.8,35.7,51.6,1013.1,1015.0,1011.4,85,99,65,13.0,7.2,1.7
2018-02-11,42.6,32.2,37.3,35.8,19.7,27.1,1021.2,1026.8,1015.2,58,72,43,18.2,12.8,0.1
2018-02-12,53.0,30.9,40.0,45.9,22.5,32.5,1028.6,1031.1,1026.1,61,80,45,12.0,8.0,0.0
2018-02-13,49.5,40.3,44.9,46.8,35.3,41.0,1029.5,1031.3,1028.1,84,92,80,5.9,4.0,3.2
2018-02-14,66.1,48.7,56.2,66.6,46.9,55.7,1024.2,1027.8,1020.4,93,96,85,9.9,4.7,1.3
2018-02-15,77.2,63.2,69.0,77.3,62.8,68.8,1018.1,1021.5,1015.3,86,99,65,22.3,12.4,0.5
2018-02-16,70.3,57.2,64.8,74.2,51.8,62.9,1019.3,1021.1,1016.9,72,97,45,14.8,8.9,0.5
2018-02-17,64.0,52.2,56.6,63.5,47.9,53.6,1019.8,1021.7,1017.2,72,84,61,8.3,5.6,1.0
2018-02-18,73.5,52.1,60.5,73.0,49.5,59.2,1017.5,1021.2,1012.5,85,94,73,17.1,8.0,2.5
2018-02-19,77.7,65.2,70.8,75.4,64.1,69.9,1011.6,1013.7,1009.2,84,97,60,22.2,15.8,5.2
2018-02-20,75.3,64.6,69.3,75.7,65.8,69.9,1012.6,1015.6,1010.1,91,100,79,18.3,13.2,62.1
2018-02-21,63.0,41.5,47.1,64.7,34.0,40.4,1021.2,1025.5,1015.8,92,100,84,16.7,13.1,67.9
2018-02-22,50.3,37.7,43.4,46.7,30.6,37.9,1024.2,1026.0,1021.6,87,96,76,10.8,7.4,8.6
2018-02-23,72.2,44.1,55.6,73.7,39.6,54.9,1019.5,1024.6,1015.1,94,100,75,10.6,5.3,6.0
2018-02-24,77.5,61.2,69.1,79.8,58.9,69.8,1011.7,1014.7,1009.0,90,99,68,20.1,12.4,5.8
2018-02-25,65.0,48.2,57.2,63.2,45.6,54.6,1016.0,1018.3,1014.3,80,100,60,10.3,7.0,6.8
2018-02-26,68.3,48.1,56.4,66.7,44.8,54.0,1021.4,1024.0,1018.3,79,100,52,9.3,6.0,0.0
2018-02-27,79.5,53.9,66.4,77.4,52.5,66.7,1016.0,1020.4,1011.9,87,100,61,18.1,9.6,6.9
2018-02-28,80.5,66.7,72.0,80.0,68.5,73.3,1009.2,1013.0,1004.9,83,97,57,17.1,11.1,0.3
2018-03-01,68.1,53.5,63.0,70.0,49.6,59.4,1016.9,1024.1,1006.8,67,95,40,18.8,10.8,3.5
2018-03-02,70.0,48.9,59.2,69.8,46.0,57.1,1023.9,1026.4,1021.5,74,89,55,8.7,5.8,0.0
2018-03-03,66.0,51.5,60.4,66.0,49.2,59.9,1021.3,1023.1,1019.7,87,97,72,9.2,6.3,2.6
2018-03-04,80.3,62.5,68.9,77.7,62.6,69.6,1015.4,1019.4,1012.0,86,98,49,16.3,10.8,4.1
2018-03-05,78.3,59.2,69.2,83.7,52.1,68.3,1013.1,1017.0,1011.2,69,94,36,15.2,9.8,3.7
2018-03-06,67.2,49.1,58.1,62.4,43.0,51.9,1019.3,1023.4,1017.0,39,53,24,9.0,7.0,0.0
2018-03-07,61.7,45.1,52.7,57.6,35.9,46.0,1025.4,1028.9,1023.0,41,63,33,12.5,7.2,0.0
2018-03-08,65.4,45.9,55.0,59.2,41.4,49.6,1022.6,1025.6,1019.0,55,76,33,12.3,6.9,0.0
2018-03-09,68.9,53.8,61.5,67.1,49.4,58.5,1014.1,1018.8,1010.7,77,90,66,15.9,10.6,1.6
2018-03-10,83.0,63.6,71.9,85.9,62.2,73.2,1008.0,1010.8,1004.3,77,98,53,13.2,9.5,0.3
2018-03-11,69.3,55.1,65.6,72.8,45.5,59.9,1014.2,1023.5,1006.7,59,95,30,24.0,15.0,0.0
2018-03-12,62.8,45.7,54.1,57.5,37.9,47.1,1025.5,1028.8,1023.4,48,62,35,14.1,9.6,0.0
2018-03-13,66.1,43.3,54.7,62.3,38.7,49.7,1024.8,1027.0,1022.5,53,84,32,8.7,5.7,0.0
2018-03-14,68.0,42.3,55.8,64.9,36.6,50.9,1024.4,1028.0,1020.7,47,74,28,8.6,5.2,0.0
2018-03-15,71.8,50.4,62.2,67.0,47.7,58.2,1015.4,1020.4,1011.4,71,92,50,18.4,11.4,0.1
2018-03-16,86.1,64.0,72.6,84.4,63.1,73.0,1011.1,1013.9,1008.7,67,96,21,11.7,6.7,0.8
2018-03-17,82.8,64.9,71.5,82.3,67.9,73.9,1011.0,1013.5,1007.8,84,100,52,14.0,8.3,7.1
2018-03-18,83.7,66.7,72.2,86.2,70.3,75.6,1008.5,1011.1,1004.8,82,99,49,10.6,6.5,0.5
2018-03-19,80.7,60.0,70.4,71.8,54.4,64.5,1007.9,1012.2,1004.5,40,99,11,16.4,10.8,0.3
2018-03-20,72.9,49.6,60.4,67.2,41.1,53.5,1016.8,1020.2,1013.1,39,57,19,14.2,9.5,0.0
2018-03-21,75.2,48.6,62.3,69.7,43.5,56.6,1020.9,1023.1,1018.8,41,66,20,11.4,7.3,0.0
2018-03-22,79.3,53.2,65.9,73.7,51.0,61.3,1023.0,1025.4,1020.3,60,87,35,19.3,11.6,0.0
2018-03-23,81.1,61.2,70.0,75.6,59.4,66.8,1017.6,1022.1,1013.2,71,90,47,20.4,15.4,0.0
2018-03-24,85.9,65.2,74.1,88.6,63.9,74.8,1012.4,1014.5,1009.6,71,93,44,15.3,10.2,0.1
2018-03-25,80.4,68.3,72.4,81.6,69.1,74.7,1011.4,1013.2,1009.1,81,96,60,14.1,8.7,0.5
2018-03-26,86.1,67.5,74.8,82.8,69.0,73.7,1010.9,1012.9,1008.5,71,96,39,21.5,14.8,0.1
2018-03-27,80.2,61.2,71.1,80.2,57.2,71.3,1013.2,1015.0,1010.5,81,97,60,17.5,12.3,9.9
2018-03-28,70.5,61.0,65.5,73.8,59.7,67.8,1009.9,1012.0,1007.1,94,99,83,15.5,6.3,46.9
2018-03-29,81.1,54.9,67.1,81.4,54.1,66.1,1012.4,1019.8,1008.9,72,100,30,11.9,8.1,0.0
2018-03-30,71.1,55.3,62.9,70.5,51.6,60.5,1023.1,1026.4,1020.3,65,89,47,12.6,7.9,0.0
2018-03-31,80.2,58.2,68.0,77.7,56.5,65.6,1018.7,1022.4,1014.5,72,98,45,16.5,12.4,0.1
2018-04-01,82.7,61.5,70.9,81.3,61.8,70.8,1014.2,1016.8,1010.2,75,94,43,13.9,9.9,0.2
2018-04-02,80.4,65.3,72.6,80.3,68.3,73.7,1009.9,1013.4,1006.0,80,99,56,16.6,11.0,3.4
2018-04-03,80.8,63.6,71.8,86.9,54.2,71.9,1009.3,1017.7,1006.5,76,93,45,17.3,12.0,23.8
2018-04-04,66.8,49.6,58.5,62.0,39.0,51.0,1023.0,1027.3,1018.8,41,64,33,17.2,11.5,0.0
2018-04-05,76.4,52.8,64.8,76.0,49.2,62.9,1016.8,1021.2,1012.4,68,92,56,13.4,8.1,0.1
2018-04-06,87.0,68.0,75.2,86.6,69.3,76.3,1007.8,1012.5,1002.6,79,97,47,18.7,13.0,5.0
2018-04-07,64.6,42.1,50.8,60.6,32.1,42.0,1015.8,1019.7,1008.4,68,89,55,20.6,16.6,10.0
2018-04-08,66.7,42.1,52.4,62.7,35.5,48.4,1013.1,1018.8,1007.5,69,90,54,10.0,6.4,0.0
2018-04-09,67.1,53.0,59.7,65.2,51.7,57.7,1016.0,1023.0,1011.0,81,98,64,11.7,7.5,0.1
2018-04-10,72.4,52.2,61.9,70.4,48.3,58.1,1024.7,1027.7,1022.2,58,78,37,12.4,8.2,0.0
2018-04-11,79.5,48.7,65.5,75.1,44.5,61.7,1020.1,1024.2,1015.5,55,83,33,15.9,9.3,0.0
2018-04-12,87.6,60.7,72.2,85.5,57.8,70.0,1011.2,1016.1,1006.5,71,96,40,19.2,15.7,0.0
2018-04-13,86.4,69.0,75.3,87.9,69.0,75.9,1004.3,1008.3,1000.4,79,97,49,19.2,15.0,11.3
2018-04-14,70.0,52.4,61.6,59.1,42.9,51.7,1015.3,1019.2,1008.1,29,42,13,19.8,14.6,0.0
2018-04-15,72.7,46.1,58.2,69.5,38.9,52.7,1021.7,1025.2,1019.1,40,62,21,11.9,6.5,0.0
2018-04-16,81.3,48.1,64.7,76.0,43.9,60.2,1021.0,1024.8,1016.4,56,77,29,16.4,10.9,0.0
2018-04-17,85.9,60.3,71.4,82.8,56.5,67.8,1013.4,1017.6,1008.4,62,83,36,18.8,15.4,0.0
2018-04-18,82.8,63.6,71.3,79.1,57.3,68.3,1015.4,1020.3,1009.9,55,90,20,18.4,9.6,0.7
2018-04-19,75.8,57.9,65.7,70.7,50.3,58.9,1024.0,1027.1,1021.0,32,43,22,13.3,9.8,0.0
2018-04-20,74.9,55.8,63.5,70.0,51.3,58.5,1021.0,1024.7,1016.8,50,67,33,13.5,9.4,0.0
2018-04-21,73.6,58.9,64.8,76.2,55.7,65.8,1014.2,1016.8,1011.1,89,100,70,15.9,7.1,8.3
2018-04-22,75.3,52.8,63.4,72.6,49.4,59.4,1017.7,1020.5,1015.2,60,89,35,16.0,10.3,0.0
2018-04-23,82.1,53.0,67.1,80.5,50.1,65.0,1017.4,1020.3,1014.2,55,82,28,9.2,6.1,0.0
2018-04-24,84.7,56.1,70.5,87.7,55.0,71.1,1016.8,1019.3,1013.7,63,92,39,8.0,5.2,0.0
2018-04-25,83.8,59.2,68.8,80.9,53.9,66.3,1017.4,1019.7,1015.1,63,90,28,17.3,8.7,0.1
2018-04-26,77.2,52.1,64.4,77.4,50.3,62.0,1016.4,1019.4,1012.3,54,82,30,9.4,5.5,0.0
2018-04-27,82.7,57.7,68.9,81.2,55.1,67.0,1017.3,1020.7,1013.8,51,74,23,7.2,4.7,0.0
2018-04-28,83.2,58.7,71.3,84.3,58.6,70.3,1017.0,1019.0,1014.2,52,84,29,7.6,5.0,0.0
2018-04-29,82.5,58.6,71.4,78.6,59.3,69.6,1018.4,1020.6,1015.3,58,95,27,13.5,8.3,0.0
2018-04-30,79.0,64.1,69.8,76.8,64.5,69.3,1016.9,1019.1,1014.2,79,94,55,15.9,11.8,2.1
2018-05-01,79.8,67.6,73.1,81.6,68.1,74.5,1013.8,1015.2,1011.7,85,95,72,18.8,13.5,4.8
2018-05-02,88.2,72.2,77.9,87.0,74.0,79.0,1013.6,1016.0,1010.8,77,95,49,20.8,15.9,1.4
2018-05-03,86.9,72.7,76.4,87.1,75.6,79.6,1014.3,1016.4,1013.2,83,93,52,19.2,11.9,12.4
2018-05-04,73.6,65.7,69.9,78.9,62.0,72.2,1017.8,1021.2,1015.3,90,96,78,22.6,10.1,69.4
2018-05-05,80.4,62.8,71.2,81.4,65.1,72.3,1019.6,1021.3,1017.3,70,97,43,11.8,7.1,3.0
2018-05-06,83.6,58.0,70.9,87.8,58.5,72.9,1020.0,1021.7,1017.8,66,93,40,6.3,3.7,0.0
2018-05-07,87.7,59.6,73.7,91.7,58.6,75.2,1019.4,1022.3,1016.8,61,86,35,9.6,5.0,0.0
2018-05-08,88.8,65.2,76.7,87.7,63.0,74.5,1016.8,1018.8,1013.5,48,72,28,13.2,10.4,0.0
2018-05-09,88.2,64.9,76.0,87.5,65.4,74.4,1015.5,1017.4,1012.5,56,92,30,14.5,11.6,0.0
2018-05-10,89.4,65.5,76.9,87.4,67.6,76.3,1015.5,1017.6,1012.1,62,95,31,14.7,11.6,0.1
2018-05-11,91.7,68.5,78.8,91.2,70.6,78.1,1013.2,1015.2,1009.7,63,95,28,17.9,13.7,0.0
2018-05-12,90.9,72.5,80.1,91.6,73.6,81.3,1013.5,1015.4,1010.6,65,91,36,16.6,12.1,1.2
2018-05-13,92.1,71.0,80.6,92.9,75.8,83.2,1014.2,1016.5,1010.6,67,94,38,12.7,9.9,0.8
2018-05-14,90.7,73.2,80.9,91.3,76.7,83.2,1013.3,1015.7,1009.3,65,89,39,12.5,10.1,0.6
2018-05-15,91.6,72.5,80.8,97.5,75.2,84.7,1012.8,1014.8,1010.0,63,89,38,10.3,5.7,0.1
2018-05-16,94.2,68.4,81.9,99.3,72.5,85.5,1011.8,1014.6,1009.0,57,93,32,9.3,4.9,0.0
2018-05-17,97.1,72.3,84.5,101.7,74.6,87.2,1010.4,1012.6,1007.3,49,75,26,9.4,5.4,0.0
2018-05-18,98.9,71.0,83.4,97.5,74.2,84.0,1008.1,1010.5,1003.5,56,89,23,15.7,11.8,0.0
2018-05-19,94.6,72.4,81.9,92.4,75.4,81.9,1010.1,1013.1,1007.2,60,89,31,18.3,13.9,0.5
2018-05-20,85.3,72.1,76.9,89.2,76.1,81.3,1014.5,1016.9,1012.5,77,91,55,11.8,7.1,7.1
2018-05-21,86.4,69.7,75.7,91.4,73.8,81.1,1014.8,1016.5,1012.3,79,98,48,12.5,4.3,0.2
2018-05-22,85.8,71.2,77.5,91.6,77.4,83.6,1014.5,1017.0,1011.5,78,98,52,9.0,5.2,2.8
2018-05-23,86.8,71.3,78.6,92.8,77.8,84.0,1015.4,1017.3,1013.2,75,98,50,10.8,6.0,0.6
2018-05-24,88.1,70.2,79.0,96.1,75.8,85.4,1016.4,1018.5,1013.6,75,95,51,8.6,4.4,1.1
2018-05-25,93.7,72.7,82.8,100.5,79.6,88.6,1012.9,1016.0,1009.1,66,96,36,8.2,5.3,0.1
2018-05-26,98.5,74.1,85.4,104.1,79.3,90.4,1008.9,1011.5,1005.6,60,87,30,12.8,7.0,0.0
2018-05-27,96.2,75.6,85.6,101.7,80.9,89.8,1008.6,1010.5,1006.2,57,87,34,10.3,6.8,0.0
2018-05-28,97.7,73.8,85.7,102.8,79.9,90.9,1008.5,1010.6,1004.7,57,89,29,9.2,4.8,0.0
2018-05-29,97.9,75.7,86.5,101.3,81.8,90.6,1006.9,1009.0,1003.3,56,84,30,14.3,7.8,0.0
2018-05-30,99.4,75.6,85.7,100.1,80.0,87.9,1007.3,1009.5,1004.0,57,86,28,15.3,11.9,0.0
2018-05-31,99.6,76.5,86.1,101.7,80.0,88.5,1009.1,1011.3,1006.1,59,84,30,16.1,13.1,0.1
2018-06-01,99.8,76.5,86.6,102.9,81.3,89.9,1010.7,1013.0,1007.7,60,85,32,14.7,11.6,0.1
2018-06-02,100.0,76.6,87.5,103.5,81.7,91.4,1011.1,1013.3,1008.1,59,87,32,14.0,10.9,0.0
2018-06-03,89.3,77.1,84.0,96.8,83.2,91.0,1015.2,1018.2,1013.5,69,86,55,10.6,5.6,2.9
2018-06-04,90.9,77.4,84.1,96.1,79.1,89.5,1014.3,1018.0,1011.1,63,89,45,11.7,6.6,0.1
2018-06-05,97.7,76.6,86.9,101.7,81.4,91.0,1010.1,1012.5,1007.0,58,87,32,14.2,9.1,0.0
2018-06-06,97.4,76.7,86.9,103.2,82.9,91.3,1009.6,1011.3,1008.1,59,88,35,12.1,9.6,0.0
2018-06-07,98.5,76.2,87.2,100.8,83.0,90.3,1012.8,1015.4,1011.0,56,91,27,13.2,10.4,0.0
2018-06-08,93.6,76.7,84.1,95.6,81.8,87.8,1015.8,1018.5,1013.6,62,91,36,15.5,9.2,0.8
2018-06-09,92.1,76.6,83.8,98.2,83.6,89.0,1015.8,1017.9,1013.5,67,88,45,14.9,8.7,0.7
2018-06-10,96.3,76.9,85.6,96.7,83.1,88.5,1011.8,1014.4,1008.2,63,90,33,16.8,13.2,0.8
2018-06-11,95.9,78.3,86.3,94.4,82.0,87.6,1009.4,1011.1,1007.0,58,82,33,18.5,14.8,0.1
2018-06-12,98.1,78.0,86.7,97.8,83.7,89.4,1012.1,1014.7,1010.0,59,88,27,16.3,12.5,0.2
2018-06-13,94.4,77.3,85.3,97.3,83.6,89.3,1015.3,1017.8,1012.5,61,91,34,14.1,9.0,1.9
2018-06-14,90.9,77.2,84.4,95.1,83.4,88.3,1014.5,1016.9,1011.5,63,88,44,13.9,10.2,0.8
2018-06-15,94.8,77.1,84.1,98.1,82.6,88.4,1012.6,1014.7,1008.9,66,85,39,14.1,10.6,1.0
2018-06-16,94.5,77.4,85.0,97.0,82.8,88.3,1011.6,1013.1,1009.3,63,87,41,16.4,11.7,0.9
2018-06-17,93.9,76.6,83.2,99.1,82.8,89.4,1012.2,1013.6,1009.8,69,85,46,13.9,7.3,5.4
2018-06-18,92.1,74.2,80.9,96.9,79.7,86.0,1012.5,1013.9,1010.3,77,94,46,16.7,10.1,4.4
2018-06-19,79.5,73.8,75.8,85.6,78.7,81.1,1011.3,1012.5,1009.9,91,96,81,13.7,10.1,16.9
2018-06-20,81.1,73.7,76.6,87.3,79.9,83.3,1010.0,1011.6,1008.6,92,99,80,11.9,8.0,10.5
2018-06-21,88.2,71.9,80.3,100.9,79.9,88.9,1012.0,1013.2,1010.5,83,99,63,9.1,5.0,1.0
2018-06-22,93.7,73.5,84.4,100.4,79.7,89.7,1010.9,1013.7,1007.6,70,96,48,15.0,11.0,0.0
2018-06-23,94.6,76.7,84.6,97.1,80.6,88.1,1008.9,1010.9,1006.5,67,85,42,16.1,13.5,0.0
2018-06-24,95.7,78.3,85.6,97.5,82.9,88.6,1010.1,1012.7,1008.3,66,88,38,20.3,15.8,0.5
2018-06-25,91.0,77.2,83.6,94.9,81.8,87.6,1013.9,1016.5,1012.4,70,89,50,17.1,13.2,3.2
2018-06-26,93.7,76.1,84.6,97.3,83.0,89.3,1015.3,1018.0,1012.6,68,96,40,13.2,10.8,3.2
2018-06-27,98.1,76.6,86.6,102.4,82.0,90.4,1014.3,1016.2,1011.2,61,89,32,13.2,11.2,0.0
2018-06-28,99.8,75.5,86.4,101.7,80.5,89.6,1014.0,1016.3,1010.9,60,88,30,17.6,12.0,0.1
2018-06-29,98.8,77.4,86.7,100.1,83.4,89.5,1013.4,1015.7,1010.2,62,86,33,17.1,13.8,0.3
2018-06-30,99.0,79.0,87.3,98.8,84.4,89.8,1012.6,1014.8,1009.4,60,87,31,18.6,14.6,0.4
2018-07-01,102.1,76.2,87.8,102.5,81.2,90.3,1013.1,1015.0,1010.1,57,89,23,13.9,12.4,0.0
2018-07-02,101.0,76.7,88.1,103.7,82.8,91.9,1014.0,1016.5,1010.7,56,88,26,11.6,9.4,0.0
2018-07-03,100.8,76.9,89.2,104.5,83.6,93.3,1013.5,1015.4,1010.8,54,88,24,12.9,8.3,0.0
2018-07-04,90.9,72.0,81.4,98.1,75.1,88.3,1015.1,1018.1,1013.1,76,94,52,12.1,6.0,49.1
2018-07-05,89.6,71.2,79.6,95.4,75.7,86.0,1020.2,1022.1,1018.1,74,97,47,7.5,5.2,0.6
2018-07-06,88.7,73.8,82.2,97.0,81.4,89.3,1019.5,1021.7,1016.0,73,95,56,11.2,6.1,9.0
2018-07-07,86.1,73.8,79.8,96.6,80.9,88.1,1017.6,1020.0,1015.3,82,98,66,8.9,4.3,9.3
2018-07-08,83.0,73.3,77.4,91.9,81.4,86.3,1017.5,1018.8,1016.4,90,98,74,9.2,3.2,35.1
2018-07-09,83.9,73.9,77.2,91.9,81.4,85.2,1020.2,1022.3,1018.6,89,97,70,8.0,5.0,17.1
2018-07-10,88.9,73.4,81.0,97.5,81.8,88.9,1019.5,1022.0,1016.3,77,99,54,9.0,4.9,0.0
2018-07-11,89.3,74.1,82.4,99.5,81.5,89.9,1016.6,1018.9,1013.6,72,92,54,6.9,5.4,0.0
2018-07-12,91.3,74.8,83.2,99.8,80.5,89.9,1016.5,1018.2,1014.2,67,83,46,9.7,5.9,0.0
2018-07-13,91.5,75.4,82.6,98.7,81.6,88.1,1017.5,1019.7,1014.8,69,93,46,17.3,8.4,0.0
2018-07-14,93.2,75.5,83.9,98.8,82.5,89.8,1016.8,1018.9,1014.1,69,92,42,15.6,8.7,0.0
2018-07-15,93.9,76.5,84.9,99.3,83.5,89.7,1015.5,1017.1,1012.6,65,91,39,12.5,9.8,0.2
2018-07-16,98.7,75.7,86.7,101.5,81.4,90.3,1015.8,1017.7,1013.1,58,91,27,11.9,9.8,0.0
2018-07-17,98.6,73.1,86.4,102.5,79.1,90.5,1016.4,1018.9,1013.2,58,97,28,11.0,8.1,0.0
2018-07-18,100.9,76.8,89.1,104.0,83.4,92.8,1014.0,1016.6,1010.4,53,89,23,14.3,8.8,0.0
2018-07-19,102.3,77.3,89.9,104.3,84.4,93.2,1012.1,1014.3,1009.2,51,89,21,12.1,8.8,0.0
2018-07-20,103.3,77.2,90.2,105.5,83.2,93.3,1012.8,1014.9,1010.3,50,88,21,11.7,9.1,0.0
2018-07-21,103.4,76.7,90.1,105.5,84.0,93.9,1014.0,1016.8,1011.2,51,91,21,11.3,8.5,0.0
2018-07-22,102.9,77.6,90.8,105.8,84.4,94.3,1012.6,1015.1,1009.5,49,90,23,11.5,8.3,0.0
2018-07-23,106.2,78.7,93.6,111.8,85.3,97.4,1010.6,1012.8,1008.1,43,81,19,9.2,5.8,0.0
2018-07-24,98.3,83.6,91.4,103.4,89.7,96.4,1013.3,1015.3,1011.0,50,69,34,15.1,7.1,0.3
2018-07-25,97.9,78.7,88.4,102.8,87.0,94.6,1015.3,1017.8,1012.5,54,93,28,8.6,3.3,0.1
2018-07-26,100.8,77.2,89.3,102.7,81.6,91.4,1014.7,1016.8,1011.3,39,70,19,9.5,4.8,0.0
2018-07-27,101.1,77.7,89.9,102.4,80.2,90.7,1015.2,1017.0,1012.8,37,62,20,11.5,7.2,0.0
2018-07-28,99.4,76.5,88.9,104.3,83.9,93.1,1015.6,1017.8,1012.3,49,86,27,10.3,5.8,0.0
2018-07-29,100.7,79.1,90.3,104.7,87.0,94.5,1014.2,1016.8,1010.5,49,89,26,12.3,7.1,0.0
2018-07-30,97.2,78.7,89.0,101.3,85.4,93.2,1013.7,1016.2,1011.1,52,87,33,11.7,7.7,0.3
2018-07-31,93.8,76.6,85.2,97.2,82.6,89.1,1014.8,1016.9,1012.3,58,90,32,14.6,7.8,6.9
2018-08-01,94.3,74.6,84.9,96.0,76.6,86.0,1015.2,1017.5,1012.5,45,73,21,10.9,6.8,0.0
2018-08-02,96.4,73.2,86.3,98.3,73.6,86.9,1014.9,1016.7,1012.6,39,60,24,11.3,5.4,0.0
2018-08-03,99.0,76.8,87.7,99.1,82.3,89.5,1015.1,1017.5,1012.0,45,75,22,14.0,7.0,0.0
2018-08-04,93.7,75.1,84.6,96.3,82.0,87.8,1015.2,1016.5,1013.6,59,87,36,17.0,9.5,1.3
2018-08-05,97.6,75.0,85.5,98.1,82.2,89.5,1017.9,1020.0,1015.5,61,96,28,12.7,8.9,0.8
2018-08-06,96.3,77.4,85.9,102.8,85.3,91.8,1017.2,1019.5,1014.3,62,90,39,13.6,6.9,0.2
2018-08-07,95.4,78.4,85.6,100.5,84.9,91.0,1015.8,1018.3,1013.1,63,85,40,12.0,8.2,0.4
2018-08-08,97.2,78.1,87.4,101.1,84.3,91.7,1015.0,1017.0,1011.8,58,88,35,14.0,9.6,0.1
2018-08-09,98.4,78.3,87.6,103.8,84.5,92.5,1015.4,1017.5,1012.1,58,86,30,13.4,7.6,0.5
2018-08-10,93.1,78.9,84.4,95.6,84.4,89.8,1015.6,1017.3,1012.8,65,83,41,10.7,7.0,0.8
2018-08-11,84.0,75.9,79.7,91.6,81.6,86.6,1015.5,1017.8,1014.1,78,88,65,9.7,5.3,3.6
2018-08-12,85.8,72.7,78.4,92.9,80.7,86.2,1015.9,1017.7,1013.6,87,98,67,11.4,5.7,18.0
2018-08-13,90.1,76.8,82.6,91.6,81.4,86.7,1014.9,1016.9,1012.1,71,97,46,15.9,11.4,2.9
2018-08-14,89.9,73.9,82.6,95.9,80.2,87.5,1014.0,1015.6,1011.5,71,92,54,13.9,10.1,0.9
2018-08-15,93.8,76.8,84.8,100.8,83.8,90.2,1014.2,1015.7,1011.8,66,91,44,11.9,9.0,0.0
2018-08-16,95.6,76.7,86.2,102.0,83.8,91.9,1015.8,1017.6,1013.5,64,90,42,13.7,8.8,0.0
2018-08-17,98.9,77.3,87.6,102.7,84.0,92.0,1016.4,1018.3,1013.1,56,86,28,13.5,8.3,0.0
2018-08-18,99.0,78.3,88.6,105.2,84.9,92.9,1014.5,1017.8,1010.4,53,84,29,13.2,7.5,0.0
2018-08-19,99.0,78.6,88.4,102.3,84.0,92.0,1011.4,1013.5,1007.9,55,83,30,14.5,10.0,0.0
2018-08-20,98.0,77.5,87.8,105.0,84.0,94.4,1014.3,1016.2,1012.1,61,91,34,11.3,6.4,1.3
2018-08-21,99.2,80.1,90.3,106.4,86.5,95.4,1017.1,1019.3,1014.8,50,75,30,11.8,5.6,0.0
2018-08-22,99.5,80.7,90.6,105.9,85.8,94.6,1018.1,1020.8,1015.1,46,70,28,10.9,5.9,0.2
2018-08-23,100.8,80.6,91.2,102.8,86.9,94.5,1015.5,1018.6,1011.1,45,70,26,11.6,7.0,0.0
2018-08-24,102.2,79.0,89.9,103.0,85.4,92.6,1012.9,1015.1,1009.1,50,84,23,14.1,10.3,0.0
2018-08-25,96.9,79.3,88.0,101.5,85.7,92.2,1015.0,1017.1,1012.5,56,84,34,14.6,9.1,0.5
2018-08-26,98.6,79.8,88.8,102.5,86.1,92.5,1015.5,1017.9,1012.2,54,80,33,16.5,9.6,0.1
2018-08-27,98.1,79.3,88.5,101.3,85.6,91.8,1013.4,1015.5,1010.1,56,84,34,15.3,11.3,0.2
2018-08-28,97.7,79.4,87.3,99.8,86.0,91.1,1013.2,1015.0,1010.8,61,84,32,18.4,11.7,0.4
2018-08-29,95.4,79.7,86.2,99.8,86.3,91.5,1015.1,1017.0,1012.8,64,84,38,14.8,9.1,2.1
2018-08-30,96.0,77.4,85.6,102.3,85.5,91.7,1015.2,1017.2,1012.3,64,87,40,13.5,6.6,0.0
2018-08-31,97.1,76.2,86.5,101.0,84.4,91.6,1013.2,1015.5,1010.0,58,87,34,11.9,6.3,0.1
2018-09-01,96.1,77.6,86.5,100.0,85.6,91.8,1011.9,1013.7,1008.6,59,83,37,13.8,6.6,0.6
2018-09-02,94.7,79.4,84.6,101.6,86.8,91.2,1011.6,1013.2,1009.4,67,80,42,11.9,6.1,4.0
2018-09-03,87.7,74.8,79.3,96.4,83.6,87.6,1012.9,1014.7,1010.7,85,96,60,7.7,4.8,46.4
2018-09-04,85.9,75.0,79.3,94.9,80.8,86.9,1014.2,1015.4,1012.1,85,98,64,11.0,6.6,17.8
2018-09-05,87.1,74.6,78.7,97.7,83.8,88.1,1015.7,1017.7,1014.3,88,97,63,11.0,3.3,14.8
2018-09-06,87.9,74.9,79.3,95.2,83.1,87.7,1016.3,1017.9,1014.4,86,97,58,7.0,4.7,20.4
2018-09-07,86.6,73.4,78.9,96.4,81.8,88.1,1014.7,1017.1,1011.8,86,99,66,6.7,3.2,16.2
2018-09-08,85.5,73.8,78.2,93.2,81.3,86.1,1012.3,1014.2,1010.2,86,99,64,9.1,5.0,9.5
2018-09-09,75.8,72.3,74.1,82.5,77.8,80.6,1011.9,1013.5,1010.1,93,96,83,8.5,5.9,75.9
2018-09-10,75.3,70.2,71.9,79.6,74.2,76.5,1013.4,1014.7,1011.6,90,95,78,8.4,6.4,6.4
2018-09-11,81.8,69.0,74.1,87.4,72.5,79.7,1013.9,1015.3,1012.1,87,97,69,7.9,5.4,10.6
2018-09-12,84.6,71.0,76.0,94.5,77.3,83.1,1014.6,1016.2,1012.3,89,99,70,9.4,5.6,14.9
2018-09-13,82.6,72.9,76.6,90.7,79.7,83.4,1015.0,1016.6,1013.0,90,98,74,10.1,7.3,12.2
2018-09-14,79.9,72.7,75.0,86.5,78.5,81.3,1014.3,1015.6,1012.9,92,97,82,12.5,7.4,23.4
2018-09-15,81.6,73.7,76.3,86.4,79.3,82.3,1013.6,1015.1,1011.7,92,98,78,16.4,9.5,16.7
2018-09-16,82.3,72.6,76.8,90.7,80.4,85.0,1013.6,1015.1,1012.1,90,99,73,8.4,4.3,11.3
2018-09-17,87.7,70.9,79.3,97.3,78.3,87.7,1014.3,1016.2,1012.5,81,99,59,5.8,3.3,0.4
2018-09-18,87.4,75.3,81.1,96.1,83.5,89.2,1014.2,1016.5,1012.0,78,96,60,7.4,4.9,0.0
2018-09-19,87.9,72.8,80.1,94.6,80.3,87.4,1013.4,1015.3,1011.0,79,97,56,8.6,5.5,0.0
2018-09-20,82.7,72.6,76.8,89.2,79.7,84.0,1013.6,1015.8,1011.3,90,99,71,10.7,6.4,20.2
2018-09-21,84.0,74.6,78.1,94.1,81.9,86.0,1013.0,1014.2,1011.7,92,98,81,11.6,7.7,23.2
2018-09-22,79.7,69.0,73.6,84.7,69.6,77.0,1013.1,1014.6,1011.5,81,97,60,12.5,8.2,26.0
2018-09-23,76.3,67.9,72.1,80.6,69.6,76.1,1012.5,1014.2,1010.8,80,91,70,8.0,4.1,1.1
2018-09-24,81.1,70.6,75.3,88.8,77.6,82.2,1012.5,1014.3,1010.7,85,97,67,6.7,3.1,3.5
2018-09-25,85.4,71.2,78.6,93.1,77.9,85.9,1013.1,1015.1,1011.0,85,99,70,10.4,6.8,1.5
2018-09-26,85.0,67.1,76.7,94.5,64.7,82.9,1016.0,1018.7,1014.1,85,98,66,13.0,6.8,9.3
2018-09-27,77.4,63.0,69.4,80.3,60.4,69.6,1017.3,1019.4,1014.5,69,89,61,12.0,7.4,0.0
2018-09-28,80.9,64.2,72.4,86.6,67.6,77.4,1017.2,1019.0,1015.1,86,100,69,7.2,4.5,1.7
2018-09-29,78.3,70.2,73.3,84.7,75.9,79.9,1018.6,1020.7,1017.1,92,100,78,8.3,4.3,9.2
2018-09-30,79.7,71.0,74.2,87.2,77.5,80.8,1018.5,1020.2,1016.9,91,99,78,9.8,5.1,3.8
2018-10-01,81.7,70.7,74.6,89.2,77.1,82.1,1019.1,1021.2,1016.9,92,99,74,8.2,3.8,14.0
2018-10-02,82.3,72.3,76.1,92.1,79.9,84.3,1018.5,1020.8,1016.0,92,99,75,8.7,4.2,5.5
2018-10-03,85.4,74.6,79.3,91.1,81.8,85.7,1015.5,1017.2,1013.0,82,98,62,9.7,7.4,0.2
2018-10-04,85.5,71.8,79.0,92.9,78.7,85.4,1015.4,1017.6,1013.4,80,98,60,8.5,6.3,0.5
2018-10-05,85.9,73.2,79.1,91.2,80.8,85.7,1013.9,1016.3,1011.4,83,98,61,10.9,7.7,1.6
2018-10-06,82.5,74.8,77.7,91.5,80.8,84.6,1013.0,1014.7,1011.4,88,96,76,10.7,7.4,4.4
2018-10-07,82.8,73.7,76.9,88.0,78.2,82.6,1012.2,1014.1,1010.3,88,97,73,15.8,9.6,11.0
2018-10-08,79.4,71.9,75.2,86.9,75.7,81.2,1009.8,1011.3,1007.4,91,98,80,12.3,7.7,8.7
2018-10-09,79.8,70.2,74.0,83.6,75.0,79.0,1006.5,1008.5,1003.6,91,98,75,14.0,8.1,7.1
2018-10-10,76.2,65.7,69.9,76.6,65.4,71.7,1011.9,1014.8,1008.3,79,100,54,12.1,7.3,0.1
2018-10-11,74.7,61.0,66.6,73.9,58.0,65.7,1017.1,1019.8,1015.1,69,82,51,11.4,6.9,0.0
2018-10-12,81.9,60.3,71.3,86.0,60.4,74.5,1013.8,1016.3,1010.7,79,94,60,10.5,5.7,0.8
2018-10-13,81.4,69.9,75.5,87.8,74.5,80.6,1008.8,1011.9,1005.8,90,98,77,18.3,9.7,7.9
2018-10-14,85.8,66.8,76.2,91.8,70.5,82.6,1010.0,1013.2,1008.1,89,99,66,12.2,7.1,11.1
2018-10-15,70.9,44.9,50.2,73.5,34.6,42.4,1020.8,1023.3,1013.7,90,97,78,21.5,17.3,50.6
2018-10-16,53.5,47.5,50.5,48.1,40.4,44.0,1022.7,1024.0,1021.1,88,94,81,15.6,13.3,16.2
2018-10-17,60.7,52.0,55.2,57.4,47.4,51.1,1024.9,1027.2,1023.2,88,95,81,13.2,11.1,5.2
2018-10-18,61.5,52.7,57.5,60.7,46.9,54.0,1025.5,1027.5,1023.6,82,93,69,11.5,9.9,3.4
2018-10-19,67.6,60.3,62.8,69.8,61.1,64.1,1021.1,1023.3,1019.0,95,97,91,8.7,6.2,24.8
2018-10-20,67.9,60.4,63.9,66.5,59.9,62.6,1021.6,1024.4,1019.6,83,97,71,14.5,10.1,1.1
2018-10-21,70.0,56.0,62.0,66.6,50.7,57.8,1024.2,1027.0,1022.1,59,74,44,11.5,8.8,0.0
2018-10-22,62.1,52.4,57.8,61.6,50.2,56.2,1022.0,1023.5,1020.4,76,92,59,6.1,3.8,2.7
2018-10-23,64.7,53.6,58.8,62.0,52.2,56.4,1021.3,1023.4,1019.3,76,95,54,9.9,6.1,9.5
2018-10-24,63.5,56.4,60.1,64.9,53.9,59.9,1016.4,1019.9,1013.8,91,97,73,8.8,6.4,10.5
2018-10-25,69.9,55.0,61.5,68.6,54.1,60.4,1013.4,1015.5,1011.5,82,98,58,11.6,7.3,0.2
2018-10-26,76.5,51.4,62.9,78.4,49.7,63.2,1015.0,1016.4,1013.6,81,98,56,9.2,5.1,0.0
2018-10-27,81.1,57.0,68.2,82.0,56.4,68.7,1017.4,1019.0,1016.3,75,94,49,10.0,6.8,0.0
2018-10-28,79.5,59.4,68.9,80.9,59.3,69.8,1019.8,1021.7,1018.6,75,92,55,10.9,6.6,0.0
2018-10-29,79.4,61.9,70.8,79.6,63.0,71.8,1018.4,1020.7,1015.4,79,94,60,15.2,9.6,0.1
2018-10-30,80.9,67.9,73.7,80.8,69.0,74.6,1013.7,1016.1,1011.4,81,93,61,18.3,13.4,0.2
2018-10-31,76.4,56.9,68.7,78.5,53.2,70.2,1010.6,1012.8,1007.2,90,96,79,15.5,10.8,20.5
2018-11-01,65.2,51.4,57.1,60.6,44.9,51.7,1014.6,1018.6,1011.4,64,87,43,14.6,9.9,0.0
2018-11-02,71.6,47.3,59.0,68.8,43.3,55.8,1018.2,1020.7,1015.4,65,88,37,8.1,5.7,0.0
2018-11-03,74.9,53.4,64.2,70.8,48.4,60.7,1013.8,1016.4,1010.3,70,89,54,21.0,12.2,0.2
2018-11-04,68.5,56.8,62.4,68.0,53.2,60.0,1017.0,1020.3,1014.6,71,96,51,11.5,8.0,3.4
2018-11-05,78.2,60.0,69.2,78.5,57.6,70.2,1010.0,1014.6,1006.7,80,96,63,14.4,8.6,0.4
2018-11-06,81.1,61.0,70.3,85.5,62.9,75.0,1010.9,1013.0,1009.5,90,99,70,10.2,4.5,0.3
2018-11-07,82.0,62.1,72.9,90.7,60.6,78.2,1012.5,1015.5,1010.3,90,99,70,16.3,6.1,3.2
2018-11-08,65.6,56.2,60.3,65.8,52.2,58.7,1016.3,1018.6,1014.4,88,95,80,12.7,9.2,31.9
2018-11-09,57.9,49.9,53.4,51.0,40.8,45.2,1024.5,1029.8,1018.8,71,94,48,20.4,15.9,9.7
2018-11-10,50.7,44.3,48.5,43.8,38.3,41.1,1027.7,1031.1,1023.8,48,66,40,12.4,7.8,0.1
2018-11-11,55.8,43.8,50.1,53.4,39.3,46.3,1020.1,1023.6,1016.3,79,96,64,10.3,5.5,8.8
2018-11-12,50.6,37.6,47.0,46.0,25.2,38.3,1021.3,1031.3,1014.5,78,96,61,22.4,15.5,6.4
2018-11-13,43.5,33.3,37.9,32.3,22.1,27.0,1033.6,1035.5,1031.4,54,60,46,18.8,14.1,0.0
2018-11-14,51.0,28.0,39.2,45.4,20.7,32.0,1032.4,1035.9,1028.5,57,76,40,8.2,6.1,0.0
2018-11-15,59.5,32.7,46.0,55.4,26.4,40.7,1025.3,1029.0,1021.9,66,84,49,7.0,5.2,0.0
2018-11-16,64.7,39.1,51.5,59.4,32.9,46.6,1021.8,1024.3,1019.4,65,85,39,10.4,6.2,0.0
2018-11-17,70.0,45.6,58.0,67.4,41.8,56.2,1019.5,1021.6,1017.3,85,98,59,12.1,6.9,0.8
2018-11-18,59.7,44.2,51.2,60.4,36.6,45.9,1023.0,1026.0,1019.5,78,96,59,14.2,9.5,5.2
2018-11-19,52.5,41.1,46.5,47.1,34.2,40.4,1023.5,1025.0,1021.2,75,88,66,10.1,8.1,5.0
2018-11-20,58.1,40.8,49.4,52.3,35.1,43.8,1026.7,1029.3,1025.0,69,84,52,10.8,7.4,0.0
2018-11-21,54.6,39.5,47.6,51.5,33.8,43.8,1027.4,1029.2,1025.6,77,89,59,5.7,3.8,1.3
2018-11-22,61.2,47.8,54.1,59.4,45.3,51.8,1023.7,1027.1,1019.6,80,92,65,6.6,4.3,0.0
2018-11-23,74.8,52.1,60.6,71.0,48.5,57.9,1013.5,1019.1,1009.8,75,90,41,16.4,8.1,0.0
2018-11-24,72.9,45.2,59.1,68.9,41.5,55.9,1009.4,1012.2,1006.4,69,87,48,12.3,7.0,0.0
2018-11-25,66.6,48.3,59.0,63.2,37.3,53.0,1013.0,1022.6,1006.1,63,97,35,18.6,12.3,0.0
2018-11-26,54.5,41.9,46.6,46.0,32.6,38.6,1026.4,1029.1,1023.6,52,67,39,15.8,9.4,0.0
2018-11-27,59.2,34.4,47.2,51.1,28.3,40.9,1023.4,1026.8,1019.4,59,85,38,11.8,6.2,0.0
2018-11-28,67.1,46.0,57.0,60.4,40.7,51.8,1015.2,1019.8,1011.7,72,90,51,18.2,11.4,0.0
2018-11-29,74.8,57.0,65.0,72.6,54.9,64.0,1011.3,1013.5,1008.8,87,97,62,17.3,11.3,0.0
2018-11-30,76.6,65.7,69.4,75.9,66.7,70.2,1006.2,1010.7,1002.2,89,99,66,19.3,11.7,0.5
2018-12-01,74.0,55.4,64.1,67.7,50.8,58.9,1005.0,1007.3,1002.9,51,97,27,18.9,9.3,4.9
2018-12-02,65.4,50.0,57.0,60.4,43.3,51.6,1010.1,1014.1,1006.9,53,67,40,11.2,7.2,0.0
2018-12-03,59.7,46.5,52.2,51.8,40.7,45.4,1020.2,1025.9,1014.6,58,70,43,12.8,9.2,0.0
2018-12-04,54.5,38.5,46.2,48.4,31.8,39.7,1027.3,1029.7,1025.2,63,75,49,10.0,7.2,0.0
2018-12-05,54.3,37.5,46.6,48.5,32.2,40.8,1028.9,1032.4,1025.6,60,83,44,7.2,5.1,0.0
2018-12-06,64.2,49.5,56.6,66.3,43.8,55.5,1022.5,1025.2,1019.8,85,97,56,7.2,4.8,10.0
2018-12-07,57.7,46.8,51.7,56.9,39.6,46.7,1022.6,1025.8,1019.8,93,98,84,16.5,11.7,37.4
2018-12-08,47.4,40.5,44.6,39.1,31.8,35.9,1022.4,1026.3,1019.5,81,94,67,17.9,14.4,8.7
2018-12-09,52.3,38.4,44.2,44.5,29.7,36.6,1027.4,1029.8,1026.0,71,80,57,13.6,10.2,0.0
2018-12-10,55.9,35.0,44.8,51.5,28.6,39.1,1029.6,1031.4,1028.0,64,86,38,7.7,5.0,0.0
2018-12-11,59.9,34.5,47.8,52.8,28.0,42.1,1026.6,1030.1,1021.8,76,92,56,14.7,8.2,0.0
2018-12-12,65.4,52.0,59.0,64.2,47.7,57.0,1015.5,1020.9,1010.2,87,98,78,15.8,8.6,0.1
2018-12-13,66.7,45.4,57.4,62.5,32.4,51.5,1008.2,1011.9,1005.9,72,97,28,23.7,13.3,0.2
2018-12-14,53.1,42.5,48.0,42.7,30.3,36.7,1017.1,1021.6,1012.3,63,81,47,23.9,19.1,0.3
2018-12-15,61.8,42.9,50.4,54.7,34.1,42.8,1023.3,1025.3,1021.6,46,73,30,12.5,8.5,0.0
2018-12-16,63.5,37.0,49.9,58.4,31.5,45.3,1025.1,1027.9,1023.4,67,86,40,6.7,4.6,0.0
2018-12-17,63.2,45.7,52.7,60.2,41.2,48.5,1023.5,1025.5,1021.4,65,84,44,6.8,4.7,0.0
2018-12-18,63.3,42.1,53.0,60.1,37.0,50.7,1018.0,1021.6,1014.5,84,97,69,9.8,4.9,11.5
2018-12-19,63.0,52.4,56.4,62.9,50.3,55.9,1010.6,1014.4,1006.5,91,99,72,5.7,3.8,4.9
2018-12-20,60.8,50.3,54.7,49.7,41.4,45.5,1015.8,1018.5,1010.8,53,95,31,20.6,14.8,0.1
2018-12-21,61.2,39.7,51.1,55.0,32.7,43.9,1017.3,1020.7,1014.0,46,61,31,13.0,7.8,0.0
2018-12-22,71.2,46.8,56.5,67.1,38.6,50.9,1014.2,1017.1,1012.4,59,80,45,11.6,8.9,0.0
2018-12-23,58.6,45.2,51.8,50.8,40.0,45.5,1024.5,1027.7,1017.8,63,84,47,14.6,9.0,0.0
2018-12-24,58.5,38.8,49.2,57.5,33.6,45.9,1022.8,1027.1,1017.8,78,97,67,5.9,4.0,0.1
2018-12-25,69.1,53.9,62.2,68.8,53.0,62.1,1017.3,1019.2,1015.5,92,100,79,12.9,8.3,2.0
2018-12-26,70.1,62.0,65.0,68.3,60.4,63.4,1009.8,1016.4,1003.5,93,97,85,22.0,14.7,68.0
2018-12-27,66.9,48.7,57.3,61.2,42.2,53.6,1008.9,1015.1,1004.5,70,99,37,12.6,6.9,50.4
2018-12-28,52.9,39.8,46.1,44.6,31.3,37.9,1019.1,1023.8,1014.4,61,72,50,14.4,10.9,0.0
2018-12-29,47.2,40.5,43.4,38.1,30.7,34.4,1024.2,1026.5,1022.8,64,81,55,14.4,12.2,0.7
2018-12-30,44.0,39.2,41.5,39.7,32.6,35.7,1018.5,1024.2,1011.8,84,93,75,11.2,6.6,12.2
2018-12-31,65.7,42.2,50.2,60.0,36.4,45.4,1013.1,1017.6,1011.1,77,94,35,11.0,6.7,6.5
2019-01-01,52.3,38.8,44.0,44.6,31.0,36.5,1022.4,1025.5,1017.6,75,98,61,13.2,10.4,0.3
2019-01-02,41.5,37.8,39.6,36.5,29.4,32.0,1021.4,1024.8,1017.3,89,96,73,14.5,10.8,42.7
2019-01-03,52.3,36.5,42.1,45.0,30.4,35.1,1017.6,1020.1,1015.2,80,95,48,12.6,9.1,6.8
2019-01-04,61.8,35.7,46.5,57.0,28.9,40.3,1018.0,1020.2,1016.4,66,89,38,11.7,6.8,0.0
2019-01-05,68.6,37.0,50.5,64.6,31.9,45.8,1020.2,1023.0,1018.9,71,93,40,8.5,6.0,0.0
2019-01-06,68.2,45.0,57.2,65.4,41.0,53.9,1018.3,1020.9,1015.2,84,95,74,15.9,10.2,0.0
2019-01-07,73.3,60.7,65.0,74.0,60.3,66.0,1017.9,1020.2,1015.7,87,98,63,13.0,6.6,0.6
2019-01-08,71.4,52.7,60.7,71.1,50.4,58.5,1022.8,1028.1,1018.7,76,100,49,11.3,7.1,0.0
2019-01-09,58.1,43.9,51.8,50.1,38.4,43.9,1030.9,1034.2,1028.5,47,70,37,13.3,9.5,0.0
2019-01-10,56.3,42.5,49.4,50.3,37.0,44.2,1026.3,1029.3,1022.2,59,73,47,7.2,4.7,0.3
2019-01-11,62.2,48.7,54.1,60.5,43.6,51.4,1017.9,1021.6,1014.3,83,94,65,12.3,6.1,7.5
2019-01-12,59.1,43.3,54.2,57.7,37.1,48.7,1019.3,1026.7,1014.3,72,96,46,18.4,10.5,0.0
2019-01-13,52.5,38.4,44.1,46.0,30.9,37.1,1028.9,1031.8,1026.6,69,79,55,11.0,8.7,0.0
2019-01-14,49.6,37.8,43.5,45.6,30.3,37.7,1031.1,1034.2,1028.4,70,77,63,10.1,5.9,0.0
2019-01-15,50.0,44.3,46.9,46.1,40.5,43.1,1027.2,1030.0,1024.8,80,95,73,8.1,3.8,0.7
2019-01-16,57.4,44.6,51.8,56.5,41.4,50.2,1023.4,1026.1,1020.7,93,98,87,6.4,3.8,1.9
2019-01-17,69.3,50.7,58.4,69.3,48.7,57.2,1020.3,1022.8,1018.5,83,97,50,6.7,4.9,0.0
2019-01-18,66.3,49.3,58.1,63.6,47.2,56.2,1013.4,1020.0,1007.0,93,100,87,16.6,9.5,0.7
2019-01-19,61.2,39.3,48.7,57.4,30.3,37.2,1019.7,1028.1,1009.5,52,92,36,28.4,18.7,4.1
2019-01-20,51.4,31.8,41.1,46.2,23.7,34.2,1028.2,1031.6,1024.7,57,68,45,8.6,6.0,0.0
2019-01-21,63.4,34.9,49.5,54.8,29.1,42.9,1020.1,1024.5,1014.6,74,90,54,18.0,11.1,0.0
2019-01-22,69.8,42.2,60.0,68.8,31.2,54.8,1011.3,1017.9,1006.8,79,88,66,21.2,15.2,5.0
2019-01-23,52.3,36.1,42.1,42.6,23.7,32.1,1021.6,1024.8,1018.7,55,86,33,20.1,13.0,6.1
2019-01-24,58.4,33.3,45.5,52.0,26.6,38.7,1020.7,1024.4,1018.7,61,84,39,12.3,7.4,0.0
2019-01-25,53.2,38.9,46.4,48.8,33.8,41.6,1025.7,1028.0,1023.1,71,86,56,7.0,4.5,1.1
2019-01-26,59.4,41.5,50.6,56.6,37.5,47.4,1022.8,1024.8,1019.8,81,93,64,7.4,4.7,7.3
2019-01-27,62.5,42.9,52.4,58.7,38.6,48.3,1020.9,1024.1,1016.1,72,99,37,9.2,5.6,2.1
2019-01-28,67.7,44.1,54.4,65.4,34.8,48.6,1013.5,1022.7,1009.7,68,91,47,24.7,10.5,0.3
2019-01-29,47.0,35.3,41.8,39.4,25.3,32.7,1026.6,1030.6,1023.7,45,54,36,18.5,9.9,0.0
2019-01-30,53.2,36.4,45.5,46.4,29.9,39.1,1024.2,1026.9,1022.2,56,70,42,8.9,5.6,0.0
2019-01-31,59.6,46.0,52.5,59.5,41.4,50.3,1020.3,1022.9,1017.4,87,99,70,7.7,5.1,1.0
2019-02-01,64.7,55.1,59.0,65.7,54.5,59.2,1019.5,1021.1,1018.1,93,100,81,8.5,5.0,2.0
2019-02-02,65.5,54.9,60.4,65.7,54.8,61.2,1018.2,1020.8,1015.1,94,99,80,8.0,5.0,4.8
2019-02-03,73.8,59.6,65.9,71.5,61.1,66.1,1012.4,1015.5,1009.3,87,100,62,15.0,8.7,1.4
2019-02-04,72.8,64.2,67.6,74.4,65.1,69.4,1011.8,1014.3,1010.2,89,100,73,9.8,7.8,0.5
2019-02-05,78.6,63.7,69.7,77.7,66.0,71.7,1011.6,1013.8,1009.2,89,100,62,15.0,9.1,0.9
2019-02-06,77.5,66.8,70.8,78.1,69.0,72.6,1010.4,1012.0,1008.0,90,99,72,16.3,11.8,1.1
2019-02-07,70.1,39.8,58.2,72.6,28.5,52.0,1018.8,1030.7,1009.3,65,95,39,18.8,14.8,7.9
2019-02-08,38.9,32.8,35.3,27.4,20.8,24.1,1035.3,1038.6,1031.3,55,67,45,17.7,14.0,1.5
2019-02-09,42.3,34.0,37.3,36.2,25.6,29.8,1032.7,1035.9,1029.1,76,89,67,11.5,8.2,4.4
2019-02-10,52.8,37.7,44.1,52.2,31.7,40.5,1022.9,1028.5,1018.6,89,93,84,6.3,3.4,2.9
2019-02-11,62.0,48.4,55.8,60.9,44.8,54.1,1012.5,1017.4,1009.2,94,98,86,9.7,7.0,5.0
2019-02-12,60.1,41.5,52.5,53.8,35.3,45.5,1022.4,1028.3,1012.8,57,92,32,14.5,10.3,0.0
2019-02-13,61.4,37.8,50.3,53.3,33.0,44.4,1023.5,1028.1,1017.1,62,85,39,14.1,7.6,0.0
2019-02-14,71.8,50.5,60.2,68.9,44.5,56.3,1012.5,1018.1,1008.8,78,92,60,19.0,12.2,0.0
2019-02-15,81.1,54.3,66.2,81.5,52.7,65.6,1007.4,1010.6,1004.2,76,93,51,13.4,7.9,0.0
2019-02-16,61.8,41.2,52.7,60.7,33.6,48.4,1008.8,1012.8,1004.8,74,89,66,14.1,7.3,0.0
2019-02-17,59.7,46.8,55.5,59.6,38.0,50.1,1011.0,1018.6,1004.1,70,97,47,16.6,11.1,0.5
2019-02-18,57.4,41.8,48.0,49.3,32.9,39.4,1021.9,1024.2,1019.7,53,61,42,13.5,11.7,0.0
2019-02-19,46.5,40.8,43.3,41.1,33.3,35.9,1016.6,1022.6,1011.2,79,93,55,12.0,10.4,9.2
2019-02-20,60.6,36.0,47.4,57.9,31.2,42.7,1015.3,1018.4,1013.4,71,96,41,11.2,5.3,0.1
2019-02-21,55.9,42.1,50.2,51.3,38.0,45.9,1014.2,1015.7,1012.0,81,90,73,10.3,7.1,0.3
2019-02-22,67.3,47.9,53.4,68.4,44.1,51.5,1013.7,1015.9,1010.7,87,94,72,8.4,4.6,2.5
2019-02-23,69.9,51.6,60.7,65.3,43.5,55.0,1013.2,1020.0,1008.9,57,97,18,20.1,10.5,1.5
2019-02-24,59.2,43.3,51.3,53.9,33.8,43.9,1026.4,1030.3,1021.2,48,62,34,14.7,9.5,0.0
2019-02-25,64.9,43.1,53.7,60.1,37.9,48.8,1024.5,1027.1,1020.9,65,92,43,13.3,7.8,0.7
2019-02-26,65.2,54.6,59.1,66.3,52.4,59.2,1020.0,1022.2,1017.9,92,99,81,9.0,4.9,2.0
2019-02-27,76.5,58.8,65.5,77.1,53.8,67.4,1017.1,1018.8,1014.3,88,100,58,14.6,4.9,0.4
2019-02-28,55.0,40.1,46.1,49.5,32.3,39.9,1019.3,1021.5,1016.8,79,91,70,11.8,8.9,3.3
2019-03-01,62.4,41.8,49.9,61.2,37.3,47.0,1017.9,1020.2,1014.8,86,93,79,8.5,4.7,1.6
2019-03-02,57.3,47.6,51.6,54.6,43.0,48.3,1017.9,1020.4,1015.7,92,96,84,10.1,7.3,5.4
2019-03-03,51.6,35.3,45.4,44.4,24.5,36.9,1019.4,1025.6,1014.1,77,95,58,19.0,14.0,2.6
2019-03-04,39.7,27.9,32.3,29.1,15.8,21.1,1029.0,1032.1,1026.4,56,65,44,17.5,13.5,0.3
2019-03-05,44.5,26.1,35.1,34.9,16.6,25.8,1033.2,1035.9,1031.1,47,59,38,15.7,9.3,0.0
2019-03-06,54.5,29.7,43.3,48.5,22.5,36.4,1029.8,1034.1,1024.4,61,82,42,13.7,7.8,0.0
2019-03-07,73.6,50.2,60.5,70.6,44.2,57.3,1018.9,1024.1,1015.1,78,95,55,17.1,10.8,0.0
2019-03-08,80.2,62.6,69.8,80.1,61.4,70.0,1011.9,1015.2,1008.6,86,98,59,16.7,12.7,0.3
2019-03-09,81.1,57.6,70.5,80.3,53.4,69.8,1008.9,1012.5,1006.0,69,96,26,18.3,10.1,3.2
2019-03-10,74.2,57.1,66.1,77.0,53.3,67.9,1014.8,1018.3,1012.7,87,100,60,11.0,6.7,4.4
2019-03-11,66.8,55.1,60.9,66.4,52.6,59.7,1020.4,1022.3,1017.6,89,94,81,10.6,9.0,3.2
2019-03-12,75.9,59.6,67.8,74.1,58.7,67.2,1015.4,1020.8,1007.1,87,98,64,19.9,12.9,6.7
2019-03-13,78.9,54.0,69.4,77.0,47.6,67.7,1004.5,1008.5,1001.5,72,97,34,22.2,12.7,17.9
2019-03-14,69.9,54.8,64.5,70.2,48.8,58.8,1014.6,1023.0,1005.0,46,97,33,15.6,11.1,0.0
2019-03-15,56.7,47.4,52.2,47.8,37.5,43.4,1027.8,1030.1,1023.3,45,56,37,16.4,11.5,0.0
2019-03-16,58.9,45.7,52.2,53.7,38.8,45.9,1028.7,1031.7,1026.3,47,59,35,9.9,6.8,0.0
2019-03-17,63.1,45.3,54.9,60.5,39.8,50.3,1026.1,1028.4,1023.8,53,70,39,7.2,5.5,0.0
2019-03-18,66.0,43.6,55.0,62.6,39.1,50.2,1024.9,1026.9,1022.8,55,76,34,10.1,6.0,0.0
2019-03-19,68.7,47.6,58.8,63.6,42.9,54.5,1023.9,1025.9,1021.3,54,70,37,12.6,6.7,0.0
2019-03-20,70.6,51.9,61.2,69.9,48.8,59.4,1023.1,1025.2,1020.9,66,80,49,10.4,4.6,0.4
2019-03-21,72.9,49.2,60.9,72.9,46.6,58.4,1022.7,1025.4,1019.8,57,91,32,8.7,4.2,0.0
2019-03-22,76.0,51.9,64.2,75.5,48.1,61.6,1019.5,1022.4,1016.2,64,95,46,13.5,8.3,0.0
2019-03-23,73.2,57.4,66.4,70.4,56.0,64.8,1017.7,1019.1,1015.7,75,91,61,17.3,10.4,1.6
2019-03-24,78.9,63.6,70.3,80.8,63.1,70.9,1017.2,1019.0,1014.5,79,95,55,13.5,9.4,0.1
2019-03-25,78.4,62.7,70.2,79.6,58.5,70.6,1019.3,1023.2,1016.6,73,98,45,12.5,8.6,1.1
2019-03-26,73.7,54.5,63.7,73.1,52.2,61.3,1024.8,1027.7,1023.0,64,87,44,9.9,7.7,0.0
2019-03-27,74.7,51.1,63.4,72.9,48.3,61.0,1023.7,1026.6,1020.8,70,94,49,12.8,8.7,0.0
2019-03-28,76.3,55.9,65.3,70.8,54.2,62.2,1020.1,1022.3,1016.9,71,89,47,16.9,11.6,0.0
2019-03-29,79.9,60.3,69.0,75.0,59.1,66.3,1014.2,1018.0,1010.9,72,93,46,17.5,13.2,0.9
2019-03-30,71.4,48.7,62.3,70.8,37.9,57.0,1016.3,1025.0,1010.3,67,94,40,19.3,14.2,2.3
2019-03-31,56.6,44.6,49.8,48.8,34.8,40.5,1026.3,1029.9,1024.1,46,60,33,17.9,12.7,0.0
2019-04-01,58.6,41.6,49.4,56.3,36.0,44.3,1024.4,1026.9,1021.5,57,72,41,7.6,4.8,0.0
2019-04-02,70.2,41.3,55.9,66.1,36.2,51.0,1022.0,1024.9,1018.2,55,89,30,11.0,6.9,0.0
2019-04-03,71.5,52.7,61.9,67.3,48.1,59.3,1018.6,1021.2,1015.4,78,97,59,18.7,10.3,3.1
2019-04-04,89.0,64.4,74.5,90.6,63.4,75.9,1013.5,1016.0,1010.3,70,98,25,14.2,8.0,1.5
2019-04-05,81.9,63.0,71.3,85.1,64.2,73.3,1013.8,1016.4,1011.2,77,99,52,9.8,6.4,0.0
2019-04-06,76.0,61.5,68.5,78.0,63.6,71.1,1011.3,1012.8,1008.5,92,98,73,12.7,8.3,24.0
2019-04-07,68.6,58.5,63.0,72.8,56.2,62.6,1012.2,1014.6,1010.6,90,100,64,16.3,8.9,42.9
2019-04-08,83.7,58.6,69.2,85.1,55.3,68.7,1013.8,1016.2,1011.9,66,82,38,11.8,7.8,0.1
2019-04-09,85.3,54.8,70.9,88.3,54.5,72.0,1012.3,1015.0,1008.8,65,96,41,9.6,5.2,0.0
2019-04-10,88.2,63.8,75.2,86.3,61.5,72.1,1003.8,1009.0,998.4,54,79,40,20.2,14.0,0.0
2019-04-11,81.3,55.8,69.8,77.2,51.7,65.6,1004.1,1010.1,998.8,45,77,17,18.6,8.4,0.0
2019-04-12,76.5,49.4,63.1,76.0,45.5,60.6,1009.1,1012.6,1005.3,64,93,40,13.9,8.4,0.6
2019-04-13,72.9,47.4,61.9,71.9,35.7,57.1,1004.3,1013.3,1000.3,75,98,45,27.4,15.8,6.1
2019-04-14,71.3,46.9,58.0,68.6,35.1,52.1,1016.3,1019.2,1013.5,53,68,29,21.2,10.2,0.0
2019-04-15,77.4,52.9,65.3,75.1,48.4,61.5,1016.4,1018.7,1014.2,61,85,44,14.9,11.6,0.0
2019-04-16,79.9,61.0,70.2,77.9,59.5,68.3,1014.6,1016.6,1011.6,75,94,52,19.5,14.3,0.1
2019-04-17,83.4,68.6,73.8,84.6,68.4,75.2,1007.8,1012.2,1003.4,85,96,61,19.0,14.8,4.5
2019-04-18,76.1,59.0,67.1,73.2,55.1,63.8,1008.6,1015.4,1003.0,64,99,33,22.3,11.8,41.7
2019-04-19,72.7,53.9,63.2,65.3,50.1,57.2,1017.9,1020.4,1015.9,46,68,26,17.7,10.7,0.0
2019-04-20,77.4,49.3,64.7,76.0,45.5,62.2,1017.5,1020.8,1013.9,58,78,42,12.4,7.4,0.0
2019-04-21,81.6,58.1,69.5,80.4,56.7,67.8,1014.6,1016.5,1012.4,72,92,49,18.0,13.2,0.0
2019-04-22,78.9,63.6,71.0,77.9,63.9,70.2,1015.8,1017.1,1013.8,74,95,53,15.4,11.9,0.1
2019-04-23,79.8,65.1,71.2,79.2,66.3,72.0,1013.9,1015.9,1011.3,82,94,58,15.7,11.2,2.8
2019-04-24,72.3,58.5,66.5,75.5,56.7,67.8,1011.1,1014.1,1006.8,88,98,74,11.0,7.8,40.5
2019-04-25,83.8,57.3,68.9,86.0,56.2,69.3,1011.7,1016.5,1009.8,70,93,38,11.4,6.7,0.0
2019-04-26,77.6,60.3,68.5,79.8,60.0,68.4,1018.6,1021.9,1016.4,67,90,43,12.5,7.1,0.0
2019-04-27,82.2,61.5,71.4,82.5,59.5,70.9,1012.9,1016.7,1008.6,68,88,51,16.3,10.9,0.0
2019-04-28,82.4,64.0,72.4,84.0,65.6,73.0,1012.5,1014.8,1009.8,75,96,52,14.3,10.9,0.2
2019-04-29,84.1,66.7,74.0,84.2,66.5,74.6,1012.5,1013.7,1010.6,77,93,52,16.1,12.6,0.3
2019-04-30,82.8,71.6,76.6,81.0,73.8,77.8,1010.9,1012.8,1007.0,81,95,61,22.9,16.4,3.4
2019-05-01,84.2,71.8,76.4,84.2,76.2,78.8,1011.0,1013.1,1007.1,84,96,59,21.5,14.2,4.8
2019-05-02,80.0,64.6,71.5,84.5,62.1,73.8,1013.9,1016.6,1011.0,86,98,66,17.3,10.3,12.1
2019-05-03,73.8,65.2,69.0,79.3,66.0,72.8,1011.8,1014.5,1008.4,91,97,84,13.4,5.7,90.2
2019-05-04,79.1,62.5,70.6,82.0,64.7,72.7,1011.1,1012.8,1009.1,80,100,58,15.0,7.9,2.0
2019-05-05,81.9,59.5,71.3,85.1,59.9,73.7,1011.6,1013.9,1009.0,78,96,55,8.7,5.9,0.3
2019-05-06,75.7,65.2,70.7,80.5,68.2,74.0,1013.4,1014.5,1012.4,87,97,73,12.4,7.0,0.7
2019-05-07,79.3,66.6,72.6,82.1,70.5,75.5,1012.5,1014.7,1009.7,88,99,71,18.0,10.5,16.4
2019-05-08,76.6,70.0,72.2,82.8,72.1,76.6,1006.1,1009.6,1003.0,92,98,78,15.1,7.8,39.3
2019-05-09,81.9,62.9,74.0,88.4,59.6,77.9,1008.9,1014.3,1006.0,85,98,63,17.7,8.9,0.8
2019-05-10,67.5,54.6,60.5,66.0,48.5,57.1,1015.1,1017.8,1013.0,81,95,71,17.8,11.7,5.7
2019-05-11,75.3,57.7,63.2,78.2,55.8,63.3,1012.5,1015.0,1008.7,85,94,58,11.0,6.8,15.7
2019-05-12,75.3,55.2,65.6,75.6,55.1,65.0,1012.2,1013.7,1010.3,74,96,54,12.6,7.6,0.0
2019-05-13,78.8,54.8,68.2,82.3,54.8,69.9,1013.6,1015.3,1011.7,75,98,51,9.0,5.2,0.0
2019-05-14,78.7,62.9,71.1,83.1,64.7,74.5,1015.2,1017.4,1013.9,80,97,58,7.8,4.6,6.8
2019-05-15,81.5,63.4,72.3,85.4,66.9,76.8,1015.9,1017.9,1013.7,82,100,51,7.9,4.2,0.2
2019-05-16,83.4,61.8,73.8,88.6,63.4,77.3,1014.7,1016.9,1011.5,77,97,52,10.4,6.3,0.1
2019-05-17,85.6,70.2,76.9,87.7,73.6,80.2,1009.7,1013.3,1006.6,83,96,59,16.5,12.7,2.0
2019-05-18,82.2,70.1,74.7,82.7,74.2,78.3,1006.1,1008.3,1004.5,90,97,73,21.7,12.6,18.7
2019-05-19,89.2,73.9,79.7,100.1,80.9,88.2,1009.5,1011.3,1007.0,84,99,56,9.2,5.3,0.1
2019-05-20,88.2,73.9,79.7,89.9,75.9,82.9,1007.1,1011.0,1003.0,81,98,55,23.0,15.9,2.1
2019-05-21,85.5,70.7,76.9,89.4,71.4,78.9,1004.0,1006.6,1000.6,68,96,32,22.2,9.7,9.0
2019-05-22,89.0,71.3,81.2,91.4,73.8,85.0,1007.2,1011.1,1004.9,77,97,55,20.6,14.6,0.6
2019-05-23,88.9,76.6,81.3,91.0,80.3,84.5,1012.7,1014.4,1011.1,78,91,56,18.5,16.0,2.0
2019-05-24,87.3,74.2,80.0,88.9,76.4,82.9,1014.1,1015.8,1011.6,76,92,53,18.4,13.9,0.9
2019-05-25,87.8,73.1,79.0,90.1,76.5,82.3,1015.2,1017.6,1013.2,76,96,52,15.4,12.1,2.9
2019-05-26,88.8,72.5,79.8,91.5,75.0,82.3,1015.7,1017.7,1013.6,70,94,42,15.7,11.7,0.4
2019-05-27,89.1,71.2,79.1,89.5,73.3,81.5,1011.8,1014.1,1008.6,73,94,45,16.0,12.4,1.0
2019-05-28,90.6,73.5,80.2,90.1,76.3,82.3,1007.4,1009.6,1004.7,74,92,45,20.4,15.1,1.4
2019-05-29,89.0,75.6,79.9,91.2,80.4,84.5,1006.2,1009.4,1003.5,82,96,58,19.9,12.9,5.0
2019-05-30,85.9,72.3,77.2,93.2,78.5,83.3,1012.4,1014.7,1010.0,82,97,58,11.8,5.9,8.9
2019-05-31,87.3,72.2,78.9,96.6,78.1,86.4,1014.3,1017.0,1012.1,80,96,60,9.3,4.7,9.3
2019-06-01,88.2,71.6,80.4,96.9,78.7,88.6,1013.3,1015.1,1010.1,79,99,59,6.1,3.9,0.9
2019-06-02,90.9,72.9,81.8,99.2,80.9,89.2,1012.7,1015.3,1010.2,73,98,48,10.1,4.8,0.1
2019-06-03,89.2,74.2,82.1,96.0,81.9,88.6,1013.6,1015.5,1010.9,74,98,53,9.8,6.5,0.7
2019-06-04,88.9,71.9,78.7,94.7,78.4,85.4,1013.5,1015.2,1010.1,81,96,53,9.4,5.4,12.5
2019-06-05,83.3,73.2,77.7,89.7,80.1,84.5,1009.6,1012.7,1006.5,85,97,68,10.6,6.6,5.9
2019-06-06,87.8,68.3,78.1,98.9,71.6,85.9,1008.0,1009.5,1005.7,81,97,59,9.4,4.0,3.5
2019-06-07,90.4,71.0,80.5,96.1,76.0,85.9,1007.8,1009.2,1005.9,71,99,44,11.9,6.6,0.5
2019-06-08,92.0,68.4,81.3,100.6,72.6,87.9,1009.2,1011.0,1007.6,68,94,44,5.6,4.1,0.0
2019-06-09,97.1,72.9,84.0,105.4,77.5,90.4,1011.8,1017.5,1009.6,66,84,44,14.8,6.5,1.4
2019-06-10,83.4,74.2,77.9,84.9,73.7,79.5,1021.0,1023.3,1017.7,69,87,55,16.6,11.6,0.1
2019-06-11,79.2,68.7,73.5,83.0,69.1,76.3,1018.9,1021.6,1015.7,71,98,59,8.0,5.1,2.7
2019-06-12,86.2,64.6,75.5,91.6,68.7,80.7,1015.7,1017.3,1013.2,76,99,48,6.1,4.0,0.0
2019-06-13,86.7,71.1,78.7,90.9,72.4,81.0,1017.8,1020.4,1015.6,56,77,36,8.1,5.5,0.0
2019-06-14,92.5,70.3,81.0,94.6,71.5,82.8,1014.7,1017.2,1010.8,60,84,38,15.6,10.8,0.0
2019-06-15,95.5,75.3,83.6,97.4,77.4,85.8,1011.0,1013.1,1008.2,66,86,38,18.6,14.7,0.0
2019-06-16,90.2,73.3,78.9,97.9,74.7,83.1,1010.6,1012.1,1008.5,81,100,53,20.1,12.3,33.7
2019-06-17,87.5,72.4,78.3,94.5,76.9,84.6,1011.8,1013.4,1010.0,80,98,54,10.6,5.1,0.7
2019-06-18,92.4,70.9,81.6,98.5,77.7,89.0,1012.2,1015.3,1009.3,74,96,50,12.5,5.3,0.2
2019-06-19,97.4,76.7,86.0,102.1,83.6,91.8,1008.8,1011.8,1004.0,70,96,40,14.2,12.1,0.0
2019-06-20,97.9,78.0,86.0,104.2,85.6,92.3,1008.5,1010.7,1006.0,73,93,45,15.7,12.8,0.1
2019-06-21,97.3,78.3,86.1,100.5,83.7,90.1,1010.0,1011.7,1008.0,70,91,42,19.4,15.9,0.1
2019-06-22,91.8,78.9,83.1,96.1,83.5,88.7,1011.3,1013.2,1009.8,79,93,52,18.6,13.6,7.9
2019-06-23,90.2,74.8,82.8,96.1,80.7,88.0,1009.7,1012.3,1006.2,79,95,57,19.3,14.4,5.0
2019-06-24,82.8,69.3,76.4,90.6,74.2,82.3,1011.6,1014.8,1009.0,86,95,69,13.2,7.3,49.3
2019-06-25,88.3,68.3,77.3,96.3,72.5,82.8,1014.6,1017.1,1012.6,76,95,53,11.4,6.0,0.0
2019-06-26,86.0,69.5,77.5,94.3,74.2,83.6,1018.3,1020.4,1016.5,80,96,64,11.4,6.3,8.0
2019-06-27,89.5,72.9,79.7,97.8,80.2,87.4,1019.9,1022.0,1017.8,80,98,55,11.6,5.0,0.8
2019-06-28,89.7,72.8,80.3,98.4,80.4,87.9,1019.3,1021.1,1017.8,79,98,50,15.1,5.8,1.6
2019-06-29,93.2,72.1,81.6,100.7,77.3,88.0,1017.6,1019.9,1014.5,70,97,39,12.9,5.1,2.8
2019-06-30,85.6,72.7,78.1,91.1,77.0,84.0,1016.1,1018.0,1013.5,79,97,51,10.5,6.1,16.1
2019-07-01,88.0,73.1,79.6,94.7,79.9,85.8,1015.7,1017.4,1013.4,78,95,54,11.3,7.5,1.0
2019-07-02,86.9,73.6,79.2,96.6,81.2,86.0,1014.3,1015.9,1011.9,82,97,62,12.4,7.8,3.4
2019-07-03,83.0,73.5,77.8,92.4,80.4,84.4,1013.0,1015.2,1010.9,87,96,73,12.9,8.1,14.5
2019-07-04,90.4,75.3,81.4,95.5,81.4,87.1,1013.2,1015.1,1011.7,79,96,55,15.2,10.8,6.5
2019-07-05,91.8,76.8,83.8,98.2,83.8,90.0,1016.2,1017.7,1014.6,74,94,51,15.7,11.0,0.2
2019-07-06,91.5,76.4,83.9,100.1,83.7,91.6,1017.7,1019.5,1015.3,74,94,52,9.9,7.4,0.3
2019-07-07,93.7,76.2,84.9,102.4,84.8,92.5,1015.6,1018.3,1012.3,70,93,47,10.0,6.8,0.0
2019-07-08,93.7,76.9,83.6,101.4,84.9,91.3,1013.3,1015.4,1010.2,75,95,46,9.7,7.5,0.6
2019-07-09,94.4,77.0,84.0,100.1,83.4,91.0,1013.1,1015.2,1011.1,73,93,43,14.0,8.4,1.0
2019-07-10,94.5,76.7,85.8,104.8,85.2,94.0,1014.1,1016.1,1011.9,68,92,48,11.4,5.7,0.1
2019-07-11,95.5,75.1,85.4,98.7,82.4,91.1,1013.0,1016.4,1009.5,65,89,42,16.2,8.0,0.2
2019-07-12,97.0,78.0,86.2,98.2,82.8,89.7,1010.0,1011.9,1007.0,55,79,27,13.0,8.3,0.0
2019-07-13,94.5,76.3,85.2,99.1,78.0,89.1,1009.7,1011.5,1007.3,58,71,44,13.0,8.7,1.2
2019-07-14,94.6,78.6,86.0,103.2,87.4,93.5,1011.2,1012.9,1009.1,65,87,45,11.1,5.3,0.9
2019-07-15,93.1,76.6,85.5,102.5,85.7,93.1,1012.6,1014.8,1010.6,68,95,52,13.2,5.9,2.5
2019-07-16,96.7,78.3,86.9,100.6,84.5,91.4,1014.2,1015.9,1011.9,63,89,39,14.4,11.7,0.0
2019-07-17,95.7,77.7,86.1,100.4,84.1,90.9,1015.4,1017.1,1013.1,66,92,41,14.2,11.3,0.6
2019-07-18,98.2,76.6,86.5,101.0,83.6,90.5,1014.5,1016.5,1011.1,63,93,35,15.7,12.1,0.1
2019-07-19,97.8,76.6,86.5,101.6,82.5,90.4,1013.8,1015.7,1010.9,62,89,35,15.1,12.2,0.0
2019-07-20,98.2,77.0,87.0,101.4,83.4,90.5,1013.2,1015.0,1010.1,59,88,33,14.2,11.6,0.0
2019-07-21,97.2,75.0,86.3,102.2,80.5,90.4,1013.1,1014.8,1010.7,58,92,33,12.9,8.9,0.0
2019-07-22,95.0,78.5,86.8,101.4,86.0,93.2,1014.8,1016.3,1012.8,60,86,36,9.4,5.3,0.0
2019-07-23,93.6,76.1,84.6,93.5,82.3,86.9,1017.0,1018.9,1014.3,57,94,30,17.9,10.2,7.5
2019-07-24,89.7,74.4,81.5,88.4,72.8,80.9,1018.3,1020.9,1015.8,45,61,28,13.1,8.5,0.0
2019-07-25,90.1,66.2,78.6,91.5,64.4,78.4,1018.2,1020.2,1015.6,44,60,27,8.4,5.5,0.0
2019-07-26,91.5,69.5,81.2,94.3,73.0,83.5,1018.7,1021.0,1016.7,50,81,30,6.4,4.4,0.0
2019-07-27,93.9,74.1,84.4,99.1,76.4,88.1,1018.6,1021.1,1016.3,53,69,36,10.7,5.2,0.5
2019-07-28,93.3,76.8,84.7,97.1,83.2,89.1,1016.9,1019.4,1014.1,66,88,45,16.0,10.9,1.7
2019-07-29,96.1,77.8,86.8,100.1,83.9,91.1,1015.2,1017.2,1012.1,61,88,37,14.2,10.4,0.0
2019-07-30,98.2,78.3,88.4,103.2,85.8,93.6,1015.0,1017.4,1012.3,56,89,31,10.0,7.4,0.0
2019-07-31,97.8,78.1,88.4,104.2,85.7,94.0,1015.1,1017.3,1012.7,55,86,33,11.9,5.9,0.0
2019-08-01,97.0,79.0,88.1,103.4,86.2,93.8,1015.4,1017.5,1012.9,55,79,37,8.4,5.3,0.0
2019-08-02,97.2,79.3,88.5,104.6,85.9,94.4,1014.3,1016.2,1011.5,54,76,38,7.7,5.0,0.0
2019-08-03,93.6,81.3,87.8,100.6,86.1,92.5,1012.7,1014.3,1010.7,54,69,42,9.4,6.7,0.0
2019-08-04,92.1,79.4,83.2,96.5,87.4,90.3,1013.6,1015.8,1011.4,70,83,42,9.8,4.9,2.8
2019-08-05,94.9,78.3,86.2,101.8,87.0,93.7,1013.3,1015.1,1011.2,66,91,43,10.9,5.4,0.3
2019-08-06,98.8,79.2,88.6,105.9,87.0,94.8,1012.6,1014.7,1010.1,58,83,34,12.9,6.6,0.0
2019-08-07,100.1,78.7,89.2,104.1,86.0,94.0,1012.2,1014.4,1009.5,57,87,31,13.4,9.7,0.0
2019-08-08,100.8,79.7,89.8,104.8,87.1,94.6,1012.0,1014.2,1009.1,58,87,31,13.9,10.7,0.0
2019-08-09,102.8,80.3,90.1,104.7,88.2,94.1,1012.4,1014.8,1009.1,57,85,27,14.6,12.3,0.0
2019-08-10,101.4,79.6,89.6,105.6,86.0,94.0,1012.9,1015.2,1009.3,57,85,29,15.4,10.5,0.0
2019-08-11,101.4,79.9,90.2,106.5,86.9,95.0,1013.7,1016.2,1010.5,56,86,30,13.7,10.2,0.1
2019-08-12,101.8,80.3,90.6,105.6,87.6,95.6,1012.1,1014.6,1008.5,56,83,29,15.3,10.2,0.0
2019-08-13,101.1,79.8,90.8,107.6,87.2,96.3,1011.8,1013.4,1009.5,55,85,30,11.7,8.3,0.0
2019-08-14,98.9,81.2,89.0,107.0,89.5,96.1,1014.0,1015.8,1011.8,58,79,36,8.7,5.1,0.2
2019-08-15,97.0,80.2,88.5,104.7,90.3,96.7,1014.0,1016.6,1011.0,62,89,34,10.7,3.7,0.6
2019-08-16,98.9,81.7,90.8,105.4,88.8,95.8,1012.2,1014.4,1009.2,51,72,33,13.8,7.0,0.0
2019-08-17,101.8,80.9,90.4,103.9,86.0,93.8,1010.4,1012.5,1006.7,53,81,27,15.5,11.2,0.0
2019-08-18,102.2,80.4,90.0,103.8,86.4,93.6,1011.1,1012.8,1008.1,56,85,26,15.1,11.9,0.1
2019-08-19,100.1,80.3,89.6,105.5,88.3,95.2,1013.6,1015.6,1011.1,59,85,35,12.9,9.3,0.1
2019-08-20,97.6,80.9,89.0,102.9,87.8,93.8,1015.1,1016.7,1013.2,56,83,35,11.4,8.4,0.1
2019-08-21,97.3,80.2,88.2,100.7,86.4,92.3,1014.7,1017.1,1011.5,55,80,32,13.7,8.9,0.0
2019-08-22,97.2,79.2,87.2,103.7,86.1,92.8,1012.8,1015.0,1009.1,61,86,39,14.7,8.0,0.3
2019-08-23,97.1,79.7,85.9,103.8,87.2,93.0,1011.8,1013.4,1009.7,68,86,40,15.8,7.5,0.0
2019-08-24,95.4,78.6,84.7,103.0,87.4,93.2,1011.9,1013.6,1009.2,71,88,43,13.0,4.2,4.5
2019-08-25,97.8,78.1,86.7,102.0,88.3,94.6,1009.6,1012.3,1005.9,69,91,38,13.8,6.8,0.6
2019-08-26,102.2,79.8,89.7,105.6,87.3,95.2,1007.6,1009.4,1004.3,62,87,33,16.0,11.5,0.0
2019-08-27,97.4,77.9,86.7,101.5,83.1,92.6,1011.6,1015.4,1008.9,67,87,35,14.2,9.6,0.4
2019-08-28,96.3,76.4,85.5,102.3,83.1,92.7,1015.5,1017.0,1012.5,68,96,37,10.8,5.3,0.0
2019-08-29,93.6,79.2,84.8,102.2,87.5,93.3,1015.5,1017.4,1013.4,72,93,49,9.8,6.0,0.8
2019-08-30,95.4,77.4,85.5,102.5,86.0,92.5,1015.0,1016.7,1012.3,67,89,40,11.4,6.2,0.0
2019-08-31,93.7,76.6,84.0,100.2,83.7,90.8,1015.6,1017.2,1012.7,66,89,39,8.4,5.1,0.0
2019-09-01,92.8,74.8,83.3,101.1,83.1,91.2,1016.1,1018.6,1013.6,70,96,47,9.9,3.5,0.1
2019-09-02,96.6,76.1,86.5,98.0,82.5,90.1,1015.2,1017.6,1012.4,51,81,27,10.3,5.9,0.0
2019-09-03,96.2,74.2,86.1,98.6,79.0,89.4,1013.9,1015.7,1011.1,51,79,30,9.6,5.5,0.0
2019-09-04,98.5,77.7,87.7,99.0,85.3,91.5,1015.4,1017.6,1013.3,53,81,28,12.6,7.0,0.6
2019-09-05,98.5,75.7,87.7,101.4,83.3,92.2,1017.1,1019.9,1014.3,54,89,26,9.3,5.7,0.0
2019-09-06,98.3,78.5,88.8,102.8,87.4,93.8,1016.3,1018.8,1013.7,52,85,23,10.2,4.2,0.0
2019-09-07,98.6,78.0,88.4,100.7,86.5,92.3,1014.9,1017.5,1011.7,53,87,26,12.6,7.8,0.0
2019-09-08,97.9,78.2,86.8,99.1,84.8,90.2,1014.0,1015.9,1010.6,59,87,30,15.8,11.0,0.0
2019-09-09,95.3,77.2,84.2,97.7,83.5,88.1,1015.0,1017.0,1012.5,65,92,34,17.8,10.7,0.7
2019-09-10,92.7,74.7,82.6,96.0,79.6,86.6,1016.9,1019.1,1014.9,65,91,40,14.7,9.0,3.5
2019-09-11,92.7,74.8,81.7,97.6,81.8,87.4,1018.0,1020.8,1014.6,73,96,44,12.5,8.0,3.4
2019-09-12,96.5,75.7,84.2,100.8,84.5,90.1,1016.9,1019.0,1014.5,68,95,35,13.0,6.8,0.1
2019-09-13,95.4,75.0,85.0,97.6,83.6,89.4,1018.6,1021.0,1016.4,58,96,30,12.7,5.9,0.0
2019-09-14,95.9,75.7,86.6,97.0,79.7,88.4,1018.0,1020.2,1014.9,46,72,27,11.0,6.3,0.1
2019-09-15,95.8,74.5,85.7,97.3,80.1,88.3,1016.3,1018.4,1013.4,50,79,30,11.0,6.3,0.0
2019-09-16,95.8,77.2,85.7,99.3,82.0,89.5,1014.5,1016.9,1011.2,55,78,33,11.3,6.6,0.0
2019-09-17,93.0,75.7,81.9,95.8,82.7,87.7,1012.6,1014.3,1010.1,72,88,43,16.7,7.5,0.7
2019-09-18,97.0,76.8,85.1,102.1,84.0,91.5,1011.2,1013.3,1008.5,64,93,36,12.2,4.6,0.1
2019-09-19,93.5,77.6,83.2,103.4,84.9,91.4,1010.6,1011.9,1008.5,75,94,50,16.3,5.7,4.8
2019-09-20,93.0,78.1,84.1,97.9,85.4,88.5,1013.4,1016.5,1011.5,71,93,51,18.0,13.1,2.0
2019-09-21,91.4,76.5,82.9,95.0,83.3,87.7,1015.9,1018.1,1013.7,73,95,49,13.2,11.2,1.1
2019-09-22,92.8,76.5,83.9,96.4,82.7,88.8,1015.3,1017.2,1012.8,66,89,42,11.2,8.5,0.4
2019-09-23,97.1,76.4,85.9,99.7,85.0,91.5,1015.1,1017.6,1011.8,64,94,32,13.2,7.2,0.1
2019-09-24,94.1,76.4,84.3,98.1,84.0,89.7,1012.7,1015.0,1009.4,68,92,42,13.9,9.0,0.9
2019-09-25,95.4,76.2,85.3,99.8,82.8,89.6,1011.2,1012.9,1008.0,62,90,35,13.0,8.6,0.0
2019-09-26,96.7,76.5,85.8,99.4,82.9,89.5,1011.3,1013.5,1007.9,57,86,25,10.5,7.7,0.0
2019-09-27,94.6,76.7,84.7,97.8,81.2,88.4,1009.5,1011.7,1005.9,62,87,37,15.0,9.4,0.2
2019-09-28,93.8,76.6,83.0,97.0,83.7,88.5,1011.6,1013.7,1009.7,74,96,45,14.6,10.2,3.0
2019-09-29,95.6,77.9,84.7,95.2,83.4,88.3,1014.3,1016.6,1011.7,68,95,35,16.4,12.7,1.9
2019-09-30,94.0,78.1,84.2,95.9,83.8,89.5,1014.5,1016.6,1011.1,72,89,45,14.4,11.0,2.0
2019-10-01,95.2,75.6,84.1,95.6,82.6,88.0,1013.9,1016.1,1010.5,67,96,32,15.4,10.9,1.0
2019-10-02,95.7,74.9,84.3,97.6,82.5,88.6,1014.0,1016.2,1010.4,63,94,31,11.7,7.7,0.5
2019-10-03,95.0,73.8,84.0,96.4,81.0,88.4,1015.8,1017.7,1013.5,61,97,30,11.6,5.6,0.3
2019-10-04,92.2,74.8,83.4,94.0,80.8,86.7,1016.7,1019.0,1014.0,56,91,35,8.3,5.6,0.4
2019-10-05,92.7,72.9,83.0,94.7,78.5,87.0,1014.3,1016.6,1011.4,57,88,33,6.8,3.8,0.1
2019-10-06,94.6,74.2,84.5,97.9,79.9,87.9,1013.9,1016.1,1011.7,53,85,30,8.0,5.1,0.0
2019-10-07,85.5,68.4,76.2,84.9,65.3,74.8,1018.5,1021.3,1015.8,58,79,39,14.8,11.4,0.0
2019-10-08,85.2,63.5,73.6,84.1,63.0,72.0,1017.0,1020.0,1013.5,49,80,25,8.8,5.8,0.0
2019-10-09,90.2,69.6,79.5,89.1,69.2,80.5,1012.0,1014.8,1008.3,64,93,41,15.7,11.5,1.2
2019-10-10,95.3,77.0,83.7,94.3,80.0,85.3,1009.5,1011.9,1006.1,66,87,35,20.3,15.3,0.3
2019-10-11,79.1,49.9,59.9,85.5,37.7,53.4,1020.2,1024.9,1009.7,63,94,30,22.4,15.7,12.8
2019-10-12,64.5,52.8,58.5,58.2,43.3,51.2,1022.2,1026.1,1018.1,36,53,29,13.4,8.4,0.0
2019-10-13,75.7,58.3,66.1,76.0,54.2,64.8,1016.4,1018.5,1013.6,55,82,45,7.4,3.5,0.8
2019-10-14,86.4,69.7,76.5,90.7,73.3,82.0,1014.0,1016.0,1011.5,78,95,53,8.4,4.3,1.3
2019-10-15,87.5,75.1,80.1,94.4,81.3,87.1,1011.9,1013.7,1009.2,80,96,57,10.3,6.3,1.4
2019-10-16,74.8,58.4,66.7,83.5,53.9,62.1,1018.2,1020.5,1013.4,56,97,34,17.3,11.6,15.4
2019-10-17,70.2,55.3,61.7,68.6,51.6,58.5,1016.2,1019.5,1013.0,55,64,41,6.7,5.0,0.0
2019-10-18,77.3,52.3,65.3,76.3,50.9,64.4,1009.8,1012.8,1005.9,63,90,40,7.8,4.3,0.0
2019-10-19,90.4,64.5,76.5,92.8,66.1,77.7,1007.4,1009.4,1005.0,60,93,28,11.0,5.6,0.0
2019-10-20,88.3,65.7,75.0,91.7,65.4,77.7,1007.5,1009.9,1004.5,73,94,49,16.7,8.2,6.0
2019-10-21,77.1,61.4,70.7,83.5,55.7,67.7,1011.3,1018.7,1003.6,53,95,26,18.1,10.5,19.1
2019-10-22,75.8,51.9,64.2,72.1,48.3,60.2,1020.6,1023.9,1018.8,47,77,28,9.0,5.6,0.0
2019-10-23,83.9,56.7,69.4,78.3,53.0,66.1,1017.0,1019.8,1013.0,56,80,36,17.0,10.6,0.0
2019-10-24,82.3,51.7,69.4,82.2,44.0,69.5,1014.7,1019.7,1010.8,78,94,52,18.0,9.8,39.6
2019-10-25,61.4,43.5,51.5,52.0,33.2,41.9,1019.3,1022.2,1016.6,67,91,49,21.7,17.9,5.9
2019-10-26,69.2,46.5,55.9,67.3,38.6,51.0,1014.0,1017.7,1010.8,61,76,44,13.0,7.9,0.0
2019-10-27,75.7,47.0,61.2,70.0,41.5,56.6,1013.6,1016.1,1012.0,52,79,28,11.9,7.5,0.0
2019-10-28,76.6,54.8,66.6,78.9,53.9,68.3,1014.0,1016.0,1011.3,85,100,70,10.5,6.0,1.2
2019-10-29,68.2,50.7,57.3,71.8,45.4,54.8,1014.9,1017.2,1012.8,88,98,80,13.4,9.3,9.1
2019-10-30,52.4,41.2,48.3,48.4,27.9,40.7,1018.8,1027.7,1014.1,84,95,58,21.3,14.4,18.5
2019-10-31,52.9,34.2,42.2,43.7,23.8,32.8,1030.5,1033.9,1027.9,53,77,33,20.1,12.0,0.0
2019-11-01,58.4,36.3,47.0,51.5,31.1,41.3,1027.1,1030.0,1023.5,57,85,30,7.6,4.6,0.0
2019-11-02,64.8,40.6,52.0,59.3,35.4,46.8,1027.8,1030.8,1026.2,59,85,34,9.0,5.9,0.0
2019-11-03,67.6,45.3,56.9,61.3,40.4,52.5,1022.2,1026.5,1017.7,59,78,33,11.2,6.5,0.0
2019-11-04,79.5,53.1,65.4,77.3,51.7,64.8,1015.8,1017.9,1013.0,77,98,49,13.4,7.3,0.0
2019-11-05,77.4,62.4,69.4,82.4,64.2,73.7,1019.6,1022.1,1016.6,89,97,69,6.5,3.9,0.1
2019-11-06,81.1,68.2,73.0,81.2,69.6,75.1,1020.7,1023.4,1017.8,78,98,53,12.6,8.3,0.1
2019-11-07,67.1,44.5,59.5,69.8,36.4,57.5,1022.7,1029.1,1018.8,85,94,70,17.7,9.5,20.9
2019-11-08,56.0,43.5,48.3,49.8,36.0,41.7,1028.1,1030.2,1025.8,78,92,62,15.3,10.7,2.8
2019-11-09,65.2,41.1,53.0,63.1,37.0,50.5,1024.7,1027.9,1021.4,75,97,54,5.7,3.4,0.0
2019-11-10,77.6,48.0,61.5,73.6,44.7,58.3,1018.5,1022.1,1014.1,69,88,45,13.9,8.3,0.0
2019-11-11,74.3,32.4,57.1,76.2,20.8,51.6,1019.7,1031.7,1013.8,77,89,56,24.0,15.2,5.6
2019-11-12,43.3,30.7,35.5,32.0,16.9,24.0,1033.7,1037.7,1031.3,48,87,31,19.9,14.3,1.1
2019-11-13,41.5,29.7,36.4,35.1,22.6,29.6,1025.7,1031.1,1020.9,61,72,41,8.4,4.6,1.9
2019-11-14,45.1,37.3,42.3,40.4,32.4,37.3,1025.8,1030.0,1022.2,85,97,70,11.2,5.4,7.2
2019-11-15,59.1,36.0,46.8,53.4,30.1,41.3,1028.7,1031.6,1025.6,69,95,40,7.9,6.0,0.0
2019-11-16,60.9,33.3,48.6,55.2,27.9,44.0,1022.9,1026.6,1019.3,67,90,42,6.7,4.1,0.0
2019-11-17,69.5,41.3,55.3,70.0,36.0,53.0,1017.3,1019.3,1014.3,78,94,57,9.2,4.8,0.0
2019-11-18,69.2,43.8,56.5,67.3,39.7,53.4,1015.2,1017.6,1012.2,68,91,42,7.3,4.7,0.0
2019-11-19,76.3,45.9,61.4,73.8,41.9,59.2,1014.5,1016.6,1013.0,74,94,44,11.3,7.1,0.0
2019-11-20,80.0,61.2,70.3,74.7,60.9,68.9,1013.4,1015.2,1010.5,80,97,50,21.7,14.4,0.6
2019-11-21,79.5,68.2,72.9,78.2,69.1,73.3,1013.3,1015.0,1011.4,78,90,61,18.1,12.7,0.9
2019-11-22,69.3,47.5,59.0,72.1,41.0,55.7,1016.7,1020.3,1012.7,76,97,52,15.1,9.6,3.1
2019-11-23,68.1,41.4,52.2,64.1,36.3,47.7,1019.5,1021.8,1016.8,68,85,42,8.1,5.8,0.0
2019-11-24,70.1,40.9,55.9,64.4,36.5,51.9,1016.5,1020.5,1011.7,66,97,38,9.8,5.9,0.0
2019-11-25,83.1,54.6,67.1,77.1,50.8,63.3,1006.4,1011.0,1002.5,60,85,22,12.6,10.1,0.0
2019-11-26,75.7,64.6,68.7,75.4,65.2,68.8,1004.2,1011.6,1001.4,84,97,63,14.8,11.1,0.2
2019-11-27,67.6,50.6,57.2,59.1,39.6,46.9,1021.1,1024.5,1013.3,28,35,17,16.0,13.0,0.0
2019-11-28,57.7,47.4,53.2,56.1,39.8,48.4,1022.5,1025.2,1020.1,65,84,37,10.4,6.7,1.7
2019-11-29,74.1,55.5,64.8,76.9,53.5,65.7,1016.1,1021.5,1011.1,93,97,82,18.3,9.3,5.9
2019-11-30,82.4,63.0,73.5,84.6,57.0,74.6,1009.2,1013.8,1006.5,78,97,51,16.6,11.7,1.7
2019-12-01,62.3,48.4,55.1,53.0,39.8,46.2,1020.5,1025.8,1014.5,33,46,23,14.8,10.4,0.0
2019-12-02,62.2,42.8,51.1,55.6,35.5,44.3,1025.1,1028.7,1022.0,47,67,29,10.1,6.9,0.0
2019-12-03,71.3,40.2,54.9,63.9,34.1,48.8,1016.6,1021.4,1012.5,53,75,28,13.6,7.5,0.0
2019-12-04,69.8,47.3,58.0,64.6,41.9,52.5,1017.8,1020.7,1016.1,49,68,29,9.9,6.5,0.0
2019-12-05,73.3,49.9,61.3,69.9,45.7,59.3,1015.7,1018.0,1013.3,76,98,56,15.5,8.1,0.0
2019-12-06,69.3,54.6,61.8,62.0,49.1,56.7,1021.3,1026.1,1016.2,60,94,35,16.5,10.3,0.0
2019-12-07,66.4,45.0,55.3,64.2,39.4,51.3,1024.6,1027.8,1021.2,64,83,47,7.7,5.3,0.0
2019-12-08,74.4,50.5,61.6,69.4,47.9,58.7,1015.6,1020.7,1011.3,75,94,50,15.9,9.2,0.0
2019-12-09,79.6,58.2,68.2,80.5,48.8,67.4,1010.8,1016.0,1007.9,72,97,35,19.3,8.5,0.0
2019-12-10,55.8,41.4,46.7,45.7,35.2,38.5,1024.1,1031.3,1016.2,75,92,46,17.5,13.1,7.9
2019-12-11,55.7,39.8,45.3,49.6,33.5,39.3,1031.8,1035.4,1028.9,68,84,41,8.5,6.3,0.0
2019-12-12,61.8,37.5,48.0,55.8,31.6,43.4,1023.7,1029.2,1018.6,74,93,52,10.9,5.3,0.0
2019-12-13,74.5,42.7,57.0,67.0,37.0,51.7,1012.9,1018.0,1009.0,60,91,26,13.8,7.6,0.0
2019-12-14,73.0,43.5,57.5,68.3,39.2,54.3,1010.0,1012.7,1006.6,64,88,39,8.9,4.7,0.0
2019-12-15,79.3,51.6,65.8,78.8,47.6,64.6,1007.5,1009.7,1006.2,73,96,54,12.7,8.2,0.0
2019-12-16,64.7,40.6,54.0,68.8,29.8,48.0,1014.8,1023.7,1008.0,71,100,36,17.8,12.2,2.4
2019-12-17,52.5,34.0,42.1,39.7,23.6,31.7,1028.8,1032.3,1024.4,50,75,24,17.5,12.9,0.0
2019-12-18,57.0,31.2,43.7,51.0,24.3,37.0,1031.0,1034.2,1028.7,47,80,20,6.6,4.3,0.0
2019-12-19,55.9,31.8,44.2,47.0,24.9,36.8,1028.1,1031.1,1025.6,47,68,25,8.7,6.1,0.0
2019-12-20,53.4,42.9,49.3,50.8,37.5,46.1,1026.0,1027.5,1024.1,85,97,62,7.8,4.8,6.1
2019-12-21,60.3,42.3,50.8,54.2,38.2,47.2,1026.8,1028.8,1024.5,78,99,35,7.2,4.5,0.0
2019-12-22,59.6,37.3,46.6,55.0,32.1,42.1,1025.3,1028.9,1022.0,77,98,45,5.9,4.7,0.0
2019-12-23,66.9,34.6,50.1,63.3,28.6,46.0,1020.6,1023.6,1017.5,68,96,37,6.2,3.6,0.0
2019-12-24,68.2,37.3,53.5,62.4,30.8,48.6,1017.0,1020.3,1014.1,61,88,34,8.6,5.7,0.0
2019-12-25,69.8,45.9,57.7,69.7,42.3,56.0,1014.2,1016.1,1012.4,82,98,60,9.9,5.7,0.0
2019-12-26,70.3,55.4,61.8,70.3,54.9,62.5,1016.7,1018.6,1014.9,89,99,65,7.7,4.8,0.5
2019-12-27,73.0,54.3,62.6,69.8,52.8,61.6,1016.1,1019.2,1013.2,81,97,47,10.7,6.6,0.0
2019-12-28,71.1,55.2,62.6,71.2,50.1,61.2,1008.7,1012.6,1005.1,87,98,71,16.5,10.4,6.0
2019-12-29,64.0,46.9,54.5,53.0,39.5,47.5,1012.7,1019.2,1008.7,55,90,26,15.9,9.8,0.0
2019-12-30,58.8,38.0,48.2,51.7,32.0,41.4,1021.7,1024.5,1018.8,48,77,26,10.7,6.0,0.0
2019-12-31,58.0,34.1,47.1,52.0,27.5,40.8,1023.7,1027.5,1020.7,48,77,25,5.5,4.2,0.0
2020-01-01,55.2,47.7,52.3,51.3,41.7,47.1,1015.2,1020.5,1009.2,57,83,37,10.1,5.6,0.2
2020-01-02,60.3,49.9,55.1,59.0,46.5,53.3,1004.9,1008.6,1001.9,89,94,85,9.0,5.7,2.8
2020-01-03,64.6,46.4,54.3,54.7,42.1,47.7,1014.5,1024.4,1006.8,60,84,38,17.8,10.2,0.0
2020-01-04,68.9,42.3,54.5,64.2,34.8,48.2,1026.7,1029.7,1024.5,47,65,25,10.4,6.5,0.0
2020-01-05,72.4,47.1,58.8,64.2,40.7,52.0,1025.3,1028.6,1022.2,44,61,27,13.3,8.8,0.0
2020-01-06,71.8,45.2,58.9,67.8,40.8,54.7,1021.0,1025.5,1017.5,62,94,40,16.1,7.1,0.0
2020-01-07,65.2,43.1,53.7,58.3,34.7,45.7,1029.0,1032.7,1026.3,32,48,14,13.5,7.2,0.0
2020-01-08,67.4,33.7,53.3,59.8,25.9,46.5,1024.3,1028.5,1019.1,56,77,36,15.4,10.2,0.0
2020-01-09,77.2,61.7,67.8,72.5,57.6,65.3,1014.9,1018.9,1011.9,80,92,52,18.7,15.0,0.9
2020-01-10,74.7,63.0,68.6,71.2,55.4,66.2,1008.4,1013.7,1003.5,86,97,60,27.1,17.7,42.9
2020-01-11,60.9,42.2,50.3,51.7,35.0,43.0,1019.2,1024.1,1009.2,63,84,42,17.0,10.6,0.6
2020-01-12,61.5,34.1,47.4,55.6,28.2,42.6,1022.1,1024.0,1019.9,77,98,46,9.8,5.6,0.0
2020-01-13,62.5,46.2,55.0,63.1,43.2,54.5,1021.1,1023.2,1019.0,95,100,86,5.2,3.9,1.3
2020-01-14,73.0,57.4,65.1,77.1,58.4,67.9,1018.2,1020.6,1015.9,92,99,80,9.3,4.3,0.4
2020-01-15,77.2,67.5,71.4,80.8,71.2,74.4,1017.7,1020.6,1016.2,87,99,66,15.1,8.6,1.8
2020-01-16,67.0,58.5,63.9,71.1,54.6,64.5,1023.5,1026.1,1021.3,89,99,76,13.7,7.3,11.6
2020-01-17,73.1,59.2,65.2,72.0,60.4,66.3,1021.3,1023.9,1017.8,88,99,61,14.4,6.7,8.1
2020-01-18,66.6,49.6,62.2,69.4,39.9,58.8,1022.8,1029.3,1018.8,71,98,38,16.1,10.6,1.1
2020-01-19,55.3,40.9,47.8,45.4,30.3,38.2,1032.6,1035.5,1029.9,38,50,27,13.8,11.1,0.0
2020-01-20,57.4,39.7,48.3,52.4,33.4,42.1,1034.3,1037.1,1031.6,47,63,32,6.4,4.7,0.0
2020-01-21,60.4,43.8,52.0,51.9,39.2,45.5,1029.6,1033.0,1025.2,53,74,33,15.1,7.4,0.9
2020-01-22,57.2,47.8,52.9,58.0,41.9,50.4,1017.2,1024.6,1012.5,93,99,75,12.4,7.0,21.6
2020-01-23,64.2,47.1,54.8,58.6,44.1,50.6,1015.7,1020.2,1012.4,80,99,50,15.5,9.0,0.0
2020-01-24,63.3,42.0,51.6,59.6,37.4,47.2,1020.9,1024.0,1019.4,66,95,36,6.6,4.8,0.0
2020-01-25,66.5,42.0,54.6,61.4,35.9,50.5,1018.7,1021.1,1015.6,72,94,58,17.2,7.8,1.2
2020-01-26,74.7,52.3,61.4,70.8,50.1,59.4,1015.3,1017.1,1013.4,74,99,34,9.9,6.3,0.0
2020-01-27,69.9,44.7,56.9,67.1,41.5,54.7,1015.4,1018.2,1012.2,82,100,53,10.4,6.3,0.0
2020-01-28,71.2,50.0,57.5,62.9,39.3,51.9,1012.8,1016.2,1008.1,72,97,30,20.4,12.0,6.5
2020-01-29,59.4,43.6,49.8,53.3,35.8,42.3,1018.1,1020.5,1016.5,63,83,47,15.2,11.2,0.0
2020-01-30,51.3,43.2,46.3,48.0,37.0,40.9,1019.9,1021.6,1017.2,75,83,65,9.4,6.6,0.0
2020-01-31,59.1,42.6,48.9,52.7,38.1,44.0,1021.9,1024.0,1020.2,70,93,41,8.7,5.7,0.0
2020-02-01,70.8,39.4,54.7,62.3,33.6,48.7,1024.1,1026.8,1021.7,52,87,19,10.7,6.4,0.0
2020-02-02,74.4,41.1,58.1,66.7,33.4,51.2,1019.0,1023.3,1014.6,45,71,23,13.9,8.7,0.0
2020-02-03,71.3,55.8,63.0,69.0,49.6,59.6,1010.3,1014.7,1006.8,79,93,60,19.7,13.4,2.1
2020-02-04,77.4,48.7,64.9,79.5,39.9,63.5,1008.4,1012.5,1005.7,77,97,52,15.9,9.9,0.3
2020-02-05,51.6,35.2,42.9,42.2,25.6,32.6,1011.7,1014.5,1007.6,63,73,48,17.8,15.0,2.5
2020-02-06,53.4,32.4,41.3,43.6,23.1,32.5,1011.6,1014.2,1008.5,52,71,26,13.7,9.5,0.7
2020-02-07,72.0,37.8,53.0,65.3,30.6,46.1,1012.9,1018.0,1010.4,44,60,24,12.5,7.6,0.0
2020-02-08,64.3,43.3,53.5,63.2,37.5,49.1,1020.2,1023.7,1017.4,68,92,52,13.2,7.2,0.0
2020-02-09,72.6,59.5,65.9,72.8,56.7,66.3,1015.0,1017.9,1012.3,93,97,79,15.0,11.0,7.8
2020-02-10,68.4,47.7,58.6,72.7,40.4,57.0,1014.5,1018.1,1012.6,90,99,73,15.5,9.3,38.8
2020-02-11,49.5,42.4,45.9,41.7,34.8,38.5,1018.5,1021.0,1016.3,83,93,74,15.2,12.5,4.9
2020-02-12,60.2,43.4,49.5,55.6,39.0,44.8,1013.1,1015.9,1010.3,83,96,56,13.1,7.7,29.9
2020-02-13,55.4,39.4,46.5,48.1,32.2,39.4,1023.7,1029.0,1016.4,70,94,47,14.7,10.1,0.0
2020-02-14,55.9,33.0,43.7,51.6,27.2,38.1,1029.4,1032.6,1026.4,72,94,49,8.8,6.0,0.0
2020-02-15,65.9,37.8,52.1,61.9,32.4,48.6,1022.6,1026.7,1018.5,80,99,58,12.7,6.4,0.0
2020-02-16,74.7,48.6,60.7,74.0,45.5,59.6,1015.8,1019.0,1012.4,83,97,58,10.5,6.7,0.0
2020-02-17,77.9,59.2,68.4,77.9,58.9,69.4,1010.6,1012.8,1007.7,87,100,61,14.3,9.8,0.7
2020-02-18,73.4,50.9,62.2,78.3,44.9,61.9,1016.0,1023.7,1011.2,92,98,79,16.6,9.3,22.4
2020-02-19,51.5,47.6,49.4,47.2,41.6,44.0,1023.8,1026.2,1022.0,88,94,83,12.9,10.4,5.8
2020-02-20,52.3,44.6,47.4,42.4,35.2,39.0,1029.3,1037.6,1022.7,76,94,53,20.9,14.5,9.1
2020-02-21,51.7,35.3,43.4,45.5,27.3,36.3,1036.8,1041.0,1033.2,65,82,46,12.4,8.4,0.0
2020-02-22,61.2,37.8,49.6,55.0,32.5,44.0,1027.7,1032.9,1022.8,65,89,44,13.3,7.2,0.0
2020-02-23,69.2,52.3,60.7,68.3,46.9,58.3,1016.6,1022.8,1012.2,80,95,68,16.1,9.3,0.4
2020-02-24,70.2,52.5,63.3,65.2,48.9,60.5,1010.5,1012.5,1008.5,68,97,32,11.7,8.3,0.3
2020-02-25,64.7,45.3,54.8,59.1,39.5,47.9,1014.6,1023.1,1008.8,58,92,27,17.4,11.2,0.0
2020-02-26,53.3,39.2,45.8,41.5,28.3,35.0,1029.6,1032.8,1023.7,42,56,25,20.2,14.5,0.0
2020-02-27,59.3,30.4,45.4,53.1,23.6,38.7,1029.1,1031.9,1025.1,50,85,26,8.4,6.0,0.0
2020-02-28,69.1,37.8,53.9,67.0,29.9,48.1,1027.7,1030.3,1026.2,42,60,24,8.1,5.4,0.0
2020-02-29,71.6,47.1,59.0,63.1,40.6,51.9,1022.8,1026.8,1017.7,48,77,29,17.6,11.2,0.0
2020-03-01,75.9,58.9,65.7,72.7,53.3,62.5,1013.1,1017.3,1008.7,73,93,51,18.4,12.8,0.3
2020-03-02,76.7,61.5,68.3,76.6,61.7,69.3,1009.8,1012.0,1006.5,83,100,60,14.4,8.2,0.0
2020-03-03,77.4,64.0,69.3,77.2,65.8,71.2,1008.5,1010.6,1004.8,84,100,50,13.0,7.2,1.2
2020-03-04,68.0,54.5,62.5,70.1,48.4,60.2,1010.0,1019.0,1005.6,84,98,62,23.1,11.8,22.0
2020-03-05,71.8,49.5,58.8,66.9,44.0,53.7,1023.6,1028.5,1018.9,59,79,34,14.3,9.2,0.0
2020-03-06,67.3,50.0,57.2,60.8,42.7,50.7,1031.0,1034.6,1028.9,45,81,22,13.2,8.5,0.0
2020-03-07,62.1,47.9,53.1,56.1,42.3,48.0,1028.4,1031.6,1025.3,60,77,45,10.8,6.1,0.6
2020-03-08,72.1,51.5,61.4,66.0,47.5,57.1,1023.5,1026.7,1020.9,73,92,50,17.8,12.1,0.2
2020-03-09,68.5,61.1,64.9,72.1,58.0,65.2,1021.7,1023.9,1019.9,92,95,83,14.0,9.8,9.7
2020-03-10,77.4,61.4,68.7,79.7,63.3,71.0,1022.9,1025.4,1020.5,84,98,62,11.0,6.0,0.1
2020-03-11,79.1,63.0,71.0,80.6,64.6,71.9,1017.4,1021.3,1012.7,79,97,56,12.1,9.5,0.0
2020-03-12,85.5,65.8,73.5,85.4,67.0,73.8,1011.8,1014.3,1007.8,73,96,45,14.8,11.5,0.3
2020-03-13,82.9,66.9,72.9,80.1,68.1,73.6,1014.1,1016.5,1011.9,76,90,44,14.0,10.4,0.8
2020-03-14,82.5,69.4,74.2,82.6,69.8,76.1,1018.0,1021.4,1016.1,78,94,52,18.3,10.1,2.9
2020-03-15,77.4,62.1,67.7,77.7,61.6,68.9,1022.4,1025.4,1019.3,85,97,65,12.2,8.0,5.7
2020-03-16,75.8,60.7,67.4,76.8,58.5,69.3,1019.9,1022.9,1017.1,86,99,60,13.2,6.1,0.6
2020-03-17,79.2,67.3,71.6,79.2,70.2,73.3,1017.0,1019.6,1014.0,84,98,60,15.3,10.6,4.1
2020-03-18,81.8,68.0,73.9,81.9,68.8,74.8,1014.6,1016.8,1011.8,79,96,57,17.1,12.6,2.8
2020-03-19,82.8,68.4,74.1,85.7,69.1,76.5,1013.7,1016.8,1011.5,83,96,62,18.6,10.9,5.2
2020-03-20,70.2,52.4,60.4,74.5,45.7,57.2,1023.1,1028.8,1015.9,82,96,72,17.0,12.1,26.0
2020-03-21,58.2,47.7,53.1,58.1,41.1,48.3,1025.9,1029.0,1022.0,80,96,70,13.1,9.8,17.0
2020-03-22,71.4,56.0,63.2,73.9,54.8,65.2,1019.0,1021.8,1016.2,91,98,79,8.1,4.0,3.1
2020-03-23,81.1,63.8,71.4,83.0,67.9,74.1,1015.5,1018.6,1012.0,83,98,58,12.8,7.4,0.7
2020-03-24,85.8,62.6,73.5,89.8,61.9,75.3,1012.2,1013.9,1010.2,71,96,34,10.5,7.2,0.0
2020-03-25,86.9,58.9,74.1,89.4,58.2,76.4,1011.8,1013.7,1009.2,69,91,45,11.4,7.1,0.0
2020-03-26,85.6,64.1,73.4,87.8,66.9,75.6,1009.8,1011.9,1006.0,81,98,53,12.8,9.7,0.0
2020-03-27,86.0,67.6,75.8,87.7,69.5,77.8,1006.8,1009.0,1004.2,77,96,52,16.4,10.9,0.2
2020-03-28,79.8,58.4,71.8,77.0,54.4,69.9,1010.6,1015.8,1006.9,59,94,21,16.0,9.9,2.9
2020-03-29,75.4,52.2,64.6,70.6,48.4,61.1,1018.9,1021.7,1016.0,51,70,26,11.0,6.0,1.5
2020-03-30,74.2,63.0,68.9,78.9,60.9,70.9,1014.0,1018.6,1009.3,80,97,55,13.2,6.5,14.3
2020-03-31,72.0,56.5,63.8,71.0,53.2,61.8,1015.8,1018.7,1011.8,71,95,49,16.8,9.1,0.0
2020-04-01,74.8,50.1,62.8,73.2,47.2,60.5,1014.9,1017.7,1011.5,68,94,42,13.5,8.0,0.0
2020-04-02,71.8,58.8,65.9,74.6,58.1,67.0,1011.9,1013.5,1009.7,87,95,78,11.5,7.7,23.9
2020-04-03,75.4,47.0,63.9,79.3,39.7,64.8,1013.3,1018.3,1010.7,91,97,80,15.0,8.5,38.4
2020-04-04,53.5,44.7,49.6,50.2,38.5,44.8,1017.1,1019.5,1014.6,89,93,78,13.0,9.1,10.6
2020-04-05,73.4,50.5,60.5,72.9,47.1,59.2,1016.9,1019.2,1014.8,80,92,55,9.4,6.4,0.0
2020-04-06,77.6,59.5,68.7,81.9,60.6,71.7,1015.3,1016.8,1012.9,85,97,69,7.7,5.1,0.0
2020-04-07,85.3,65.8,75.1,89.8,69.6,80.1,1013.7,1016.2,1010.7,82,97,57,10.4,6.2,0.0
2020-04-08,89.3,70.9,78.5,98.0,76.2,85.1,1011.3,1013.6,1008.3,81,98,53,10.0,6.0,0.0
2020-04-09,85.6,64.3,74.8,93.6,66.2,79.2,1011.5,1014.2,1008.8,81,97,53,12.0,6.4,3.9
2020-04-10,74.2,63.3,67.6,73.7,62.4,66.7,1015.6,1018.8,1013.7,73,94,51,12.4,9.2,0.0
2020-04-11,77.4,59.5,68.8,79.0,60.3,70.0,1009.4,1013.9,1003.4,84,95,71,15.7,9.1,1.1
2020-04-12,83.4,62.3,73.5,78.2,54.0,71.6,1002.7,1012.4,999.0,61,96,21,21.0,12.4,8.6
2020-04-13,62.6,44.4,53.3,58.3,34.0,45.8,1019.2,1023.0,1014.5,54,69,46,17.6,12.7,0.0
2020-04-14,63.3,46.0,54.0,56.5,38.4,47.0,1021.9,1024.5,1019.4,60,72,46,14.6,11.9,0.0
2020-04-15,64.9,43.6,54.6,64.5,38.3,50.6,1021.9,1025.3,1018.1,60,80,42,11.6,6.2,0.0
2020-04-16,76.6,48.4,62.5,73.0,44.7,58.8,1019.0,1022.1,1015.1,60,81,40,14.8,9.0,0.0
2020-04-17,75.9,55.8,65.5,81.3,50.3,65.2,1016.6,1019.9,1014.6,79,90,72,14.3,8.2,4.2
2020-04-18,71.1,53.8,60.6,71.8,49.4,59.1,1015.5,1019.3,1010.8,79,90,70,10.9,6.9,2.2
2020-04-19,88.6,61.7,71.4,88.3,59.2,72.6,1006.6,1009.8,1003.5,70,98,22,14.3,5.6,12.2
2020-04-20,82.7,58.5,70.9,87.8,59.1,73.1,1010.5,1013.2,1008.3,73,95,53,10.6,6.3,0.0
2020-04-21,83.9,64.4,73.7,84.8,67.3,74.9,1012.7,1015.3,1010.6,71,98,48,13.0,9.0,0.0
2020-04-22,85.6,68.1,74.6,91.5,69.5,78.9,1006.6,1011.9,1001.3,88,100,65,15.1,10.0,7.8
2020-04-23,84.1,61.9,73.2,84.5,60.8,72.7,1008.5,1011.2,1005.1,55,100,32,10.3,6.9,0.0
2020-04-24,92.0,61.7,76.4,92.2,60.6,74.6,1007.9,1011.7,1003.1,52,77,29,18.0,10.6,0.0
2020-04-25,77.6,62.4,68.9,73.2,57.9,64.6,1017.3,1021.5,1012.2,45,59,31,16.1,9.0,1.0
2020-04-26,83.8,56.6,70.5,83.1,54.7,68.4,1021.0,1024.4,1017.8,47,79,23,11.2,5.4,0.0
2020-04-27,88.7,62.2,74.8,85.8,61.7,72.6,1017.0,1020.0,1013.0,60,91,37,18.8,13.5,0.0
2020-04-28,90.1,72.5,78.5,92.9,71.6,80.9,1010.9,1014.5,1007.1,74,95,48,16.7,12.1,5.3
2020-04-29,83.1,61.9,74.2,81.9,57.6,72.9,1015.6,1019.5,1008.0,56,93,18,14.8,9.7,19.7
2020-04-30,82.5,54.0,69.4,83.4,51.3,67.6,1018.8,1021.8,1015.3,47,74,30,7.6,4.8,0.0
2020-05-01,88.2,60.4,74.0,84.6,57.8,70.9,1015.8,1018.2,1012.5,50,72,26,15.4,11.1,0.0
2020-05-02,92.5,65.5,77.3,94.4,66.4,77.9,1014.8,1016.9,1011.5,70,94,41,17.4,13.5,0.0
2020-05-03,93.6,70.0,79.8,93.9,71.7,80.6,1013.2,1015.9,1009.1,65,91,33,15.0,12.9,0.0
2020-05-04,95.8,69.8,81.4,95.8,72.6,82.5,1010.4,1013.0,1006.6,64,95,30,15.4,13.3,0.0
2020-05-05,84.0,71.6,77.3,90.2,67.5,77.7,1013.8,1019.5,1008.9,63,89,38,19.6,10.9,2.4
2020-05-06,85.6,64.7,74.1,81.2,61.3,69.8,1020.3,1023.1,1017.9,38,61,18,11.8,8.8,0.5
2020-05-07,83.5,59.7,73.3,81.2,58.9,71.4,1016.5,1021.0,1011.0,62,82,38,19.7,12.6,0.0
2020-05-08,85.6,65.4,75.7,86.5,60.3,72.6,1013.7,1021.4,1007.5,60,85,36,24.0,16.9,0.4
2020-05-09,79.0,60.1,68.5,78.0,54.9,64.4,1020.6,1022.5,1017.4,48,63,31,12.5,9.0,0.0
2020-05-10,81.7,56.4,68.9,79.2,53.9,65.7,1022.0,1024.7,1019.2,44,73,21,8.6,5.9,0.0
2020-05-11,82.0,58.5,72.0,79.8,55.5,69.8,1020.1,1023.6,1015.7,53,77,39,13.3,8.9,0.0
2020-05-12,74.8,67.7,70.3,77.6,70.7,72.8,1014.9,1017.2,1013.4,90,96,80,12.5,9.6,62.2
2020-05-13,83.2,67.9,75.2,87.2,71.5,78.3,1013.1,1015.2,1010.6,79,96,60,13.4,9.7,1.5
2020-05-14,84.5,69.7,77.3,89.6,73.0,81.2,1011.5,1013.6,1008.5,78,94,61,13.3,9.2,1.2
2020-05-15,87.2,70.8,76.7,95.0,75.7,81.4,1009.4,1011.5,1006.5,82,96,60,14.9,9.0,5.2
2020-05-16,84.0,65.3,73.2,87.3,66.7,75.6,1008.2,1011.4,1006.2,75,98,49,13.3,7.8,27.5
2020-05-17,86.5,64.9,74.4,89.7,62.7,75.8,1012.8,1015.3,1010.7,65,80,43,10.5,7.7,0.0
2020-05-18,90.1,63.7,78.0,94.9,65.5,82.0,1012.4,1014.8,1009.7,66,91,44,9.3,5.5,0.0
2020-05-19,93.4,70.0,81.2,98.8,71.2,85.4,1008.6,1010.5,1005.8,66,84,45,11.5,8.9,0.0
2020-05-20,92.8,71.8,81.4,98.8,77.9,86.9,1007.9,1010.9,1005.5,73,98,46,11.8,8.6,0.0
2020-05-21,86.4,75.1,79.3,90.8,81.3,84.8,1009.0,1010.6,1007.6,80,94,58,14.5,9.4,4.0
2020-05-22,90.9,74.0,81.7,94.5,79.4,85.4,1009.7,1011.4,1007.6,72,95,45,16.0,12.4,1.3
2020-05-23,86.2,68.9,77.0,87.9,69.7,80.8,1011.3,1015.0,1007.4,81,99,54,15.0,10.5,16.8
2020-05-24,82.4,68.9,74.6,88.1,70.6,78.4,1009.6,1012.9,1006.1,86,95,68,14.3,10.3,13.3
2020-05-25,81.7,66.3,73.1,85.4,68.2,76.5,1008.8,1012.1,1007.0,79,97,53,10.7,6.1,16.5
2020-05-26,81.1,66.2,73.1,85.3,70.5,77.0,1012.8,1014.7,1010.5,76,98,46,9.2,4.4,0.3
2020-05-27,88.2,63.7,72.9,93.6,65.7,76.1,1011.8,1013.1,1009.8,81,97,44,14.7,7.6,14.2
2020-05-28,84.2,66.9,75.0,91.3,71.0,80.1,1013.6,1017.6,1012.0,79,96,62,8.8,4.9,0.7
2020-05-29,84.4,67.8,75.7,85.8,71.2,77.8,1018.5,1019.9,1017.2,69,93,43,14.5,8.4,0.0
2020-05-30,84.6,65.7,75.3,87.3,66.8,77.2,1018.5,1020.5,1016.1,63,84,41,9.5,6.4,0.0
2020-05-31,82.9,70.3,75.4,88.0,73.8,80.1,1018.8,1020.3,1017.3,78,94,64,9.5,5.6,7.5
2020-06-01,80.4,70.1,74.2,86.7,74.7,80.3,1018.7,1020.6,1016.9,89,97,69,11.4,5.2,12.1
2020-06-02,83.0,68.7,75.9,92.5,74.5,82.9,1017.2,1019.3,1015.1,86,100,69,9.8,4.4,10.9
2020-06-03,87.0,69.5,78.4,96.0,75.2,85.5,1014.5,1016.8,1011.6,79,98,57,10.2,4.9,0.4
2020-06-04,90.1,72.7,81.3,97.7,79.6,87.6,1011.9,1013.6,1009.0,73,97,48,8.7,6.7,0.0
2020-06-05,90.4,73.4,82.3,96.6,79.7,88.4,1012.9,1014.3,1011.2,69,95,47,8.8,6.5,0.0
2020-06-06,92.9,71.9,83.4,100.1,78.3,90.1,1011.3,1013.4,1008.2,66,92,45,7.0,4.7,0.0
2020-06-07,93.8,74.8,84.2,98.3,81.1,89.6,1007.1,1009.6,1003.5,61,85,37,8.7,5.4,0.1
2020-06-08,98.2,73.3,86.3,105.6,78.8,91.8,1004.3,1006.2,1001.1,57,84,34,12.5,5.6,0.0
2020-06-09,99.1,77.3,86.0,105.0,82.8,92.2,1007.0,1011.6,1004.3,67,90,35,13.9,8.9,0.0
2020-06-10,92.9,69.0,80.7,90.2,64.7,77.1,1018.0,1021.0,1012.6,31,64,17,11.8,8.3,0.0
2020-06-11,92.1,65.7,79.7,91.6,64.3,78.4,1022.8,1025.2,1021.0,40,68,20,10.0,6.1,0.0
2020-06-12,90.9,65.6,78.9,90.8,64.0,78.3,1022.6,1025.5,1019.5,44,66,27,9.7,6.5,0.0
2020-06-13,91.2,68.1,80.1,92.1,67.8,80.1,1018.5,1021.2,1014.8,45,67,27,9.7,6.5,0.0
2020-06-14,89.6,66.5,79.7,92.3,66.6,81.5,1017.7,1019.6,1016.0,48,69,32,6.6,3.8,0.0
2020-06-15,91.1,73.5,81.4,94.1,78.0,85.8,1019.2,1021.2,1017.1,64,83,41,12.7,6.6,0.0
2020-06-16,91.8,72.4,82.4,95.4,77.2,85.8,1018.2,1020.7,1015.2,61,98,33,11.1,7.3,0.3
2020-06-17,93.5,70.7,81.9,93.9,75.1,83.1,1015.9,1018.6,1012.2,54,86,28,12.6,9.0,0.1
2020-06-18,92.1,72.9,81.4,95.7,76.7,85.4,1013.6,1015.0,1011.0,69,87,45,13.2,9.8,1.2
2020-06-19,90.8,74.7,81.8,93.8,80.9,85.7,1014.3,1015.9,1012.7,71,96,47,16.0,11.3,1.6
2020-06-20,89.1,71.2,79.9,97.0,78.1,86.2,1015.2,1017.8,1012.5,78,99,55,14.5,7.2,2.7
2020-06-21,94.5,74.8,81.5,101.5,81.7,86.7,1012.7,1014.6,1010.4,76,94,44,17.1,11.0,2.9
2020-06-22,89.4,75.6,81.5,95.1,79.9,86.8,1012.0,1015.1,1009.8,78,93,55,15.3,11.3,3.9
2020-06-23,86.4,72.7,77.9,91.4,78.1,82.9,1012.3,1016.4,1009.8,77,96,47,11.7,7.1,46.8
2020-06-24,86.4,72.8,78.6,89.8,75.7,82.4,1011.7,1013.3,1010.2,70,91,50,11.5,7.4,1.0
2020-06-25,87.8,71.6,79.4,97.7,78.6,86.8,1013.7,1016.0,1011.9,81,98,55,10.1,5.6,3.7
2020-06-26,84.7,75.6,79.1,86.2,79.0,82.9,1017.1,1018.8,1015.8,78,92,55,18.5,11.8,6.0
2020-06-27,89.9,75.0,81.1,91.7,81.9,86.4,1014.3,1017.2,1011.2,79,94,47,15.4,10.9,4.1
2020-06-28,85.6,74.0,78.9,89.1,78.5,83.3,1010.6,1012.5,1007.8,84,98,61,19.1,13.0,7.6
2020-06-29,91.8,77.8,83.3,92.5,82.5,87.1,1009.9,1011.4,1008.7,74,92,49,19.9,15.0,0.3
2020-06-30,93.8,78.3,84.1,95.4,83.0,88.0,1010.6,1012.7,1008.4,71,85,45,18.0,14.0,0.1
2020-07-01,94.3,78.7,85.1,98.3,84.3,90.5,1011.2,1012.7,1009.4,71,88,46,17.0,12.0,1.0
2020-07-02,96.4,79.1,86.7,101.2,85.5,92.0,1013.3,1015.0,1012.0,64,90,34,14.7,10.3,0.0
2020-07-03,97.1,77.2,86.2,102.2,83.4,91.5,1014.5,1016.9,1012.3,61,88,33,11.0,7.9,0.0
2020-07-04,99.1,75.4,87.1,104.2,80.6,91.2,1012.6,1015.0,1009.3,53,82,30,9.8,6.8,0.0
2020-07-05,99.9,77.0,88.3,104.8,82.4,92.3,1010.3,1012.4,1007.5,52,79,29,11.0,7.4,0.0
2020-07-06,97.2,78.5,86.9,101.3,85.4,92.4,1011.3,1013.1,1009.1,61,83,35,10.8,7.6,0.0
2020-07-07,96.5,80.5,87.7,102.4,86.6,92.6,1012.5,1014.4,1009.8,60,82,40,13.4,9.7,0.1
2020-07-08,99.3,80.3,88.3,103.4,86.7,92.8,1011.7,1013.5,1008.1,60,86,32,15.3,11.6,0.0
2020-07-09,100.8,78.9,88.4,102.2,85.3,91.9,1011.6,1013.0,1008.8,59,87,30,15.1,12.5,0.1
2020-07-10,100.8,79.1,88.9,107.2,85.5,94.3,1014.8,1016.5,1012.6,60,86,32,17.0,10.1,0.1
2020-07-11,101.6,78.1,89.6,106.5,84.5,94.5,1015.0,1017.8,1011.8,55,86,27,12.8,8.2,0.0
2020-07-12,102.2,78.1,89.7,106.2,85.0,94.9,1013.1,1017.3,1010.1,55,84,28,12.5,7.4,0.0
2020-07-13,104.7,79.5,91.3,107.6,85.6,94.7,1011.2,1013.2,1008.0,50,80,20,16.1,9.6,0.0
2020-07-14,104.2,76.9,89.2,103.8,80.9,91.3,1011.7,1014.0,1008.9,53,85,22,15.6,12.6,0.0
2020-07-15,100.6,78.0,88.1,101.0,82.6,90.7,1013.6,1015.4,1011.1,55,83,27,13.6,11.3,0.0
2020-07-16,99.9,77.7,88.4,105.2,83.3,93.0,1015.7,1018.2,1013.5,56,87,30,12.1,8.7,0.0
2020-07-17,97.4,78.4,87.1,103.0,85.7,92.4,1016.0,1018.2,1013.6,60,85,37,15.9,8.2,0.0
2020-07-18,94.7,76.1,85.3,98.2,83.1,90.2,1015.4,1017.3,1012.3,60,91,35,13.3,7.0,0.1
2020-07-19,95.4,76.8,86.4,100.8,83.5,91.3,1014.7,1016.8,1012.2,56,81,36,12.2,6.3,0.0
2020-07-20,95.2,78.2,86.1,101.5,86.1,92.1,1013.1,1015.2,1009.9,61,89,41,12.2,6.3,0.1
2020-07-21,91.8,76.7,83.6,97.3,84.4,89.6,1012.6,1014.5,1010.2,70,89,49,10.6,7.7,1.0
2020-07-22,90.1,76.3,82.8,96.4,84.2,90.5,1013.7,1015.3,1011.5,75,95,54,10.0,6.0,5.9
2020-07-23,96.8,77.9,87.4,103.1,87.0,93.7,1013.5,1015.7,1010.6,61,92,33,10.4,6.4,0.2
2020-07-24,99.3,80.5,87.9,101.7,86.6,92.4,1012.3,1014.4,1009.5,58,79,37,16.8,10.3,1.0
2020-07-25,90.1,77.1,80.8,93.2,83.3,86.1,1012.7,1014.1,1011.2,80,94,54,16.8,11.3,14.9
2020-07-26,87.6,75.7,80.5,95.0,81.6,87.0,1015.3,1017.1,1013.9,82,96,63,12.6,9.4,7.2
2020-07-27,90.8,75.1,81.6,100.3,84.3,90.1,1015.6,1017.5,1012.5,78,98,54,13.5,4.8,3.3
2020-07-28,89.5,75.6,82.5,100.4,85.1,91.1,1014.0,1015.7,1012.3,78,99,59,10.4,5.5,8.2
2020-07-29,94.6,75.9,83.2,99.6,82.7,88.5,1014.2,1016.0,1012.2,70,89,45,14.5,10.2,0.4
2020-07-30,95.4,77.7,85.9,99.7,84.0,90.2,1014.1,1016.0,1011.6,65,89,41,15.0,12.0,0.0
2020-07-31,92.5,78.6,85.3,101.5,84.5,91.8,1014.1,1016.4,1012.1,66,86,43,10.4,6.6,3.4
2020-08-01,97.1,77.5,86.3,99.4,83.0,91.3,1014.0,1016.0,1011.5,58,91,24,9.7,5.6,0.0
2020-08-02,95.7,75.6,85.4,103.3,84.4,91.6,1014.6,1016.3,1011.9,63,96,34,11.4,4.7,4.1
2020-08-03,98.2,75.7,86.5,102.9,83.7,92.1,1015.4,1017.0,1012.9,58,91,27,10.9,4.1,0.0
2020-08-04,96.7,78.8,87.7,101.9,84.4,93.0,1015.3,1017.5,1012.9,54,77,34,9.0,4.8,0.2
2020-08-05,99.9,76.8,89.1,102.5,80.6,90.9,1014.1,1016.3,1011.2,47,74,28,11.9,10.2,0.0
2020-08-06,98.4,77.0,87.8,101.1,83.0,90.6,1014.3,1016.0,1011.4,55,90,28,12.8,10.9,0.0
2020-08-07,97.7,77.0,87.6,100.4,83.2,91.3,1015.9,1017.6,1013.4,56,88,33,13.0,9.6,0.0
2020-08-08,97.7,77.1,87.5,101.1,85.1,91.8,1017.5,1019.4,1015.2,58,89,32,14.6,9.1,0.0
2020-08-09,96.5,79.0,87.5,100.9,86.4,91.3,1017.4,1019.5,1014.9,59,85,37,16.3,11.7,0.4
2020-08-10,98.5,78.7,87.7,102.5,85.2,92.0,1015.8,1018.5,1012.3,61,87,38,15.2,11.4,0.3
2020-08-11,100.0,79.3,89.0,103.7,86.7,93.4,1013.9,1016.3,1010.2,58,87,32,15.1,10.6,0.0
2020-08-12,102.1,79.4,90.4,105.2,85.4,94.2,1013.3,1015.3,1009.9,54,82,27,14.1,10.9,0.0
2020-08-13,101.9,79.1,90.6,104.8,85.7,93.8,1013.2,1015.7,1009.9,51,84,25,13.8,10.1,0.0
2020-08-14,103.5,78.3,91.1,105.2,83.4,93.2,1012.0,1014.1,1008.9,47,82,22,15.5,10.6,0.0
2020-08-15,102.7,79.8,91.2,107.4,83.8,94.6,1012.5,1014.7,1010.2,48,75,26,13.7,8.8,0.0
2020-08-16,102.7,80.6,91.3,106.6,87.3,95.9,1015.0,1017.1,1012.0,48,74,25,11.9,6.2,0.0
2020-08-17,97.1,74.0,86.0,100.7,78.2,90.2,1017.6,1020.1,1014.9,52,77,26,17.9,4.2,0.1
2020-08-18,99.1,79.9,89.2,101.7,83.7,91.5,1015.0,1017.6,1011.8,41,56,28,10.3,5.6,0.0
2020-08-19,99.4,76.4,87.7,97.7,75.9,86.4,1012.5,1014.6,1009.4,35,59,14,12.8,8.7,0.0
2020-08-20,97.9,73.3,86.1,99.5,74.5,86.2,1010.5,1013.0,1007.3,38,63,21,9.3,5.8,0.0
2020-08-21,98.1,77.5,87.5,102.3,82.9,91.8,1009.8,1011.9,1007.1,53,88,23,14.2,5.8,0.0
2020-08-22,88.6,73.9,82.2,97.7,79.4,87.7,1012.1,1014.7,1010.5,66,95,45,9.9,6.1,30.1
2020-08-23,93.9,73.7,84.8,95.8,79.4,88.0,1014.1,1016.0,1012.2,53,81,33,10.2,5.8,0.0
2020-08-24,96.8,77.5,87.6,98.2,83.7,90.8,1014.4,1016.5,1011.7,48,77,27,10.1,5.5,0.0
2020-08-25,96.5,78.0,87.8,98.8,82.0,90.3,1012.7,1015.1,1009.8,45,65,30,10.0,6.1,0.0
2020-08-26,91.1,79.5,85.2,97.3,86.1,91.0,1010.1,1012.2,1007.3,64,78,48,12.6,7.6,1.9
2020-08-27,96.2,78.0,87.1,103.9,85.7,94.0,1008.9,1011.4,1006.9,61,85,38,9.2,4.8,0.3
2020-08-28,101.9,81.2,91.5,107.8,87.2,96.2,1009.5,1011.5,1007.1,54,80,28,14.7,10.0,0.0
2020-08-29,101.1,80.3,90.4,107.0,86.8,95.2,1010.0,1012.2,1007.3,55,81,29,14.2,9.2,0.0
2020-08-30,100.8,80.5,89.7,104.4,88.2,94.9,1008.1,1010.6,1004.3,58,86,29,14.5,9.3,0.0
2020-08-31,101.4,81.0,88.4,104.6,88.8,94.4,1007.9,1010.1,1005.4,66,88,31,15.7,11.8,0.4
2020-09-01,98.5,80.7,87.3,103.3,88.2,93.5,1008.7,1010.6,1006.5,70,87,42,17.7,12.2,2.6
2020-09-02,88.2,76.7,81.4,97.6,81.8,89.8,1011.3,1013.7,1009.3,83,97,63,13.7,7.3,27.3
2020-09-03,86.2,74.9,79.3,94.6,83.5,88.4,1013.6,1015.7,1011.4,88,97,69,8.1,4.5,38.3
2020-09-04,82.5,73.8,76.7,89.2,80.7,84.4,1018.2,1021.1,1015.5,88,96,71,8.6,4.2,49.0
2020-09-05,83.9,74.5,78.1,91.6,82.2,86.1,1022.3,1024.1,1020.7,88,97,71,7.8,5.5,4.1
2020-09-06,87.4,73.1,80.3,97.8,80.7,88.5,1019.1,1022.3,1015.3,78,98,61,6.1,3.3,0.0
2020-09-07,90.9,74.8,82.4,98.3,81.9,88.5,1011.9,1015.3,1008.0,68,93,46,8.7,5.9,0.0
2020-09-08,84.7,75.8,79.8,89.3,81.2,84.9,1009.6,1011.9,1007.9,77,84,66,12.7,9.1,1.0
2020-09-09,86.1,63.6,76.7,95.3,61.4,82.9,1014.1,1020.4,1011.6,88,97,68,14.1,8.0,30.5
2020-09-10,69.1,59.8,64.6,69.4,56.5,63.0,1021.9,1023.4,1020.4,80,84,74,12.9,10.5,5.4
2020-09-11,79.2,63.6,71.5,83.0,61.8,73.1,1019.5,1022.7,1016.2,77,88,68,10.4,8.5,0.1
2020-09-12,86.6,68.4,77.7,93.7,73.4,83.7,1014.2,1016.7,1011.5,77,96,57,7.2,5.0,0.3
2020-09-13,88.2,73.0,80.8,93.2,79.0,85.6,1014.5,1016.6,1012.8,72,90,54,13.2,8.9,0.1
2020-09-14,87.0,73.4,80.0,89.5,75.2,82.7,1017.2,1018.8,1015.4,69,80,52,14.9,11.5,0.3
2020-09-15,86.2,73.9,79.9,92.7,78.9,85.7,1016.6,1018.9,1014.1,77,90,58,10.1,7.7,0.6
2020-09-16,87.7,73.8,80.9,94.6,79.5,86.5,1014.4,1015.9,1012.2,71,87,51,10.3,6.0,0.1
2020-09-17,85.9,73.0,78.8,90.6,79.3,83.5,1015.0,1016.2,1013.6,75,93,57,12.3,8.2,5.3
2020-09-18,86.5,72.3,78.5,85.8,75.1,79.8,1016.7,1018.6,1015.0,65,89,38,16.2,10.6,0.0
2020-09-19,83.7,67.6,75.0,82.2,67.7,74.0,1017.6,1019.8,1014.7,60,83,40,15.7,11.0,0.0
2020-09-20,82.9,62.3,72.4,79.2,60.4,70.9,1017.5,1019.8,1014.1,63,90,34,16.3,11.5,8.9
2020-09-21,78.3,68.1,71.4,76.0,68.5,71.2,1015.5,1017.1,1013.8,80,91,65,19.4,13.6,16.3
2020-09-22,76.6,67.0,71.0,76.8,66.8,71.6,1013.7,1015.1,1011.5,87,95,75,18.6,13.6,10.3
2020-09-23,80.6,67.0,72.6,81.2,69.9,74.4,1013.0,1014.2,1011.4,79,93,58,12.8,9.2,0.0
2020-09-24,81.1,63.4,70.6,84.2,65.6,72.9,1013.8,1015.7,1012.1,78,95,53,8.7,5.8,0.0
2020-09-25,83.1,60.0,71.1,87.9,61.5,74.6,1014.6,1017.0,1012.5,81,100,55,7.0,4.5,0.0
2020-09-26,87.7,65.4,76.0,89.6,69.0,79.5,1012.3,1015.0,1009.0,77,98,47,11.6,7.8,0.1
2020-09-27,91.6,74.0,81.4,94.8,78.6,85.4,1007.6,1010.0,1004.3,76,96,50,17.6,13.0,0.3
2020-09-28,77.3,65.4,71.4,85.4,58.5,66.3,1016.8,1022.2,1007.6,51,94,32,20.7,14.4,2.1
2020-09-29,78.9,55.4,67.7,75.5,50.2,63.9,1021.6,1024.2,1018.8,40,69,22,7.4,5.5,0.0
2020-09-30,84.2,55.0,68.4,81.3,49.6,64.8,1018.6,1020.4,1016.7,44,76,20,7.6,5.7,0.0
2020-10-01,85.8,55.7,70.7,85.1,52.6,68.6,1020.2,1022.3,1018.6,49,69,27,10.4,5.8,0.0
2020-10-02,79.9,59.5,69.3,78.8,56.6,66.5,1021.9,1025.0,1018.7,47,66,29,7.9,5.8,0.0
2020-10-03,85.0,57.7,71.0,83.6,56.6,70.0,1018.0,1020.0,1015.1,60,90,34,10.5,6.9,0.0
2020-10-04,85.5,60.1,72.6,88.9,60.8,74.2,1020.4,1022.3,1018.7,68,96,45,11.5,5.6,0.0
2020-10-05,83.8,62.9,72.8,87.9,60.8,73.4,1019.6,1022.5,1016.2,57,68,44,7.4,4.8,0.0
2020-10-06,86.4,64.5,74.8,91.0,67.2,78.1,1017.2,1019.3,1015.4,71,97,43,7.9,4.5,0.0
2020-10-07,87.4,64.8,75.5,89.5,68.2,77.5,1016.6,1018.7,1014.2,62,97,34,7.2,4.1,0.0
2020-10-08,88.2,62.4,75.7,90.7,63.2,78.3,1015.0,1017.5,1012.5,64,86,43,11.1,4.7,0.0
2020-10-09,87.0,71.9,78.3,89.0,77.6,82.7,1010.4,1012.8,1006.9,76,97,52,13.1,8.0,1.0
2020-10-10,93.0,67.8,79.1,97.4,74.0,84.0,1009.9,1012.5,1007.7,69,99,38,6.1,4.1,0.0
2020-10-11,96.3,70.1,82.3,96.1,73.9,84.3,1009.8,1011.8,1007.2,60,91,31,13.1,9.1,0.0
2020-10-12,86.6,68.8,77.4,84.6,65.2,77.1,1014.8,1018.3,1011.0,57,97,25,12.5,9.3,0.3
2020-10-13,86.0,60.9,72.8,85.9,57.8,70.2,1019.1,1021.9,1017.2,39,54,28,5.9,4.4,0.0
2020-10-14,90.4,63.5,77.9,91.6,64.7,78.8,1014.2,1017.7,1010.0,57,84,40,12.3,7.6,0.0
2020-10-15,89.6,65.1,77.0,94.2,59.0,78.3,1012.0,1019.3,1009.0,70,95,37,18.0,10.9,0.9
2020-10-16,74.3,59.1,65.2,66.2,52.4,58.3,1023.5,1027.0,1019.9,47,83,18,18.3,12.4,2.6
2020-10-17,81.8,60.9,70.2,79.4,56.9,68.7,1018.5,1022.6,1014.0,62,84,41,16.1,9.7,0.0
2020-10-18,89.6,71.2,78.7,89.3,73.4,79.5,1014.2,1016.0,1011.6,69,92,41,19.1,13.4,0.1
2020-10-19,87.1,73.0,79.0,90.3,78.2,83.8,1015.1,1017.1,1012.9,77,96,50,11.6,8.3,5.1
2020-10-20,87.5,72.8,78.9,89.8,76.4,82.2,1014.7,1016.9,1012.1,73,94,47,12.4,9.8,2.5
2020-10-21,88.0,71.7,78.3,88.4,76.2,81.4,1015.7,1018.1,1013.8,70,95,39,10.7,7.6,1.1
2020-10-22,86.4,70.1,76.8,88.5,75.9,81.1,1013.6,1016.0,1010.8,78,97,50,10.8,7.1,1.2
2020-10-23,84.4,55.0,70.4,87.3,46.4,71.3,1016.4,1023.1,1012.8,75,95,53,18.6,9.7,7.8
2020-10-24,69.4,51.3,59.8,68.0,45.9,55.0,1019.0,1022.9,1014.3,54,70,46,13.7,7.6,0.1
2020-10-25,83.9,58.4,70.0,83.5,56.9,70.1,1012.3,1014.8,1008.8,71,90,50,13.4,8.4,0.2
2020-10-26,75.6,45.3,62.6,83.4,36.1,61.4,1014.9,1020.5,1010.1,86,97,72,17.9,11.8,10.6
2020-10-27,52.1,40.0,45.6,44.5,31.1,37.8,1018.4,1020.2,1016.4,81,94,70,14.3,12.8,2.6
2020-10-28,61.5,41.5,48.6,53.5,32.0,41.6,1014.6,1016.9,1010.9,75,94,40,15.9,11.4,7.6
2020-10-29,61.7,45.8,53.3,52.7,40.1,45.7,1019.3,1024.6,1014.7,59,74,47,24.1,12.4,0.0
2020-10-30,66.2,44.0,54.8,63.2,39.1,50.2,1024.9,1028.3,1022.5,59,79,36,10.1,5.7,0.0
2020-10-31,72.1,45.0,58.4,68.0,41.1,54.9,1022.1,1024.7,1018.8,59,85,35,7.7,4.9,0.0
2020-11-01,73.8,49.9,61.5,67.6,47.0,56.9,1028.0,1031.7,1023.4,59,90,39,14.4,8.7,0.0
2020-11-02,71.2,45.6,58.8,67.9,40.4,54.5,1030.9,1034.2,1028.1,49,79,28,6.8,4.7,0.0
2020-11-03,76.6,45.1,60.8,70.6,39.7,55.2,1025.9,1028.7,1022.9,43,71,20,7.7,6.1,0.0
2020-11-04,77.8,47.5,64.0,73.4,44.4,61.0,1023.6,1026.3,1020.9,64,99,36,11.4,7.7,0.0
2020-11-05,78.8,54.6,67.4,77.4,53.5,67.0,1021.8,1024.6,1019.6,70,98,46,10.1,6.0,0.0
2020-11-06,76.9,58.5,67.3,78.2,59.5,68.0,1019.4,1021.9,1017.0,74,99,49,7.6,4.3,0.0
2020-11-07,78.8,53.8,67.6,77.9,53.0,67.1,1016.5,1019.5,1013.6,65,97,39,8.3,4.7,0.0
2020-11-08,81.0,59.0,69.4,79.4,59.6,69.4,1014.2,1016.3,1012.4,72,98,43,10.2,7.3,0.1
2020-11-09,82.2,60.3,71.0,80.3,61.9,71.2,1013.1,1015.3,1010.1,74,97,44,13.6,8.7,0.3
2020-11-10,78.3,65.8,71.1,80.1,63.5,70.6,1011.8,1013.8,1010.4,65,97,28,12.8,7.7,0.5
2020-11-11,79.0,61.1,69.2,78.6,55.2,66.1,1014.3,1016.8,1012.7,43,63,27,7.5,5.2,0.0
2020-11-12,80.1,62.9,71.3,82.2,63.4,72.3,1015.6,1017.7,1013.8,66,87,51,9.5,4.8,0.1
2020-11-13,80.6,64.9,71.0,83.2,68.0,74.8,1017.5,1020.9,1015.1,83,98,50,9.2,4.2,2.7
2020-11-14,84.7,70.5,75.3,82.6,73.6,76.7,1012.2,1015.3,1008.2,76,96,46,16.1,11.5,2.6
2020-11-15,71.7,53.7,64.6,74.1,46.9,57.3,1021.9,1026.2,1013.2,36,94,12,19.5,11.1,0.0
2020-11-16,71.6,42.9,57.4,66.0,35.9,51.1,1026.5,1029.1,1024.7,34,58,17,6.8,4.9,0.0
2020-11-17,73.8,41.7,58.9,67.0,35.6,53.0,1029.7,1032.7,1028.1,39,69,17,7.6,5.4,0.0
2020-11-18,75.2,49.5,61.9,72.0,45.6,57.9,1027.9,1030.8,1024.9,51,73,39,12.3,6.0,0.0
2020-11-19,78.6,53.3,66.1,74.7,52.0,64.4,1024.4,1026.9,1021.5,72,99,42,13.4,8.3,0.0
2020-11-20,79.4,57.0,69.0,78.8,57.3,69.3,1024.6,1026.8,1023.1,73,100,45,9.7,6.2,0.0
2020-11-21,77.4,64.0,69.8,77.1,67.3,71.4,1024.0,1027.2,1021.2,78,100,49,9.8,6.0,1.5
2020-11-22,74.3,58.0,67.4,77.8,52.9,68.6,1022.9,1026.9,1021.1,82,98,65,15.3,6.7,1.1
2020-11-23,73.8,50.7,60.2,70.5,46.1,57.1,1022.9,1026.5,1018.5,70,91,48,11.2,7.7,0.0
2020-11-24,81.5,60.0,70.6,78.5,57.7,69.7,1012.5,1017.7,1008.0,80,94,52,22.4,13.8,1.8
2020-11-25,69.3,51.8,61.5,72.8,45.4,57.4,1017.7,1021.2,1012.3,56,94,30,11.8,7.7,8.3
2020-11-26,76.1,50.4,62.3,76.8,46.0,61.8,1016.0,1018.3,1012.6,69,95,54,7.8,3.7,0.0
2020-11-27,71.0,58.4,65.5,75.7,54.2,66.9,1016.3,1019.8,1013.8,90,99,75,13.2,7.5,8.8
2020-11-28,61.3,52.5,57.9,61.8,47.3,55.3,1018.5,1019.4,1016.7,91,96,79,13.3,10.1,22.9
2020-11-29,61.3,45.0,52.3,53.4,39.6,45.2,1021.1,1026.9,1017.5,71,94,46,18.3,12.7,0.6
2020-11-30,53.4,37.5,45.1,43.8,27.4,36.1,1029.6,1033.8,1027.1,47,78,25,17.9,10.6,0.0
2020-12-01,58.5,32.4,45.8,48.8,25.0,38.4,1021.6,1027.0,1016.4,59,88,29,15.0,8.7,0.0
2020-12-02,62.4,45.1,52.7,54.8,36.1,47.1,1019.1,1025.0,1016.3,69,97,36,14.4,8.7,4.3
2020-12-03,55.7,39.7,46.0,47.4,30.7,37.6,1024.7,1027.1,1021.9,56,69,44,16.2,10.6,0.0
2020-12-04,55.1,36.4,44.8,49.3,29.6,38.8,1025.5,1027.9,1023.1,64,80,41,8.6,5.7,0.0
2020-12-05,53.8,38.8,46.2,50.2,33.4,42.5,1024.5,1026.4,1022.7,75,92,53,4.9,2.5,0.9
2020-12-06,62.9,41.7,50.7,54.7,36.0,44.6,1020.7,1022.6,1018.3,66,93,37,12.1,8.2,0.0
2020-12-07,65.8,42.8,52.9,59.3,36.6,47.1,1023.6,1026.2,1021.8,53,67,32,8.3,6.1,0.0
2020-12-08,72.3,41.9,55.0,67.2,36.0,50.0,1023.8,1026.5,1021.9,56,80,27,8.8,5.4,0.0
2020-12-09,76.8,43.3,58.0,71.8,37.6,52.7,1020.6,1023.9,1017.4,50,81,22,8.0,5.8,0.0
2020-12-10,74.6,43.3,60.5,68.7,37.2,55.6,1015.7,1018.4,1012.8,59,83,43,14.9,9.6,0.0
2020-12-11,72.3,57.8,64.3,73.4,57.8,65.6,1011.8,1014.1,1009.2,87,97,65,11.4,5.3,3.3
2020-12-12,62.8,46.3,54.5,57.2,40.0,49.9,1016.8,1021.1,1013.5,68,96,42,11.4,7.3,0.0
2020-12-13,67.3,41.7,55.1,65.6,28.3,49.6,1016.5,1028.4,1011.9,74,97,25,23.8,11.7,3.8
2020-12-14,51.4,35.9,42.5,45.8,26.9,35.0,1025.2,1029.6,1020.7,66,86,49,23.0,8.8,0.0
2020-12-15,61.7,39.2,47.6,58.8,33.7,43.0,1015.9,1020.3,1011.0,79,93,44,17.2,5.8,0.3
2020-12-16,53.7,35.4,43.9,46.4,27.8,35.8,1022.0,1024.7,1019.4,51,74,33,16.0,8.6,0.0
2020-12-17,59.8,30.0,45.6,52.9,23.9,39.9,1025.5,1028.5,1023.5,61,92,33,7.9,4.5,0.0
2020-12-18,64.3,37.4,52.1,59.5,31.7,48.5,1022.1,1025.2,1019.0,82,96,60,14.4,7.4,2.4
2020-12-19,68.4,46.4,58.6,63.8,41.0,56.7,1018.6,1020.6,1016.4,80,99,48,15.2,6.4,16.6
2020-12-20,65.0,38.5,50.5,58.7,33.9,45.8,1020.1,1022.2,1018.5,66,95,31,8.1,4.6,0.0
2020-12-21,69.3,37.0,52.3,63.9,32.5,48.1,1021.1,1023.1,1020.1,67,95,36,8.5,4.6,0.0
2020-12-22,69.2,45.3,58.3,64.5,41.4,54.8,1020.2,1023.7,1016.0,79,100,54,14.7,9.4,0.0
2020-12-23,78.2,48.7,64.7,75.5,33.4,59.9,1013.8,1021.3,1008.9,61,91,22,23.3,12.9,0.0
2020-12-24,54.8,35.8,44.5,43.8,24.6,33.4,1027.7,1032.2,1022.7,29,42,15,22.2,12.5,0.0
2020-12-25,64.0,40.6,51.1,56.9,31.9,43.3,1025.2,1028.5,1022.5,29,41,21,9.8,6.2,0.0
2020-12-26,66.4,39.6,53.1,57.3,32.2,45.8,1020.2,1023.5,1016.3,47,75,21,14.7,9.0,0.0
2020-12-27,73.2,50.8,60.3,68.3,47.6,56.8,1016.1,1018.7,1014.1,75,93,48,16.6,9.6,0.0
2020-12-28,73.2,55.5,63.5,71.9,55.0,63.3,1020.0,1022.3,1018.5,85,99,59,13.7,7.3,2.1
2020-12-29,72.5,60.4,65.6,66.4,56.5,62.0,1016.2,1020.8,1012.3,80,93,56,20.4,15.8,1.4
2020-12-30,66.2,45.3,59.4,69.6,37.1,56.5,1012.1,1015.2,1010.2,91,96,80,18.4,12.9,39.7
2020-12-31,44.7,37.2,41.9,36.3,28.9,33.4,1009.2,1014.3,1004.6,89,94,79,18.2,14.0,32.0
2021-01-01,52.2,36.9,42.7,43.8,27.3,34.7,1016.8,1022.9,1009.6,67,79,51,15.2,10.2,0.0
2021-01-02,59.7,36.0,46.3,53.3,30.3,40.0,1022.8,1026.0,1019.9,60,87,31,8.6,6.2,0.0
2021-01-03,65.2,41.2,51.9,57.0,33.3,44.7,1018.6,1021.2,1015.9,54,71,41,14.4,9.8,0.0
2021-01-04,69.5,41.9,54.5,68.1,36.8,50.2,1018.2,1021.3,1016.4,64,86,37,8.7,5.6,0.0
2021-01-05,68.5,43.2,56.5,64.3,38.3,53.2,1019.3,1022.9,1016.0,73,90,49,10.7,6.8,0.2
2021-01-06,64.5,52.2,60.0,63.3,43.5,55.7,1014.7,1017.8,1012.0,73,97,38,19.0,11.7,10.4
2021-01-07,59.3,43.7,50.9,50.2,36.2,42.6,1020.5,1024.4,1018.0,52,79,39,16.3,11.4,0.0
2021-01-08,52.2,37.8,43.8,45.3,32.0,37.9,1026.8,1029.6,1024.9,76,92,54,10.3,6.8,0.0
2021-01-09,51.6,33.5,43.0,45.6,27.8,37.0,1026.8,1030.2,1023.5,72,95,49,9.3,6.0,1.5
2021-01-10,44.5,35.1,38.3,38.5,26.5,30.3,1026.6,1030.5,1023.6,91,99,77,14.4,11.4,21.9
2021-01-11,47.3,32.7,38.9,39.0,26.2,31.4,1030.6,1033.1,1028.5,76,91,52,11.6,8.7,0.0
2021-01-12,50.5,30.5,39.3,43.9,24.2,33.5,1029.8,1032.0,1027.5,77,94,44,7.4,4.8,0.7
2021-01-13,61.7,31.6,46.0,55.1,24.7,39.8,1022.1,1027.5,1016.3,70,93,42,11.2,7.2,0.0
2021-01-14,64.9,42.6,52.9,57.5,36.5,44.9,1014.6,1020.2,1012.2,50,79,28,20.4,10.6,0.0
2021-01-15,57.0,40.9,47.7,45.1,31.2,37.8,1021.2,1024.5,1018.9,31,44,18,17.1,10.6,0.0
2021-01-16,60.4,35.3,47.1,54.7,27.3,39.8,1020.3,1023.5,1016.5,41,58,23,8.4,6.0,0.0
2021-01-17,64.7,37.3,50.3,58.6,30.6,44.3,1019.7,1022.2,1018.3,51,73,28,7.4,5.4,0.0
2021-01-18,70.9,39.8,56.4,65.9,33.8,52.2,1016.2,1019.9,1012.0,74,94,54,18.0,9.6,0.0
2021-01-19,66.7,49.3,59.6,69.5,42.6,58.3,1022.3,1029.9,1015.7,91,97,79,16.9,9.0,19.1
2021-01-20,54.6,47.6,50.4,53.6,42.3,46.9,1026.2,1029.8,1022.5,88,96,78,10.1,6.4,3.8
2021-01-21,68.7,51.7,59.5,69.5,50.8,59.8,1016.2,1021.8,1012.5,90,98,75,6.7,4.3,3.2
2021-01-22,72.5,52.6,60.0,71.6,48.0,58.8,1014.3,1018.5,1012.3,83,100,54,13.5,6.0,0.0
2021-01-23,65.4,50.2,56.7,64.3,47.0,55.1,1016.6,1019.0,1013.9,86,98,73,8.6,6.0,1.2
2021-01-24,73.5,59.4,65.2,76.1,61.0,66.5,1010.7,1015.0,1005.8,94,99,80,16.5,8.6,9.2
2021-01-25,71.8,53.9,66.2,72.2,48.5,62.2,1007.0,1010.2,1003.8,59,96,24,20.6,10.9,6.3
2021-01-26,68.8,45.9,57.1,63.5,39.7,51.8,1011.1,1013.6,1009.2,48,69,32,9.2,5.9,0.0
2021-01-27,63.5,43.8,54.1,54.5,38.1,45.9,1024.8,1033.1,1016.0,47,67,23,18.3,11.0,0.0
2021-01-28,54.1,35.9,44.5,47.8,29.5,38.2,1033.4,1037.1,1030.9,62,81,40,8.3,5.9,0.0
2021-01-29,64.8,39.5,53.0,60.4,34.1,48.1,1024.0,1030.3,1017.7,72,92,57,14.2,8.1,0.0
2021-01-30,77.5,55.3,64.3,73.9,48.9,60.8,1011.7,1017.1,1008.1,70,88,38,18.6,11.6,0.8
2021-01-31,65.1,50.1,56.5,56.4,42.8,48.5,1022.5,1029.4,1014.6,40,55,30,14.2,10.4,0.0
2021-02-01,62.8,42.4,51.2,54.9,35.5,43.9,1029.3,1031.9,1026.7,45,66,21,11.2,7.6,0.0
2021-02-02,65.2,41.0,52.2,57.7,36.1,46.2,1023.4,1027.0,1019.3,46,78,25,10.2,5.2,0.0
2021-02-03,73.8,45.2,59.2,67.6,41.6,54.6,1016.0,1020.0,1011.5,70,96,43,16.4,10.4,0.0
2021-02-04,82.8,55.6,65.7,81.7,47.6,60.7,1010.0,1013.9,1007.2,63,93,26,18.1,13.3,0.0
2021-02-05,59.5,47.3,51.9,53.7,39.4,45.3,1014.1,1017.5,1011.7,55,78,41,11.7,8.3,1.1
2021-02-06,74.0,47.1,57.5,63.6,43.2,51.7,1011.9,1017.9,1009.3,59,92,13,19.8,8.5,0.8
2021-02-07,67.3,40.6,53.2,58.7,36.3,47.4,1016.5,1019.7,1012.4,63,93,29,12.8,8.1,0.0
2021-02-08,75.3,50.6,61.3,71.4,48.6,59.2,1013.9,1015.5,1011.8,81,98,49,16.4,8.4,0.0
2021-02-09,62.7,48.2,56.8,66.4,42.7,54.7,1017.9,1020.6,1015.2,85,99,69,10.3,7.2,1.8
2021-02-10,52.4,37.4,45.4,46.7,28.6,39.1,1018.6,1020.7,1015.8,85,93,72,13.3,9.8,5.4
2021-02-11,42.6,30.4,34.7,33.3,20.2,24.7,1020.8,1022.6,1019.0,84,92,63,18.8,14.0,20.5
2021-02-12,44.1,26.8,32.4,33.7,14.7,21.3,1023.0,1025.3,1020.7,61,77,49,16.6,13.8,0.0
2021-02-13,33.3,26.3,29.2,22.5,14.2,18.0,1023.0,1025.9,1020.6,58,72,52,15.3,13.2,0.9
2021-02-14,29.3,17.0,24.8,19.4,3.3,12.7,1023.4,1027.5,1021.4,67,77,58,19.5,15.2,5.3
2021-02-15,23.1,8.6,14.8,13.3,-4.3,3.4,1028.1,1030.8,1024.8,62,74,45,18.3,12.6,7.8
2021-02-16,26.9,4.5,16.1,19.3,-4.5,8.0,1024.0,1028.4,1018.9,61,77,47,6.6,5.2,0.2
2021-02-17,33.1,21.0,27.9,24.4,13.1,19.2,1018.4,1021.6,1014.9,88,90,82,16.3,9.3,3.8
2021-02-18,32.3,23.2,27.5,22.2,13.2,17.3,1028.5,1035.1,1021.9,79,86,71,15.7,11.9,2.0
2021-02-19,36.0,16.2,27.0,34.1,7.5,20.1,1033.8,1037.0,1030.0,73,84,58,9.8,5.2,0.0
2021-02-20,55.4,24.2,40.4,47.4,16.2,33.2,1026.4,1030.8,1021.0,71,88,46,13.9,8.9,0.0
2021-02-21,70.6,45.8,56.7,66.6,39.4,52.1,1018.5,1022.1,1015.6,77,92,53,17.1,10.7,0.5
2021-02-22,69.0,40.5,55.9,66.6,35.5,51.6,1023.3,1026.7,1020.3,55,87,33,9.6,5.2,0.0
2021-02-23,74.8,45.0,60.7,70.6,39.2,55.7,1018.1,1021.5,1013.4,61,89,48,16.9,11.0,0.0
2021-02-24,80.3,59.4,68.1,85.2,56.9,67.9,1015.6,1019.7,1013.7,74,97,38,14.6,8.2,0.1
2021-02-25,63.0,54.7,58.2,59.2,48.7,54.3,1018.6,1021.6,1014.9,71,98,43,12.2,8.5,3.4
2021-02-26,64.4,48.5,55.6,64.9,44.4,53.6,1014.6,1017.0,1011.1,86,95,73,10.9,5.8,4.5
2021-02-27,76.8,57.7,67.6,74.2,58.0,68.4,1011.0,1013.2,1008.4,87,100,65,20.9,10.0,1.8
2021-02-28,77.4,56.8,69.9,80.8,51.0,71.1,1010.9,1014.6,1009.0,87,97,68,15.7,11.3,3.2
2021-03-01,55.8,47.7,52.0,48.8,36.9,44.4,1021.2,1027.1,1014.8,77,88,63,21.4,14.9,16.0
2021-03-02,61.2,43.4,52.3,55.8,36.9,45.9,1024.0,1026.9,1020.8,54,74,33,12.2,8.8,0.0
2021-03-03,67.2,41.4,53.7,64.3,36.5,49.6,1021.2,1023.7,1018.9,61,76,41,7.9,5.2,0.0
2021-03-04,72.0,44.1,58.4,68.7,40.0,54.5,1018.3,1021.9,1014.2,70,94,46,13.5,8.8,0.0
2021-03-05,76.3,53.2,63.8,70.0,49.7,59.2,1015.2,1020.8,1012.6,60,93,23,17.5,10.3,0.0
2021-03-06,64.1,49.5,56.7,58.7,44.1,51.3,1024.4,1027.4,1021.0,66,90,43,14.5,10.1,0.1
2021-03-07,66.4,43.4,55.0,63.3,38.2,50.0,1027.4,1030.0,1025.7,51,77,31,9.3,5.4,0.0
2021-03-08,69.3,44.7,58.1,65.4,41.1,54.4,1028.6,1031.3,1026.4,67,92,49,11.5,7.0,0.0
2021-03-09,74.8,56.0,65.2,69.5,54.1,61.3,1023.1,1027.0,1019.4,73,96,50,19.9,13.5,0.3
2021-03-10,80.8,61.4,69.7,74.2,58.4,65.7,1017.2,1020.8,1013.4,72,92,41,23.3,16.7,0.1
2021-03-11,77.5,66.7,71.2,75.6,65.6,70.1,1018.0,1019.9,1016.1,77,96,53,20.1,13.7,2.0
2021-03-12,80.7,67.7,72.7,76.4,66.7,71.5,1019.9,1022.1,1018.3,76,94,48,19.5,14.5,2.2
2021-03-13,78.9,66.7,70.4,75.0,63.3,69.0,1016.8,1020.4,1012.2,82,96,55,19.0,15.5,5.4
2021-03-14,74.8,52.2,62.2,70.2,49.3,59.4,1013.1,1015.9,1010.6,69,97,19,17.8,7.5,8.7
2021-03-15,82.1,47.7,64.6,79.4,42.8,61.4,1012.2,1014.5,1009.2,56,96,20,9.7,6.9,0.0
2021-03-16,80.8,64.8,70.4,80.5,66.4,72.5,1008.1,1011.1,1004.5,88,100,57,15.4,9.5,1.3
2021-03-17,74.6,52.9,66.8,70.8,42.9,59.8,1009.6,1019.4,1003.8,50,96,20,22.3,15.9,8.4
2021-03-18,69.8,47.1,56.8,61.3,36.8,47.5,1022.5,1025.2,1019.7,37,49,21,18.4,13.6,0.0
2021-03-19,67.2,45.2,55.5,61.4,38.4,49.2,1026.3,1029.4,1023.7,50,69,31,11.5,9.2,0.0
2021-03-20,67.8,45.3,56.5,67.3,42.5,53.7,1025.8,1029.1,1021.9,61,89,36,6.9,3.7,0.0
2021-03-21,72.7,47.0,59.4,68.2,43.6,55.0,1020.3,1023.6,1015.9,63,95,35,13.5,8.8,0.0
2021-03-22,73.9,53.2,63.5,66.2,51.4,59.6,1009.8,1016.5,1003.6,76,93,48,21.1,13.1,0.6
2021-03-23,77.5,52.7,63.8,77.3,49.7,62.3,1007.6,1011.0,1005.1,63,95,27,10.3,5.1,22.8
2021-03-24,78.6,52.4,64.9,77.0,48.2,63.6,1005.6,1008.6,1002.1,73,97,50,14.3,8.5,1.6
2021-03-25,72.4,54.7,63.8,68.8,48.1,61.0,1009.5,1013.2,1001.9,65,98,33,23.4,8.8,4.8
2021-03-26,81.4,50.3,65.4,78.9,45.9,62.3,1012.6,1015.7,1009.6,55,82,30,12.0,7.2,0.0
2021-03-27,84.7,63.9,73.2,87.2,65.5,76.0,1010.5,1014.6,1007.2,80,98,49,12.6,7.7,2.4
2021-03-28,71.1,54.0,64.4,68.7,48.5,56.0,1022.9,1025.9,1014.8,40,72,22,21.2,14.1,0.0
2021-03-29,76.3,48.8,62.5,71.2,44.1,57.3,1019.9,1024.6,1014.7,46,71,23,13.5,8.2,0.0
2021-03-30,83.8,60.0,70.9,81.5,55.5,69.9,1012.1,1015.0,1009.1,73,94,48,19.7,12.0,0.4
2021-03-31,70.1,55.8,64.6,75.8,47.3,59.5,1021.7,1030.7,1013.4,59,97,30,20.8,13.0,1.2
2021-04-01,69.7,46.8,58.1,64.7,40.9,51.8,1031.2,1034.8,1028.4,36,58,20,10.3,7.0,0.0
2021-04-02,70.9,47.8,59.2,63.4,42.2,52.4,1027.4,1030.5,1024.3,42,62,24,13.0,9.0,0.0
2021-04-03,64.5,52.0,58.0,61.8,49.1,54.7,1025.6,1027.3,1024.1,79,92,54,12.8,9.1,12.6
2021-04-04,73.7,53.6,62.9,72.2,52.6,61.8,1023.3,1026.0,1020.0,74,92,50,9.8,5.9,3.7
2021-04-05,76.9,54.2,66.6,74.2,53.3,65.0,1017.1,1020.6,1013.3,74,97,47,14.1,9.7,0.2
2021-04-06,85.1,65.7,73.1,80.1,64.2,70.3,1010.7,1014.1,1006.9,71,91,40,21.1,16.9,0.7
2021-04-07,87.3,63.0,74.6,88.9,57.5,73.2,1009.4,1011.9,1007.5,58,88,18,17.1,10.3,0.8
2021-04-08,88.2,57.2,72.4,86.9,51.5,70.3,1008.8,1012.4,1003.6,54,85,28,15.5,8.8,0.4
2021-04-09,89.8,67.5,76.5,91.6,68.4,77.3,1003.1,1006.3,999.6,71,95,39,17.6,11.6,0.7
2021-04-10,81.7,59.1,69.6,75.5,51.1,63.1,1009.6,1013.6,1005.2,38,92,14,19.2,11.9,0.0
2021-04-11,87.2,54.3,71.0,82.5,50.1,66.9,1007.1,1010.3,1003.0,40,63,20,12.8,7.7,0.0
2021-04-12,89.1,63.0,75.0,90.7,63.9,75.8,1008.1,1011.0,1005.4,69,97,40,13.6,10.0,0.1
2021-04-13,85.2,69.3,74.5,86.9,70.0,76.8,1012.6,1014.9,1010.7,73,92,44,15.4,7.4,1.7
2021-04-14,81.4,68.4,73.4,82.6,69.8,75.3,1013.4,1015.3,1010.8,78,98,56,12.7,9.2,4.2
2021-04-15,76.7,62.9,67.3,76.2,61.2,66.7,1013.1,1015.9,1009.8,81,95,57,13.6,10.4,5.2
2021-04-16,74.5,61.9,66.0,78.4,55.5,66.8,1009.3,1013.3,1005.9,87,98,66,15.9,8.3,10.3
2021-04-17,63.9,52.2,57.6,55.8,44.2,50.4,1017.8,1020.8,1013.9,60,72,38,18.3,13.8,1.5
2021-04-18,65.3,49.9,56.6,60.0,43.0,51.1,1020.1,1022.8,1017.4,55,68,38,14.2,8.0,0.1
2021-04-19,72.4,48.7,61.9,71.4,46.3,59.0,1017.6,1020.2,1014.1,52,85,30,8.0,3.9,0.0
2021-04-20,81.4,53.8,64.5,81.6,43.2,59.7,1017.4,1023.6,1014.4,50,76,25,22.1,9.9,0.0
2021-04-21,65.8,43.4,54.3,59.0,34.1,45.3,1024.3,1029.1,1019.9,37,55,21,15.3,11.5,0.0
2021-04-22,69.5,49.6,59.7,66.1,43.7,55.8,1017.7,1021.3,1013.1,62,96,39,13.0,8.0,2.6
2021-04-23,71.5,63.1,68.2,77.0,62.8,71.1,1007.8,1013.4,1002.7,95,98,90,12.7,8.4,35.3
2021-04-24,80.5,60.0,70.5,79.4,53.5,68.8,1011.1,1015.6,1005.9,63,98,38,14.7,10.8,0.0
2021-04-25,85.6,54.3,70.7,84.7,53.3,70.1,1015.0,1018.1,1010.9,65,95,33,15.2,8.3,0.0
2021-04-26,87.5,66.1,74.5,84.3,66.2,72.6,1011.6,1013.9,1008.1,66,94,33,17.7,14.2,0.1
2021-04-27,82.3,69.5,74.4,84.7,70.0,76.0,1009.6,1011.1,1007.4,82,91,62,17.9,13.2,2.3
2021-04-28,86.6,70.6,78.4,87.2,71.1,78.8,1006.6,1008.8,1003.8,75,93,55,23.6,17.1,0.2
2021-04-29,79.9,68.9,73.8,87.0,71.4,78.0,1010.8,1016.5,1006.6,87,96,73,14.3,8.4,28.8
2021-04-30,78.1,66.3,71.0,80.3,66.4,73.4,1016.9,1019.2,1014.9,86,96,60,15.2,8.9,21.5
2021-05-01,76.6,64.4,68.8,76.1,62.9,69.7,1012.0,1016.1,1006.0,89,96,64,17.6,11.2,38.9
2021-05-02,84.7,59.7,72.9,86.5,61.2,74.8,1003.1,1007.6,998.7,77,98,53,16.1,9.7,0.0
2021-05-03,89.2,69.5,78.1,95.0,72.8,82.3,1001.1,1005.6,999.4,80,98,57,13.9,11.6,1.7
2021-05-04,79.6,66.4,72.5,78.3,63.7,72.5,1011.0,1017.0,1005.1,72,98,47,18.3,11.6,2.8
2021-05-05,78.0,58.3,67.2,76.7,55.9,65.3,1019.1,1021.9,1017.0,59,86,33,11.1,7.6,0.0
2021-05-06,84.0,59.3,71.3,86.4,59.6,72.2,1020.9,1023.4,1019.1,65,93,36,8.4,5.8,0.0
2021-05-07,84.2,61.5,73.2,84.5,62.4,73.3,1019.3,1022.6,1014.6,63,94,39,13.7,8.0,0.0
2021-05-08,88.4,65.9,76.4,86.5,65.8,76.0,1011.9,1016.7,1007.6,72,92,46,21.1,15.7,0.7
2021-05-09,89.7,73.3,80.1,93.2,74.2,83.5,1008.6,1010.4,1005.9,73,89,47,16.3,11.0,0.3
2021-05-10,86.7,66.1,74.7,94.2,65.3,79.1,1011.7,1015.3,1009.7,83,97,60,15.5,7.8,8.0
2021-05-11,85.2,63.0,69.7,92.2,62.5,72.4,1013.5,1017.5,1010.3,86,94,62,10.6,7.6,25.3
2021-05-12,71.9,60.4,64.5,69.2,57.4,61.5,1021.5,1025.2,1017.7,77,93,61,16.1,12.6,0.8
2021-05-13,73.0,58.5,66.1,72.3,56.9,65.2,1024.2,1026.6,1021.6,72,87,57,10.0,6.9,0.1
2021-05-14,77.7,62.7,71.0,79.8,63.7,72.2,1021.2,1023.4,1018.1,70,87,53,11.0,6.1,0.0
2021-05-15,82.1,65.3,72.7,81.1,68.2,74.0,1017.3,1019.6,1014.1,78,95,52,16.9,9.9,1.1
2021-05-16,78.2,68.4,71.9,84.3,69.4,75.0,1013.8,1016.8,1010.8,90,97,75,15.5,9.9,22.9
2021-05-17,81.8,71.3,74.2,85.4,69.3,77.7,1010.8,1012.9,1008.1,86,98,66,22.0,10.3,5.3
2021-05-18,82.7,66.5,73.2,87.5,66.1,76.1,1009.0,1011.3,1007.6,83,98,56,15.8,9.2,21.8
2021-05-19,73.3,66.0,69.0,75.9,68.6,71.8,1010.6,1012.0,1008.6,87,98,72,10.2,6.2,5.2
2021-05-20,82.7,63.0,72.9,86.0,66.5,76.9,1012.8,1014.5,1011.4,77,99,51,6.7,3.6,0.3
2021-05-21,84.7,65.1,74.5,88.4,69.1,78.5,1016.3,1018.8,1014.2,80,100,50,12.8,6.8,0.4
2021-05-22,79.2,71.2,74.2,81.8,72.9,76.6,1017.7,1020.6,1016.6,87,96,69,19.9,13.2,11.1
2021-05-23,74.3,69.8,71.1,77.1,73.0,74.7,1018.8,1020.5,1016.4,94,97,85,14.5,9.4,68.3
2021-05-24,79.2,69.3,72.4,87.3,72.8,77.5,1016.7,1018.4,1014.3,92,98,73,12.0,7.0,57.8
2021-05-25,81.7,68.2,74.4,87.1,69.6,78.8,1016.4,1019.8,1013.7,89,99,69,14.8,9.5,14.0
2021-05-26,86.2,69.6,78.0,93.0,74.9,83.2,1017.7,1019.7,1016.2,83,98,60,13.8,9.4,0.7
2021-05-27,86.5,72.5,79.0,90.8,77.6,83.3,1015.0,1017.9,1010.9,79,96,58,14.2,10.7,0.7
2021-05-28,83.7,70.6,76.2,89.4,73.2,81.6,1013.9,1016.0,1011.9,87,98,70,13.9,9.3,37.8
2021-05-29,83.6,68.9,75.8,91.9,72.3,81.7,1014.1,1016.3,1012.5,80,98,57,8.7,5.0,1.1
2021-05-30,79.2,67.4,74.3,85.0,72.6,79.3,1017.0,1019.0,1015.3,87,100,72,12.2,7.3,2.6
2021-05-31,82.3,69.3,75.0,89.8,74.3,80.5,1017.7,1019.3,1015.0,88,98,72,10.9,7.3,16.2
2021-06-01,83.5,69.5,75.2,89.7,73.9,80.4,1016.9,1018.3,1014.1,79,98,55,9.4,4.9,1.8
2021-06-02,79.5,67.4,73.1,86.4,70.9,78.5,1015.1,1017.4,1012.0,85,98,74,9.8,4.3,30.1
2021-06-03,78.4,68.6,71.7,84.6,73.9,77.3,1014.5,1016.3,1012.6,91,99,74,10.0,4.3,24.5
2021-06-04,79.2,67.5,71.5,85.1,72.8,77.1,1014.6,1016.5,1013.0,91,99,69,6.5,4.0,9.1
2021-06-05,79.9,67.0,72.6,88.5,71.7,78.7,1011.8,1014.0,1009.0,88,100,70,9.8,3.7,8.1
2021-06-06,86.2,68.8,77.7,90.7,74.1,83.0,1008.5,1010.7,1006.1,82,98,59,12.8,8.4,0.9
2021-06-07,89.2,75.8,80.2,95.5,82.6,87.0,1008.7,1011.9,1005.8,86,96,65,16.8,10.6,1.4
2021-06-08,86.9,70.6,80.0,92.4,76.6,85.9,1012.3,1014.8,1008.9,83,97,64,16.9,10.4,20.3
2021-06-09,91.5,75.5,82.5,98.5,82.9,89.2,1014.3,1016.0,1012.3,79,97,57,13.4,10.3,0.8
2021-06-10,91.2,74.1,82.1,97.4,80.6,87.7,1013.1,1015.2,1010.1,76,97,52,14.0,10.8,0.1
2021-06-11,91.2,75.3,82.5,98.6,80.8,88.0,1011.0,1012.6,1008.8,75,94,53,14.6,11.5,0.3
2021-06-12,91.5,73.8,82.4,100.0,80.4,89.7,1012.6,1014.7,1010.4,74,98,50,11.9,6.5,0.0
2021-06-13,92.7,73.5,83.7,102.8,81.1,92.6,1013.6,1016.1,1011.3,72,96,47,6.7,3.5,0.0
2021-06-14,94.0,76.2,84.3,103.6,83.3,93.6,1013.9,1015.1,1012.5,73,95,48,9.5,3.9,0.1
2021-06-15,94.5,77.2,84.9,99.5,86.5,92.6,1014.9,1016.5,1013.2,68,95,36,8.2,5.1,1.9
2021-06-16,93.7,73.2,84.2,101.3,81.0,90.9,1015.4,1016.7,1013.3,66,97,40,8.1,5.3,0.0
2021-06-17,93.6,73.8,84.4,99.3,81.7,90.6,1014.7,1016.3,1012.5,64,95,37,8.2,5.1,0.2
2021-06-18,91.3,74.4,82.7,97.1,81.1,88.7,1012.8,1014.6,1009.6,66,92,43,9.0,4.8,0.3
2021-06-19,94.1,70.5,83.3,99.1,73.8,87.2,1010.8,1012.7,1008.0,58,82,36,11.4,6.4,0.0
2021-06-20,93.4,74.9,84.1,98.1,81.5,88.5,1008.8,1010.8,1005.9,69,90,45,18.3,11.8,0.1
2021-06-21,93.8,74.2,83.9,102.7,79.7,91.3,1009.1,1014.3,1007.5,77,96,52,13.7,9.6,12.8
2021-06-22,87.3,73.1,79.1,94.5,77.5,85.8,1013.9,1016.1,1011.8,81,97,63,10.1,6.2,9.3
2021-06-23,92.5,74.8,83.6,99.9,83.8,91.1,1013.7,1015.4,1011.4,76,98,52,13.2,8.1,1.5
2021-06-24,93.1,76.2,84.6,97.8,82.4,90.1,1013.8,1015.5,1011.0,70,93,49,14.1,10.6,0.4
2021-06-25,95.4,77.7,85.0,99.1,83.6,89.2,1012.6,1014.8,1009.0,67,94,40,15.7,12.4,0.2
2021-06-26,93.5,77.4,84.4,98.6,82.3,88.4,1011.1,1012.9,1008.6,68,88,46,17.1,13.0,0.6
2021-06-27,86.7,74.3,78.9,96.7,82.5,86.6,1012.6,1013.9,1011.4,84,96,62,9.7,5.3,6.6
2021-06-28,83.3,73.6,77.6,89.9,81.7,84.8,1013.5,1015.2,1012.1,85,98,65,9.8,5.2,14.2
2021-06-29,85.7,72.9,77.9,94.1,80.6,85.2,1016.4,1018.4,1015.2,86,98,65,9.0,6.1,13.6
2021-06-30,85.2,74.3,79.0,94.9,82.5,87.6,1017.4,1019.1,1015.4,86,98,69,8.7,4.8,3.1
2021-07-01,88.7,72.9,80.9,99.9,81.1,90.1,1014.8,1016.9,1012.1,80,99,58,6.7,2.9,5.7
2021-07-02,92.2,75.9,83.2,102.8,83.4,92.5,1013.5,1015.1,1011.3,76,92,51,8.1,3.9,0.2
2021-07-03,86.3,75.8,80.9,95.9,84.5,90.3,1013.8,1014.9,1012.2,84,97,67,8.4,4.1,8.9
2021-07-04,85.5,74.9,78.3,95.0,83.9,87.3,1013.2,1014.5,1011.7,89,99,70,9.8,4.1,17.8
2021-07-05,83.8,73.7,77.2,94.0,82.0,86.0,1013.0,1014.6,1011.6,91,99,76,9.3,4.0,33.9
2021-07-06,84.3,72.7,77.1,92.3,79.0,84.7,1012.8,1014.2,1011.2,90,100,70,11.3,6.5,29.0
2021-07-07,83.4,72.6,77.1,90.0,79.8,84.1,1012.9,1014.4,1011.3,87,100,68,10.5,6.4,6.2
2021-07-08,83.3,72.1,76.3,90.6,78.4,82.1,1013.1,1014.5,1011.7,89,97,68,16.1,8.8,9.9
2021-07-09,79.1,72.4,75.4,86.4,77.5,81.8,1015.1,1017.3,1013.3,95,98,87,12.8,8.8,28.8
2021-07-10,86.2,73.6,78.6,93.7,81.9,86.2,1016.1,1018.2,1013.7,88,99,64,15.9,7.6,10.0
2021-07-11,88.0,75.1,80.1,93.1,81.7,87.2,1015.3,1018.6,1012.4,82,97,57,13.9,7.3,6.0
2021-07-12,88.4,71.4,78.9,95.0,78.6,85.9,1017.2,1019.0,1015.6,82,96,55,10.2,5.8,3.5
2021-07-13,84.5,71.8,77.1,92.6,78.6,84.7,1020.4,1021.5,1019.2,87,99,68,10.3,5.2,4.0
2021-07-14,84.4,72.6,77.4,91.2,79.8,84.7,1020.5,1022.7,1018.4,88,99,67,12.8,6.4,3.7
2021-07-15,87.0,74.7,80.5,93.7,81.5,87.3,1017.2,1019.8,1014.4,81,97,60,12.4,9.0,1.4
2021-07-16,86.5,75.0,81.2,94.0,81.3,87.3,1015.3,1016.8,1012.9,79,94,63,14.4,10.3,1.0
2021-07-17,89.1,74.4,81.6,95.2,82.6,88.3,1016.8,1018.6,1015.1,77,97,55,10.9,8.1,1.3
2021-07-18,88.4,73.1,81.5,98.1,81.0,89.9,1017.9,1019.7,1015.4,80,100,60,8.7,5.6,0.7
2021-07-19,88.5,75.3,80.8,98.6,83.3,89.5,1016.5,1017.7,1014.5,83,98,61,9.1,5.1,1.7
2021-07-20,86.3,73.5,78.4,93.4,80.2,86.3,1014.8,1017.1,1012.3,85,100,59,9.2,5.1,2.3
2021-07-21,87.2,71.8,78.9,95.3,78.3,86.5,1016.2,1017.8,1014.7,79,95,54,6.0,4.1,3.2
2021-07-22,87.6,72.7,78.4,95.6,80.7,86.3,1019.2,1020.8,1018.0,86,100,58,13.1,5.7,5.8
2021-07-23,90.6,75.7,82.2,95.9,83.4,88.3,1018.6,1020.8,1015.9,77,97,53,14.3,10.2,1.4
2021-07-24,92.8,75.3,83.0,99.7,82.0,89.2,1016.6,1018.7,1013.9,74,96,48,13.9,9.9,0.0
2021-07-25,92.5,73.5,82.4,101.1,80.3,89.5,1014.8,1017.0,1011.9,74,97,49,9.4,7.1,0.0
2021-07-26,93.0,72.6,83.0,102.2,79.1,90.8,1014.0,1015.9,1011.5,72,97,47,8.3,5.7,0.0
2021-07-27,94.1,73.8,84.8,100.9,81.1,91.3,1014.7,1016.3,1012.7,64,94,36,8.1,5.0,0.0
2021-07-28,91.8,75.7,83.4,102.0,82.9,91.9,1015.9,1017.7,1014.3,70,90,52,6.8,3.2,0.2
2021-07-29,91.2,76.0,82.5,102.6,84.1,91.7,1016.4,1018.7,1014.7,78,93,53,8.0,3.9,3.1
2021-07-30,93.2,75.3,84.2,102.5,85.0,93.3,1017.0,1018.8,1015.1,73,99,47,7.6,3.9,0.1
2021-07-31,90.6,77.4,83.9,100.3,87.1,93.3,1016.5,1018.4,1014.3,77,95,56,8.7,4.9,2.8
2021-08-01,90.8,77.8,83.5,100.5,85.4,91.6,1016.0,1017.4,1013.7,72,90,54,8.9,5.2,5.1
2021-08-02,82.3,74.4,77.3,92.1,79.5,86.2,1015.8,1017.7,1013.2,91,97,76,10.1,3.9,60.1
2021-08-03,86.8,74.8,79.7,94.1,82.7,87.5,1014.4,1016.2,1012.2,81,97,56,7.9,4.5,3.1
2021-08-04,88.0,74.0,80.6,95.4,79.2,87.3,1015.2,1017.3,1013.7,74,93,51,9.1,5.8,1.4
2021-08-05,80.8,75.1,77.2,88.8,82.7,85.8,1017.3,1019.5,1016.0,90,97,79,6.9,4.0,11.8
2021-08-06,87.2,72.9,78.4,98.6,80.5,87.4,1016.7,1018.5,1014.5,88,98,68,11.9,4.6,33.9
2021-08-07,89.4,74.8,81.6,96.0,82.8,88.4,1014.8,1016.6,1012.5,80,97,54,14.2,9.3,0.8
2021-08-08,92.9,77.2,83.8,97.4,83.7,89.4,1013.7,1015.0,1011.6,74,93,48,16.3,12.2,0.0
2021-08-09,92.2,77.4,84.2,95.6,83.5,89.2,1015.0,1016.6,1013.0,71,89,50,16.1,12.2,0.2
2021-08-10,93.4,76.7,84.1,98.7,83.8,89.5,1016.9,1018.7,1014.6,71,94,46,14.4,11.1,0.9
2021-08-11,91.7,75.1,82.8,99.3,83.6,89.9,1016.7,1019.0,1014.0,77,97,53,13.8,8.7,0.9
2021-08-12,91.8,76.9,83.9,99.1,85.0,90.9,1016.8,1018.4,1014.6,74,95,51,11.5,8.5,0.0
2021-08-13,92.0,75.8,83.1,100.9,85.4,91.7,1018.2,1020.1,1016.3,77,99,50,10.6,5.6,0.5
2021-08-14,91.8,75.9,83.0,98.3,85.7,91.3,1018.8,1020.8,1016.4,75,100,48,9.9,4.6,2.4
2021-08-15,84.4,75.4,79.0,93.4,84.4,87.8,1016.0,1018.2,1013.2,85,98,72,9.7,3.3,10.2
2021-08-16,87.1,73.3,80.2,98.2,82.2,89.3,1012.7,1014.6,1010.3,84,100,62,8.4,4.1,2.5
2021-08-17,86.4,74.9,79.9,96.2,83.3,88.8,1012.4,1014.0,1010.6,86,97,64,9.0,5.1,9.6
2021-08-18,85.1,75.8,78.9,93.4,83.2,87.2,1014.0,1015.6,1012.6,90,98,71,12.0,7.0,49.2
2021-08-19,93.2,77.4,84.2,98.2,83.7,90.3,1014.1,1016.1,1011.4,73,96,47,13.5,10.2,1.2
2021-08-20,90.9,76.7,84.0,98.1,83.8,90.1,1012.4,1014.0,1009.6,72,95,49,11.8,9.8,0.8
2021-08-21,93.0,76.6,84.8,99.1,84.9,91.2,1013.2,1015.5,1011.1,70,92,47,13.0,8.7,0.5
2021-08-22,93.4,74.7,84.5,101.7,82.6,91.5,1015.2,1017.0,1013.2,69,96,45,9.2,6.6,0.1
2021-08-23,95.2,73.3,84.9,100.5,79.8,90.8,1015.2,1017.1,1012.7,64,96,38,8.8,6.6,0.0
2021-08-24,96.1,76.4,86.6,102.3,84.7,93.0,1014.7,1016.4,1012.3,63,93,39,9.9,7.1,0.0
2021-08-25,96.2,76.3,85.9,102.3,85.6,93.0,1015.5,1017.7,1013.4,64,94,38,9.0,5.2,0.0
2021-08-26,92.0,76.1,83.9,99.6,84.6,91.5,1014.9,1017.7,1012.1,70,94,48,8.4,4.6,6.2
2021-08-27,90.8,75.7,81.4,97.7,83.1,88.9,1013.4,1015.0,1011.4,78,95,53,11.5,6.7,7.7
2021-08-28,91.9,75.0,81.9,97.2,83.4,90.1,1013.6,1015.2,1011.2,77,96,46,10.3,4.0,5.0
2021-08-29,92.5,76.0,83.2,100.9,85.2,91.4,1012.6,1014.8,1009.6,74,98,47,10.9,4.4,2.4
2021-08-30,93.0,77.4,83.7,99.3,85.0,92.3,1009.9,1012.0,1006.8,73,92,47,7.7,3.6,2.2
2021-08-31,97.6,77.2,86.5,105.1,86.5,94.5,1007.9,1009.6,1005.4,66,98,37,9.9,4.2,0.2
2021-09-01,97.0,79.3,86.2,103.1,87.9,92.7,1009.2,1011.0,1007.7,66,91,41,12.2,8.2,1.0
2021-09-02,96.1,78.7,86.5,102.6,88.0,93.1,1011.6,1013.5,1009.7,66,91,41,12.9,7.8,0.3
2021-09-03,93.8,77.6,85.2,100.0,87.2,92.0,1013.2,1015.1,1010.8,69,94,44,11.4,7.2,1.4
2021-09-04,98.9,78.5,87.6,102.1,86.0,92.5,1013.0,1015.0,1009.8,59,88,28,13.5,8.5,0.0
2021-09-05,98.4,77.5,88.1,103.6,83.2,92.6,1012.7,1014.4,1010.0,52,80,31,11.0,5.7,0.0
2021-09-06,96.1,76.7,84.3,103.1,85.0,92.1,1013.9,1015.7,1011.6,68,92,41,7.2,3.4,8.0
2021-09-07,94.3,75.0,83.8,100.9,82.6,90.1,1012.7,1014.9,1009.9,65,95,36,8.4,3.8,0.3
2021-09-08,98.3,72.4,85.4,97.8,79.2,87.4,1013.1,1015.0,1010.3,49,94,20,11.5,6.1,0.0
2021-09-09,95.2,72.7,83.5,93.2,73.0,82.2,1015.5,1017.4,1013.4,39,68,20,11.1,7.6,0.0
2021-09-10,92.9,68.7,80.5,96.3,66.6,80.7,1017.0,1019.1,1014.8,42,55,22,6.1,4.8,0.0
2021-09-11,91.2,68.2,79.2,91.9,70.0,80.3,1017.8,1020.0,1015.5,50,87,24,7.0,4.6,0.0
2021-09-12,92.4,72.1,82.1,96.3,78.4,86.3,1017.4,1019.6,1014.5,62,93,35,8.4,5.4,0.1
2021-09-13,86.6,74.3,78.9,88.2,79.2,83.3,1015.5,1018.0,1012.7,74,96,51,13.4,8.2,10.9
2021-09-14,88.2,72.8,79.0,89.1,75.4,81.5,1011.0,1013.5,1008.0,68,88,44,14.1,9.7,0.0
2021-09-15,88.9,70.8,78.9,89.3,73.5,81.3,1010.9,1013.0,1008.4,66,88,40,12.7,8.5,0.1
2021-09-16,90.1,72.3,81.2,93.6,76.3,85.0,1011.3,1013.3,1008.9,62,82,39,9.2,5.6,0.0
2021-09-17,93.2,72.2,82.8,99.9,78.8,88.7,1013.8,1015.6,1012.2,64,94,40,8.1,3.7,0.0
2021-09-18,93.7,74.7,84.5,99.1,81.1,89.2,1015.1,1017.6,1012.3,57,84,36,8.3,4.7,0.2
2021-09-19,94.5,73.8,84.9,99.9,79.6,89.3,1012.1,1014.7,1008.6,55,83,34,9.3,4.0,0.0
2021-09-20,98.4,77.1,87.3,99.8,83.3,90.6,1010.7,1012.7,1008.3,56,84,30,12.8,9.4,0.0
2021-09-21,93.9,78.5,84.1,100.0,73.3,88.9,1016.6,1022.5,1012.4,65,91,34,15.8,8.9,1.5
2021-09-22,84.2,67.8,75.8,78.9,60.5,69.4,1022.8,1026.6,1019.1,29,39,19,16.3,11.3,0.0
2021-09-23,83.7,59.4,72.0,83.4,56.1,69.0,1018.6,1020.9,1015.3,35,62,20,7.3,3.8,0.0
2021-09-24,85.2,60.7,73.4,85.3,58.8,72.1,1017.6,1019.9,1015.3,46,72,24,6.0,4.5,0.0
2021-09-25,86.3,63.3,74.6,88.2,64.0,75.1,1018.6,1021.2,1016.2,53,83,28,5.5,3.6,0.0
2021-09-26,87.3,63.4,75.4,87.0,62.4,75.0,1017.4,1020.4,1014.3,49,73,28,8.5,5.2,0.0
2021-09-27,88.9,66.6,78.1,91.2,68.6,80.3,1014.8,1017.3,1011.8,59,88,38,8.1,5.0,0.0
2021-09-28,85.5,74.1,78.9,91.8,80.2,84.9,1011.5,1012.9,1007.9,80,97,63,20.4,7.3,19.2
2021-09-29,87.3,70.8,77.5,91.8,76.3,82.6,1010.7,1012.7,1008.3,79,98,53,10.1,7.0,1.7
2021-09-30,87.5,71.8,78.3,95.3,78.9,86.1,1012.8,1014.6,1011.1,84,97,57,7.0,4.4,4.8
2021-10-01,84.0,69.6,75.8,90.4,75.5,81.9,1015.6,1017.6,1014.0,84,100,59,9.6,5.3,12.7
2021-10-02,82.6,71.6,76.8,89.7,78.3,84.3,1016.3,1018.2,1013.9,84,98,63,5.6,2.8,1.7
2021-10-03,85.3,70.4,77.8,89.0,76.6,82.7,1016.0,1018.1,1013.9,72,96,47,7.2,4.1,0.6
2021-10-04,88.2,68.9,77.1,86.1,69.6,77.0,1016.3,1018.4,1013.9,52,77,27,12.0,6.4,0.0
2021-10-05,88.3,62.9,74.8,84.6,61.9,72.3,1016.4,1018.4,1014.0,43,74,22,11.3,6.3,0.0
2021-10-06,86.3,61.7,75.1,86.3,61.7,74.6,1016.6,1019.2,1014.1,47,76,29,6.6,3.4,0.0
2021-10-07,90.3,66.7,78.0,91.3,68.3,78.9,1017.3,1020.0,1014.5,55,84,34,9.4,6.4,0.0
2021-10-08,91.1,67.9,78.8,91.9,70.1,79.7,1017.1,1019.4,1014.4,57,84,31,9.6,7.5,0.0
2021-10-09,89.2,66.4,77.2,89.2,69.9,78.7,1013.9,1016.8,1010.1,67,98,37,13.2,9.2,0.0
2021-10-10,94.7,70.8,81.0,93.3,72.6,83.0,1007.5,1011.3,1003.4,72,94,40,20.9,15.0,0.7
2021-10-11,81.7,64.8,72.8,82.3,62.0,72.9,1011.1,1014.1,1009.4,58,84,37,14.4,5.5,18.3
2021-10-12,81.9,73.4,76.5,88.3,74.8,80.4,1010.1,1012.5,1007.6,85,97,61,18.5,11.7,7.7
2021-10-13,86.4,72.6,78.5,89.4,78.9,83.5,1009.0,1010.8,1006.3,85,96,63,16.8,11.8,20.7
2021-10-14,85.3,71.9,76.9,93.7,76.9,84.0,1009.5,1011.4,1007.6,85,98,64,8.9,4.9,52.3
2021-10-15,84.0,65.6,75.5,90.0,58.4,78.1,1015.1,1022.9,1010.9,74,97,50,16.2,9.4,1.4
2021-10-16,70.2,56.2,63.4,65.6,52.3,58.0,1025.9,1028.7,1023.3,48,59,37,14.2,9.8,0.0
2021-10-17,69.3,50.4,60.2,68.7,47.2,57.5,1025.0,1027.9,1022.4,59,81,36,6.1,3.9,0.0
2021-10-18,72.9,51.5,62.8,71.8,48.5,61.1,1019.5,1022.3,1016.5,65,84,47,8.4,5.3,0.0
2021-10-19,79.8,56.6,68.8,78.6,55.1,68.3,1016.7,1018.5,1014.6,70,86,51,12.6,8.0,0.0
2021-10-20,81.8,65.6,73.9,87.6,69.1,78.6,1018.1,1019.9,1016.5,81,100,62,9.8,4.5,0.2
2021-10-21,83.5,65.8,74.3,88.3,69.3,79.2,1019.2,1021.6,1017.5,78,97,55,5.0,3.5,0.0
2021-10-22,82.9,65.0,74.2,88.7,64.4,78.1,1016.6,1020.6,1013.7,77,97,57,17.6,5.2,4.7
2021-10-23,82.3,70.2,75.0,86.8,73.2,78.6,1012.1,1014.5,1009.5,83,97,63,12.3,9.3,1.8
2021-10-24,85.8,70.2,76.4,89.2,73.2,81.0,1010.3,1012.1,1008.2,81,94,55,10.6,7.5,1.0
2021-10-25,86.4,71.9,77.6,91.7,79.3,84.5,1013.3,1015.1,1012.0,84,98,60,7.6,5.3,0.2
2021-10-26,85.6,71.8,77.7,86.6,78.0,81.3,1009.6,1013.3,1005.2,82,98,59,17.3,12.2,0.7
2021-10-27,76.1,60.3,70.7,80.2,55.5,67.6,1005.1,1009.2,1001.8,59,94,27,20.4,12.5,25.2
2021-10-28,74.4,58.8,66.2,63.7,51.2,57.2,1012.9,1015.5,1009.3,31,43,21,25.1,13.7,0.0
2021-10-29,71.3,55.0,62.8,60.9,47.1,53.7,1016.2,1018.8,1014.0,29,38,21,17.5,12.0,0.0
2021-10-30,75.1,48.3,61.0,72.4,43.3,57.4,1014.2,1016.7,1011.5,51,69,33,6.7,5.0,0.0
2021-10-31,79.2,49.6,64.4,79.6,45.5,62.7,1016.6,1020.2,1013.5,64,82,44,8.2,6.0,0.0
2021-11-01,77.4,56.9,66.1,78.2,55.9,66.8,1021.0,1023.5,1018.9,75,92,52,7.6,4.9,0.0
2021-11-02,79.2,58.8,67.9,80.8,60.6,70.1,1021.5,1024.0,1018.8,82,100,50,9.7,4.2,2.3
2021-11-03,66.7,51.3,59.1,70.2,45.5,57.3,1021.7,1025.6,1019.2,91,99,83,14.9,9.7,20.5
2021-11-04,60.5,48.5,53.2,54.9,42.9,47.5,1024.7,1027.4,1022.4,72,85,56,13.2,10.0,0.0
2021-11-05,59.9,42.0,51.1,58.8,38.0,48.0,1023.9,1026.8,1021.6,73,93,54,5.0,3.4,0.0
2021-11-06,64.8,46.2,54.9,64.7,44.2,53.4,1024.1,1026.4,1022.1,76,90,58,5.5,2.4,0.0
2021-11-07,69.7,46.9,57.8,68.3,44.0,55.6,1022.9,1025.1,1020.4,76,92,55,7.8,5.6,0.0
2021-11-08,74.9,49.5,62.1,73.4,46.6,60.9,1022.7,1024.7,1020.8,80,100,55,10.2,7.1,0.0
2021-11-09,73.7,56.6,64.9,75.1,56.2,65.7,1021.1,1024.0,1018.6,84,97,67,9.0,5.8,0.1
2021-11-10,78.1,60.7,69.5,75.8,62.0,69.4,1013.5,1018.4,1009.3,79,96,59,19.0,10.3,0.4
2021-11-11,70.4,53.9,63.7,68.0,49.9,60.4,1017.2,1021.6,1011.3,65,92,41,12.6,9.5,1.0
2021-11-12,74.4,48.9,59.9,73.7,45.9,56.6,1021.8,1026.2,1020.2,59,78,40,12.5,5.5,0.0
2021-11-13,65.2,43.3,55.1,60.7,36.9,50.3,1024.8,1028.4,1021.3,51,65,36,7.5,4.9,0.0
2021-11-14,75.7,51.3,62.5,76.2,46.7,60.4,1019.9,1021.7,1018.0,67,91,56,9.6,6.6,0.0
2021-11-15,78.6,58.5,67.5,77.2,58.6,67.3,1019.9,1022.4,1017.6,80,97,54,14.0,9.1,0.0
2021-11-16,79.7,64.1,70.2,76.8,64.6,68.8,1016.0,1018.5,1013.2,77,96,53,18.2,13.4,0.1
2021-11-17,80.7,63.9,70.6,79.2,62.7,70.1,1015.0,1020.4,1012.8,76,92,52,19.2,11.3,0.4
2021-11-18,64.3,54.0,59.3,56.7,43.6,49.5,1027.1,1030.8,1020.8,34,67,26,17.6,14.1,0.5
2021-11-19,62.7,45.7,54.3,57.6,39.4,48.4,1028.1,1031.9,1024.3,43,60,31,8.8,5.2,0.0
2021-11-20,70.3,50.2,60.5,69.9,45.9,58.5,1020.9,1023.9,1018.2,79,96,64,14.5,8.2,0.2
2021-11-21,77.8,60.1,69.0,79.2,51.3,68.3,1019.6,1025.1,1017.5,75,96,46,15.6,10.5,0.8
2021-11-22,68.0,52.1,59.0,60.8,43.9,52.2,1025.7,1028.7,1023.9,41,51,25,13.8,8.6,0.6
2021-11-23,67.5,40.4,56.1,60.6,34.1,50.8,1021.9,1025.1,1018.4,56,79,33,12.8,6.9,0.0
2021-11-24,78.0,56.8,66.4,75.5,54.7,65.5,1016.3,1018.2,1013.7,81,98,55,20.4,10.1,24.4
2021-11-25,64.8,51.5,59.2,69.0,42.9,53.4,1023.7,1029.5,1017.6,60,98,36,19.1,11.7,29.7
2021-11-26,55.8,45.5,50.4,49.2,37.2,43.6,1027.0,1030.3,1022.8,48,64,34,10.1,6.9,0.0
2021-11-27,54.1,48.4,51.4,52.6,43.2,48.2,1020.8,1022.7,1018.9,82,97,53,8.8,5.3,16.1
2021-11-28,67.3,48.0,55.3,62.4,44.2,52.0,1022.2,1024.8,1020.0,77,100,46,13.2,6.4,0.0
2021-11-29,68.0,40.2,54.3,63.2,35.9,50.3,1022.7,1025.2,1019.9,68,94,42,8.4,5.3,0.0
2021-11-30,70.4,46.0,58.7,67.0,42.2,56.3,1020.1,1022.2,1018.5,77,93,48,11.0,6.8,0.0
2021-12-01,74.7,50.7,62.8,74.9,47.9,62.8,1020.0,1021.9,1018.4,85,100,60,9.7,6.1,0.0
2021-12-02,75.7,55.1,64.3,76.6,55.8,65.8,1020.2,1022.6,1018.6,88,100,66,9.9,5.2,0.0
2021-12-03,74.2,63.6,67.2,75.2,65.1,69.6,1017.1,1018.9,1015.3,92,99,73,11.2,7.0,1.1
2021-12-04,75.2,63.5,68.5,78.7,66.1,71.8,1017.2,1019.3,1016.0,89,99,67,7.5,5.2,0.7
2021-12-05,77.8,65.8,70.7,78.9,68.4,73.0,1013.8,1017.2,1010.5,88,98,64,17.1,9.2,1.3
2021-12-06,71.2,49.9,62.0,76.9,41.9,57.5,1018.2,1022.6,1012.1,61,98,30,21.4,11.7,5.1
2021-12-07,64.2,42.3,53.6,59.5,37.2,48.6,1017.6,1022.2,1013.0,53,80,39,8.1,5.2,0.0
2021-12-08,71.5,46.0,58.8,70.1,41.8,56.7,1015.3,1018.3,1013.3,71,94,44,9.2,4.8,0.0
2021-12-09,78.2,60.5,68.2,79.1,60.1,69.4,1011.8,1013.9,1009.8,88,99,64,14.7,9.3,0.1
2021-12-10,82.0,69.5,73.6,81.9,73.1,76.5,1008.0,1010.2,1005.2,86,100,59,17.9,10.7,0.5
2021-12-11,67.9,43.5,55.8,72.0,37.3,47.8,1021.1,1027.1,1010.3,45,95,28,24.0,11.8,0.0
2021-12-12,58.4,34.5,47.3,52.3,27.6,41.6,1025.4,1028.5,1022.6,55,78,35,6.0,4.3,0.0
2021-12-13,60.9,44.6,54.3,60.2,39.6,51.6,1023.6,1025.5,1022.2,70,93,50,5.1,3.4,0.3
2021-12-14,74.1,59.3,66.5,76.9,60.5,69.7,1021.7,1023.9,1019.5,95,100,79,12.5,5.7,4.6
2021-12-15,79.7,68.1,72.0,77.6,69.8,72.6,1017.0,1020.4,1013.7,87,98,60,21.7,14.4,2.1
2021-12-16,81.0,68.0,72.9,81.6,69.7,75.3,1015.1,1017.2,1013.2,84,95,57,14.8,10.2,1.5
2021-12-17,76.7,65.9,70.7,77.2,67.8,72.2,1013.6,1015.3,1011.1,88,98,67,19.0,11.6,2.9
2021-12-18,69.2,47.9,59.8,72.5,37.9,55.5,1017.3,1024.1,1012.5,74,97,47,19.8,12.6,37.8
2021-12-19,53.4,40.8,47.7,44.9,31.3,39.2,1026.0,1029.0,1024.2,48,61,36,14.0,9.9,0.0
2021-12-20,56.3,41.9,48.8,53.2,37.2,44.5,1022.9,1025.1,1020.0,64,87,47,5.8,3.3,0.0
2021-12-21,63.0,37.8,50.7,58.9,33.9,47.3,1019.7,1022.8,1015.8,80,99,57,9.5,4.7,0.0
2021-12-22,69.3,47.4,57.5,65.8,44.0,54.7,1016.9,1018.5,1015.5,79,95,58,11.2,7.3,0.0
2021-12-23,72.5,56.1,63.1,69.0,54.8,61.1,1016.9,1019.4,1014.6,86,99,61,17.0,11.3,0.4
2021-12-24,76.9,60.5,67.0,74.8,58.8,65.1,1012.8,1015.0,1010.7,83,96,60,17.9,13.8,0.3
2021-12-25,77.0,62.6,67.6,78.8,62.9,68.8,1012.6,1014.8,1011.1,86,96,63,15.8,7.9,0.1
2021-12-26,77.0,62.2,67.5,76.0,64.2,68.4,1012.8,1014.9,1010.3,90,100,65,16.9,9.9,0.4
2021-12-27,77.8,65.1,69.6,77.5,65.8,70.5,1010.4,1013.1,1006.4,84,97,55,13.8,10.1,0.7
2021-12-28,74.1,64.4,68.8,77.7,66.6,71.3,1005.7,1007.9,1004.6,87,97,71,14.1,6.9,2.6
2021-12-29,78.3,60.3,68.0,82.9,59.8,70.4,1007.5,1011.5,1005.3,84,100,60,9.4,5.3,0.4
2021-12-30,77.8,55.0,66.0,80.1,53.2,67.3,1011.6,1014.7,1009.4,75,93,57,5.5,3.6,0.0
2021-12-31,80.9,64.7,70.2,79.9,67.3,71.6,1007.6,1010.6,1003.9,88,100,57,16.9,11.0,0.7
2022-01-01,81.9,39.6,69.8,81.1,26.3,69.4,1005.5,1016.4,1003.3,72,93,30,21.6,10.2,0.7
2022-01-02,45.1,25.1,35.7,33.2,11.1,23.6,1028.3,1033.5,1018.0,41,54,31,19.9,14.8,0.2
2022-01-03,52.3,26.9,39.7,45.0,20.2,33.2,1031.4,1035.4,1027.8,58,93,32,6.3,4.4,0.0
2022-01-04,62.2,35.2,48.6,53.9,28.1,41.7,1020.8,1027.4,1014.8,57,83,41,16.9,8.5,0.0
2022-01-05,69.4,43.5,54.8,64.1,38.6,50.2,1013.0,1015.4,1010.7,61,88,28,6.7,5.3,0.0
2022-01-06,55.1,35.0,45.6,45.6,25.4,37.3,1017.8,1024.7,1012.0,55,89,29,17.7,9.8,0.0
2022-01-07,52.0,28.2,39.5,45.8,20.4,33.1,1023.0,1026.3,1019.8,62,90,45,8.2,5.0,0.8
2022-01-08,64.8,44.2,56.1,64.9,41.3,55.2,1016.2,1019.9,1013.8,94,99,87,11.2,5.8,4.9
2022-01-09,62.2,45.7,54.1,53.0,37.0,47.6,1024.2,1032.9,1017.3,71,98,44,19.3,12.2,0.0
2022-01-10,55.9,41.0,48.1,45.8,30.6,38.2,1035.6,1039.0,1032.7,43,57,29,16.3,12.4,0.0
2022-01-11,51.1,38.5,44.5,44.9,32.1,38.4,1034.1,1036.7,1031.3,56,86,32,6.2,4.4,0.7
2022-01-12,60.9,43.3,49.5,57.0,39.6,45.6,1026.9,1031.0,1023.5,69,83,47,6.6,3.5,0.0
2022-01-13,70.6,41.9,54.0,66.1,35.1,48.9,1021.4,1024.6,1018.4,57,79,30,11.0,5.9,0.0
2022-01-14,72.7,40.5,57.6,64.9,34.9,52.1,1013.2,1018.1,1008.1,55,83,29,15.1,7.5,0.0
2022-01-15,59.9,39.6,47.5,50.5,26.8,34.5,1020.6,1025.1,1011.0,38,68,24,26.7,19.3,0.0
2022-01-16,58.8,34.9,44.9,53.2,26.9,36.9,1021.3,1024.6,1016.9,44,60,25,15.8,7.6,0.0
2022-01-17,64.3,32.4,49.4,58.1,25.8,43.0,1019.9,1023.1,1017.5,46,83,29,8.8,5.1,0.0
2022-01-18,72.0,47.0,58.4,64.9,40.5,53.2,1015.3,1018.5,1011.4,69,94,38,17.3,11.4,0.0
2022-01-19,73.0,45.2,62.4,73.6,33.0,60.6,1014.2,1023.2,1011.0,79,98,52,19.1,9.1,1.2
2022-01-20,42.5,32.5,36.1,30.0,18.9,23.2,1029.2,1032.1,1024.2,41,66,27,20.2,16.8,0.1
2022-01-21,47.7,28.7,37.1,38.5,19.1,27.8,1030.1,1033.0,1027.2,35,50,24,10.8,8.0,0.0
2022-01-22,52.2,27.2,40.1,44.4,19.2,32.6,1030.6,1034.4,1028.2,43,66,25,7.3,5.2,0.0
2022-01-23,55.1,43.9,49.7,48.7,38.1,43.8,1024.5,1028.2,1019.9,44,61,33,6.3,3.6,0.0
2022-01-24,54.1,42.3,50.0,52.5,38.6,47.7,1014.9,1019.5,1011.3,87,100,65,5.9,3.0,8.0
2022-01-25,57.7,42.6,49.3,53.4,39.6,45.6,1018.2,1023.4,1013.5,85,100,66,9.5,5.4,0.1
2022-01-26,53.2,40.0,46.4,47.1,33.5,40.5,1025.8,1029.1,1023.8,65,90,40,9.7,6.5,0.0
2022-01-27,60.3,39.7,51.4,57.2,33.9,47.4,1024.9,1026.6,1021.9,60,78,49,11.9,3.2,0.0
2022-01-28,57.0,41.1,48.4,47.2,32.4,39.5,1031.5,1035.3,1026.8,46,64,26,16.3,11.0,0.0
2022-01-29,63.8,33.2,48.5,56.9,26.7,41.5,1028.0,1032.1,1023.3,47,75,23,9.3,6.2,0.0
2022-01-30,66.0,38.4,53.0,59.4,31.8,46.7,1021.3,1024.4,1017.5,54,81,37,11.1,8.3,0.0
2022-01-31,59.5,51.4,55.7,58.3,49.4,54.2,1015.1,1018.2,1011.9,95,99,87,16.9,6.6,70.4
2022-02-01,66.7,51.4,58.8,66.0,48.8,58.4,1010.7,1013.1,1008.0,86,99,62,6.4,4.3,0.7
2022-02-02,61.0,39.6,51.3,59.8,29.8,47.3,1011.2,1015.9,1008.9,93,100,82,16.8,9.4,22.9
2022-02-03,39.1,22.4,30.4,29.7,9.5,18.2,1022.9,1031.7,1015.5,76,92,53,20.2,17.6,13.8
2022-02-04,42.3,21.5,29.7,29.2,9.0,17.7,1036.0,1039.6,1032.0,56,64,43,22.7,15.2,0.0
2022-02-05,47.0,23.3,34.7,41.1,15.8,27.8,1033.8,1039.4,1027.4,58,86,38,7.6,4.7,0.0
2022-02-06,55.1,28.4,41.0,49.6,21.4,34.8,1024.4,1027.2,1021.5,62,83,43,6.8,5.1,0.0
2022-02-07,57.9,35.5,45.0,50.6,28.5,38.1,1028.6,1031.1,1026.3,62,79,40,12.1,7.7,0.0
2022-02-08,62.8,30.6,46.8,57.6,24.2,41.1,1025.1,1029.1,1020.5,60,92,32,7.3,5.2,0.0
2022-02-09,67.7,38.0,53.3,63.9,31.5,48.2,1020.4,1022.8,1017.0,52,76,33,8.2,5.1,0.0
2022-02-10,70.1,39.7,54.2,68.0,33.1,49.4,1019.1,1021.9,1016.6,55,79,31,7.6,5.4,0.0
2022-02-11,72.5,47.2,58.8,66.8,41.1,53.5,1014.8,1017.3,1011.6,58,79,37,13.3,9.2,0.0
2022-02-12,56.7,39.1,49.6,53.8,30.2,41.2,1025.3,1034.0,1015.3,61,96,29,27.7,13.5,5.0
2022-02-13,62.5,29.8,46.5,56.5,22.3,39.6,1031.6,1035.0,1027.5,39,67,24,8.8,5.3,0.0
2022-02-14,65.3,35.9,51.8,57.4,28.0,44.4,1026.3,1028.9,1022.9,42,66,24,12.5,8.2,0.0
2022-02-15,72.1,43.0,57.9,64.4,38.4,52.2,1021.5,1025.0,1017.3,70,96,39,20.7,11.8,0.0
2022-02-16,76.9,58.3,66.1,71.2,53.7,62.0,1012.6,1018.0,1007.9,79,92,51,24.2,17.2,1.1
2022-02-17,69.6,36.4,59.2,66.8,25.4,52.0,1015.5,1027.7,1006.3,57,86,26,20.6,15.6,1.1
2022-02-18,56.3,33.8,42.7,48.7,22.6,34.0,1028.1,1031.0,1025.3,48,59,31,16.0,9.8,0.0
2022-02-19,61.8,32.5,47.8,57.1,25.7,41.9,1028.8,1032.5,1025.8,50,78,28,6.7,4.5,0.0
2022-02-20,71.8,38.3,55.6,66.0,32.2,50.6,1021.3,1026.4,1016.5,63,93,46,15.7,8.8,0.0
2022-02-21,82.6,59.4,69.4,80.4,58.7,67.7,1011.9,1016.9,1007.4,81,97,51,20.4,14.7,0.2
2022-02-22,83.9,49.6,68.1,84.6,40.8,65.9,1014.0,1021.1,1009.7,63,90,34,17.1,10.1,0.0
2022-02-23,49.4,30.1,37.8,39.7,19.6,27.4,1024.6,1028.5,1021.1,62,77,41,16.1,13.6,2.0
2022-02-24,42.4,28.5,33.9,35.1,18.5,25.9,1023.5,1028.7,1021.0,80,92,67,13.2,8.6,3.7
2022-02-25,40.5,27.0,33.5,30.5,16.1,23.4,1030.8,1034.0,1028.7,62,74,44,14.4,11.7,0.7
2022-02-26,42.7,35.3,38.6,36.0,26.8,31.3,1028.9,1030.7,1026.5,86,92,76,11.7,9.5,5.7
2022-02-27,57.3,37.2,44.6,48.9,28.6,36.4,1029.7,1032.7,1027.4,58,86,32,13.3,10.2,0.0
2022-02-28,61.2,29.0,46.0,57.5,22.1,40.2,1027.3,1030.8,1023.4,52,82,25,7.5,4.6,0.0
2022-03-01,68.0,34.4,52.7,63.9,27.4,47.0,1023.3,1025.7,1020.9,47,80,25,6.6,5.5,0.0
2022-03-02,70.6,41.5,57.1,65.5,36.2,52.5,1022.1,1024.6,1019.8,55,91,30,7.1,5.4,0.0
2022-03-03,75.8,49.5,63.1,75.0,46.7,61.6,1020.9,1023.6,1018.5,67,97,38,7.3,5.3,0.0
2022-03-04,77.1,57.0,66.5,72.4,57.7,65.0,1018.5,1021.3,1014.8,79,99,52,18.3,10.5,1.9
2022-03-05,81.7,61.3,70.0,78.6,59.7,68.7,1014.2,1016.4,1011.8,77,93,45,18.0,12.7,0.9
2022-03-06,80.2,67.1,72.6,78.5,68.2,72.4,1012.5,1016.0,1008.9,80,97,58,23.5,14.1,3.1
2022-03-07,69.8,44.1,49.6,74.7,32.3,40.3,1022.1,1026.4,1013.5,55,96,33,18.4,14.6,7.5
2022-03-08,50.2,41.2,44.6,43.6,33.9,36.6,1018.9,1022.4,1015.4,66,82,48,13.6,10.4,2.2
2022-03-09,60.3,36.9,47.3,56.1,30.5,41.7,1017.5,1020.5,1013.7,62,90,32,8.8,6.1,0.0
2022-03-10,70.5,40.2,54.6,66.6,34.5,51.0,1014.0,1016.9,1010.5,64,87,35,9.6,5.2,0.2
2022-03-11,60.3,37.7,46.0,59.9,24.3,37.3,1019.1,1029.4,1011.8,69,98,46,21.5,14.3,6.6
2022-03-12,54.0,28.6,42.0,50.2,21.4,34.6,1031.5,1035.8,1028.2,39,64,26,17.9,6.4,0.0
2022-03-13,64.3,33.0,49.6,56.3,25.6,42.1,1025.1,1028.8,1019.8,52,82,31,17.0,10.4,0.0
2022-03-14,79.8,49.4,64.4,73.5,46.4,59.4,1016.9,1021.0,1012.6,62,95,34,23.5,12.0,0.0
2022-03-15,75.1,53.5,62.2,68.5,46.3,55.6,1020.5,1023.8,1018.3,42,66,25,15.5,10.1,0.0
2022-03-16,79.7,45.6,63.9,75.0,41.9,59.5,1015.5,1020.2,1010.0,53,90,23,13.3,8.1,0.0
2022-03-17,79.2,55.1,64.8,75.6,52.9,63.0,1008.0,1011.6,1003.8,82,96,50,18.5,11.3,0.8
2022-03-18,72.3,49.9,60.7,64.9,40.6,52.3,1016.5,1020.5,1009.9,39,95,19,20.7,13.2,0.0
2022-03-19,75.6,45.5,61.1,73.4,40.1,56.4,1022.1,1025.3,1019.6,35,62,18,7.3,3.7,0.0
2022-03-20,78.9,45.4,63.4,70.5,40.2,56.8,1020.4,1024.2,1016.2,44,77,19,18.0,10.8,0.0
2022-03-21,80.9,61.4,69.0,76.1,56.8,67.5,1007.1,1016.5,1001.3,84,97,59,29.9,15.4,18.0
2022-03-22,66.0,53.1,59.4,64.2,42.9,52.4,1009.7,1016.2,1004.6,51,93,30,20.4,12.9,1.0
2022-03-23,67.5,46.2,56.0,60.8,38.4,48.6,1016.4,1018.9,1013.9,35,52,18,13.5,8.8,0.0
2022-03-24,74.0,45.9,58.2,64.9,38.3,50.4,1016.5,1019.4,1013.5,31,56,12,14.9,9.0,0.0
2022-03-25,82.2,45.2,63.6,79.5,38.8,58.8,1018.4,1021.1,1016.5,35,62,15,6.9,4.6,0.0
2022-03-26,89.4,54.7,71.6,81.8,49.1,64.6,1016.5,1018.9,1013.0,30,57,11,15.0,10.0,0.0
2022-03-27,87.8,59.6,72.3,80.7,52.1,65.5,1014.8,1017.2,1012.2,36,75,14,16.6,12.6,0.0
2022-03-28,86.8,60.0,71.7,83.0,58.1,68.2,1014.5,1017.0,1011.1,64,93,31,19.3,14.6,0.0
2022-03-29,83.4,66.5,73.5,78.3,64.6,69.7,1007.1,1013.5,1000.3,71,90,43,24.5,19.8,1.0
2022-03-30,79.5,58.0,70.3,72.0,51.1,65.2,1003.1,1008.8,999.1,52,89,21,24.5,14.0,5.7
2022-03-31,76.7,48.7,61.3,74.7,44.8,57.7,1011.5,1014.5,1008.5,46,73,23,9.7,4.0,0.0
2022-04-01,82.0,51.8,66.5,75.7,47.6,61.4,1014.0,1017.0,1010.5,46,75,21,15.9,9.4,0.0
2022-04-02,86.0,58.8,71.0,82.1,54.3,67.8,1015.2,1017.1,1013.2,48,76,16,12.4,7.9,0.0
2022-04-03,87.2,56.9,71.5,85.0,56.3,70.2,1012.9,1015.9,1008.4,57,82,29,13.0,7.9,0.0
2022-04-04,84.8,64.0,72.1,83.9,63.5,73.7,1006.9,1010.3,1002.3,79,97,45,13.2,8.6,6.2
2022-04-05,95.8,67.8,81.1,92.8,73.1,81.6,1002.4,1005.2,998.2,58,96,20,14.7,9.8,0.0
2022-04-06,78.3,62.0,70.7,71.6,53.8,63.1,1009.7,1018.6,1000.9,38,77,18,22.8,15.4,0.0
2022-04-07,76.7,55.6,65.1,67.5,46.1,55.8,1021.8,1025.4,1019.2,17,30,9,14.4,10.7,0.0
2022-04-08,77.6,52.5,64.2,70.1,45.0,56.2,1022.3,1026.0,1018.9,21,40,9,14.0,8.5,0.0
2022-04-09,85.1,48.3,68.0,77.8,41.3,60.5,1016.8,1021.3,1011.2,32,48,19,18.4,12.1,0.0
2022-04-10,87.1,62.7,72.5,81.4,56.8,68.0,1008.6,1012.5,1004.5,63,87,37,24.9,17.8,4.5
2022-04-11,87.9,68.0,75.4,87.7,66.6,75.1,1008.0,1010.2,1005.4,73,89,42,20.6,14.1,0.7
2022-04-12,85.6,70.5,75.5,85.1,71.5,76.6,1006.2,1008.8,1001.3,78,92,45,21.3,13.8,4.5
2022-04-13,90.6,63.9,77.6,87.2,59.0,74.9,1006.6,1013.1,1003.4,54,91,15,18.3,13.6,2.6
2022-04-14,82.2,57.3,69.5,77.3,52.5,64.1,1015.3,1019.1,1012.5,36,67,19,13.1,8.9,0.0
2022-04-15,84.7,61.9,72.6,87.1,56.2,73.9,1012.0,1015.2,1008.3,70,92,23,11.9,8.3,1.4
2022-04-16,88.4,70.0,77.2,93.5,73.9,81.7,1011.4,1013.3,1009.2,76,95,46,11.7,6.3,0.0
2022-04-17,83.4,69.4,75.3,89.2,73.5,80.5,1011.9,1015.0,1009.8,83,96,64,11.2,6.2,5.2
2022-04-18,78.8,60.7,69.0,76.7,59.3,67.4,1019.7,1022.8,1015.6,64,96,39,12.9,9.6,0.0
2022-04-19,75.3,58.0,66.4,71.7,54.3,63.4,1018.8,1022.2,1014.5,68,85,58,17.0,11.6,1.3
2022-04-20,85.0,67.7,76.0,82.4,65.7,74.7,1011.9,1013.8,1009.3,73,92,53,22.2,17.2,0.3
2022-04-21,85.3,69.8,76.3,84.8,72.5,77.8,1016.5,1019.9,1014.4,77,95,54,18.6,13.3,2.9
2022-04-22,87.7,69.9,77.0,84.0,68.4,75.8,1017.8,1020.4,1014.5,70,93,39,21.4,16.7,0.9
2022-04-23,86.1,69.3,75.9,82.2,68.0,73.7,1012.0,1015.3,1008.6,69,88,45,24.8,17.9,1.2
2022-04-24,89.1,69.6,77.7,85.6,70.4,77.4,1010.5,1012.2,1007.4,69,89,39,20.4,14.7,1.5
2022-04-25,73.3,59.8,67.8,77.3,56.9,68.9,1017.5,1023.3,1011.9,88,98,74,15.7,9.9,41.9
2022-04-26,75.7,57.4,65.2,74.1,53.2,63.4,1024.6,1027.4,1022.1,71,88,49,14.2,8.9,3.8
2022-04-27,76.3,61.5,69.4,77.9,61.8,70.1,1020.1,1023.4,1016.8,72,85,62,10.4,6.6,0.0
2022-04-28,83.8,66.1,74.3,83.1,67.2,74.4,1013.7,1017.4,1009.4,73,94,51,16.3,12.6,0.6
2022-04-29,84.6,69.1,75.3,84.5,69.2,75.8,1008.9,1011.9,1005.8,77,91,55,18.8,14.4,1.3
2022-04-30,84.4,71.6,76.0,94.0,74.2,81.3,1010.1,1012.6,1008.5,80,94,59,13.1,6.3,2.4
2022-05-01,84.2,68.7,75.1,86.4,73.3,79.1,1012.9,1016.1,1009.7,81,96,54,14.1,7.4,2.6
2022-05-02,85.9,70.9,76.9,85.3,73.4,78.7,1009.9,1012.5,1006.8,76,95,51,20.0,13.2,0.7
2022-05-03,88.7,72.9,78.1,96.6,76.0,83.3,1011.1,1013.6,1008.4,79,92,51,13.7,8.1,1.6
2022-05-04,90.1,71.0,79.3,90.7,75.7,81.2,1011.0,1012.7,1007.0,74,96,45,22.8,13.9,1.6
2022-05-05,80.1,71.4,75.7,85.0,76.4,80.2,1010.0,1012.8,1008.5,87,98,74,20.6,9.9,10.3
2022-05-06,89.7,63.4,77.1,96.5,65.0,81.6,1010.6,1013.3,1006.2,76,100,45,13.9,6.8,0.0
2022-05-07,93.7,72.8,82.4,100.3,79.3,88.6,1006.7,1009.1,1003.5,75,96,48,14.8,9.9,0.0
2022-05-08,96.1,74.2,82.9,99.6,77.9,86.4,1004.9,1007.3,1001.7,71,93,43,18.0,14.4,0.0
2022-05-09,96.5,74.2,84.1,98.9,78.5,86.7,1008.0,1012.0,1005.6,68,94,39,18.3,14.7,0.0
2022-05-10,94.7,76.6,83.3,97.1,79.5,86.6,1014.8,1018.8,1012.0,69,91,39,17.1,12.7,0.3
2022-05-11,94.2,73.7,82.1,97.5,77.0,84.8,1017.2,1019.0,1014.0,65,89,37,14.3,11.6,0.2
2022-05-12,94.3,71.2,81.3,96.8,75.0,83.4,1014.7,1017.7,1010.6,64,92,36,14.1,11.5,0.0
2022-05-13,92.4,68.5,80.1,93.1,72.3,81.9,1011.8,1013.9,1008.5,62,95,34,12.5,9.9,0.0
2022-05-14,90.1,70.8,80.3,97.4,74.5,83.8,1013.0,1014.7,1011.1,66,91,42,15.0,8.3,0.1
2022-05-15,94.9,70.7,82.6,98.2,75.8,85.6,1012.3,1014.8,1008.9,62,94,30,15.7,9.1,0.0
2022-05-16,96.4,71.5,83.3,99.2,76.2,86.3,1012.7,1015.6,1010.0,58,91,25,12.8,7.5,0.0
2022-05-17,97.2,70.2,82.3,96.2,74.2,83.8,1012.8,1015.3,1009.1,61,98,27,16.1,11.8,0.0
2022-05-18,98.0,72.1,83.4,95.7,74.8,83.6,1010.9,1013.3,1007.2,59,93,24,18.0,14.2,0.0
2022-05-19,97.0,71.6,82.5,96.1,74.4,82.9,1006.8,1010.4,1001.8,62,92,32,18.6,15.4,0.0
2022-05-20,97.7,73.9,83.8,98.6,74.8,85.6,1003.1,1006.5,999.3,66,86,37,20.6,15.9,17.4
2022-05-21,98.1,72.7,81.2,102.2,74.4,85.7,1009.4,1015.5,1006.0,73,91,37,14.3,10.7,22.3
2022-05-22,82.2,63.0,71.7,87.7,57.9,72.1,1019.3,1023.0,1016.3,69,80,55,18.2,9.5,0.7
2022-05-23,85.4,65.4,73.5,87.1,66.9,76.4,1015.2,1019.3,1010.0,76,95,47,12.0,6.4,8.7
2022-05-24,85.0,68.0,75.8,86.9,67.8,79.0,1007.0,1011.0,1002.8,78,97,53,15.5,9.2,36.5
2022-05-25,79.9,63.0,71.2,79.1,62.4,71.0,1010.8,1014.3,1006.7,66,96,34,14.8,8.6,5.2
2022-05-26,92.5,61.1,77.0,95.6,60.9,78.3,1013.8,1016.0,1010.8,56,82,24,9.4,5.4,0.0
2022-05-27,94.4,69.2,81.6,100.8,74.5,85.7,1014.8,1017.6,1011.8,59,95,27,7.3,4.3,0.0
2022-05-28,95.6,70.8,82.9,96.2,73.9,84.7,1010.6,1013.8,1006.5,59,92,30,16.2,10.9,0.2
2022-05-29,95.6,71.7,82.9,96.5,74.7,83.4,1006.1,1008.5,1002.5,64,96,34,20.9,16.7,0.0
2022-05-30,94.8,74.8,83.7,93.4,76.2,83.6,1006.7,1009.4,1004.6,63,87,37,21.0,17.7,0.5
2022-05-31,97.1,75.9,85.1,97.7,79.8,87.0,1009.9,1012.3,1007.1,62,91,32,17.0,13.5,0.7
2022-06-01,88.4,75.7,81.1,93.7,80.8,86.3,1012.4,1014.1,1009.5,74,94,53,15.0,9.6,6.3
2022-06-02,87.0,71.1,79.2,91.3,74.6,83.4,1013.6,1017.0,1010.7,71,96,47,10.0,7.3,17.5
2022-06-03,90.2,72.9,81.5,95.3,78.0,85.6,1012.1,1014.3,1009.2,60,84,38,9.5,5.2,0.0
2022-06-04,94.0,72.9,83.1,100.3,77.3,87.3,1009.5,1013.0,1005.2,57,81,32,12.2,4.6,0.0
2022-06-05,96.9,74.5,83.7,99.5,78.8,86.9,1006.3,1008.4,1003.9,64,90,36,17.1,11.7,4.4
2022-06-06,100.3,74.6,85.8,101.9,77.9,87.8,1005.2,1007.0,1002.2,62,89,34,17.9,15.6,0.0
2022-06-07,101.0,75.9,86.6,102.6,79.2,88.9,1008.1,1010.5,1005.9,60,87,30,15.9,14.4,0.0
2022-06-08,99.9,76.3,86.9,103.5,79.5,90.1,1011.2,1012.9,1009.6,58,85,27,15.5,11.1,0.0
2022-06-09,97.5,76.9,87.2,104.1,86.0,93.0,1013.8,1016.7,1009.9,60,91,35,13.4,6.7,0.4
2022-06-10,99.1,76.5,88.3,103.1,80.7,91.7,1011.5,1013.9,1008.0,55,88,27,13.3,10.0,0.0
2022-06-11,101.5,78.3,90.0,105.3,83.1,93.8,1009.4,1011.6,1006.3,53,80,28,14.8,10.1,0.0
2022-06-12,101.8,76.9,89.0,104.3,82.5,92.5,1009.7,1011.9,1006.9,58,88,27,17.0,12.2,0.0
2022-06-13,99.8,77.1,87.5,99.3,82.5,89.3,1011.9,1014.3,1009.4,58,89,27,18.8,14.9,0.0
2022-06-14,98.4,77.8,86.2,95.7,82.9,87.0,1012.5,1014.5,1009.7,59,85,26,22.1,16.3,0.0
2022-06-15,96.3,77.6,86.5,99.5,83.6,89.4,1014.2,1015.8,1011.6,61,90,34,15.1,12.7,0.3
2022-06-16,100.1,76.0,88.1,101.8,82.3,91.4,1016.5,1019.1,1013.5,54,91,24,12.6,8.7,0.0
2022-06-17,98.2,77.1,87.9,104.3,84.8,92.4,1015.5,1018.0,1012.1,52,83,33,12.8,6.5,0.0
2022-06-18,98.8,77.0,87.7,101.2,83.2,90.7,1014.8,1017.0,1012.1,50,82,24,12.7,8.0,0.0
2022-06-19,99.3,78.3,88.7,102.1,84.9,92.8,1015.4,1017.9,1012.5,52,83,28,11.9,7.4,0.1
2022-06-20,100.5,77.4,89.7,102.8,84.3,93.1,1016.4,1019.0,1013.4,48,83,25,11.3,7.6,0.0
2022-06-21,98.6,79.4,89.3,103.8,87.4,94.0,1018.3,1020.0,1015.8,52,77,29,14.6,7.2,1.0
2022-06-22,97.7,78.2,88.7,103.7,85.0,94.0,1017.8,1020.4,1014.6,55,84,32,11.9,6.3,0.0
2022-06-23,100.6,80.2,90.9,103.6,85.0,93.2,1014.1,1016.9,1010.4,42,66,24,12.5,7.1,0.0
2022-06-24,100.7,78.0,89.8,101.6,82.5,91.8,1012.4,1014.7,1009.1,46,74,24,14.9,9.8,0.0
2022-06-25,99.9,76.7,88.9,101.4,82.1,90.4,1014.0,1016.3,1011.4,48,84,23,14.2,10.6,0.0
2022-06-26,99.7,76.2,89.2,103.3,81.9,92.5,1016.9,1018.8,1013.9,47,86,24,12.0,6.3,0.0
2022-06-27,94.8,76.0,83.7,97.8,82.8,88.9,1018.9,1021.5,1015.7,65,92,36,11.5,6.9,22.0
2022-06-28,92.6,73.4,80.9,95.6,76.1,87.0,1018.9,1021.4,1016.0,75,95,38,11.7,6.8,8.1
2022-06-29,99.2,74.2,86.5,98.6,73.9,87.2,1017.8,1020.4,1014.1,39,66,22,9.2,6.5,0.0
2022-06-30,97.0,76.9,86.5,101.9,84.6,91.8,1015.2,1017.7,1011.5,58,86,35,12.0,6.5,0.0
2022-07-01,97.6,76.3,86.7,103.8,83.1,92.5,1012.7,1014.8,1009.1,58,83,31,9.2,5.4,0.1
2022-07-02,98.2,79.3,88.5,104.1,86.2,93.3,1012.3,1014.2,1009.6,58,85,34,13.8,9.2,0.0
2022-07-03,99.1,78.9,88.8,103.1,85.6,92.6,1014.6,1016.4,1012.1,56,85,32,14.6,11.0,0.0
2022-07-04,100.6,77.7,88.3,102.0,83.7,91.0,1015.7,1017.6,1012.8,55,86,28,16.2,12.2,0.0
2022-07-05,99.1,78.1,88.7,102.5,84.0,92.1,1014.5,1016.9,1011.0,56,84,32,14.4,11.0,0.0
2022-07-06,100.4,78.3,89.1,104.3,84.6,92.7,1013.5,1015.6,1010.4,54,86,29,15.3,10.8,0.0
2022-07-07,98.7,78.3,88.8,103.0,84.7,92.6,1013.8,1015.9,1011.4,55,86,33,15.2,10.2,0.0
2022-07-08,101.0,79.3,90.5,105.5,85.9,94.9,1015.2,1017.7,1012.7,52,83,27,13.0,8.9,0.0
2022-07-09,102.0,80.0,92.0,108.2,85.7,96.0,1015.8,1018.6,1013.1,46,78,26,12.4,7.5,0.0
2022-07-10,104.9,78.1,93.2,111.9,82.6,97.2,1012.9,1015.8,1008.9,44,82,23,12.5,6.6,0.0
2022-07-11,104.5,83.3,93.9,111.4,89.3,98.8,1009.4,1011.3,1006.2,45,66,29,12.4,6.8,0.0
2022-07-12,103.5,80.5,92.4,108.8,87.2,96.6,1010.7,1012.2,1008.5,46,71,28,15.5,7.2,0.0
2022-07-13,102.8,83.6,93.3,108.2,91.4,98.2,1013.2,1015.1,1010.6,46,72,29,13.3,6.5,0.1
2022-07-14,94.6,79.0,85.3,103.9,86.2,91.6,1015.9,1017.7,1013.9,64,83,38,11.6,6.2,16.0
2022-07-15,93.7,76.3,83.9,100.5,85.9,91.5,1016.6,1018.1,1014.6,70,94,45,12.0,5.5,0.6
2022-07-16,97.6,77.6,87.2,102.6,83.6,91.6,1014.9,1017.4,1011.4,58,83,36,13.6,9.4,0.1
2022-07-17,101.0,78.8,89.7,102.1,82.6,90.9,1013.3,1015.2,1010.4,44,69,22,15.2,9.7,0.0
2022-07-18,102.0,77.7,89.7,105.1,82.5,92.1,1013.3,1015.7,1010.4,50,78,23,16.1,10.9,0.0
2022-07-19,102.1,78.3,89.5,104.4,83.5,92.3,1012.3,1014.7,1009.3,55,82,26,17.8,13.1,0.0
2022-07-20,101.4,78.3,89.3,106.5,83.4,93.5,1011.8,1013.5,1008.4,57,84,28,15.8,11.4,0.0
2022-07-21,100.2,79.8,89.2,103.7,86.5,93.4,1012.6,1014.6,1010.0,57,85,31,14.0,10.4,0.0
2022-07-22,99.5,77.8,88.5,102.3,83.5,91.5,1014.3,1016.2,1011.4,53,83,29,13.4,10.4,0.0
2022-07-23,98.6,78.3,88.0,101.2,85.0,91.5,1015.3,1017.3,1012.8,57,90,30,14.9,10.9,0.1
2022-07-24,99.4,79.0,88.9,101.7,85.2,92.2,1015.4,1017.4,1012.4,55,86,31,15.1,11.3,0.0
2022-07-25,99.4,78.0,88.7,103.0,84.7,92.0,1014.9,1017.0,1011.1,54,87,31,16.7,10.9,0.0
2022-07-26,100.2,76.9,88.4,103.3,83.7,91.8,1014.5,1016.7,1010.9,55,87,28,15.7,10.6,0.0
2022-07-27,98.7,78.5,87.4,101.1,85.2,91.3,1014.4,1016.1,1011.9,57,83,28,20.0,10.2,0.2
2022-07-28,98.6,78.6,87.1,103.5,82.3,91.4,1014.3,1015.8,1012.0,58,82,35,20.6,9.9,0.5
2022-07-29,99.9,79.0,88.2,104.8,85.5,92.3,1015.2,1016.9,1012.4,58,84,32,16.0,10.7,0.2
2022-07-30,100.0,79.2,89.4,101.8,85.2,92.0,1017.1,1019.4,1014.0,50,81,28,17.1,10.4,0.0
2022-07-31,100.4,78.9,89.1,102.7,84.2,91.5,1017.5,1019.4,1014.5,52,85,25,16.0,11.3,0.0
2022-08-01,98.7,78.3,88.5,101.3,84.9,91.9,1016.5,1018.5,1012.9,53,82,31,14.9,9.6,0.1
2022-08-02,101.8,78.9,90.0,101.1,83.9,91.5,1014.6,1017.5,1010.5,50,79,26,17.5,13.3,0.0
2022-08-03,103.0,79.2,89.9,102.5,84.2,91.6,1011.9,1014.1,1007.9,53,83,25,16.8,14.2,0.0
2022-08-04,102.9,79.8,90.4,103.9,85.8,93.0,1012.6,1014.4,1009.9,52,83,21,15.8,12.0,0.0
2022-08-05,102.3,79.2,89.1,104.7,85.2,92.3,1014.0,1016.3,1011.1,52,82,24,15.3,9.8,0.0
2022-08-06,94.9,77.4,85.2,98.2,83.5,89.6,1015.9,1018.5,1014.1,62,89,37,12.4,9.1,3.5
2022-08-07,98.5,77.9,85.8,102.4,84.8,91.2,1017.3,1019.7,1014.0,63,88,35,11.9,8.4,3.7
2022-08-08,99.1,78.1,87.5,105.0,85.4,93.4,1016.5,1018.8,1012.9,60,84,32,10.4,6.7,0.3
2022-08-09,98.2,78.5,87.0,105.1,86.2,92.9,1016.1,1018.4,1013.0,60,84,35,10.6,6.3,3.2
2022-08-10,101.5,79.4,88.6,106.6,86.2,93.7,1016.8,1018.9,1013.8,54,80,29,10.5,6.5,0.3
2022-08-11,99.5,75.9,85.2,103.3,84.0,92.5,1015.4,1017.8,1011.3,65,93,26,9.9,4.1,14.8
2022-08-12,97.2,77.1,85.6,102.1,84.0,92.3,1014.5,1016.5,1011.5,64,89,35,9.4,5.4,6.7
2022-08-13,99.2,75.0,88.0,103.7,80.9,93.5,1014.0,1016.4,1010.7,59,92,31,16.2,7.5,1.1
2022-08-14,92.8,80.1,85.3,96.1,85.7,89.7,1013.5,1015.0,1011.8,62,80,45,13.6,9.0,2.3
2022-08-15,96.4,76.2,85.4,99.9,83.0,90.4,1013.0,1014.7,1010.0,63,91,39,13.1,8.5,1.7
2022-08-16,96.2,77.5,86.6,103.5,86.9,93.4,1013.2,1014.9,1011.0,64,91,37,10.8,6.2,0.8
2022-08-17,99.4,78.8,89.5,106.8,86.1,95.0,1013.7,1016.3,1011.0,54,85,29,12.6,6.5,0.0
2022-08-18,94.6,78.0,84.4,104.5,84.7,92.2,1013.2,1014.4,1011.0,72,93,46,11.7,6.1,14.0
2022-08-19,83.1,75.1,78.7,93.2,82.7,87.6,1013.2,1014.9,1011.6,87,94,76,10.5,4.3,40.1
2022-08-20,94.6,76.4,82.8,101.4,83.1,89.9,1014.8,1016.5,1013.1,75,91,44,14.5,7.6,4.5
2022-08-21,92.2,76.6,82.7,97.1,83.1,88.7,1014.5,1016.5,1011.5,75,91,49,13.0,9.4,2.0
2022-08-22,95.2,77.0,81.5,101.6,83.5,88.8,1012.3,1014.3,1009.7,81,94,45,15.7,7.7,20.9
2022-08-23,86.7,74.5,79.4,97.9,82.6,88.8,1011.2,1013.1,1008.5,84,98,62,5.9,2.3,25.2
2022-08-24,86.8,74.6,78.8,93.7,81.5,86.8,1012.9,1014.6,1010.7,84,95,61,10.3,5.2,19.8
2022-08-25,92.6,74.0,83.5,97.0,79.8,89.1,1014.5,1016.7,1012.3,66,93,42,10.7,6.4,0.1
2022-08-26,93.6,75.0,83.2,100.7,81.0,90.1,1013.9,1016.1,1011.2,68,89,42,9.0,4.4,2.6
2022-08-27,94.5,74.5,82.3,102.2,80.5,89.2,1011.5,1014.1,1007.3,73,94,42,13.1,5.7,9.9
2022-08-28,96.4,76.0,85.3,101.5,83.6,91.0,1009.8,1011.8,1006.2,67,96,36,13.9,8.6,1.0
2022-08-29,96.3,76.6,84.0,105.5,83.7,91.0,1011.4,1013.6,1009.4,71,91,41,15.6,6.9,0.9
2022-08-30,86.8,75.9,79.2,93.9,83.0,87.2,1015.0,1017.0,1013.1,85,95,61,10.9,5.2,12.6
2022-08-31,86.1,73.9,77.6,93.4,81.2,85.7,1016.8,1019.1,1014.1,87,98,60,7.4,4.0,28.7
2022-09-01,88.2,74.0,79.2,95.7,80.3,87.4,1015.2,1017.2,1011.6,83,99,58,13.6,3.9,19.0
2022-09-02,91.7,73.3,81.5,101.5,81.2,89.8,1014.5,1016.6,1011.9,77,98,49,7.3,3.9,4.0
2022-09-03,84.7,74.2,77.7,93.5,81.9,86.5,1017.3,1019.3,1016.0,88,96,73,8.4,3.4,17.3
2022-09-04,89.3,72.5,79.4,97.7,79.0,86.5,1015.3,1017.2,1012.3,77,98,50,6.6,3.5,2.9
2022-09-05,90.9,69.8,79.6,97.6,76.4,86.0,1014.2,1016.2,1011.9,73,98,40,9.5,4.1,0.0
2022-09-06,93.6,72.0,82.7,99.6,78.6,87.9,1016.3,1018.4,1014.1,64,95,33,11.8,5.4,0.0
2022-09-07,94.4,75.5,83.2,98.7,83.1,89.5,1015.5,1017.4,1012.2,67,92,35,8.1,4.8,0.9
2022-09-08,95.0,74.6,83.2,95.7,81.8,87.6,1010.2,1014.0,1006.1,60,91,29,9.7,5.3,0.0
2022-09-09,90.4,73.2,82.6,96.9,77.8,86.9,1007.8,1009.9,1005.5,57,77,41,10.0,3.8,0.8
2022-09-10,91.0,74.1,81.9,93.2,80.2,86.6,1012.8,1016.3,1010.1,62,89,35,6.7,4.2,2.5
2022-09-11,92.2,74.1,82.6,93.5,79.5,85.5,1018.2,1020.5,1016.4,56,92,33,12.0,6.7,0.7
2022-09-12,90.9,72.7,82.1,95.2,75.6,84.7,1016.3,1019.0,1012.5,51,73,33,6.2,4.3,0.0
2022-09-13,89.3,73.7,80.7,95.1,77.0,85.5,1013.6,1015.3,1011.3,62,79,44,11.1,3.8,1.5
2022-09-14,92.6,72.9,81.4,95.8,77.4,84.9,1014.9,1017.0,1012.2,60,91,31,10.6,5.6,1.2
2022-09-15,91.6,70.2,79.6,95.0,73.0,83.7,1016.4,1018.4,1013.8,66,92,36,10.5,5.5,1.5
2022-09-16,91.9,72.4,81.5,97.8,79.7,87.2,1015.6,1017.9,1012.8,70,94,39,11.9,5.9,1.7
2022-09-17,93.2,73.6,82.2,98.4,78.9,87.8,1014.7,1017.0,1012.2,72,93,43,13.7,8.0,2.8
2022-09-18,96.1,74.3,84.9,100.0,82.8,89.9,1014.6,1017.0,1011.7,61,95,28,12.3,6.1,0.1
2022-09-19,93.9,74.8,84.4,101.0,82.4,90.5,1015.2,1017.1,1012.4,63,92,38,8.7,4.7,0.4
2022-09-20,95.5,74.9,85.1,100.0,83.5,91.0,1015.6,1017.8,1012.6,62,96,32,13.4,4.9,0.0
2022-09-21,94.6,73.5,84.9,99.1,80.6,89.1,1015.1,1017.2,1012.2,55,92,31,9.7,4.9,0.0
2022-09-22,96.5,70.5,84.1,99.2,73.2,85.9,1014.9,1017.3,1011.9,46,78,24,8.6,4.5,0.0
2022-09-23,95.9,72.2,85.3,99.2,73.9,87.3,1014.8,1016.9,1012.1,46,73,29,10.7,5.5,0.0
2022-09-24,92.4,72.5,82.6,95.8,79.6,87.2,1015.2,1017.4,1012.6,64,95,42,13.1,6.6,0.1
2022-09-25,93.4,74.5,83.6,100.3,82.3,89.4,1014.0,1016.0,1011.5,62,93,37,8.5,3.9,0.0
2022-09-26,92.5,74.3,82.3,87.9,68.2,78.6,1016.6,1019.2,1014.5,36,72,18,15.4,10.6,0.0
2022-09-27,88.3,62.8,76.0,85.5,59.6,72.7,1019.3,1021.6,1017.5,33,56,19,8.3,5.4,0.0
2022-09-28,87.4,65.8,76.7,86.1,63.3,74.5,1022.3,1024.8,1020.6,36,55,21,6.5,4.2,0.0
2022-09-29,88.0,63.1,75.7,89.9,62.0,74.8,1020.3,1023.9,1016.4,44,67,26,7.5,3.8,0.0
2022-09-30,84.2,62.7,73.0,83.7,59.8,71.0,1016.5,1019.2,1013.3,41,55,29,6.3,4.6,0.0
2022-10-01,83.8,58.2,71.2,83.5,55.4,69.1,1016.4,1018.6,1014.6,43,72,23,6.2,4.3,0.0
2022-10-02,83.2,58.7,71.4,82.7,56.8,69.3,1019.6,1022.1,1017.9,43,67,25,5.7,4.1,0.0
2022-10-03,84.2,61.4,73.0,83.1,57.8,70.4,1019.7,1022.5,1017.4,38,53,24,5.7,4.2,0.0
2022-10-04,86.4,62.6,74.8,86.7,60.6,72.6,1017.6,1019.7,1015.3,39,62,22,8.9,4.4,0.0
2022-10-05,87.0,61.3,75.8,88.3,62.1,75.2,1017.8,1020.0,1015.8,45,79,27,8.5,4.0,0.0
2022-10-06,88.0,64.1,76.9,88.2,65.7,76.5,1019.8,1022.0,1017.7,47,82,27,6.6,4.6,0.0
2022-10-07,85.9,67.7,77.0,84.6,69.1,76.7,1021.9,1023.7,1019.9,48,73,31,7.2,4.3,0.0
2022-10-08,88.1,66.6,77.0,85.1,63.8,74.1,1023.4,1026.3,1020.2,39,56,26,10.2,7.3,0.0
2022-10-09,87.0,65.9,76.6,88.0,65.3,76.2,1022.8,1025.7,1019.7,46,67,32,8.2,4.9,0.0
2022-10-10,87.6,65.2,77.0,86.4,68.7,77.0,1020.4,1022.9,1016.8,57,94,30,13.4,7.8,0.0
2022-10-11,86.0,66.0,77.0,85.1,68.3,77.0,1017.2,1020.3,1013.6,58,87,39,12.3,8.2,0.0
2022-10-12,91.9,71.4,81.2,94.7,75.0,84.0,1013.1,1015.4,1010.2,63,92,38,11.3,8.4,0.0
2022-10-13,89.2,70.3,78.7,86.8,63.7,74.2,1014.1,1016.3,1012.2,33,67,19,13.5,9.8,0.0
2022-10-14,86.9,64.8,75.8,88.4,60.5,75.0,1014.6,1017.5,1011.5,45,74,23,11.6,5.7,0.0
2022-10-15,90.9,71.3,80.8,90.3,75.7,82.1,1014.4,1016.8,1011.6,63,90,37,13.7,10.5,0.1
2022-10-16,86.6,68.4,77.0,92.1,68.1,80.4,1014.7,1016.4,1012.6,74,89,51,15.5,8.2,9.0
2022-10-17,77.0,63.0,67.6,68.6,55.3,63.5,1018.2,1020.7,1015.9,62,94,28,16.1,11.8,22.9
2022-10-18,65.5,53.2,59.6,56.4,47.3,51.9,1024.0,1026.7,1020.5,37,51,26,12.8,9.8,0.0
2022-10-19,66.7,45.7,56.9,64.4,40.9,52.4,1025.6,1029.2,1022.1,46,67,31,6.9,3.9,0.0
2022-10-20,80.2,52.8,67.4,77.2,49.0,63.1,1017.3,1021.5,1013.1,46,74,32,12.0,8.2,0.0
2022-10-21,83.5,57.7,70.7,79.7,54.7,67.1,1014.4,1017.1,1011.9,51,72,33,14.0,9.9,0.0
2022-10-22,85.6,63.7,74.0,81.7,63.4,71.3,1011.9,1014.2,1009.1,65,93,38,19.0,15.0,0.0
2022-10-23,86.0,68.4,76.4,81.0,68.2,74.7,1010.5,1012.7,1007.9,67,89,38,20.4,15.7,0.4
2022-10-24,86.5,65.4,75.7,88.4,60.3,77.2,1007.4,1010.1,1003.1,79,93,54,18.7,14.0,40.1
2022-10-25,72.9,54.7,63.5,67.2,39.9,56.3,1015.0,1018.3,1010.1,43,63,27,35.5,12.0,0.0
2022-10-26,72.2,50.1,61.6,69.3,46.7,58.7,1017.1,1020.5,1014.6,53,77,33,6.2,3.6,0.0
2022-10-27,77.0,52.1,64.8,73.7,49.0,63.0,1014.4,1016.5,1011.5,67,91,47,12.0,7.0,0.7
2022-10-28,68.4,55.7,63.1,66.7,51.9,61.3,1014.9,1019.7,1011.1,80,96,59,19.0,9.9,26.4
2022-10-29,69.7,54.0,60.9,65.8,48.3,56.7,1017.8,1019.5,1015.6,70,84,51,18.0,10.5,0.0
2022-10-30,72.2,52.5,61.9,71.6,49.6,60.4,1016.0,1018.2,1013.8,72,90,46,7.3,5.4,0.0
2022-10-31,75.7,54.0,64.5,75.3,52.1,63.8,1016.3,1018.4,1014.8,70,91,45,5.9,4.6,2.7
2022-11-01,72.7,57.9,64.8,72.2,58.3,65.6,1020.2,1022.6,1018.1,81,98,58,8.0,4.8,12.4
2022-11-02,73.7,57.7,66.1,75.8,58.8,68.2,1021.5,1024.1,1019.2,87,100,67,8.7,5.0,0.9
2022-11-03,83.5,68.4,74.1,82.9,71.7,76.3,1015.9,1019.3,1012.7,84,99,53,16.2,11.6,2.4
2022-11-04,84.1,67.5,75.5,84.8,59.6,75.7,1009.9,1013.5,1005.8,74,96,20,24.4,15.0,5.8
2022-11-05,70.9,52.6,61.9,67.3,47.7,57.2,1013.2,1016.5,1010.5,45,65,23,10.2,6.5,0.0
2022-11-06,81.9,54.7,68.3,84.3,53.3,70.0,1013.0,1016.3,1011.4,80,95,59,13.4,6.3,0.3
2022-11-07,82.2,69.9,74.6,86.6,75.6,79.9,1019.2,1021.9,1016.7,85,98,61,9.0,5.6,5.7
2022-11-08,80.1,64.0,71.0,83.7,67.4,75.5,1022.0,1024.3,1020.0,89,100,63,8.2,4.7,8.8
2022-11-09,81.8,66.1,72.9,82.8,71.0,76.1,1019.1,1021.9,1016.0,82,100,55,11.8,7.3,0.8
2022-11-10,80.7,66.6,72.7,82.4,69.8,75.7,1012.2,1016.4,1008.8,81,98,56,10.4,7.1,1.6
2022-11-11,74.7,44.9,61.3,78.7,33.6,59.1,1012.5,1021.5,1008.2,82,97,48,18.8,11.6,21.1
2022-11-12,55.3,39.3,46.3,46.1,29.0,37.0,1025.1,1027.6,1021.8,49,62,35,18.2,11.9,0.0
2022-11-13,55.7,35.9,46.7,48.9,29.7,40.1,1024.1,1027.9,1019.4,50,75,31,7.1,5.5,0.0
2022-11-14,57.3,47.3,51.9,55.6,39.4,47.5,1016.3,1021.5,1012.5,81,96,51,15.3,8.1,4.5
2022-11-15,50.4,38.0,44.4,42.0,29.4,36.4,1026.8,1030.2,1021.9,66,82,53,15.0,10.6,0.0
2022-11-16,54.4,40.6,45.7,46.5,34.0,38.8,1031.5,1033.6,1029.6,62,76,41,11.5,7.9,0.0
2022-11-17,58.0,39.7,50.1,53.5,34.2,45.3,1030.0,1032.4,1027.1,57,80,38,6.3,3.5,0.0
2022-11-18,53.9,48.7,51.3,48.7,45.6,47.2,1027.1,1028.6,1025.2,61,77,47,6.1,3.1,2.6
2022-11-19,48.7,39.0,41.7,44.1,30.7,34.1,1029.9,1032.9,1027.0,86,92,78,13.8,11.4,18.8
2022-11-20,48.1,39.7,43.3,40.1,32.4,36.4,1031.2,1033.9,1028.6,61,87,40,8.5,6.7,0.3
2022-11-21,45.4,41.5,43.8,42.6,36.9,39.7,1029.5,1031.6,1027.9,85,93,75,5.5,3.7,5.9
2022-11-22,58.4,45.0,50.7,55.9,41.2,48.4,1026.4,1029.0,1023.7,85,94,70,5.3,3.4,1.4
2022-11-23,62.7,51.3,56.9,63.4,50.2,56.1,1019.1,1023.3,1014.9,85,96,72,8.1,3.6,0.8
2022-11-24,66.3,61.3,63.2,69.6,60.2,64.4,1013.3,1017.9,1011.3,95,99,89,11.4,6.9,18.1
2022-11-25,64.0,54.3,58.7,60.6,49.3,55.6,1018.1,1021.1,1016.2,88,97,70,16.6,11.2,5.8
2022-11-26,60.5,48.8,54.0,55.5,43.9,47.9,1012.8,1015.6,1009.9,73,96,40,21.3,11.5,20.7
2022-11-27,66.9,49.2,56.9,65.2,44.0,52.8,1012.8,1016.4,1010.3,61,85,47,12.4,6.0,0.0
2022-11-28,70.4,43.3,57.4,68.5,39.9,55.8,1014.0,1017.5,1009.9,82,97,59,12.3,5.6,0.5
2022-11-29,78.3,61.3,70.2,80.4,61.1,71.8,1008.4,1013.6,1006.2,86,98,65,15.5,9.8,1.0
2022-11-30,61.3,40.9,48.5,58.7,31.1,39.2,1026.2,1030.0,1014.9,51,78,40,21.9,13.0,0.0
2022-12-01,56.8,39.3,48.3,52.1,33.2,43.3,1026.9,1030.3,1023.6,63,83,47,7.5,4.3,0.5
2022-12-02,68.4,52.2,61.0,68.5,51.7,60.9,1020.3,1022.8,1018.2,91,97,82,12.2,6.8,1.7
2022-12-03,64.2,55.0,60.7,65.6,49.6,57.1,1026.8,1029.8,1022.2,70,95,48,15.0,9.5,0.2
2022-12-04,58.9,50.7,54.9,57.3,46.3,52.1,1023.9,1027.9,1018.9,73,91,58,8.8,4.6,0.3
2022-12-05,74.4,57.0,65.3,74.8,56.5,66.5,1013.8,1018.0,1010.7,90,97,73,14.7,7.6,0.7
2022-12-06,76.1,64.4,69.5,79.4,66.0,72.1,1014.1,1017.5,1012.1,90,98,73,10.7,8.1,0.1
2022-12-07,78.8,67.1,71.5,79.1,69.8,74.1,1020.1,1022.3,1017.8,86,97,58,12.3,9.0,1.1
2022-12-08,78.8,67.6,72.1,79.9,69.6,75.0,1020.4,1022.1,1018.4,85,99,63,13.9,8.5,1.7
2022-12-09,78.5,66.3,71.1,79.0,69.2,73.7,1018.5,1021.1,1016.0,84,98,55,11.5,7.6,0.7
2022-12-10,77.1,65.0,69.5,78.7,66.9,72.5,1017.0,1018.9,1014.5,89,98,62,11.4,6.9,13.6
2022-12-11,69.4,61.0,64.2,68.1,60.0,64.0,1018.2,1020.8,1016.3,82,96,61,10.9,7.1,2.3
2022-12-12,70.2,59.4,64.4,71.2,58.8,64.4,1013.1,1018.0,1008.4,90,97,80,14.0,9.5,3.4
2022-12-13,72.5,63.4,68.2,74.5,59.4,67.1,1006.4,1008.1,1004.8,77,96,46,17.7,12.0,4.8
2022-12-14,63.9,47.9,58.4,59.5,42.0,51.9,1010.8,1016.1,1007.1,45,60,29,15.7,8.5,3.6
2022-12-15,60.4,36.4,49.1,54.4,31.3,44.2,1017.1,1020.3,1014.7,62,90,39,6.7,4.2,0.0
2022-12-16,52.7,42.4,46.6,48.1,35.8,40.4,1019.1,1022.9,1017.2,69,85,46,13.8,7.6,1.1
2022-12-17,54.1,39.3,46.4,46.5,32.5,39.1,1023.2,1025.4,1022.0,45,60,27,9.2,6.5,0.0
2022-12-18,53.2,32.8,45.1,45.7,25.9,38.2,1024.7,1027.5,1022.7,51,76,29,7.8,5.5,0.0
2022-12-19,50.3,45.0,47.8,45.7,40.1,43.0,1021.9,1023.6,1019.3,79,96,46,10.9,6.6,22.1
2022-12-20,51.5,41.4,46.7,45.0,37.1,41.4,1027.2,1029.8,1023.1,85,97,68,12.3,8.3,0.1
2022-12-21,51.9,37.2,43.8,46.9,32.5,39.4,1023.4,1029.2,1018.3,85,97,66,8.8,4.5,0.0
2022-12-22,57.6,15.6,38.7,51.7,0.9,29.1,1021.7,1037.3,1014.2,68,97,39,21.7,14.3,0.1
2022-12-23,30.0,14.9,21.8,18.0,0.7,9.4,1039.9,1044.2,1037.3,30,36,23,18.5,13.1,0.0
2022-12-24,36.9,20.8,28.0,29.3,11.8,19.5,1037.2,1040.5,1033.4,37,63,21,9.9,5.2,0.0
2022-12-25,47.8,24.3,35.4,40.0,16.8,27.6,1030.6,1034.5,1025.8,46,78,15,8.7,5.1,0.0
2022-12-26,56.8,30.6,43.2,49.9,22.5,36.1,1025.0,1028.3,1023.0,50,61,35,9.0,6.1,0.0
2022-12-27,53.2,30.4,42.9,46.4,23.3,36.5,1025.4,1030.2,1018.3,65,89,48,11.2,6.0,0.0
2022-12-28,70.2,43.0,56.9,66.4,35.5,52.5,1013.7,1018.2,1010.0,77,94,60,16.4,11.2,0.0
2022-12-29,70.3,56.9,64.1,72.7,55.0,65.1,1012.9,1015.2,1010.9,90,98,77,12.8,6.9,2.2
2022-12-30,60.2,50.9,56.1,58.0,46.1,52.0,1014.9,1016.6,1013.5,61,83,42,9.1,5.6,0.0
2022-12-31,72.7,44.7,58.8,66.8,40.6,55.0,1013.8,1015.7,1011.2,70,94,47,15.8,8.1,0.0
2023-01-01,73.8,50.6,63.3,73.3,47.8,62.1,1012.7,1015.4,1010.5,81,99,66,12.2,9.1,0.0
2023-01-02,78.5,61.5,69.3,78.3,63.4,70.8,1008.2,1011.0,1004.0,90,99,62,18.5,10.8,16.1
2023-01-03,71.5,54.5,62.3,67.4,49.6,58.0,1011.7,1015.3,1009.7,51,90,30,12.7,6.0,3.3
2023-01-04,69.5,50.1,58.5,62.8,43.6,52.4,1017.8,1021.0,1015.3,43,55,26,13.8,7.0,0.0
2023-01-05,64.0,40.8,51.9,60.5,35.5,47.3,1024.1,1027.4,1021.4,64,82,44,7.6,5.2,0.0
2023-01-06,75.6,45.3,60.9,71.5,41.0,57.8,1020.5,1024.0,1017.1,77,92,54,17.1,10.2,0.0
2023-01-07,70.7,55.3,64.0,74.4,47.9,65.1,1020.5,1023.9,1018.7,88,99,51,13.9,6.1,3.7
2023-01-08,64.8,47.5,55.6,58.2,40.1,49.3,1024.6,1027.2,1022.9,53,72,38,11.5,8.6,0.0
2023-01-09,68.4,46.4,56.6,65.5,42.3,53.6,1022.2,1025.1,1019.4,70,90,51,7.9,5.2,0.0
2023-01-10,76.6,54.7,64.7,73.6,53.7,63.2,1016.8,1020.1,1013.4,79,98,52,13.3,9.3,0.0
2023-01-11,79.4,55.8,67.1,76.6,55.1,66.4,1012.5,1014.9,1009.4,79,96,53,16.0,9.6,0.0
2023-01-12,66.8,50.9,58.2,64.9,41.3,48.6,1022.9,1029.7,1012.8,36,87,17,19.2,13.7,0.0
2023-01-13,60.5,38.7,49.9,53.9,31.6,42.9,1029.7,1032.8,1027.3,44,61,28,11.5,6.6,0.0
2023-01-14,61.9,37.9,50.5,52.6,32.1,43.5,1024.3,1027.8,1019.9,51,75,27,13.0,7.8,0.0
2023-01-15,73.0,51.2,61.6,65.0,46.6,56.0,1013.3,1019.5,1008.3,70,88,44,20.6,14.3,0.0
2023-01-16,74.4,59.4,65.2,75.3,57.8,65.0,1009.0,1011.6,1006.7,79,94,50,13.9,6.7,0.4
2023-01-17,77.8,52.5,64.2,76.4,50.6,63.6,1008.1,1011.1,1005.4,78,94,48,12.4,6.4,0.0
2023-01-18,74.0,58.4,67.0,69.5,49.7,63.4,1008.6,1014.2,1004.6,57,96,19,13.3,9.6,2.0
2023-01-19,65.7,48.9,56.2,59.1,41.8,49.2,1018.9,1022.2,1014.3,35,52,25,10.3,6.6,0.0
2023-01-20,56.1,47.8,52.7,49.3,42.6,46.6,1022.1,1024.9,1020.7,52,64,44,9.3,6.4,0.3
2023-01-21,58.5,45.6,52.0,56.2,42.6,49.0,1016.2,1020.4,1012.5,76,100,64,5.2,3.9,0.1
2023-01-22,59.9,41.1,49.2,51.3,32.1,41.2,1017.3,1020.2,1014.5,45,92,26,12.8,8.9,0.0
2023-01-23,57.0,34.4,47.9,49.1,27.5,40.6,1022.4,1025.9,1020.1,52,84,35,10.1,7.7,0.0
2023-01-24,59.6,43.3,50.2,52.7,33.9,43.5,1013.3,1020.0,1008.2,76,96,48,16.7,11.6,30.9
2023-01-25,55.0,38.2,45.3,46.8,31.5,37.8,1021.3,1026.7,1016.9,63,81,42,12.7,9.2,0.0
2023-01-26,54.7,35.0,43.8,49.5,29.0,37.9,1029.1,1032.6,1026.8,65,87,38,6.8,5.1,0.0
2023-01-27,58.1,35.5,46.9,51.0,29.0,40.3,1026.2,1029.2,1023.3,61,84,37,11.4,7.3,0.0
2023-01-28,64.5,48.6,56.5,63.0,43.8,55.1,1018.0,1022.7,1014.5,87,95,68,12.3,5.4,1.6
2023-01-29,70.2,40.7,59.3,69.8,31.7,56.7,1016.6,1022.1,1013.8,81,100,58,15.9,10.2,10.9
2023-01-30,41.5,30.9,35.8,32.4,20.6,26.3,1024.0,1026.5,1021.2,68,81,49,13.8,11.3,1.6
2023-01-31,34.4,29.4,32.1,25.1,18.9,22.7,1026.5,1028.7,1024.4,86,91,78,14.7,12.1,7.0
2023-02-01,38.8,30.1,33.6,30.8,22.1,25.1,1027.0,1029.1,1024.7,81,90,68,11.2,9.7,7.0
2023-02-02,45.7,32.9,36.3,38.1,24.2,28.1,1027.0,1032.0,1024.7,87,94,71,15.2,10.7,18.3
2023-02-03,54.5,33.0,42.1,49.8,24.8,35.9,1033.7,1036.2,1032.3,77,93,57,10.8,7.3,0.0
2023-02-04,61.6,34.2,47.0,54.3,29.3,42.4,1028.2,1033.1,1023.7,79,98,51,14.7,5.8,0.0
2023-02-05,70.3,39.9,54.8,68.2,34.7,52.0,1022.1,1024.4,1019.3,82,99,55,10.3,6.8,0.0
2023-02-06,73.8,55.2,63.5,67.6,52.4,60.0,1015.7,1019.9,1012.1,81,97,52,20.2,13.5,0.3
2023-02-07,72.8,54.6,65.5,72.9,49.9,65.4,1013.8,1017.0,1011.8,90,96,76,15.2,10.8,26.1
2023-02-08,60.8,42.9,50.2,54.0,38.6,44.5,1017.8,1019.7,1015.8,82,95,49,17.5,10.2,3.6
2023-02-09,71.1,41.3,54.8,66.6,35.8,49.9,1018.7,1022.1,1016.5,65,93,30,10.4,7.3,0.0
2023-02-10,53.6,38.8,47.8,43.7,32.2,38.6,1027.7,1030.4,1022.9,56,70,37,19.4,13.3,0.8
2023-02-11,55.8,36.1,45.3,47.8,26.9,37.8,1027.6,1030.1,1024.4,51,70,40,12.2,8.3,0.0
2023-02-12,61.8,34.6,48.8,55.6,28.6,43.0,1022.0,1025.4,1018.3,62,89,37,10.4,6.2,0.0
2023-02-13,69.9,41.3,56.2,65.6,35.9,52.1,1015.8,1020.1,1009.8,72,88,53,15.3,8.4,0.4
2023-02-14,73.9,57.8,65.3,66.5,50.8,59.9,1006.8,1009.1,1004.4,60,95,20,20.4,13.5,5.2
2023-02-15,78.3,48.6,64.3,76.3,41.7,62.3,1007.5,1009.6,1004.2,75,99,42,21.3,10.8,0.4
2023-02-16,68.6,41.8,51.8,71.2,30.7,41.8,1019.0,1028.6,1006.7,46,98,34,19.7,15.8,3.0
2023-02-17,50.4,34.1,41.6,42.8,24.0,32.5,1032.5,1035.9,1028.9,47,60,37,15.3,10.0,0.0
2023-02-18,53.8,33.0,44.0,46.2,25.8,37.4,1029.8,1033.4,1024.9,57,76,34,11.6,6.0,0.3
2023-02-19,70.0,46.7,56.8,66.8,42.0,53.9,1022.5,1025.7,1019.5,76,93,54,9.5,6.4,0.0
2023-02-20,79.2,57.2,67.8,77.5,55.7,67.2,1016.1,1020.6,1011.2,79,95,54,16.9,10.8,0.0
2023-02-21,80.7,59.9,70.1,79.8,60.8,69.6,1007.9,1012.3,1002.4,80,96,52,20.0,12.7,0.0
2023-02-22,85.8,66.4,73.4,82.2,63.9,71.7,1003.5,1007.8,1001.1,64,91,22,20.9,11.3,1.7
2023-02-23,74.6,56.8,66.1,71.6,48.7,62.9,1014.4,1020.8,1008.0,64,99,33,15.5,10.7,0.0
2023-02-24,59.2,49.7,53.7,55.6,43.4,48.4,1022.7,1025.4,1020.6,73,82,52,11.9,9.7,1.7
2023-02-25,72.0,46.8,56.7,72.0,41.2,54.3,1023.1,1026.7,1019.8,80,95,64,9.3,6.4,1.3
2023-02-26,79.0,56.8,68.1,76.0,56.6,66.9,1013.2,1019.7,1006.1,82,100,58,21.1,12.5,1.8
2023-02-27,77.0,57.9,68.0,74.6,53.0,63.9,1010.1,1013.5,1005.7,44,91,22,21.3,7.6,0.1
2023-02-28,82.0,53.4,67.7,85.1,51.2,67.7,1010.0,1012.5,1007.1,68,90,46,12.0,6.4,0.0
2023-03-01,88.2,67.7,74.9,90.3,70.4,77.8,1007.1,1009.2,1004.5,80,99,46,13.6,8.9,0.7
2023-03-02,84.2,58.1,71.8,83.0,46.9,71.8,1001.1,1007.5,993.1,79,99,49,24.9,13.3,9.7
2023-03-03,70.5,50.4,59.3,64.2,40.0,51.5,1007.0,1010.7,1002.8,40,71,16,21.1,11.7,0.4
2023-03-04,76.0,48.0,61.4,74.3,44.1,58.4,1013.7,1016.1,1010.9,63,84,40,10.1,6.8,0.0
2023-03-05,77.0,51.5,63.7,74.8,49.5,62.0,1016.5,1019.2,1014.0,72,100,39,10.4,7.6,0.0
2023-03-06,78.7,54.1,66.6,80.5,53.5,67.6,1015.6,1017.7,1013.3,82,99,55,9.4,6.4,0.5
2023-03-07,78.9,63.0,71.0,82.4,65.8,74.3,1014.9,1016.7,1012.8,87,100,69,11.2,7.3,1.2
2023-03-08,82.9,64.0,71.5,84.8,65.0,73.6,1016.4,1018.9,1014.4,80,98,47,11.2,7.7,0.4
2023-03-09,83.8,61.9,71.9,84.6,62.7,73.7,1015.7,1018.1,1012.6,77,100,45,13.3,7.5,7.5
2023-03-10,70.6,56.4,63.5,72.5,52.7,62.9,1017.8,1021.6,1013.5,80,94,64,11.6,7.2,11.1
2023-03-11,87.7,61.3,73.6,88.0,62.4,74.2,1007.8,1013.4,1003.3,74,98,45,17.8,11.3,0.0
2023-03-12,73.1,59.1,66.4,71.2,51.3,63.1,1010.1,1017.7,1004.2,66,89,52,15.8,12.6,0.0
2023-03-13,66.6,50.8,58.3,61.9,43.0,51.7,1020.7,1024.0,1018.0,46,56,37,14.5,9.9,0.0
2023-03-14,64.0,47.8,56.3,59.5,42.1,50.4,1023.6,1025.5,1022.1,55,71,40,10.9,8.4,0.7
2023-03-15,74.9,52.1,62.0,69.7,48.2,57.3,1020.4,1024.0,1015.9,59,78,46,18.2,10.2,0.0
2023-03-16,82.6,54.3,68.7,83.8,44.9,67.3,1010.0,1015.1,1004.6,81,95,53,21.3,13.9,33.5
2023-03-17,57.8,42.9,49.7,48.3,32.1,39.1,1020.4,1023.5,1014.8,46,79,29,22.6,15.4,1.8
2023-03-18,52.3,43.6,49.1,47.9,39.2,42.7,1027.4,1030.8,1023.3,51,78,35,9.8,5.8,0.8
2023-03-19,56.4,41.6,48.2,54.2,35.7,42.9,1031.6,1035.8,1028.5,50,70,35,7.6,4.2,0.0
2023-03-20,56.9,40.7,49.7,49.7,35.6,43.6,1024.5,1028.6,1020.0,66,82,41,14.0,8.0,0.7
2023-03-21,72.7,52.2,62.7,70.8,48.5,61.7,1016.5,1019.8,1013.9,92,98,78,18.1,11.1,5.5
2023-03-22,79.4,66.9,71.7,78.9,68.2,72.0,1016.0,1018.1,1013.9,83,97,62,17.4,13.2,0.8
2023-03-23,81.1,68.8,74.2,80.6,69.3,74.1,1012.6,1015.8,1008.9,80,95,57,23.7,15.5,0.7
2023-03-24,83.8,58.7,72.6,81.2,53.8,71.4,1007.0,1009.2,1004.3,63,92,26,17.5,10.6,4.5
2023-03-25,78.0,53.7,66.0,76.6,47.8,60.7,1011.3,1014.0,1009.2,35,52,21,12.4,6.8,0.0
2023-03-26,77.4,52.7,66.0,83.5,48.7,66.4,1010.2,1012.9,1008.0,68,91,46,15.4,4.2,1.5
2023-03-27,79.0,58.5,68.2,78.5,53.8,65.6,1014.9,1017.9,1012.9,58,95,42,14.7,9.2,0.1
2023-03-28,69.6,55.3,62.6,63.8,47.3,56.2,1022.9,1026.3,1018.0,55,84,27,19.9,13.1,7.6
2023-03-29,68.5,53.3,61.1,66.3,48.6,57.0,1021.3,1024.4,1018.1,59,78,49,10.4,7.7,0.5
2023-03-30,79.2,59.1,68.4,77.5,56.8,68.2,1014.0,1019.0,1009.8,84,97,63,18.9,12.0,5.5
2023-03-31,91.7,65.0,76.9,89.2,61.6,76.0,1011.7,1016.4,1009.2,66,95,27,24.8,13.8,0.6
2023-04-01,82.2,53.3,68.1,77.3,48.3,63.0,1018.7,1021.7,1016.9,39,58,15,14.4,7.5,0.0
2023-04-02,87.4,59.0,72.6,85.7,56.0,72.0,1011.5,1018.1,1005.5,66,88,46,21.6,11.1,0.8
2023-04-03,93.0,67.3,77.7,96.8,71.4,80.5,1006.3,1009.1,1003.6,74,97,37,18.2,10.4,0.0
2023-04-04,91.4,71.1,78.8,90.4,72.0,79.6,1003.1,1005.1,999.9,72,91,41,20.6,14.7,0.3
2023-04-05,74.7,54.1,67.6,79.0,46.4,62.9,1012.9,1019.9,1005.1,58,95,21,19.2,13.9,7.6
2023-04-06,56.7,49.7,52.5,50.2,42.9,46.3,1021.4,1023.6,1018.8,81,91,61,17.9,12.7,73.7
2023-04-07,56.9,49.5,52.9,52.1,44.1,47.8,1022.1,1024.5,1019.7,88,93,80,14.6,11.7,19.5
2023-04-08,67.5,52.3,57.8,65.1,49.1,55.5,1020.9,1022.9,1018.5,84,94,67,10.5,7.4,0.0
2023-04-09,72.8,50.5,62.4,74.3,48.4,62.7,1021.4,1023.3,1019.5,80,98,63,7.4,3.9,0.0
2023-04-10,70.8,54.6,63.1,72.1,54.2,63.6,1023.1,1024.8,1021.5,83,98,68,6.7,4.5,0.2
2023-04-11,72.1,52.4,62.6,72.8,51.7,61.8,1022.5,1024.6,1019.9,76,100,52,9.2,5.6,0.0
2023-04-12,76.3,52.3,64.7,77.4,50.5,64.5,1017.1,1020.9,1013.2,68,90,37,8.4,3.9,0.0
2023-04-13,76.9,53.2,65.2,79.0,52.5,65.0,1010.5,1013.9,1006.9,72,99,45,9.9,5.9,0.0
2023-04-14,81.9,60.4,69.9,83.6,58.7,70.3,1007.2,1008.7,1005.0,81,96,57,15.2,10.9,1.2
2023-04-15,88.1,68.4,75.4,92.7,60.4,76.0,1010.7,1017.9,1007.5,66,98,30,15.1,9.5,0.1
2023-04-16,71.2,55.9,63.4,68.9,49.5,58.1,1023.3,1027.4,1018.9,45,67,34,15.1,9.5,0.0
2023-04-17,77.1,55.2,66.0,73.5,52.6,62.5,1018.6,1022.1,1014.1,50,70,31,12.9,7.2,0.0
2023-04-18,78.4,61.7,68.6,74.5,59.5,66.8,1011.9,1014.6,1009.1,76,92,49,16.2,12.6,12.0
2023-04-19,82.8,67.2,73.4,82.6,66.9,73.6,1011.1,1012.9,1009.1,78,91,55,17.7,13.8,1.3
2023-04-20,80.9,66.8,70.9,87.7,70.2,74.4,1012.4,1013.7,1010.1,90,97,70,12.2,8.1,52.2
2023-04-21,77.9,62.5,69.3,78.6,61.4,70.5,1013.6,1016.6,1011.3,75,99,44,12.6,7.0,5.6
2023-04-22,79.1,56.8,67.7,78.8,55.4,66.2,1013.1,1015.0,1009.9,63,91,46,12.5,8.4,1.5
2023-04-23,67.5,53.5,59.0,65.5,45.6,53.0,1016.6,1019.2,1013.3,68,78,58,19.2,13.4,5.1
2023-04-24,70.2,52.7,60.6,69.6,49.0,58.3,1017.3,1020.4,1014.0,72,85,58,10.5,7.3,0.2
2023-04-25,72.6,57.9,64.8,74.6,58.8,65.8,1012.5,1014.2,1009.7,89,97,76,13.3,7.0,6.7
2023-04-26,77.0,63.9,68.3,80.7,64.3,70.7,1009.3,1011.9,1006.2,91,99,77,15.5,8.2,24.8
2023-04-27,76.7,60.4,68.1,78.6,60.0,68.5,1010.2,1013.2,1008.1,72,97,43,10.9,6.9,0.0
2023-04-28,83.4,58.0,67.4,84.8,52.3,66.8,1008.6,1014.4,1004.4,81,97,60,20.2,11.5,6.5
2023-04-29,71.6,54.7,62.2,67.6,45.6,55.1,1014.8,1016.9,1013.1,53,67,35,21.8,14.7,0.0
2023-04-30,84.9,51.5,69.0,84.9,47.5,66.0,1011.9,1014.6,1008.3,52,74,31,12.8,8.5,0.0
2023-05-01,81.4,55.5,69.5,81.9,53.3,68.8,1010.8,1013.5,1008.6,60,79,43,9.9,6.9,0.0
2023-05-02,79.6,63.7,71.2,82.0,66.6,73.9,1012.0,1013.8,1010.1,79,98,55,8.8,5.5,0.0
2023-05-03,83.8,62.5,73.2,87.5,65.2,75.9,1013.0,1015.2,1010.1,72,99,42,8.8,5.3,0.1
2023-05-04,82.8,63.8,72.9,85.3,66.8,76.1,1011.7,1014.0,1008.8,83,99,61,13.0,7.9,1.9
2023-05-05,91.1,69.5,78.4,97.6,75.0,83.6,1010.9,1012.6,1008.4,79,98,51,13.5,8.4,1.0
2023-05-06,90.9,70.9,79.7,96.5,76.3,84.7,1012.1,1014.0,1008.9,78,96,50,15.0,10.3,0.4
2023-05-07,87.3,71.2,76.4,91.3,74.3,79.8,1013.3,1016.0,1009.9,78,96,43,19.5,9.5,4.4
2023-05-08,86.3,67.7,75.2,94.2,71.1,79.6,1012.5,1014.5,1010.5,82,95,58,12.6,7.9,2.3
2023-05-09,76.7,67.4,71.1,82.0,71.8,75.1,1012.5,1014.2,1010.7,88,98,74,12.6,6.2,4.8
2023-05-10,79.5,66.5,71.8,84.5,68.7,76.3,1010.9,1013.4,1007.3,85,98,60,8.1,4.6,6.0
2023-05-11,80.1,70.4,74.4,84.7,73.5,79.2,1009.3,1010.6,1007.9,89,98,75,13.7,8.8,4.5
2023-05-12,86.4,68.6,74.8,92.4,68.3,79.6,1011.1,1014.2,1009.0,87,99,61,15.1,8.7,16.9
2023-05-13,77.1,65.9,70.5,82.9,69.2,74.2,1014.1,1016.4,1011.4,92,98,76,16.2,7.6,35.7
2023-05-14,80.2,65.4,71.6,85.6,68.6,76.5,1017.7,1020.0,1016.1,88,99,64,8.9,4.5,1.8
2023-05-15,80.0,66.7,71.5,88.9,69.0,77.5,1020.3,1021.6,1017.7,92,100,78,8.9,3.7,30.7
2023-05-16,80.0,66.8,71.7,85.5,72.2,76.8,1016.7,1019.3,1012.4,88,99,66,7.4,4.0,15.0
2023-05-17,83.8,64.8,73.9,89.5,68.9,78.9,1012.4,1014.4,1009.5,77,99,47,5.4,3.6,0.3
2023-05-18,85.3,65.5,76.0,94.0,68.3,81.7,1012.7,1014.4,1011.2,75,91,56,7.1,3.8,0.0
2023-05-19,86.7,68.1,78.3,93.0,71.7,83.3,1014.9,1017.7,1013.0,75,94,57,10.4,7.1,0.2
2023-05-20,78.8,69.3,73.2,81.9,70.9,76.5,1019.4,1022.0,1016.7,81,96,62,12.4,7.5,1.5
2023-05-21,73.4,66.3,69.6,75.8,67.6,72.5,1018.6,1020.4,1016.3,79,93,66,6.2,4.0,5.7
2023-05-22,80.6,63.2,71.9,86.9,66.4,76.6,1015.3,1017.3,1012.5,81,100,58,5.0,2.7,0.1
2023-05-23,82.7,66.7,74.1,91.1,70.5,79.6,1013.5,1014.9,1011.6,83,97,66,10.3,4.6,2.6
2023-05-24,85.8,66.5,74.3,93.4,69.1,79.4,1013.0,1015.0,1011.3,79,99,52,9.8,4.8,2.5
2023-05-25,84.1,66.7,75.3,89.8,70.5,79.0,1013.3,1015.0,1011.0,73,96,51,8.9,5.9,0.4
2023-05-26,85.9,65.8,76.3,91.2,69.1,79.7,1015.1,1016.3,1013.4,67,90,42,8.7,4.9,0.0
2023-05-27,85.9,66.0,75.8,91.4,68.4,80.0,1015.6,1017.0,1013.7,70,90,46,6.5,4.2,0.1
2023-05-28,83.8,68.0,75.8,86.3,72.2,79.1,1014.5,1016.4,1012.3,71,91,50,11.3,6.3,1.2
2023-05-29,84.7,68.3,74.1,90.8,73.3,79.1,1013.2,1014.9,1010.4,79,95,47,8.3,4.2,7.4
2023-05-30,86.1,66.7,75.5,93.1,71.4,80.9,1012.2,1013.8,1010.8,77,100,49,11.1,4.1,0.3
2023-05-31,87.5,67.0,77.6,92.8,71.7,82.5,1011.8,1013.8,1009.4,72,99,47,9.1,5.5,0.0
2023-06-01,89.2,68.4,79.1,92.3,73.3,83.0,1011.4,1013.2,1009.4,70,97,43,11.3,7.7,0.3
2023-06-02,89.7,69.7,79.7,93.2,75.7,83.6,1011.2,1013.6,1007.8,68,98,39,12.4,7.2,0.5
2023-06-03,87.0,68.1,77.8,94.5,72.9,82.5,1009.9,1011.4,1008.5,70,96,48,8.1,4.9,0.3
2023-06-04,81.9,69.0,75.3,85.9,72.4,78.9,1010.8,1012.3,1009.4,71,97,53,11.9,4.7,0.6
2023-06-05,83.4,66.9,73.6,90.5,71.5,78.0,1012.7,1014.5,1010.6,80,96,55,8.7,5.6,16.5
2023-06-06,87.0,67.3,76.2,93.9,71.7,81.8,1012.4,1014.5,1009.7,74,96,42,6.4,3.1,0.0
2023-06-07,88.5,66.9,77.9,96.2,71.9,84.1,1010.7,1012.7,1007.8,73,98,42,8.1,3.0,0.1
2023-06-08,85.1,68.8,77.8,96.2,73.7,84.7,1010.1,1012.9,1008.3,77,95,61,9.9,3.2,10.2
2023-06-09,95.2,71.0,83.0,105.1,76.1,89.7,1009.5,1011.5,1007.3,66,92,37,9.0,4.2,0.0
2023-06-10,96.6,74.7,85.5,98.0,81.2,89.0,1007.7,1009.7,1004.4,63,96,29,16.0,11.1,0.0
2023-06-11,98.7,74.8,85.8,104.6,81.2,91.2,1008.5,1010.2,1006.2,65,96,33,16.6,9.5,0.3
2023-06-12,96.6,75.2,85.6,103.4,82.7,91.5,1009.2,1011.1,1006.7,66,96,43,15.0,9.3,0.0
2023-06-13,97.9,76.8,85.7,102.4,81.5,90.4,1008.1,1010.2,1005.1,66,89,38,15.4,10.4,0.3
2023-06-14,96.9,77.7,85.0,101.5,83.1,91.6,1005.8,1007.8,1003.2,71,87,40,11.7,8.5,0.0
2023-06-15,96.3,76.6,85.4,109.3,86.0,94.8,1006.2,1008.2,1003.6,77,97,51,13.5,7.8,9.0
2023-06-16,96.7,78.1,86.6,107.1,85.4,95.0,1008.7,1011.1,1006.6,73,92,52,11.9,9.4,0.1
2023-06-17,94.9,77.3,85.4,104.9,85.2,95.0,1009.4,1012.5,1006.5,76,95,52,11.1,5.8,5.7
2023-06-18,99.8,76.7,87.3,109.5,83.2,95.6,1006.8,1009.6,1003.9,71,96,41,16.2,8.7,0.0
2023-06-19,98.3,77.6,87.0,108.2,86.7,95.7,1007.9,1009.7,1006.0,71,95,49,11.5,7.7,0.1
2023-06-20,101.6,78.0,87.8,109.2,86.2,96.0,1007.4,1009.9,1004.6,69,95,38,11.8,8.4,0.2
2023-06-21,100.1,77.4,86.5,111.9,86.0,96.3,1007.1,1009.0,1004.3,74,94,46,14.4,6.7,13.6
2023-06-22,95.9,75.2,84.3,104.9,83.5,93.0,1008.8,1011.4,1006.2,74,100,47,10.1,5.4,0.1
2023-06-23,96.9,76.9,86.4,102.9,85.2,93.8,1011.7,1014.2,1009.1,69,94,44,12.9,8.3,0.0
2023-06-24,99.1,77.2,87.6,104.0,83.3,92.2,1012.0,1014.1,1009.2,63,92,38,17.4,13.0,0.0
2023-06-25,99.3,78.2,88.1,104.2,84.6,93.5,1011.8,1014.2,1008.9,64,91,41,14.5,11.7,0.0
2023-06-26,99.3,77.7,88.2,106.0,83.5,93.9,1011.4,1013.7,1009.0,63,87,39,13.2,10.8,0.0
2023-06-27,99.1,77.1,87.9,106.2,83.8,93.6,1011.2,1013.0,1009.4,61,88,38,11.1,9.4,0.0
2023-06-28,98.5,74.5,86.7,104.2,80.0,91.6,1012.2,1014.0,1010.1,61,92,35,12.4,10.0,0.0
2023-06-29,96.7,77.7,86.9,101.9,85.6,92.0,1013.3,1015.0,1011.1,61,90,37,11.9,9.8,0.0
2023-06-30,97.2,75.8,86.8,101.4,83.1,91.1,1013.4,1015.8,1010.0,61,93,34,12.3,10.5,0.5
2023-07-01,97.2,77.3,86.8,104.1,84.1,92.3,1013.7,1015.2,1010.7,62,88,35,12.9,8.5,0.0
2023-07-02,92.6,76.6,85.2,97.8,85.7,90.9,1012.8,1015.1,1010.6,61,94,40,10.3,4.9,0.8
2023-07-03,96.3,80.0,87.3,103.1,85.5,92.8,1012.6,1014.4,1010.3,56,77,36,11.4,6.1,0.0
2023-07-04,93.5,78.3,86.1,99.5,84.7,91.4,1014.1,1015.8,1011.9,61,86,42,10.6,7.9,0.0
2023-07-05,94.4,78.9,84.9,102.1,85.0,91.3,1015.2,1016.4,1013.2,68,88,48,18.4,8.8,3.8
2023-07-06,89.8,77.4,82.6,97.8,84.9,89.3,1014.9,1016.5,1012.4,73,90,56,12.8,7.5,3.7
2023-07-07,92.6,74.6,82.7,99.7,79.6,88.7,1013.2,1015.5,1009.9,70,86,48,12.4,7.9,1.2
2023-07-08,96.3,76.1,86.0,103.1,84.5,92.8,1012.2,1014.7,1008.8,67,95,38,11.6,7.6,0.4
2023-07-09,98.1,77.6,88.2,104.2,82.8,93.6,1011.5,1013.4,1009.0,60,85,37,13.0,9.7,0.0
2023-07-10,99.7,78.4,88.8,106.0,85.6,94.4,1012.6,1014.9,1009.8,60,89,35,14.4,9.2,0.0
2023-07-11,100.2,78.9,88.9,107.8,84.8,94.8,1012.7,1014.7,1009.8,61,87,35,15.0,9.8,0.0
2023-07-12,103.8,79.3,90.5,107.1,84.9,94.5,1011.4,1014.0,1007.9,58,85,29,18.6,13.5,0.1
2023-07-13,104.0,78.6,90.2,107.4,86.3,94.8,1010.7,1013.0,1006.9,59,89,28,15.0,12.5,0.0
2023-07-14,103.0,78.2,89.8,106.8,84.9,93.6,1011.2,1013.3,1008.0,57,88,30,14.9,12.2,0.0
2023-07-15,102.6,78.7,90.5,106.0,85.3,94.5,1012.9,1014.7,1010.6,53,84,24,12.3,9.6,0.0
2023-07-16,101.8,79.2,90.4,108.3,86.4,95.2,1014.8,1017.4,1011.7,52,86,24,13.2,7.3,0.0
2023-07-17,103.6,78.3,91.2,103.5,82.6,93.4,1015.0,1017.3,1012.1,45,75,18,12.9,8.9,0.0
2023-07-18,103.8,78.3,91.0,106.3,84.3,94.7,1015.2,1017.8,1012.4,52,87,24,15.5,9.8,0.0
2023-07-19,103.2,78.8,90.6,106.0,85.1,94.5,1016.1,1018.4,1013.2,54,85,24,16.1,10.8,0.0
2023-07-20,102.7,78.9,90.6,106.6,86.2,94.5,1016.1,1018.6,1012.8,52,87,22,14.1,9.0,0.0
2023-07-21,101.3,78.0,89.7,104.8,84.7,93.6,1013.8,1016.4,1010.3,49,86,21,11.4,6.6,0.0
2023-07-22,102.7,79.3,89.4,109.5,82.5,94.9,1013.1,1015.4,1009.8,51,74,28,17.5,4.9,0.4
2023-07-23,99.8,77.7,89.9,105.8,85.0,94.6,1014.9,1016.9,1012.8,50,85,22,10.6,5.9,0.3
2023-07-24,101.6,78.8,90.6,106.2,86.6,95.8,1017.4,1019.2,1015.5,51,80,24,13.3,5.8,0.1
2023-07-25,99.6,79.2,89.8,102.3,86.8,94.0,1017.7,1020.4,1015.3,52,84,25,13.0,7.6,0.0
2023-07-26,99.7,79.6,89.5,103.0,86.8,93.2,1016.4,1019.1,1013.0,53,85,27,15.3,9.9,0.0
2023-07-27,98.6,78.1,88.7,102.2,85.4,92.1,1016.0,1018.3,1013.8,51,86,26,12.5,8.2,0.0
2023-07-28,98.6,77.8,88.4,101.8,84.4,91.8,1016.8,1018.8,1014.5,50,83,26,14.4,7.3,0.0
2023-07-29,98.8,77.4,89.1,102.7,83.5,91.8,1017.6,1019.9,1015.5,45,75,25,11.2,6.6,0.0
2023-07-30,99.8,78.9,90.5,104.4,85.0,94.2,1017.1,1019.5,1014.4,45,73,27,10.0,6.2,0.0
2023-07-31,102.3,80.7,92.5,105.9,86.4,95.7,1016.0,1018.4,1012.9,42,66,26,11.0,6.9,0.0
2023-08-01,101.8,80.5,91.6,105.6,87.9,96.1,1016.0,1018.2,1013.2,47,77,26,11.3,6.5,0.0
2023-08-02,102.3,79.9,91.9,106.3,85.1,94.6,1015.4,1017.6,1012.6,43,67,24,13.8,8.4,0.0
2023-08-03,101.8,80.3,91.1,106.1,87.1,95.2,1014.2,1016.6,1011.1,51,81,30,15.1,9.7,0.0
2023-08-04,103.9,80.0,91.9,107.6,86.3,95.5,1012.7,1014.5,1009.4,49,79,26,16.3,9.7,0.0
2023-08-05,104.2,80.3,92.4,106.6,83.9,94.9,1013.2,1015.3,1010.7,45,73,22,15.7,10.1,0.0
2023-08-06,104.2,79.3,91.6,107.6,85.6,95.4,1013.6,1016.6,1010.6,51,84,24,15.2,10.5,0.0
2023-08-07,105.3,80.1,92.1,106.8,85.3,95.6,1014.0,1016.7,1011.1,51,82,20,18.0,11.0,0.0
2023-08-08,105.0,80.2,91.6,106.5,86.3,94.9,1012.9,1016.0,1009.4,53,82,23,17.8,12.5,0.0
2023-08-09,106.3,79.7,91.5,105.3,84.7,94.3,1009.8,1012.4,1005.5,55,81,22,19.0,14.7,0.0
2023-08-10,106.1,79.4,91.8,109.1,85.6,95.4,1009.2,1011.7,1006.1,54,83,23,15.0,12.7,0.0
2023-08-11,106.2,80.5,91.8,107.6,85.0,94.7,1010.6,1012.6,1007.5,53,86,22,17.6,13.4,0.0
2023-08-12,105.6,81.4,92.1,108.2,87.4,95.7,1012.4,1014.6,1008.6,53,83,22,18.1,12.8,0.0
2023-08-13,105.5,80.9,92.1,107.3,87.2,95.5,1013.4,1015.4,1010.1,53,85,22,15.2,12.2,0.1
2023-08-14,104.4,79.2,91.9,109.8,87.0,96.1,1015.1,1017.1,1012.2,49,87,19,12.5,6.9,0.0
2023-08-15,101.6,81.5,91.6,102.6,78.7,92.0,1016.8,1020.3,1013.3,36,58,23,11.9,8.5,0.0
2023-08-16,103.1,79.2,91.3,105.3,79.9,90.7,1014.3,1017.3,1010.4,28,46,17,9.7,5.8,0.0
2023-08-17,106.9,81.4,94.4,109.4,83.8,95.7,1011.4,1013.4,1008.7,35,67,14,12.5,6.7,0.0
2023-08-18,105.4,80.5,93.3,107.5,83.3,94.7,1012.5,1015.0,1009.6,37,60,19,11.0,7.7,0.0
2023-08-19,104.7,79.2,92.1,106.1,86.9,95.4,1013.6,1016.1,1010.9,46,85,17,12.4,7.4,0.0
2023-08-20,105.1,81.2,93.6,109.4,88.1,97.3,1014.8,1017.5,1012.1,41,70,20,10.8,4.9,0.0
2023-08-21,105.5,84.9,94.9,107.2,86.6,95.9,1014.2,1015.5,1012.0,34,48,20,15.9,8.4,0.0
2023-08-22,99.5,82.8,89.2,98.5,89.7,93.4,1014.6,1016.4,1012.4,55,71,33,17.9,9.5,0.4
2023-08-23,102.1,80.3,90.7,105.0,88.7,95.4,1014.8,1017.2,1011.9,53,87,27,11.3,8.1,0.1
2023-08-24,103.2,80.6,92.6,108.6,87.7,97.1,1014.1,1016.6,1011.2,44,78,23,8.3,4.6,0.0
2023-08-25,105.1,83.4,94.6,109.7,88.1,97.5,1012.8,1015.1,1010.6,38,57,24,12.2,6.1,0.0
2023-08-26,104.6,82.0,93.4,105.7,88.7,96.1,1012.4,1015.0,1009.0,39,69,18,11.0,5.6,0.0
2023-08-27,106.0,83.4,92.4,109.8,86.7,94.6,1010.4,1012.0,1007.5,42,58,21,16.6,8.2,0.0
2023-08-28,100.5,79.2,89.6,103.5,86.3,92.0,1010.4,1012.2,1007.5,44,77,20,11.5,7.2,0.0
2023-08-29,99.1,77.3,88.8,98.2,85.6,91.3,1011.5,1014.1,1008.4,46,84,24,13.4,7.2,0.5
2023-08-30,99.1,76.2,88.6,99.4,76.9,88.1,1011.1,1014.1,1007.8,34,52,21,11.8,6.4,0.2
2023-08-31,99.8,78.2,89.0,101.4,78.9,89.1,1010.7,1012.5,1008.7,33,49,21,8.4,5.2,0.0
2023-09-01,99.3,76.2,88.7,102.0,80.4,90.5,1014.1,1016.1,1012.3,40,69,23,8.9,5.0,0.0
2023-09-02,99.7,76.5,89.4,101.7,80.4,90.8,1014.9,1017.0,1012.4,39,67,19,13.0,5.8,0.0
2023-09-03,100.6,79.3,90.0,102.9,84.0,92.5,1013.1,1015.9,1009.3,44,72,23,12.2,7.2,0.0
2023-09-04,99.7,79.4,89.7,102.4,85.1,93.3,1009.9,1012.0,1006.7,54,84,30,15.4,10.6,0.2
2023-09-05,103.1,81.1,91.0,104.5,87.7,94.3,1010.7,1012.7,1008.0,54,84,24,15.5,12.1,0.0
2023-09-06,100.9,80.2,90.9,107.1,87.7,96.2,1013.4,1015.9,1010.8,53,85,28,12.8,6.8,0.0
2023-09-07,102.0,81.1,92.6,107.8,88.3,96.8,1012.3,1014.7,1009.6,46,77,24,12.2,6.1,0.2
2023-09-08,105.3,82.1,94.3,108.3,86.9,97.1,1012.0,1013.9,1009.6,40,66,20,11.8,7.0,0.0
2023-09-09,100.8,79.6,89.0,104.3,84.0,92.8,1014.4,1017.4,1012.2,50,73,27,17.2,7.3,0.2
2023-09-10,99.0,79.5,88.3,100.0,80.5,89.3,1015.7,1018.9,1013.0,42,76,19,9.6,7.6,0.0
2023-09-11,97.8,76.6,86.7,99.9,76.8,88.0,1014.7,1018.8,1011.4,42,75,27,9.9,6.1,0.0
2023-09-12,96.2,77.9,85.9,98.1,80.8,88.1,1014.1,1016.3,1011.5,51,69,30,12.8,7.8,0.0
2023-09-13,86.3,76.0,79.4,92.7,78.7,83.8,1014.6,1017.1,1011.8,71,89,55,10.7,7.2,19.9
2023-09-14,90.5,73.7,78.5,97.6,81.0,86.0,1013.1,1014.5,1010.4,83,96,53,9.3,5.3,24.9
2023-09-15,86.0,72.9,78.5,94.8,77.2,85.5,1014.7,1016.7,1013.0,81,97,63,10.2,4.9,1.1
2023-09-16,82.6,71.7,76.1,90.8,78.5,83.3,1016.3,1019.0,1014.4,86,98,68,8.1,4.0,13.6
2023-09-17,86.8,70.9,78.3,92.7,75.3,82.8,1016.9,1019.0,1014.7,70,96,47,10.1,5.5,0.2
2023-09-18,89.6,69.9,79.7,95.3,73.3,83.1,1015.5,1017.9,1012.6,58,80,32,10.9,3.7,0.0
2023-09-19,90.0,73.0,82.0,93.0,77.8,84.5,1012.8,1014.6,1009.9,60,84,43,13.5,8.9,0.0
2023-09-20,93.8,73.8,83.9,98.8,77.5,87.7,1011.2,1012.7,1008.8,63,88,43,11.8,9.6,0.0
2023-09-21,94.3,75.6,85.0,100.7,83.3,91.2,1013.4,1016.0,1011.4,66,92,43,10.6,7.3,0.1
2023-09-22,95.8,76.2,85.3,101.4,83.5,91.0,1013.0,1014.9,1010.3,66,91,43,11.0,8.2,0.4
2023-09-23,98.0,78.4,87.4,103.9,86.8,92.7,1011.0,1013.4,1008.3,62,90,38,12.5,9.8,0.1
2023-09-24,99.7,78.7,87.1,104.2,85.2,91.6,1010.1,1011.7,1008.3,62,89,36,13.0,10.7,0.1
2023-09-25,91.8,78.3,83.7,101.0,86.2,91.7,1013.9,1017.4,1011.3,73,92,51,11.0,5.2,1.3
2023-09-26,93.8,74.8,83.8,98.9,81.9,89.5,1015.5,1017.8,1012.6,63,91,35,8.3,4.5,0.0
2023-09-27,93.6,73.9,83.8,96.5,80.8,88.7,1014.0,1015.9,1011.1,60,87,30,10.7,4.0,0.0
2023-09-28,94.5,73.1,83.9,97.8,79.5,88.0,1013.1,1015.2,1010.5,57,89,33,8.5,5.1,0.0
2023-09-29,94.6,74.3,84.3,96.9,81.9,88.1,1013.8,1015.9,1011.6,58,92,31,13.0,6.6,0.0
2023-09-30,94.2,72.8,83.6,96.5,77.8,86.9,1015.6,1018.2,1012.9,57,92,31,13.0,6.2,0.8
2023-10-01,93.1,73.2,82.9,92.9,77.9,85.0,1016.5,1018.9,1013.9,55,87,33,11.0,6.7,1.5
2023-10-02,94.0,73.8,83.2,93.6,78.7,85.1,1015.6,1017.7,1012.6,52,80,30,11.0,6.8,0.0
2023-10-03,91.0,72.7,81.0,96.3,77.1,85.8,1013.3,1015.0,1010.0,66,83,44,13.9,5.8,0.0
2023-10-04,92.7,76.7,83.2,98.6,83.0,89.6,1011.1,1013.2,1007.2,73,93,40,14.5,8.2,4.4
2023-10-05,84.5,69.4,76.4,86.2,72.8,81.0,1014.9,1017.6,1011.3,78,95,46,13.0,6.3,24.4
2023-10-06,84.4,69.8,76.4,83.9,72.2,77.3,1018.8,1021.0,1017.2,62,89,39,10.8,7.7,0.0
2023-10-07,74.6,63.3,68.7,71.6,55.5,62.9,1023.6,1027.1,1020.9,41,58,26,15.3,10.4,0.0
2023-10-08,76.2,55.5,66.1,74.7,51.6,62.8,1020.2,1023.8,1016.6,44,67,32,7.2,4.7,0.0
2023-10-09,81.9,57.4,70.5,79.0,54.5,68.4,1013.6,1016.1,1010.4,54,77,39,13.1,7.6,0.0
2023-10-10,79.5,66.4,72.2,79.2,68.3,73.4,1010.8,1012.8,1008.8,72,85,54,12.5,7.3,0.0
2023-10-11,76.5,65.7,69.5,78.6,69.2,72.1,1006.6,1008.9,1003.8,84,95,65,9.0,6.0,6.2
2023-10-12,83.1,65.6,73.0,82.9,66.7,73.9,1005.1,1006.8,1002.9,77,89,53,13.5,10.9,0.3
2023-10-13,88.2,69.6,77.2,94.1,65.1,79.1,1010.2,1016.3,1006.6,64,93,29,13.9,7.1,1.2
2023-10-14,78.2,61.5,68.6,73.1,54.8,62.8,1019.9,1022.5,1016.4,37,45,27,13.2,9.4,0.0
2023-10-15,72.5,56.8,64.1,65.1,51.1,57.7,1023.1,1025.5,1021.2,43,57,33,16.9,10.6,0.0
2023-10-16,71.2,51.6,60.7,64.7,46.9,55.6,1024.6,1028.0,1021.4,51,74,31,13.2,8.0,0.0
2023-10-17,74.0,47.2,61.9,71.8,44.2,58.7,1020.5,1023.4,1016.9,49,83,31,7.0,3.6,0.0
2023-10-18,81.1,52.9,67.4,75.1,49.5,63.4,1015.4,1017.8,1012.3,51,75,29,14.5,8.7,0.0
2023-10-19,85.8,61.7,72.5,82.4,61.5,70.7,1015.3,1017.1,1014.0,53,89,22,10.5,6.4,0.0
2023-10-20,93.5,60.1,76.2,90.2,55.4,72.7,1013.4,1015.7,1010.4,34,51,15,8.1,5.4,0.0
2023-10-21,91.5,58.7,76.6,90.0,56.6,74.8,1012.1,1013.9,1010.2,40,67,23,10.0,4.7,0.0
2023-10-22,87.7,68.5,77.5,88.1,73.1,80.0,1012.5,1014.6,1009.4,70,97,35,12.1,8.2,0.2
2023-10-23,85.1,71.6,75.3,86.5,73.8,78.2,1012.5,1014.7,1010.4,81,96,48,16.8,10.5,11.6
2023-10-24,82.2,71.8,76.1,85.4,73.6,78.4,1012.6,1014.3,1010.7,81,92,63,18.2,13.1,9.3
2023-10-25,87.3,71.3,77.3,87.1,74.9,80.3,1013.4,1015.0,1010.6,81,96,51,16.8,12.4,5.7
2023-10-26,82.6,72.1,75.6,88.1,77.1,81.0,1013.9,1015.6,1012.2,89,98,72,13.9,8.8,56.5
2023-10-27,83.8,70.6,76.5,90.0,76.1,82.7,1016.5,1018.6,1015.1,88,98,68,9.2,7.2,9.2
2023-10-28,84.2,72.0,76.7,88.1,78.9,82.7,1015.4,1018.0,1012.2,86,99,62,11.2,7.3,11.4
2023-10-29,74.1,43.9,62.4,80.2,32.1,60.7,1017.2,1024.8,1013.5,84,98,70,20.1,12.3,19.0
2023-10-30,49.4,41.7,45.2,39.9,30.9,34.4,1026.7,1029.1,1024.9,65,89,42,21.5,16.9,13.5
2023-10-31,57.2,43.8,49.4,48.4,36.6,41.5,1029.0,1031.4,1027.2,50,72,38,13.5,9.9,0.9
2023-11-01,56.8,39.2,47.3,52.1,32.7,41.2,1030.5,1034.0,1028.0,58,74,40,8.7,6.3,0.0
2023-11-02,60.5,39.5,50.6,55.1,34.4,46.1,1026.8,1029.2,1024.6,62,87,41,6.3,3.8,0.0
2023-11-03,72.0,48.4,60.2,69.8,44.7,58.5,1023.0,1025.1,1020.7,77,92,57,10.7,6.3,0.2
2023-11-04,76.2,55.1,64.7,76.0,54.2,65.3,1021.1,1023.7,1018.7,82,100,51,8.2,5.6,0.0
2023-11-05,78.0,57.7,67.6,78.5,58.1,69.0,1019.2,1022.1,1016.8,82,100,55,9.6,5.8,0.0
2023-11-06,80.0,65.0,71.4,78.1,66.2,71.5,1015.6,1017.3,1013.3,77,96,53,16.0,10.6,0.0
2023-11-07,83.4,64.6,72.8,83.3,65.3,73.3,1013.7,1015.9,1011.5,74,94,52,13.8,10.3,0.0
2023-11-08,83.6,67.1,73.7,85.2,69.4,75.6,1012.5,1014.4,1010.6,80,95,55,15.0,10.1,0.3
2023-11-09,73.8,58.1,67.1,80.8,54.3,69.6,1014.2,1018.3,1011.9,94,98,88,13.5,7.8,33.4
2023-11-10,61.5,54.9,57.7,56.9,50.3,53.4,1020.0,1022.6,1018.1,82,93,72,15.1,11.9,4.8
2023-11-11,65.5,55.0,59.5,63.3,51.3,56.8,1022.5,1024.2,1020.7,76,85,66,11.1,7.8,0.2
2023-11-12,61.3,56.0,58.3,59.0,53.7,56.3,1024.9,1027.3,1023.2,84,94,76,9.2,7.2,13.4
2023-11-13,64.8,54.9,59.3,62.2,50.3,56.7,1025.3,1027.1,1023.4,83,95,68,11.6,9.0,3.8
2023-11-14,68.6,54.0,60.4,66.6,50.8,58.2,1023.2,1025.3,1020.8,73,88,58,8.6,6.3,0.0
2023-11-15,71.3,51.5,60.0,70.2,50.2,59.0,1021.0,1023.4,1018.8,79,97,53,7.6,4.7,0.0
2023-11-16,67.0,49.4,57.3,67.6,47.4,56.5,1018.2,1021.0,1014.8,86,98,68,5.9,3.9,0.0
2023-11-17,78.9,53.7,63.7,80.2,51.7,62.9,1014.2,1018.0,1011.5,81,97,55,10.8,7.7,0.0
2023-11-18,71.4,57.0,64.0,71.2,56.5,63.1,1017.7,1020.4,1015.8,76,93,56,9.6,6.7,0.2
2023-11-19,69.7,55.0,63.4,70.0,54.2,63.7,1011.2,1015.7,1006.9,90,96,79,13.0,8.0,2.0
2023-11-20,78.6,62.0,68.5,79.5,55.4,68.2,1008.1,1016.2,1004.7,75,98,38,14.9,8.9,2.9
2023-11-21,60.6,49.8,56.4,53.5,43.6,48.0,1022.8,1026.7,1016.8,57,67,47,20.2,14.8,0.0
2023-11-22,62.3,41.7,51.9,57.1,34.1,45.6,1024.2,1027.7,1020.4,47,65,32,9.4,6.1,0.0
2023-11-23,55.9,42.4,49.8,51.9,36.6,45.1,1018.9,1020.5,1017.0,69,85,60,8.1,5.5,0.5
2023-11-24,63.4,42.2,52.0,59.9,39.0,48.9,1021.0,1023.3,1019.4,77,98,56,7.4,4.5,0.0
2023-11-25,61.1,44.3,53.1,57.1,39.9,49.8,1019.0,1022.3,1015.5,77,92,56,7.5,5.2,0.9
2023-11-26,54.7,44.1,50.8,53.0,37.1,44.0,1022.1,1027.4,1016.4,64,94,39,17.8,10.4,0.0
2023-11-27,54.7,39.3,47.5,48.1,32.5,40.8,1028.2,1030.1,1026.6,50,63,38,9.3,6.0,0.0
2023-11-28,57.4,46.1,50.7,52.6,40.3,45.2,1028.6,1031.3,1026.3,49,59,37,6.3,4.1,0.0
2023-11-29,60.9,43.8,53.5,57.6,38.1,49.2,1021.7,1026.2,1016.3,63,74,47,10.0,5.2,0.7
2023-11-30,74.8,57.4,64.3,74.5,55.5,64.4,1008.7,1015.7,1004.2,89,99,70,19.5,8.9,5.6
2023-12-01,68.2,51.3,58.3,63.3,47.5,54.8,1011.8,1014.3,1009.5,69,98,41,10.5,6.9,0.0
2023-12-02,70.0,46.4,56.9,66.8,42.8,53.0,1014.4,1016.9,1012.5,65,85,38,10.3,5.6,0.0
2023-12-03,71.7,47.4,59.0,64.7,40.6,52.7,1016.9,1019.8,1014.8,48,64,28,13.5,8.6,0.0
2023-12-04,65.2,47.1,55.3,58.9,40.2,49.4,1021.2,1024.1,1017.0,49,62,29,8.7,6.7,0.0
2023-12-05,68.7,43.3,55.5,66.8,39.5,52.3,1024.6,1027.4,1022.7,61,80,41,7.2,2.8,0.0
2023-12-06,66.1,43.4,54.0,61.0,38.7,49.6,1027.5,1031.1,1025.2,59,84,35,5.4,4.5,0.0
2023-12-07,72.6,46.2,59.5,67.9,42.6,55.6,1019.0,1024.8,1013.7,69,89,50,16.9,9.3,0.0
2023-12-08,77.5,62.5,67.8,76.3,60.5,67.3,1010.6,1013.2,1007.7,80,94,58,15.5,10.4,0.1
2023-12-09,72.2,53.2,65.4,70.7,41.1,62.4,1016.2,1026.1,1010.8,65,100,34,18.8,10.2,0.0
2023-12-10,57.1,41.4,49.0,48.0,32.7,39.3,1027.5,1031.8,1024.2,33,46,19,18.0,10.7,0.0
2023-12-11,63.0,35.4,49.0,54.2,28.4,41.9,1023.5,1025.4,1021.7,45,70,26,10.3,6.5,0.0
2023-12-12,67.6,41.9,55.4,61.7,37.1,50.8,1026.4,1028.8,1024.6,65,88,42,11.4,6.9,0.0
2023-12-13,57.7,52.2,54.4,52.3,46.3,49.0,1029.1,1031.6,1027.1,64,90,47,9.6,8.0,3.8
2023-12-14,66.3,49.5,57.3,64.0,43.6,53.0,1027.4,1030.3,1024.3,61,83,50,9.8,7.0,0.0
2023-12-15,62.5,54.6,58.4,63.9,51.9,57.4,1022.5,1024.2,1020.4,87,96,75,9.9,5.8,7.9
2023-12-16,63.2,45.0,52.5,55.0,39.9,46.2,1023.0,1025.6,1020.5,64,89,33,15.8,9.1,0.0
2023-12-17,67.8,38.0,51.8,61.8,32.8,46.7,1019.7,1022.6,1016.5,63,91,34,7.9,5.7,0.0
2023-12-18,66.1,46.3,53.9,59.1,41.3,48.3,1022.8,1025.5,1018.6,60,86,36,11.6,7.7,0.0
2023-12-19,65.4,39.3,52.8,58.6,33.0,47.6,1023.6,1026.3,1021.2,61,80,38,9.9,6.4,0.0
2023-12-20,70.9,48.6,59.9,66.4,45.3,57.5,1022.2,1024.5,1020.2,81,97,56,14.4,8.2,0.1
2023-12-21,63.0,57.0,60.1,64.8,57.2,60.7,1023.1,1025.3,1021.7,95,98,89,9.1,5.6,6.0
2023-12-22,70.3,55.5,61.7,72.4,55.1,63.1,1021.5,1023.6,1019.5,91,99,70,5.5,3.6,0.7
2023-12-23,70.3,57.8,63.0,70.0,59.1,63.7,1016.6,1020.7,1012.3,93,100,74,12.5,7.2,10.1
2023-12-24,72.9,56.0,63.7,71.5,48.9,62.4,1010.8,1014.6,1007.6,77,98,46,12.5,8.0,12.9
2023-12-25,55.2,42.3,48.3,48.2,34.0,40.6,1019.4,1022.1,1015.9,56,66,44,14.2,9.6,0.0
2023-12-26,58.1,37.4,46.7,50.7,31.6,40.9,1017.9,1021.4,1014.2,63,84,43,10.5,5.7,0.0
2023-12-27,60.9,37.6,49.4,54.1,32.1,43.3,1018.7,1021.1,1017.0,63,88,36,10.9,7.4,0.0
2023-12-28,57.8,37.2,47.2,50.7,31.5,41.6,1021.8,1024.6,1019.7,67,88,45,10.3,5.9,0.0
2023-12-29,57.2,35.5,45.4,49.7,29.1,38.9,1024.9,1028.4,1021.9,65,89,39,10.3,7.1,0.0
2023-12-30,64.8,36.2,49.9,59.0,30.1,44.1,1022.2,1024.8,1019.8,58,82,36,7.2,6.0,0.0
2023-12-31,69.3,40.8,55.7,65.0,34.3,51.6,1018.9,1020.9,1016.4,65,93,52,11.1,6.8,0.0
2024-01-01,55.4,41.5,48.7,52.6,33.6,42.1,1025.0,1028.5,1019.6,70,98,49,13.2,9.8,0.0
2024-01-02,50.4,38.8,45.1,46.1,33.2,39.5,1023.3,1026.7,1019.7,79,93,62,12.1,7.0,17.1
2024-01-03,53.8,42.7,47.3,47.8,37.1,42.4,1021.3,1023.0,1019.1,83,95,67,10.1,7.1,0.0
2024-01-04,58.2,36.5,47.9,51.8,31.1,43.2,1019.2,1022.6,1014.5,84,99,60,13.6,7.1,3.8
2024-01-05,63.0,46.5,52.7,56.1,41.0,49.0,1012.3,1015.5,1009.5,77,99,37,11.1,5.9,0.9
2024-01-06,58.5,37.9,48.3,56.3,32.9,44.2,1015.1,1019.2,1012.9,73,91,56,7.2,4.3,0.0
2024-01-07,62.2,38.1,50.1,54.4,33.0,44.4,1018.4,1023.1,1012.6,72,93,46,16.6,8.2,0.0
2024-01-08,65.2,50.4,58.4,61.7,37.6,50.3,1004.6,1011.2,1001.0,63,97,13,27.0,17.0,18.4
2024-01-09,54.4,36.3,45.7,43.5,29.2,34.9,1014.1,1017.6,1010.0,43,73,29,20.5,13.9,0.0
2024-01-10,63.2,37.0,48.8,55.3,30.3,41.4,1011.4,1014.4,1008.6,56,84,39,16.9,9.3,0.0
2024-01-11,71.0,45.6,57.9,67.2,41.1,55.0,1005.3,1009.9,998.7,84,97,64,17.7,9.6,0.0
2024-01-12,64.0,37.7,49.8,62.2,29.2,40.0,1012.6,1019.0,998.4,47,96,23,24.8,14.0,1.2
2024-01-13,60.5,35.1,47.0,53.5,27.4,39.9,1017.7,1021.8,1015.3,58,72,47,14.8,8.3,0.0
2024-01-14,37.6,20.0,28.2,27.8,8.5,17.6,1023.7,1026.7,1021.3,57,77,43,13.7,11.6,0.8
2024-01-15,37.8,17.8,25.1,27.5,6.9,14.4,1024.7,1029.8,1021.4,67,87,41,15.7,11.8,1.6
2024-01-16,31.0,17.4,23.2,19.6,4.3,11.5,1032.1,1034.7,1030.4,37,50,23,16.8,12.0,0.0
2024-01-17,44.0,18.5,30.5,32.3,11.3,21.9,1026.1,1031.6,1020.0,39,75,12,12.2,5.6,0.0
2024-01-18,69.4,33.9,49.6,67.5,26.5,44.5,1016.0,1019.9,1012.5,69,88,42,9.5,6.3,0.0
2024-01-19,48.0,30.7,39.6,40.5,20.5,28.2,1029.7,1034.5,1019.5,47,65,36,19.0,15.1,0.0
2024-01-20,40.9,25.3,33.5,31.4,14.6,23.8,1034.1,1037.4,1031.8,39,46,33,10.9,9.0,0.0
2024-01-21,40.1,37.7,39.0,33.3,29.9,31.7,1028.2,1031.7,1023.3,64,94,40,11.2,6.8,3.8
2024-01-22,63.6,41.8,51.7,62.0,35.6,49.4,1016.8,1022.1,1013.3,93,99,73,10.4,5.4,26.6
2024-01-23,66.0,53.6,58.8,69.4,53.3,59.7,1013.9,1016.2,1012.0,97,100,88,8.2,4.2,13.8
2024-01-24,61.4,52.8,56.4,61.2,51.1,55.1,1016.2,1019.2,1014.3,94,99,82,9.4,6.3,20.2
2024-01-25,65.0,47.3,54.9,64.3,44.5,53.4,1017.6,1020.0,1016.0,86,99,64,6.9,4.2,3.3
2024-01-26,65.7,43.1,53.5,65.4,39.8,51.7,1016.6,1018.5,1013.7,89,100,67,8.9,4.7,0.1
2024-01-27,60.7,44.8,52.5,53.6,40.7,46.9,1023.3,1027.9,1018.3,78,97,51,17.3,10.5,0.0
2024-01-28,62.5,38.8,49.3,59.1,33.8,44.9,1029.5,1032.0,1028.1,72,93,44,7.0,5.0,0.0
2024-01-29,68.9,39.4,53.4,66.0,33.4,49.2,1026.8,1029.3,1023.5,64,83,39,6.7,5.3,0.0
2024-01-30,70.0,45.0,55.7,68.6,40.3,52.0,1023.5,1025.6,1021.7,64,83,38,7.2,5.0,0.0
2024-01-31,71.2,44.8,56.4,69.0,39.3,52.4,1022.8,1025.2,1020.8,60,78,36,7.6,5.5,0.0
2024-02-01,70.9,47.7,58.8,67.0,42.9,55.6,1018.0,1022.3,1014.1,73,92,57,15.5,8.1,0.0
2024-02-02,68.1,55.6,61.9,69.7,55.1,61.5,1010.0,1014.3,1005.6,92,98,78,14.4,8.6,23.4
2024-02-03,71.2,51.3,60.4,65.5,45.9,57.1,1003.5,1006.2,1000.5,66,99,24,13.5,6.7,24.7
2024-02-04,65.6,51.0,58.5,55.9,43.6,49.7,1005.2,1012.6,1001.5,42,59,31,23.3,13.8,0.0
2024-02-05,62.9,50.1,55.3,56.8,41.5,48.0,1018.2,1021.2,1013.2,65,79,51,19.6,13.6,0.0
2024-02-06,65.8,42.2,54.1,63.9,37.7,50.8,1020.9,1024.0,1018.6,68,92,40,5.9,4.2,0.0
2024-02-07,69.1,46.6,58.0,61.8,42.0,52.8,1015.3,1019.1,1011.5,71,89,50,18.0,11.4,0.0
2024-02-08,71.2,59.0,63.1,70.7,57.5,63.1,1014.8,1017.0,1013.5,74,96,43,7.8,3.4,1.8
2024-02-09,74.5,60.0,66.3,75.4,59.3,67.8,1013.4,1015.3,1011.4,84,97,61,11.0,5.7,0.5
2024-02-10,68.5,59.9,63.5,68.6,59.8,64.7,1010.0,1013.1,1007.0,92,99,75,15.1,6.2,14.1
2024-02-11,65.4,46.7,58.5,64.2,38.0,54.8,1009.0,1016.1,1004.2,78,100,53,15.3,10.6,14.5
2024-02-12,58.9,42.3,48.7,51.5,32.5,40.9,1019.4,1021.7,1016.9,60,81,41,17.0,11.4,0.0
2024-02-13,64.2,39.9,51.3,59.9,34.8,47.1,1021.9,1024.9,1019.3,66,87,43,8.5,4.7,0.0
2024-02-14,67.5,42.0,55.4,64.1,37.3,51.8,1021.1,1023.6,1018.6,73,90,52,11.4,7.0,0.0
2024-02-15,72.1,55.1,63.0,72.6,53.9,62.7,1019.9,1022.3,1017.7,79,92,59,8.7,5.5,0.0
2024-02-16,73.1,53.4,63.4,71.6,45.0,61.2,1015.4,1018.7,1012.1,75,93,58,14.8,9.2,0.6
2024-02-17,52.3,39.4,44.4,43.4,27.3,33.5,1024.5,1027.9,1019.5,53,60,45,20.4,15.6,0.0
2024-02-18,51.4,32.5,41.6,46.6,24.2,34.4,1025.6,1028.9,1021.7,49,62,36,10.4,6.2,0.0
2024-02-19,65.2,35.5,50.1,58.3,29.0,44.3,1021.5,1023.9,1019.1,62,83,47,14.7,8.0,0.0
2024-02-20,76.4,44.8,60.3,74.6,40.4,58.0,1022.2,1024.9,1020.0,77,97,48,11.6,8.0,0.0
2024-02-21,76.7,58.0,65.5,74.4,57.1,63.4,1018.0,1021.8,1012.9,82,98,56,17.8,12.6,0.0
2024-02-22,84.5,61.7,70.2,83.8,57.6,67.5,1011.0,1013.6,1007.4,60,93,17,12.6,9.9,0.0
2024-02-23,72.9,55.1,63.4,67.5,49.6,57.8,1017.7,1020.7,1013.6,46,61,28,12.5,9.0,0.0
2024-02-24,77.4,46.3,62.4,72.9,42.3,57.4,1020.7,1023.4,1018.4,46,78,23,13.4,6.9,0.0
2024-02-25,83.0,56.7,68.3,79.7,50.8,65.0,1015.9,1019.6,1012.0,63,92,43,16.6,12.4,0.0
2024-02-26,86.5,60.3,71.4,87.6,60.7,72.2,1012.3,1015.1,1008.3,77,95,46,13.3,9.5,0.0
2024-02-27,85.7,63.6,72.2,86.6,63.8,73.4,1007.2,1010.2,1003.7,79,97,48,14.6,9.8,0.1
2024-02-28,68.7,47.0,56.9,71.7,36.4,48.6,1020.2,1028.6,1008.0,48,95,27,21.7,14.8,0.0
2024-02-29,52.0,43.9,47.8,46.7,34.7,40.5,1025.3,1028.1,1022.5,51,84,30,11.5,7.6,1.5
2024-03-01,71.1,42.0,55.4,69.8,38.1,53.4,1019.2,1022.5,1016.0,73,95,47,6.5,3.9,0.0
2024-03-02,79.2,46.9,63.0,78.2,43.5,61.3,1015.9,1018.2,1013.0,76,98,42,12.0,8.3,0.0
2024-03-03,81.1,60.5,69.8,80.4,59.3,69.3,1012.2,1014.3,1009.0,76,96,49,14.3,10.8,0.3
2024-03-04,84.0,65.6,73.3,86.3,65.7,75.2,1009.9,1012.0,1007.1,75,100,43,13.2,8.1,0.5
2024-03-05,86.1,59.4,71.2,83.8,58.1,70.2,1009.6,1011.5,1008.0,59,97,19,11.9,6.5,0.0
2024-03-06,83.3,55.7,69.0,83.7,54.2,68.5,1010.9,1013.4,1008.4,63,89,43,11.3,6.6,0.0
2024-03-07,76.0,62.7,69.1,76.6,62.7,70.1,1007.7,1011.0,1004.6,84,97,56,13.7,9.5,5.6
2024-03-08,80.0,53.0,69.8,77.6,45.2,67.9,1007.8,1016.1,1004.6,65,97,28,20.1,10.6,12.7
2024-03-09,62.2,44.7,53.1,54.4,34.6,44.4,1021.2,1024.4,1016.8,55,70,41,18.9,14.0,0.0
2024-03-10,64.4,44.7,56.1,61.4,40.1,51.4,1024.4,1027.3,1022.1,48,71,36,7.1,4.5,0.0
2024-03-11,75.7,48.0,61.4,71.9,43.6,58.0,1022.0,1024.8,1018.5,56,84,29,10.8,6.1,0.0
2024-03-12,77.6,54.0,66.1,74.8,53.5,64.5,1016.3,1020.2,1011.7,76,97,50,14.5,9.5,0.2
2024-03-13,85.0,63.2,71.9,85.3,63.5,72.2,1009.5,1013.0,1005.8,78,95,47,17.4,11.3,0.1
2024-03-14,84.6,69.3,74.9,83.4,70.2,76.0,1007.9,1010.4,1006.0,81,96,52,19.3,13.6,2.0
2024-03-15,77.8,64.4,70.8,78.3,62.0,73.0,1013.3,1017.1,1010.6,83,98,60,14.3,8.3,8.0
2024-03-16,73.9,62.4,66.8,78.1,61.1,67.9,1013.8,1017.3,1010.3,87,96,74,11.5,8.0,3.5
2024-03-17,69.7,58.7,64.6,68.3,53.4,63.5,1013.5,1018.1,1010.8,84,98,64,16.1,10.2,2.5
2024-03-18,65.2,50.5,59.2,59.3,45.8,52.1,1023.0,1026.3,1018.2,46,69,37,15.1,11.5,0.0
2024-03-19,61.5,45.0,53.9,57.4,40.9,49.0,1023.2,1026.4,1019.4,54,76,40,8.1,5.5,0.0
2024-03-20,66.4,46.0,57.5,63.2,42.2,54.7,1017.6,1019.8,1014.9,73,91,60,9.2,6.0,0.0
2024-03-21,70.5,57.9,62.7,73.4,58.6,64.3,1012.4,1016.0,1008.0,90,100,73,6.4,3.8,31.5
2024-03-22,76.1,53.3,63.7,76.0,52.9,62.7,1012.0,1017.3,1009.7,78,100,43,17.3,7.7,0.0
2024-03-23,71.1,53.0,61.8,70.5,51.6,61.1,1017.4,1021.6,1013.0,77,94,55,8.2,5.0,0.0
2024-03-24,73.0,57.9,65.6,67.0,53.2,61.6,1005.5,1012.5,999.9,75,88,58,23.9,15.4,0.6
2024-03-25,76.2,54.4,66.2,72.1,48.8,62.5,1001.0,1007.7,998.1,60,91,27,18.6,10.9,13.8
2024-03-26,63.4,46.1,55.2,62.1,38.2,50.5,1013.2,1016.4,1008.8,55,66,49,10.1,6.9,0.0
2024-03-27,65.9,46.5,54.7,64.6,42.8,52.2,1018.7,1021.4,1014.9,73,94,55,7.8,4.2,2.3
2024-03-28,74.9,47.1,60.8,74.6,44.0,59.0,1021.4,1024.5,1018.5,74,96,44,13.5,7.1,0.0
2024-03-29,77.0,57.6,66.2,72.0,54.7,62.6,1016.2,1019.4,1012.7,72,92,46,19.5,13.6,0.0
2024-03-30,78.0,60.5,69.1,78.2,60.0,68.3,1013.5,1015.1,1011.3,77,94,59,16.4,11.3,0.1
2024-03-31,82.7,62.4,71.2,83.1,63.3,71.8,1010.3,1013.6,1006.3,82,95,58,15.2,11.6,0.6
2024-04-01,85.5,68.7,75.6,86.9,69.1,77.1,1005.3,1009.4,1000.0,80,96,59,20.9,13.9,4.7
2024-04-02,71.2,56.8,65.4,68.9,49.8,59.8,1011.3,1016.6,1006.9,46,54,38,15.9,11.3,0.0
2024-04-03,77.3,51.0,62.7,73.0,45.2,58.2,1015.2,1017.7,1011.7,50,67,27,12.0,8.3,0.0
2024-04-04,83.8,51.2,66.8,83.0,47.8,64.9,1014.6,1016.7,1012.3,52,80,23,7.1,4.7,0.0
2024-04-05,82.8,57.6,69.5,78.8,53.2,64.7,1015.3,1017.5,1013.0,44,61,26,15.9,10.3,0.0
2024-04-06,77.5,60.7,69.1,74.7,58.2,67.0,1011.7,1015.0,1008.3,77,94,62,20.0,14.4,0.3
2024-04-07,77.6,64.0,69.4,76.0,59.0,67.9,1012.2,1015.3,1010.2,57,95,23,13.5,5.6,0.7
2024-04-08,82.1,62.2,71.2,86.0,60.8,74.1,1009.5,1012.0,1006.8,84,100,58,17.2,7.2,9.3
2024-04-09,81.2,65.8,71.5,87.0,63.6,75.1,1004.6,1007.9,1001.0,87,99,61,18.4,7.4,36.5
2024-04-10,72.9,59.9,65.2,66.1,52.4,59.8,1008.1,1013.8,1005.5,64,93,41,20.7,15.5,4.7
2024-04-11,78.3,56.7,66.2,75.6,50.8,62.5,1017.4,1021.2,1013.9,50,71,29,11.5,8.4,0.0
2024-04-12,78.9,56.2,67.4,77.3,54.0,65.4,1023.0,1025.6,1021.2,58,77,40,12.5,7.9,0.0
2024-04-13,81.1,59.5,70.0,79.3,60.4,68.7,1020.9,1023.6,1016.8,70,96,46,16.9,11.5,0.0
2024-04-14,84.9,63.8,73.3,85.9,64.4,73.2,1015.5,1019.3,1011.7,73,94,49,15.0,12.4,0.2
2024-04-15,87.8,68.8,75.2,86.7,70.0,75.7,1010.5,1013.5,1007.2,77,89,49,19.7,14.0,0.3
2024-04-16,81.9,69.7,74.2,86.2,70.1,78.4,1010.2,1012.1,1008.1,85,98,69,17.2,8.2,12.9
2024-04-17,81.8,70.6,75.7,87.9,75.6,81.1,1012.5,1014.2,1010.9,85,97,70,12.6,6.8,1.2
2024-04-18,88.1,68.9,77.2,93.7,73.6,81.8,1012.5,1014.8,1009.8,79,95,57,12.9,7.4,2.2
2024-04-19,78.3,67.0,71.7,80.0,63.8,73.3,1015.8,1017.9,1013.6,75,97,60,13.0,7.6,0.0
2024-04-20,73.4,55.5,66.6,73.9,51.1,66.4,1016.0,1020.7,1013.4,84,96,75,16.5,10.2,34.7
2024-04-21,67.9,51.5,58.4,62.9,44.1,53.0,1023.8,1026.3,1020.8,68,93,46,17.2,12.8,2.1
2024-04-22,70.0,50.0,60.4,69.2,46.7,57.8,1022.5,1025.8,1018.6,63,79,48,11.6,6.3,0.0
2024-04-23,74.9,54.5,65.8,75.1,52.7,64.8,1017.0,1019.4,1014.2,79,93,67,14.2,9.9,0.1
2024-04-24,81.4,67.2,73.7,84.8,70.1,76.4,1016.9,1019.0,1015.1,81,97,64,12.4,9.3,1.4
2024-04-25,83.9,66.4,74.6,83.6,68.3,75.8,1013.0,1017.3,1009.0,82,96,60,19.2,14.2,1.9
2024-04-26,81.7,67.9,73.1,80.9,70.7,74.6,1007.8,1010.0,1006.5,87,95,66,21.9,14.2,14.2
2024-04-27,83.6,70.8,76.3,83.0,70.9,77.0,1007.5,1009.8,1003.9,83,96,64,24.8,17.9,2.7
2024-04-28,80.6,67.6,73.2,85.2,69.8,75.3,1008.5,1011.1,1005.9,86,98,68,20.1,12.3,22.9
2024-04-29,85.8,66.7,75.8,91.0,71.5,80.4,1011.0,1012.5,1009.2,76,99,42,9.9,5.7,0.6
2024-04-30,85.0,65.3,75.3,89.5,69.3,78.8,1011.9,1014.4,1009.3,78,99,59,12.5,8.5,0.9
2024-05-01,79.5,67.5,72.1,83.2,70.8,75.6,1009.3,1011.3,1006.4,90,100,78,14.5,9.7,20.1
2024-05-02,79.7,68.8,73.9,84.6,70.9,78.3,1007.2,1009.0,1005.5,87,96,72,11.8,8.3,49.6
2024-05-03,80.1,68.2,74.2,82.9,71.4,78.4,1009.8,1013.3,1007.9,87,98,73,15.1,9.0,4.1
2024-05-04,80.1,69.3,73.0,84.9,71.9,77.1,1011.0,1012.5,1008.9,89,97,76,12.7,8.5,12.6
2024-05-05,79.7,67.6,73.0,83.9,71.5,77.7,1011.3,1014.2,1009.5,88,99,72,11.0,6.9,24.6
2024-05-06,84.3,72.2,77.7,88.5,77.9,82.2,1007.6,1010.9,1004.5,84,97,70,17.6,11.3,3.7
2024-05-07,86.4,72.4,79.1,94.7,76.9,86.0,1005.5,1008.4,1002.7,83,97,65,11.8,7.4,2.1
2024-05-08,88.6,74.1,80.3,97.8,79.0,87.3,1002.8,1004.5,1000.1,84,96,65,11.6,8.7,0.8
2024-05-09,87.7,71.7,79.3,97.8,73.4,86.6,1005.8,1010.2,1003.4,84,100,64,19.0,7.1,6.3
2024-05-10,81.5,68.8,74.3,81.1,69.5,75.1,1012.9,1015.1,1009.5,72,95,52,15.5,10.9,0.0
2024-05-11,80.2,65.6,71.8,82.4,65.5,72.7,1013.4,1015.7,1010.8,72,89,52,12.2,8.3,1.8
2024-05-12,78.3,68.7,72.3,85.4,71.3,76.5,1008.1,1011.7,1005.3,88,98,77,13.4,7.5,16.6
2024-05-13,83.8,68.9,74.1,96.7,74.0,81.0,1006.6,1008.7,1004.8,87,100,70,12.0,3.4,5.7
2024-05-14,85.6,61.9,74.1,90.8,61.6,76.4,1009.3,1011.6,1007.5,64,82,40,6.8,5.0,0.0
2024-05-15,87.9,64.5,76.7,92.5,66.2,79.7,1008.7,1010.8,1006.1,69,92,48,10.9,7.6,0.0
2024-05-16,84.4,64.7,72.7,88.1,63.4,74.7,1006.0,1008.7,1002.8,81,92,70,15.9,10.3,26.0
2024-05-17,81.9,61.4,71.4,89.1,62.4,74.6,1008.3,1010.2,1006.6,79,96,58,11.5,5.3,0.0
2024-05-18,88.4,65.3,77.4,97.4,69.0,83.5,1010.7,1012.5,1009.1,78,99,56,8.5,5.7,0.0
2024-05-19,88.2,71.2,79.3,95.6,78.2,84.9,1012.4,1015.6,1009.7,77,99,54,11.4,8.3,0.3
2024-05-20,89.9,68.4,79.9,96.9,71.8,84.1,1009.5,1011.5,1006.8,72,96,54,12.7,10.0,0.2
2024-05-21,92.5,73.2,82.5,99.2,78.5,88.0,1008.0,1009.5,1005.9,77,97,53,15.5,11.8,0.9
2024-05-22,92.7,72.3,80.5,96.7,75.6,86.4,1008.8,1010.9,1005.6,82,96,50,16.8,10.7,25.8
2024-05-23,89.5,74.0,78.5,92.7,81.1,84.9,1008.5,1011.3,1005.8,86,98,56,15.3,8.9,26.7
2024-05-24,94.6,75.1,82.8,101.6,80.3,89.7,1006.6,1008.2,1004.2,78,96,53,14.7,9.3,0.2
2024-05-25,95.1,74.2,83.9,101.3,82.2,90.1,1007.0,1009.5,1003.7,73,98,48,14.6,10.1,0.1
2024-05-26,92.3,75.8,82.7,102.3,81.7,90.9,1006.8,1009.1,1004.8,81,96,61,11.8,8.5,1.4
2024-05-27,92.3,75.3,84.4,104.3,84.4,94.6,1011.0,1014.0,1008.0,79,98,60,8.5,5.2,0.3
2024-05-28,86.5,71.4,80.3,94.4,74.1,86.5,1015.1,1018.3,1012.8,80,98,60,17.1,9.5,14.3
2024-05-29,87.2,70.4,78.1,95.2,73.5,84.3,1015.6,1018.2,1012.8,77,92,55,9.6,5.2,0.6
2024-05-30,87.6,72.0,76.9,95.5,78.7,83.5,1013.0,1016.2,1010.5,87,100,62,11.9,6.9,17.4
2024-05-31,86.2,70.6,76.5,98.4,73.7,83.5,1011.8,1014.1,1008.8,85,95,67,11.7,5.9,5.0
