date,draw_time,machine_used,ballset1_used,ballset2_used,ballset3_used,d1,d2,d3
2013-09-09,0,G,B12,B22,B11,3,9,8
2013-09-09,1,G,B18,B19,B25,3,6,4
2013-09-09,2,G,B38,B37,B42,3,6,2
2013-09-09,3,G,B52,B38,B45,6,1,7
2013-09-10,0,G,B17,B25,B9,7,1,8
2013-09-10,1,G,B29,B22,B27,4,5,4
2013-09-10,2,G,B52,B39,B35,1,9,7
2013-09-10,3,G,B35,B33,B43,0,2,6
2013-09-11,0,G,B17,B24,B27,4,6,3
2013-09-11,1,G,B10,B11,B28,8,8,0
2013-09-11,2,G,B41,B43,B36,1,7,1
2013-09-11,3,G,B32,B52,B39,5,5,5
2013-09-12,0,G,B10,B11,B12,1,2,7
2013-09-12,1,G,B12,B11,B24,1,8,7
2013-09-12,2,G,B40,B37,B31,0,5,3
2013-09-12,3,G,B38,B33,B39,6,7,3
2013-09-13,0,G,B20,B9,B27,3,6,0
2013-09-13,1,G,B17,B24,B29,3,2,0
2013-09-13,2,G,B31,B36,B43,7,1,7
2013-09-13,3,G,B31,B33,B42,1,5,2
2013-09-14,0,G,B18,B9,B11,4,8,0
2013-09-14,1,G,B12,B25,B17,0,3,8
2013-09-14,2,G,B37,B39,B38,3,5,6
2013-09-14,3,G,B39,B42,B40,3,4,5
2013-09-16,0,G,B29,B12,B18,4,0,3
2013-09-16,1,G,B29,B27,B25,5,7,7
2013-09-16,2,G,B42,B41,B36,1,9,9
2013-09-16,3,G,B33,B52,B44,8,2,6
2013-09-17,0,G,B27,B24,B29,4,1,2
2013-09-17,1,G,B22,B11,B20,5,9,6
2013-09-17,2,G,B40,B33,B39,9,1,6
2013-09-17,3,G,B36,B42,B40,7,1,5
2013-09-18,0,G,B29,B27,B11,3,0,2
2013-09-18,1,G,B9,B27,B17,8,7,0
2013-09-18,2,G,B39,B38,B42,1,5,2
2013-09-18,3,G,B41,B42,B37,5,6,8
2013-09-19,0,G,B11,B19,B24,8,5,2
2013-09-19,1,G,B18,B11,B13,7,0,2
2013-09-19,2,G,B35,B43,B33,8,8,9
2013-09-19,3,G,B52,B38,B43,6,8,5
2013-09-20,0,G,B10,B13,B28,7,4,9
2013-09-20,1,G,B28,B27,B9,3,5,0
2013-09-20,2,G,B42,B38,B35,3,1,4
2013-09-20,3,G,B32,B39,B35,1,0,4
2013-09-21,0,G,B22,B13,B19,4,3,4
2013-09-21,1,G,B11,B18,B28,1,8,8
2013-09-21,2,G,B42,B36,B45,3,6,4
2013-09-21,3,G,B42,B41,B32,9,2,7
2013-09-23,0,G,B29,B19,B27,0,6,4
2013-09-23,1,G,B19,B9,B10,2,1,5
2013-09-23,2,G,B38,B45,B43,4,7,5
2013-09-23,3,G,B38,B33,B31,7,7,6
2013-09-24,0,G,B22,B19,B10,9,0,9
2013-09-24,1,G,B22,B28,B27,6,6,3
2013-09-24,2,G,B37,B41,B52,7,1,3
2013-09-24,3,G,B37,B45,B36,0,8,2
2013-09-25,0,G,B12,B25,B10,0,7,6
2013-09-25,1,G,B19,B28,B12,5,6,3
2013-09-25,2,G,B41,B45,B33,8,2,3
2013-09-25,3,G,B31,B37,B39,2,7,3
2013-09-26,0,G,B29,B20,B12,2,0,4
2013-09-26,1,G,B18,B24,B19,4,4,7
2013-09-26,2,G,B36,B42,B44,5,7,0
2013-09-26,3,G,B35,B31,B44,9,8,7
2013-09-27,0,G,B12,B18,B27,7,4,8
2013-09-27,1,G,B27,B25,B11,1,4,1
2013-09-27,2,G,B37,B36,B38,9,3,8
2013-09-27,3,G,B44,B32,B52,9,9,5
2013-09-28,0,G,B22,B27,B10,0,1,2
2013-09-28,1,G,B10,B9,B17,4,0,0
2013-09-28,2,G,B43,B44,B36,4,4,3
2013-09-28,3,G,B37,B33,B31,6,7,9
2013-09-30,0,G,B28,B9,B18,9,8,5
2013-09-30,1,G,B29,B27,B9,6,9,1
2013-09-30,2,G,B43,B44,B38,3,4,4
2013-09-30,3,G,B36,B37,B38,5,4,3
2013-10-01,0,H,B11,B20,B10,3,3,5
2013-10-01,1,H,B19,B11,B9,2,0,4
2013-10-01,2,H,B43,B38,B37,2,1,2
2013-10-01,3,H,B44,B38,B41,6,4,0
2013-10-02,0,H,B17,B28,B25,3,5,0
2013-10-02,1,H,B29,B10,B25,1,7,8
2013-10-02,2,H,B45,B36,B37,5,2,5
2013-10-02,3,H,B42,B52,B38,8,9,2
2013-10-03,0,H,B20,B24,B10,8,5,6
2013-10-03,1,H,B19,B29,B9,3,8,4
2013-10-03,2,H,B39,B45,B40,9,5,8
2013-10-03,3,H,B37,B52,B38,2,3,2
2013-10-04,0,H,B17,B19,B22,9,6,1
2013-10-04,1,H,B27,B22,B25,5,3,4
2013-10-04,2,H,B45,B44,B41,0,2,4
2013-10-04,3,H,B33,B31,B52,8,8,1
2013-10-05,0,H,B20,B28,B29,0,2,4
2013-10-05,1,H,B17,B20,B19,2,6,6
2013-10-05,2,H,B38,B41,B36,6,9,9
2013-10-05,3,H,B31,B42,B41,3,1,4
2013-10-07,0,H,B10,B17,B25,5,7,7
2013-10-07,1,H,B11,B25,B9,6,4,6
2013-10-07,2,H,B33,B38,B32,4,6,8
2013-10-07,3,H,B52,B43,B33,8,2,3
2013-10-08,0,H,B29,B27,B9,8,5,7
2013-10-08,1,H,B22,B9,B28,9,2,6
2013-10-08,2,H,B36,B35,B44,2,8,2
2013-10-08,3,H,B38,B33,B39,1,0,5
2013-10-09,0,H,B27,B19,B18,1,4,9
2013-10-09,1,H,B25,B10,B18,2,6,5
2013-10-09,2,H,B39,B52,B43,4,3,4
2013-10-09,3,H,B39,B43,B42,3,0,5
2013-10-10,0,H,B22,B24,B27,8,0,7
2013-10-10,1,H,B13,B17,B18,2,4,6
2013-10-10,2,H,B45,B41,B37,5,5,5
2013-10-10,3,H,B44,B32,B41,1,3,1
2013-10-11,0,H,B17,B13,B18,8,2,5
2013-10-11,1,H,B19,B25,B27,9,2,0
2013-10-11,2,H,B41,B45,B35,3,0,2
2013-10-11,3,H,B32,B31,B44,0,4,9
2013-10-12,0,H,B12,B28,B20,8,3,3
2013-10-12,1,H,B11,B24,B22,2,3,3
2013-10-12,2,H,B52,B40,B32,9,4,2
2013-10-12,3,H,B45,B39,B42,1,2,6
2013-10-14,0,H,B19,B10,B13,2,9,0
2013-10-14,1,H,B12,B9,B24,9,1,6
2013-10-14,2,H,B35,B38,B36,5,6,7
2013-10-14,3,H,B40,B52,B32,4,7,6
2013-10-15,0,H,B19,B18,B9,2,1,5
2013-10-15,1,H,B28,B9,B11,7,6,6
2013-10-15,2,H,B35,B43,B42,9,9,9
2013-10-15,3,H,B52,B40,B31,5,7,6
2013-10-16,0,H,B20,B27,B10,1,5,8
2013-10-16,1,H,B27,B20,B10,9,7,2
2013-10-16,2,H,B43,B32,B40,4,7,8
2013-10-16,3,H,B42,B41,B44,0,5,5
2013-10-17,0,H,B18,B20,B27,8,9,9
2013-10-17,1,H,B17,B20,B18,7,4,2
2013-10-17,2,H,B52,B42,B33,1,1,0
2013-10-17,3,H,B31,B43,B39,6,3,4
2013-10-18,0,H,B11,B13,B28,9,3,5
2013-10-18,1,H,B22,B18,B20,4,1,1
2013-10-18,2,H,B32,B38,B36,0,9,2
2013-10-18,3,H,B40,B36,B31,8,5,5
2013-10-19,0,H,B10,B29,B18,3,7,6
2013-10-19,1,H,B18,B11,B28,8,5,6
2013-10-19,2,H,B38,B43,B32,7,9,7
2013-10-19,3,H,B38,B36,B52,6,0,9
2013-10-21,0,H,B19,B9,B11,1,4,5
2013-10-21,1,H,B29,B24,B10,4,4,1
2013-10-21,2,H,B31,B52,B36,0,6,4
2013-10-21,3,H,B43,B41,B38,2,5,9
2013-10-22,0,H,B29,B22,B24,0,7,0
2013-10-22,1,H,B22,B12,B10,7,4,1
2013-10-22,2,H,B52,B32,B41,4,6,5
2013-10-22,3,H,B40,B36,B44,9,1,5
2013-10-23,0,H,B24,B29,B9,3,6,6
2013-10-23,1,H,B29,B12,B28,9,5,0
2013-10-23,2,H,B39,B33,B52,8,5,9
2013-10-23,3,H,B45,B32,B39,4,2,4
2013-10-24,0,H,B12,B29,B25,9,0,1
2013-10-24,1,H,B17,B19,B18,9,5,4
2013-10-24,2,H,B36,B44,B39,7,2,9
2013-10-24,3,H,B37,B52,B39,7,9,7
2013-10-25,0,H,B27,B10,B11,0,9,0
2013-10-25,1,H,B18,B9,B28,6,2,7
2013-10-25,2,H,B38,B52,B43,9,1,2
2013-10-25,3,H,B40,B44,B52,6,1,7
2013-10-26,0,H,B22,B19,B25,2,7,1
2013-10-26,1,H,B12,B13,B10,3,4,3
2013-10-26,2,H,B45,B32,B39,9,0,5
2013-10-26,3,H,B41,B35,B38,0,5,0
2013-10-28,0,H,B22,B19,B20,2,8,4
2013-10-28,1,H,B10,B25,B29,3,7,0
2013-10-28,2,H,B43,B33,B41,7,6,0
2013-10-28,3,H,B31,B43,B33,7,7,1
2013-10-29,0,H,B20,B24,B12,9,7,0
2013-10-29,1,H,B13,B9,B29,0,0,5
2013-10-29,2,H,B45,B41,B52,1,6,4
2013-10-29,3,H,B52,B44,B33,2,3,6
2013-10-30,0,H,B27,B13,B18,3,3,9
2013-10-30,1,H,B19,B18,B12,0,6,8
2013-10-30,2,H,B35,B41,B32,6,1,2
2013-10-30,3,H,B43,B45,B31,3,8,8
2013-10-31,0,H,B10,B24,B22,4,1,4
2013-10-31,1,H,B28,B17,B9,8,8,5
2013-10-31,2,H,B31,B36,B52,9,2,6
2013-10-31,3,H,B36,B45,B52,8,9,9
2013-11-01,0,I,B29,B10,B9,1,1,1
2013-11-01,1,I,B10,B11,B25,7,4,1
2013-11-01,2,I,B43,B38,B40,3,1,1
2013-11-01,3,I,B40,B45,B37,6,3,2
2013-11-02,0,I,B13,B18,B22,6,8,4
2013-11-02,1,I,B27,B20,B11,8,0,0
2013-11-02,2,I,B39,B41,B52,6,5,6
2013-11-02,3,I,B39,B40,B41,9,0,6
2013-11-04,0,I,B25,B12,B17,5,4,5
2013-11-04,1,I,B20,B9,B13,2,7,7
2013-11-04,2,I,B52,B33,B38,9,2,2
2013-11-04,3,I,B45,B44,B37,3,7,4
2013-11-05,0,I,B19,B9,B27,1,2,6
2013-11-05,1,I,B28,B17,B13,9,4,1
2013-11-05,2,I,B52,B33,B45,7,6,2
2013-11-05,3,I,B37,B41,B40,3,9,9
2013-11-06,0,I,B24,B10,B9,6,9,5
2013-11-06,1,I,B29,B11,B12,4,0,3
2013-11-06,2,I,B33,B39,B41,0,3,2
2013-11-06,3,I,B45,B41,B39,1,0,9
2013-11-07,0,I,B9,B19,B22,3,5,6
2013-11-07,1,I,B22,B12,B13,6,9,2
2013-11-07,2,I,B36,B33,B52,4,3,1
2013-11-07,3,I,B45,B32,B38,7,1,1
2013-11-08,0,I,B29,B25,B17,6,5,8
2013-11-08,1,I,B24,B22,B20,9,6,9
2013-11-08,2,I,B33,B43,B32,1,3,6
2013-11-08,3,I,B32,B39,B31,4,7,2
2013-11-09,0,I,B25,B27,B19,0,7,1
2013-11-09,1,I,B18,B17,B13,9,5,3
2013-11-09,2,I,B42,B32,B36,6,3,3
2013-11-09,3,I,B36,B41,B32,7,7,5
2013-11-11,0,I,B19,B18,B10,2,6,1
2013-11-11,1,I,B13,B29,B9,7,4,3
2013-11-11,2,I,B33,B38,B35,5,3,7
2013-11-11,3,I,B44,B42,B36,1,5,0
2013-11-12,0,I,B29,B11,B24,0,2,2
2013-11-12,1,I,B22,B24,B25,2,2,2
2013-11-12,2,I,B42,B33,B39,8,5,6
2013-11-12,3,I,B32,B31,B35,2,7,0
2013-11-13,0,I,B29,B10,B18,8,0,0
2013-11-13,1,I,B13,B29,B17,1,3,8
2013-11-13,2,I,B38,B37,B45,8,9,4
2013-11-13,3,I,B33,B43,B39,8,2,5
2013-11-14,0,I,B27,B9,B22,8,7,8
2013-11-14,1,I,B10,B17,B29,5,9,8
2013-11-14,2,I,B41,B37,B40,2,9,2
2013-11-14,3,I,B40,B38,B36,6,6,5
2013-11-15,0,I,B12,B28,B9,4,8,6
2013-11-15,1,I,B20,B13,B28,0,3,2
2013-11-15,2,I,B44,B38,B39,6,6,2
2013-11-15,3,I,B45,B44,B43,2,5,0
2013-11-16,0,I,B13,B17,B19,5,2,3
2013-11-16,1,I,B27,B18,B22,4,0,1
2013-11-16,2,I,B31,B38,B39,4,8,9
2013-11-16,3,I,B44,B38,B32,4,1,9
2013-11-18,0,I,B25,B13,B27,7,9,2
2013-11-18,1,I,B19,B25,B9,2,0,1
2013-11-18,2,I,B45,B35,B42,8,5,7
2013-11-18,3,I,B35,B40,B43,4,3,3
2013-11-19,0,I,B28,B20,B13,3,7,5
2013-11-19,1,I,B29,B27,B20,6,2,3
2013-11-19,2,I,B52,B38,B45,0,8,6
2013-11-19,3,I,B32,B43,B36,4,9,1
2013-11-20,0,I,B25,B20,B28,4,0,8
2013-11-20,1,I,B9,B10,B29,1,0,9
2013-11-20,2,I,B31,B40,B36,4,0,0
2013-11-20,3,I,B37,B39,B42,8,5,3
2013-11-21,0,I,B22,B28,B17,6,7,4
2013-11-21,1,I,B27,B22,B11,9,9,2
2013-11-21,2,I,B39,B37,B44,6,1,0
2013-11-21,3,I,B31,B45,B35,1,3,3
2013-11-22,0,I,B9,B11,B20,8,5,9
2013-11-22,1,I,B18,B10,B20,3,5,2
2013-11-22,2,I,B52,B31,B35,1,9,4
2013-11-22,3,I,B45,B43,B37,1,8,2
2013-11-23,0,I,B10,B9,B29,7,5,2
2013-11-23,1,I,B20,B9,B24,3,6,3
2013-11-23,2,I,B31,B43,B45,7,1,7
2013-11-23,3,I,B36,B32,B42,0,6,6
2013-11-25,0,I,B19,B9,B11,9,4,5
2013-11-25,1,I,B22,B17,B29,0,3,5
2013-11-25,2,I,B39,B38,B33,7,6,7
2013-11-25,3,I,B36,B40,B39,1,4,8
2013-11-26,0,I,B25,B11,B13,5,0,7
2013-11-26,1,I,B20,B29,B18,4,6,0
2013-11-26,2,I,B35,B45,B31,4,9,1
2013-11-26,3,I,B45,B41,B35,7,7,4
2013-11-27,0,I,B18,B10,B24,3,1,1
2013-11-27,1,I,B24,B17,B22,8,3,7
2013-11-27,2,I,B40,B38,B39,8,5,5
2013-11-27,3,I,B45,B52,B40,3,1,6
2013-11-28,0,I,B19,B10,B12,5,7,6
2013-11-28,1,I,B10,B24,B25,4,2,2
2013-11-28,2,I,B37,B45,B43,2,6,8
2013-11-28,3,I,B37,B42,B40,3,7,9
2013-11-29,0,I,B10,B13,B17,7,2,6
2013-11-29,1,I,B9,B12,B13,0,3,4
2013-11-29,2,I,B31,B37,B45,5,1,6
2013-11-29,3,I,B36,B45,B38,0,3,2
2013-11-30,0,I,B28,B19,B12,2,2,7
2013-11-30,1,I,B24,B27,B22,3,1,0
2013-11-30,2,I,B52,B39,B42,2,0,2
2013-11-30,3,I,B36,B40,B31,0,9,6
2013-12-02,0,J,B10,B20,B9,5,2,9
2013-12-02,1,J,B28,B13,B24,0,0,9
2013-12-02,2,J,B43,B31,B33,1,0,1
2013-12-02,3,J,B35,B39,B41,9,2,4
2013-12-03,0,J,B25,B17,B29,6,0,3
2013-12-03,1,J,B18,B9,B12,7,2,9
2013-12-03,2,J,B33,B32,B36,8,9,6
2013-12-03,3,J,B37,B40,B32,3,8,9
2013-12-04,0,J,B17,B12,B22,4,3,3
2013-12-04,1,J,B20,B11,B19,4,8,9
2013-12-04,2,J,B38,B36,B31,4,5,2
2013-12-04,3,J,B35,B40,B52,0,1,4
2013-12-05,0,J,B9,B19,B29,8,9,9
2013-12-05,1,J,B18,B20,B28,7,7,6
2013-12-05,2,J,B42,B40,B45,4,1,0
2013-12-05,3,J,B40,B32,B41,2,3,4
2013-12-06,0,J,B17,B27,B9,1,8,3
2013-12-06,1,J,B28,B20,B12,1,4,1
2013-12-06,2,J,B41,B39,B40,8,7,0
2013-12-06,3,J,B32,B52,B33,9,9,8
2013-12-07,0,J,B17,B27,B29,8,2,5
2013-12-07,1,J,B13,B28,B12,2,7,1
2013-12-07,2,J,B41,B40,B35,7,8,0
2013-12-07,3,J,B36,B35,B39,3,5,2
2013-12-09,0,J,B24,B13,B11,3,6,3
2013-12-09,1,J,B22,B13,B25,1,6,6
2013-12-09,2,J,B37,B36,B38,2,8,3
2013-12-09,3,J,B52,B39,B31,0,2,3
2013-12-10,0,J,B10,B27,B20,1,5,8
2013-12-10,1,J,B18,B10,B17,7,5,9
2013-12-10,2,J,B33,B32,B31,2,7,3
2013-12-10,3,J,B41,B33,B32,2,3,9
2013-12-11,0,J,B28,B9,B18,7,7,3
2013-12-11,1,J,B19,B29,B10,6,9,7
2013-12-11,2,J,B45,B43,B52,0,6,3
2013-12-11,3,J,B39,B44,B31,5,2,8
2013-12-12,0,J,B12,B25,B29,5,9,0
2013-12-12,1,J,B11,B10,B22,2,5,6
2013-12-12,2,J,B31,B40,B52,4,8,8
2013-12-12,3,J,B35,B37,B41,1,4,2
2013-12-13,0,J,B10,B20,B24,0,7,0
2013-12-13,1,J,B11,B18,B9,8,6,3
2013-12-13,2,J,B31,B40,B44,9,8,8
2013-12-13,3,J,B52,B43,B38,1,7,6
2013-12-14,0,J,B12,B19,B18,2,1,0
2013-12-14,1,J,B19,B25,B24,1,1,6
2013-12-14,2,J,B36,B40,B32,0,6,6
2013-12-14,3,J,B38,B35,B37,6,4,5
2013-12-16,0,J,B20,B27,B24,7,7,2
2013-12-16,1,J,B18,B28,B29,2,5,1
2013-12-16,2,J,B40,B42,B31,9,4,9
2013-12-16,3,J,B44,B36,B52,1,4,9
2013-12-17,0,J,B24,B10,B22,2,4,9
2013-12-17,1,J,B29,B28,B11,3,1,7
2013-12-17,2,J,B41,B37,B31,6,2,1
2013-12-17,3,J,B40,B32,B44,2,5,8
2013-12-18,0,J,B9,B25,B29,4,9,0
2013-12-18,1,J,B25,B27,B10,8,7,2
2013-12-18,2,J,B35,B45,B32,2,3,0
2013-12-18,3,J,B45,B43,B38,3,7,3
2013-12-19,0,J,B19,B10,B17,4,1,9
2013-12-19,1,J,B27,B18,B10,5,6,4
2013-12-19,2,J,B37,B39,B52,0,8,4
2013-12-19,3,J,B42,B39,B33,2,4,2
2013-12-20,0,J,B13,B10,B18,2,5,5
2013-12-20,1,J,B25,B19,B11,2,0,0
2013-12-20,2,J,B40,B45,B38,8,6,9
2013-12-20,3,J,B33,B32,B39,3,6,1
2013-12-21,0,J,B28,B25,B17,2,8,2
2013-12-21,1,J,B18,B12,B19,4,9,5
2013-12-21,2,J,B45,B33,B37,8,4,5
2013-12-21,3,J,B36,B31,B37,6,6,3
2013-12-23,0,J,B27,B29,B18,2,6,1
2013-12-23,1,J,B22,B12,B9,2,2,5
2013-12-23,2,J,B44,B38,B39,4,7,0
2013-12-23,3,J,B42,B44,B52,1,5,9
2013-12-24,0,J,B18,B28,B25,7,6,5
2013-12-24,1,J,B17,B11,B10,1,3,3
2013-12-24,2,J,B31,B43,B38,4,8,6
2013-12-24,3,J,B38,B33,B42,2,1,4
2013-12-25,0,J,B18,B25,B20,1,3,6
2013-12-25,1,J,B11,B25,B12,1,5,1
2013-12-25,2,J,B31,B38,B52,9,2,7
2013-12-25,3,J,B44,B45,B52,3,4,5
2013-12-26,0,J,B9,B22,B17,8,4,2
2013-12-26,1,J,B11,B22,B20,5,3,4
2013-12-26,2,J,B32,B36,B45,6,1,3
2013-12-26,3,J,B31,B41,B45,3,5,0
2013-12-27,0,J,B27,B29,B13,7,3,4
2013-12-27,1,J,B12,B17,B13,0,8,1
2013-12-27,2,J,B33,B38,B42,8,9,8
2013-12-27,3,J,B41,B52,B32,7,0,9
2013-12-28,0,J,B24,B12,B25,9,8,5
2013-12-28,1,J,B20,B24,B28,2,2,9
2013-12-28,2,J,B32,B33,B52,5,5,0
2013-12-28,3,J,B41,B45,B39,5,0,2
2013-12-30,0,J,B24,B11,B12,8,0,7
2013-12-30,1,J,B25,B11,B28,9,5,3
2013-12-30,2,J,B39,B42,B36,8,2,3
2013-12-30,3,J,B44,B45,B43,3,7,0
2013-12-31,0,J,B25,B12,B20,2,1,3
2013-12-31,1,J,B18,B24,B17,2,1,6
2013-12-31,2,J,B36,B41,B31,4,3,5
2013-12-31,3,J,B44,B36,B45,2,0,2
2014-01-01,0,K,B22,B24,B20,9,6,1
2014-01-01,1,K,B20,B19,B12,0,6,8
2014-01-01,2,K,B43,B37,B52,0,0,9
2014-01-01,3,K,B33,B35,B36,8,4,9
2014-01-02,0,K,B9,B13,B29,9,6,9
2014-01-02,1,K,B24,B17,B28,5,2,6
2014-01-02,2,K,B52,B45,B42,8,8,8
2014-01-02,3,K,B38,B52,B45,4,0,2
2014-01-03,0,K,B12,B28,B17,6,0,9
2014-01-03,1,K,B19,B24,B9,7,7,3
2014-01-03,2,K,B40,B35,B41,9,4,9
2014-01-03,3,K,B52,B37,B33,4,0,4
2014-01-04,0,K,B22,B29,B13,8,3,9
2014-01-04,1,K,B17,B9,B25,6,8,1
2014-01-04,2,K,B33,B38,B39,7,8,1
2014-01-04,3,K,B31,B39,B44,8,6,8
2014-01-06,0,K,B9,B10,B22,6,3,5
2014-01-06,1,K,B13,B18,B10,2,7,4
2014-01-06,2,K,B42,B32,B45,9,7,1
2014-01-06,3,K,B38,B43,B36,9,0,4
2014-01-07,0,K,B22,B28,B25,9,4,6
2014-01-07,1,K,B19,B27,B29,5,1,5
2014-01-07,2,K,B33,B31,B37,9,7,6
2014-01-07,3,K,B42,B38,B52,6,5,2
2014-01-08,0,K,B9,B27,B19,3,9,7
2014-01-08,1,K,B12,B9,B27,8,7,2
2014-01-08,2,K,B36,B45,B37,1,4,2
2014-01-08,3,K,B35,B43,B41,6,7,2
2014-01-09,0,K,B11,B22,B18,5,7,4
2014-01-09,1,K,B13,B17,B18,4,6,0
2014-01-09,2,K,B42,B32,B39,9,8,7
2014-01-09,3,K,B44,B40,B32,1,4,3
2014-01-10,0,K,B24,B25,B22,8,2,1
2014-01-10,1,K,B27,B11,B19,6,0,4
2014-01-10,2,K,B43,B32,B44,4,3,7
2014-01-10,3,K,B39,B42,B45,0,3,7
2014-01-11,0,K,B27,B18,B17,7,1,3
2014-01-11,1,K,B18,B28,B22,9,7,6
2014-01-11,2,K,B36,B39,B33,3,5,4
2014-01-11,3,K,B35,B31,B45,8,7,3
2014-01-13,0,K,B22,B13,B10,2,7,5
2014-01-13,1,K,B18,B17,B13,5,0,5
2014-01-13,2,K,B41,B36,B43,8,1,1
2014-01-13,3,K,B44,B43,B33,2,1,7
2014-01-14,0,K,B25,B9,B13,5,4,7
2014-01-14,1,K,B20,B11,B27,2,1,5
2014-01-14,2,K,B38,B31,B43,5,5,4
2014-01-14,3,K,B52,B43,B31,3,7,9
2014-01-15,0,K,B19,B9,B29,9,2,1
2014-01-15,1,K,B13,B25,B19,5,6,4
2014-01-15,2,K,B40,B45,B31,3,0,5
2014-01-15,3,K,B31,B37,B32,7,0,6
2014-01-16,0,K,B24,B22,B9,9,4,6
2014-01-16,1,K,B28,B20,B25,3,3,2
2014-01-16,2,K,B44,B45,B39,7,8,3
2014-01-16,3,K,B37,B33,B45,4,2,4
2014-01-17,0,K,B19,B10,B12,6,6,6
2014-01-17,1,K,B20,B9,B19,9,1,1
2014-01-17,2,K,B41,B35,B43,9,4,5
2014-01-17,3,K,B38,B33,B31,0,2,4
2014-01-18,0,K,B28,B12,B24,8,9,5
2014-01-18,1,K,B19,B29,B9,4,4,9
2014-01-18,2,K,B36,B31,B37,5,7,4
2014-01-18,3,K,B40,B38,B52,8,3,2
2014-01-20,0,K,B25,B24,B27,5,8,2
2014-01-20,1,K,B17,B12,B19,2,0,6
2014-01-20,2,K,B41,B43,B45,1,8,9
2014-01-20,3,K,B36,B38,B45,3,2,7
2014-01-21,0,K,B9,B24,B29,4,3,0
2014-01-21,1,K,B22,B10,B24,7,6,6
2014-01-21,2,K,B33,B44,B52,7,4,1
2014-01-21,3,K,B44,B43,B42,1,6,7
2014-01-22,0,K,B18,B12,B17,6,7,6
2014-01-22,1,K,B12,B28,B9,2,8,5
2014-01-22,2,K,B44,B32,B35,9,1,4
2014-01-22,3,K,B31,B52,B35,4,9,1
2014-01-23,0,K,B24,B12,B19,7,1,7
2014-01-23,1,K,B27,B18,B19,7,2,9
2014-01-23,2,K,B37,B38,B41,7,5,6
2014-01-23,3,K,B39,B31,B45,4,1,5
2014-01-24,0,K,B25,B10,B18,0,8,3
2014-01-24,1,K,B29,B10,B22,2,7,5
2014-01-24,2,K,B41,B43,B36,5,7,0
2014-01-24,3,K,B38,B33,B32,2,8,8
2014-01-25,0,K,B18,B11,B24,5,4,3
2014-01-25,1,K,B19,B12,B17,9,0,3
2014-01-25,2,K,B35,B36,B43,2,3,7
2014-01-25,3,K,B42,B39,B44,4,9,8
2014-01-27,0,K,B24,B20,B11,6,8,4
2014-01-27,1,K,B10,B29,B19,1,3,7
2014-01-27,2,K,B41,B45,B44,5,4,4
2014-01-27,3,K,B39,B41,B45,8,7,4
2014-01-28,0,K,B28,B13,B27,0,5,3
2014-01-28,1,K,B19,B29,B27,5,6,3
2014-01-28,2,K,B32,B42,B40,1,4,8
2014-01-28,3,K,B40,B43,B33,1,3,4
2014-01-29,0,K,B19,B12,B27,6,4,9
2014-01-29,1,K,B19,B25,B22,2,2,1
2014-01-29,2,K,B33,B32,B37,3,8,4
2014-01-29,3,K,B31,B32,B40,5,9,0
2014-01-30,0,K,B27,B17,B13,2,9,5
2014-01-30,1,K,B18,B20,B27,9,5,1
2014-01-30,2,K,B32,B36,B52,3,6,8
2014-01-30,3,K,B36,B40,B45,3,5,9
2014-01-31,0,K,B25,B20,B11,5,9,5
2014-01-31,1,K,B12,B17,B22,3,3,6
2014-01-31,2,K,B36,B43,B40,3,2,5
2014-01-31,3,K,B42,B31,B32,6,9,5
2014-02-01,0,G,B27,B19,B22,1,3,9
2014-02-01,1,G,B19,B27,B28,2,8,9
2014-02-01,2,G,B36,B39,B31,3,5,0
2014-02-01,3,G,B42,B31,B45,3,8,5
2014-02-03,0,G,B13,B25,B18,2,6,4
2014-02-03,1,G,B19,B20,B11,0,6,1
2014-02-03,2,G,B42,B40,B36,7,7,5
2014-02-03,3,G,B38,B37,B42,4,1,9
2014-02-04,0,G,B10,B12,B27,3,6,7
2014-02-04,1,G,B10,B12,B28,7,8,3
2014-02-04,2,G,B42,B41,B37,2,8,1
2014-02-04,3,G,B35,B39,B40,0,2,5
2014-02-05,0,G,B29,B10,B13,2,2,5
2014-02-05,1,G,B24,B11,B13,9,7,4
2014-02-05,2,G,B39,B41,B44,8,6,7
2014-02-05,3,G,B45,B37,B43,2,1,0
2014-02-06,0,G,B12,B9,B19,4,6,3
2014-02-06,1,G,B29,B27,B18,4,4,9
2014-02-06,2,G,B39,B31,B37,8,4,0
2014-02-06,3,G,B36,B52,B41,6,6,0
2014-02-07,0,G,B18,B29,B25,1,5,4
2014-02-07,1,G,B10,B19,B11,3,7,9
2014-02-07,2,G,B33,B52,B40,0,8,3
2014-02-07,3,G,B43,B32,B39,9,0,2
2014-02-08,0,G,B24,B22,B17,8,5,9
2014-02-08,1,G,B10,B24,B12,0,8,3
2014-02-08,2,G,B38,B42,B43,6,8,3
2014-02-08,3,G,B36,B45,B40,5,9,4
2014-02-10,0,G,B10,B9,B12,4,3,0
2014-02-10,1,G,B29,B10,B27,5,2,2
2014-02-10,2,G,B37,B39,B52,4,9,2
2014-02-10,3,G,B44,B52,B38,8,0,3
2014-02-11,0,G,B28,B24,B19,7,1,8
2014-02-11,1,G,B19,B9,B28,6,7,8
2014-02-11,2,G,B41,B35,B52,8,4,3
2014-02-11,3,G,B31,B44,B43,0,7,1
2014-02-12,0,G,B25,B9,B24,2,6,3
2014-02-12,1,G,B20,B10,B19,4,8,7
2014-02-12,2,G,B43,B36,B37,9,8,5
2014-02-12,3,G,B39,B45,B44,0,3,5
2014-02-13,0,G,B19,B13,B9,2,3,5
2014-02-13,1,G,B27,B29,B17,7,2,8
2014-02-13,2,G,B35,B41,B52,9,6,1
2014-02-13,3,G,B36,B32,B42,4,8,1
2014-02-14,0,G,B18,B27,B29,2,4,1
2014-02-14,1,G,B9,B10,B11,5,1,1
2014-02-14,2,G,B42,B36,B35,0,9,4
2014-02-14,3,G,B42,B39,B44,3,0,5
2014-02-15,0,G,B10,B19,B13,3,2,2
2014-02-15,1,G,B12,B17,B19,6,8,0
2014-02-15,2,G,B43,B35,B52,1,0,6
2014-02-15,3,G,B42,B37,B41,2,3,7
2014-02-17,0,G,B27,B29,B22,0,1,5
2014-02-17,1,G,B29,B18,B9,9,8,0
2014-02-17,2,G,B39,B44,B32,3,9,3
2014-02-17,3,G,B44,B33,B43,0,9,0
2014-02-18,0,G,B13,B10,B27,4,3,3
2014-02-18,1,G,B24,B9,B29,3,1,4
2014-02-18,2,G,B52,B38,B35,4,3,6
2014-02-18,3,G,B37,B33,B35,7,5,8
2014-02-19,0,G,B19,B27,B22,8,1,9
2014-02-19,1,G,B24,B10,B22,7,2,3
2014-02-19,2,G,B31,B44,B37,5,2,9
2014-02-19,3,G,B35,B39,B52,3,5,3
2014-02-20,0,G,B9,B11,B10,6,9,1
2014-02-20,1,G,B11,B20,B27,0,4,2
2014-02-20,2,G,B32,B43,B45,0,0,1
2014-02-20,3,G,B42,B31,B41,0,3,4
2014-02-21,0,G,B12,B9,B27,9,2,8
2014-02-21,1,G,B20,B10,B24,2,2,7
2014-02-21,2,G,B41,B43,B45,1,9,7
2014-02-21,3,G,B40,B52,B42,1,5,8
2014-02-22,0,G,B29,B18,B11,9,5,3
2014-02-22,1,G,B20,B9,B24,0,5,7
2014-02-22,2,G,B32,B33,B38,8,7,8
2014-02-22,3,G,B52,B33,B41,7,2,1
2014-02-24,0,G,B20,B11,B24,0,7,6
2014-02-24,1,G,B27,B12,B29,2,5,7
2014-02-24,2,G,B33,B41,B37,2,9,5
2014-02-24,3,G,B41,B52,B44,5,8,0
2014-02-25,0,G,B28,B10,B29,7,3,8
2014-02-25,1,G,B25,B18,B24,1,3,4
2014-02-25,2,G,B42,B39,B41,3,7,0
2014-02-25,3,G,B36,B37,B39,1,4,2
2014-02-26,0,G,B22,B28,B24,2,5,4
2014-02-26,1,G,B22,B25,B11,7,5,4
2014-02-26,2,G,B40,B35,B33,7,2,1
2014-02-26,3,G,B42,B40,B52,3,1,9
2014-02-27,0,G,B24,B27,B29,7,2,5
2014-02-27,1,G,B10,B11,B20,3,2,7
2014-02-27,2,G,B37,B35,B33,6,9,5
2014-02-27,3,G,B35,B39,B44,5,0,6
2014-02-28,0,G,B11,B29,B25,7,6,4
2014-02-28,1,G,B13,B25,B20,3,8,8
2014-02-28,2,G,B32,B44,B37,4,6,7
2014-02-28,3,G,B37,B33,B39,6,3,2
2014-03-01,0,H,B25,B19,B10,0,2,8
2014-03-01,1,H,B19,B25,B10,2,9,6
2014-03-01,2,H,B41,B42,B40,4,1,6
2014-03-01,3,H,B33,B43,B38,9,3,2
2014-03-03,0,H,B12,B13,B24,5,4,0
2014-03-03,1,H,B13,B18,B25,8,1,2
2014-03-03,2,H,B42,B44,B37,3,3,4
2014-03-03,3,H,B41,B35,B31,3,7,3
2014-03-04,0,H,B19,B11,B24,7,3,3
2014-03-04,1,H,B13,B18,B22,8,5,9
2014-03-04,2,H,B37,B44,B33,6,3,1
2014-03-04,3,H,B37,B39,B41,5,9,8
2014-03-05,0,H,B11,B12,B13,1,0,9
2014-03-05,1,H,B22,B20,B11,4,0,2
2014-03-05,2,H,B38,B36,B45,1,7,8
2014-03-05,3,H,B36,B39,B35,5,1,5
2014-03-06,0,H,B27,B25,B28,2,0,1
2014-03-06,1,H,B24,B17,B29,2,4,8
2014-03-06,2,H,B33,B43,B36,9,2,6
2014-03-06,3,H,B37,B42,B31,3,4,7
2014-03-07,0,H,B9,B19,B13,2,7,9
2014-03-07,1,H,B27,B12,B25,3,7,4
2014-03-07,2,H,B44,B33,B35,2,8,4
2014-03-07,3,H,B37,B40,B44,6,6,5
2014-03-08,0,H,B10,B17,B28,3,7,3
2014-03-08,1,H,B10,B25,B28,8,6,8
2014-03-08,2,H,B42,B37,B41,5,4,5
2014-03-08,3,H,B44,B43,B40,4,9,9
2014-03-10,0,H,B19,B29,B27,8,3,1
2014-03-10,1,H,B22,B12,B18,0,5,6
2014-03-10,2,H,B37,B44,B43,5,3,2
2014-03-10,3,H,B36,B32,B39,4,5,0
2014-03-11,0,H,B29,B19,B25,4,4,6
2014-03-11,1,H,B10,B17,B24,5,2,2
2014-03-11,2,H,B39,B35,B42,6,2,6
2014-03-11,3,H,B42,B45,B33,3,5,1
2014-03-12,0,H,B10,B28,B9,8,8,2
2014-03-12,1,H,B13,B24,B9,0,9,9
2014-03-12,2,H,B32,B35,B52,5,0,7
2014-03-12,3,H,B45,B36,B38,8,8,9
2014-03-13,0,H,B18,B27,B12,9,5,9
2014-03-13,1,H,B10,B18,B29,4,2,5
2014-03-13,2,H,B44,B45,B40,6,9,6
2014-03-13,3,H,B33,B52,B44,5,8,1
2014-03-14,0,H,B17,B24,B9,8,1,0
2014-03-14,1,H,B12,B29,B24,9,2,0
2014-03-14,2,H,B32,B41,B42,0,2,0
2014-03-14,3,H,B39,B35,B41,7,2,7
2014-03-15,0,H,B20,B18,B29,9,4,2
2014-03-15,1,H,B13,B27,B10,8,1,4
2014-03-15,2,H,B40,B45,B32,8,9,6
2014-03-15,3,H,B35,B52,B40,5,1,1
2014-03-17,0,H,B25,B29,B10,1,7,1
2014-03-17,1,H,B12,B20,B10,4,3,2
2014-03-17,2,H,B37,B43,B33,0,5,9
2014-03-17,3,H,B41,B43,B45,0,8,9
2014-03-18,0,H,B20,B25,B12,7,4,4
2014-03-18,1,H,B27,B20,B22,1,2,7
2014-03-18,2,H,B37,B52,B31,5,0,1
2014-03-18,3,H,B42,B36,B32,3,8,8
2014-03-19,0,H,B18,B25,B20,0,6,6
2014-03-19,1,H,B22,B20,B19,1,4,0
2014-03-19,2,H,B38,B39,B52,3,0,1
2014-03-19,3,H,B36,B41,B38,4,8,6
2014-03-20,0,H,B25,B12,B10,8,3,4
2014-03-20,1,H,B22,B25,B10,0,5,0
2014-03-20,2,H,B32,B44,B43,2,5,8
2014-03-20,3,H,B31,B41,B44,8,2,6
2014-03-21,0,H,B17,B11,B18,4,0,7
2014-03-21,1,H,B20,B11,B13,4,3,1
2014-03-21,2,H,B38,B41,B45,6,4,9
2014-03-21,3,H,B35,B36,B43,8,7,8
2014-03-22,0,H,B11,B10,B9,7,2,9
2014-03-22,1,H,B22,B19,B18,1,2,7
2014-03-22,2,H,B33,B36,B39,7,2,9
2014-03-22,3,H,B33,B43,B31,2,5,1
2014-03-24,0,H,B18,B17,B22,7,7,4
2014-03-24,1,H,B22,B17,B12,1,1,8
2014-03-24,2,H,B33,B45,B38,2,6,9
2014-03-24,3,H,B38,B52,B43,3,0,7
2014-03-25,0,H,B28,B20,B19,6,2,8
2014-03-25,1,H,B22,B20,B18,2,6,1
2014-03-25,2,H,B41,B32,B40,4,1,0
2014-03-25,3,H,B35,B37,B42,3,8,5
2014-03-26,0,H,B27,B18,B29,0,3,7
2014-03-26,1,H,B19,B9,B29,9,7,2
2014-03-26,2,H,B32,B44,B31,2,9,2
2014-03-26,3,H,B45,B36,B33,7,1,5
2014-03-27,0,H,B12,B13,B25,9,2,6
2014-03-27,1,H,B20,B11,B10,2,2,6
2014-03-27,2,H,B39,B43,B37,2,0,2
2014-03-27,3,H,B32,B40,B43,8,9,1
2014-03-28,0,H,B20,B19,B29,5,1,5
2014-03-28,1,H,B29,B13,B19,7,7,8
2014-03-28,2,H,B38,B35,B42,9,8,6
2014-03-28,3,H,B45,B33,B42,2,8,9
2014-03-29,0,H,B28,B22,B12,9,5,2
2014-03-29,1,H,B12,B27,B11,3,9,7
2014-03-29,2,H,B31,B36,B32,6,0,7
2014-03-29,3,H,B38,B35,B37,7,3,6
2014-03-31,0,H,B28,B18,B25,1,8,0
2014-03-31,1,H,B11,B9,B28,5,0,3
2014-03-31,2,H,B44,B45,B31,9,8,6
2014-03-31,3,H,B31,B32,B43,8,9,1
2014-04-01,0,I,B9,B18,B27,9,2,0
2014-04-01,1,I,B12,B24,B20,8,7,4
2014-04-01,2,I,B44,B39,B35,7,0,6
2014-04-01,3,I,B44,B52,B33,3,8,7
2014-04-02,0,I,B19,B11,B24,3,8,2
2014-04-02,1,I,B12,B11,B19,1,0,8
2014-04-02,2,I,B35,B43,B38,4,5,0
2014-04-02,3,I,B45,B52,B36,9,5,8
2014-04-03,0,I,B18,B20,B27,8,3,9
2014-04-03,1,I,B29,B10,B17,2,5,0
2014-04-03,2,I,B40,B38,B52,9,7,9
2014-04-03,3,I,B39,B35,B40,7,1,3
2014-04-04,0,I,B19,B12,B11,0,4,7
2014-04-04,1,I,B11,B29,B19,0,8,4
2014-04-04,2,I,B37,B33,B44,1,4,1
2014-04-04,3,I,B37,B40,B43,6,1,4
2014-04-05,0,I,B10,B19,B29,7,2,0
2014-04-05,1,I,B28,B12,B22,9,9,0
2014-04-05,2,I,B35,B39,B32,4,3,5
2014-04-05,3,I,B45,B39,B41,7,9,7
2014-04-07,0,I,B24,B27,B19,8,6,8
2014-04-07,1,I,B22,B18,B12,7,1,7
2014-04-07,2,I,B40,B43,B33,8,9,8
2014-04-07,3,I,B31,B43,B32,0,9,7
2014-04-08,0,I,B20,B13,B11,0,4,7
2014-04-08,1,I,B22,B13,B9,2,4,0
2014-04-08,2,I,B42,B36,B52,9,2,6
2014-04-08,3,I,B36,B45,B39,0,9,3
2014-04-09,0,I,B20,B25,B29,4,9,9
2014-04-09,1,I,B28,B11,B24,2,9,3
2014-04-09,2,I,B38,B41,B45,5,2,9
2014-04-09,3,I,B42,B38,B43,0,3,3
2014-04-10,0,I,B20,B12,B17,8,1,8
2014-04-10,1,I,B18,B13,B24,1,6,3
2014-04-10,2,I,B40,B41,B45,1,9,8
2014-04-10,3,I,B38,B36,B52,2,4,1
2014-04-11,0,I,B22,B10,B18,6,3,4
2014-04-11,1,I,B20,B12,B9,5,6,8
2014-04-11,2,I,B39,B33,B45,8,4,7
2014-04-11,3,I,B32,B40,B42,7,0,9
2014-04-12,0,I,B22,B17,B13,4,0,8
2014-04-12,1,I,B17,B27,B12,3,0,5
2014-04-12,2,I,B42,B35,B32,9,7,9
2014-04-12,3,I,B43,B36,B40,0,1,7
2014-04-14,0,I,B27,B10,B22,8,4,0
2014-04-14,1,I,B27,B10,B24,2,9,3
2014-04-14,2,I,B32,B31,B41,5,4,4
2014-04-14,3,I,B44,B33,B52,1,1,6
2014-04-15,0,I,B20,B27,B22,9,4,8
2014-04-15,1,I,B19,B28,B17,2,1,6
2014-04-15,2,I,B52,B42,B40,1,6,1
2014-04-15,3,I,B41,B35,B39,1,1,9
2014-04-16,0,I,B19,B22,B18,0,9,6
2014-04-16,1,I,B28,B19,B10,8,7,0
2014-04-16,2,I,B42,B52,B37,6,4,0
2014-04-16,3,I,B40,B39,B52,4,0,9
2014-04-17,0,I,B25,B28,B24,6,6,7
2014-04-17,1,I,B27,B10,B12,7,6,1
2014-04-17,2,I,B35,B33,B45,8,0,6
2014-04-17,3,I,B37,B43,B32,5,2,0
2014-04-18,0,I,B12,B11,B27,6,9,2
2014-04-18,1,I,B11,B13,B20,1,2,6
2014-04-18,2,I,B31,B43,B36,6,8,2
2014-04-18,3,I,B36,B33,B31,5,1,6
2014-04-19,0,I,B12,B24,B28,0,2,3
2014-04-19,1,I,B20,B25,B29,5,3,0
2014-04-19,2,I,B40,B33,B45,2,3,4
2014-04-19,3,I,B31,B39,B33,5,0,5
2014-04-21,0,I,B9,B24,B10,3,1,0
2014-04-21,1,I,B9,B13,B20,1,4,1
2014-04-21,2,I,B36,B38,B42,1,6,5
2014-04-21,3,I,B32,B37,B43,9,7,3
2014-04-22,0,I,B20,B9,B29,4,1,2
2014-04-22,1,I,B28,B10,B27,1,2,6
2014-04-22,2,I,B33,B31,B39,2,3,9
2014-04-22,3,I,B31,B35,B40,1,9,2
2014-04-23,0,I,B22,B24,B9,5,2,0
2014-04-23,1,I,B11,B9,B24,7,8,4
2014-04-23,2,I,B45,B31,B38,6,4,3
2014-04-23,3,I,B45,B52,B40,1,2,1
2014-04-24,0,I,B24,B28,B9,5,2,5
2014-04-24,1,I,B18,B25,B11,9,1,4
2014-04-24,2,I,B42,B40,B38,5,4,0
2014-04-24,3,I,B32,B36,B33,2,0,3
2014-04-25,0,I,B13,B11,B25,9,4,2
2014-04-25,1,I,B13,B11,B22,2,3,2
2014-04-25,2,I,B41,B31,B35,7,3,9
2014-04-25,3,I,B32,B52,B40,2,1,0
2014-04-26,0,I,B13,B18,B19,4,1,3
2014-04-26,1,I,B13,B20,B24,9,7,1
2014-04-26,2,I,B38,B39,B36,7,5,9
2014-04-26,3,I,B42,B40,B36,8,4,1
2014-04-28,0,I,B13,B11,B28,4,8,6
2014-04-28,1,I,B24,B12,B10,1,2,4
2014-04-28,2,I,B40,B32,B43,1,6,3
2014-04-28,3,I,B45,B36,B44,0,3,8
2014-04-29,0,I,B18,B24,B25,1,7,3
2014-04-29,1,I,B17,B28,B25,2,1,8
2014-04-29,2,I,B32,B35,B43,2,7,9
2014-04-29,3,I,B40,B42,B37,6,6,0
2014-04-30,0,I,B20,B27,B11,5,8,0
2014-04-30,1,I,B18,B27,B28,3,1,5
2014-04-30,2,I,B36,B33,B32,3,5,3
2014-04-30,3,I,B38,B36,B40,4,4,7
2014-05-01,0,J,B20,B25,B17,4,1,0
2014-05-01,1,J,B22,B29,B28,6,4,3
2014-05-01,2,J,B43,B33,B39,6,8,0
2014-05-01,3,J,B52,B41,B36,7,1,3
2014-05-02,0,J,B28,B17,B10,8,1,0
2014-05-02,1,J,B17,B22,B11,5,6,6
2014-05-02,2,J,B52,B39,B32,7,5,3
2014-05-02,3,J,B35,B42,B31,7,2,5
2014-05-03,0,J,B12,B29,B11,2,4,7
2014-05-03,1,J,B24,B10,B20,1,8,3
2014-05-03,2,J,B45,B35,B32,5,1,2
2014-05-03,3,J,B38,B52,B35,0,5,7
2014-05-05,0,J,B13,B19,B11,4,5,1
2014-05-05,1,J,B25,B28,B22,6,4,8
2014-05-05,2,J,B44,B32,B40,3,3,9
2014-05-05,3,J,B32,B37,B39,0,8,0
2014-05-06,0,J,B28,B19,B27,9,3,0
2014-05-06,1,J,B12,B19,B22,9,8,5
2014-05-06,2,J,B44,B52,B32,3,0,9
2014-05-06,3,J,B43,B44,B42,7,8,8
2014-05-07,0,J,B13,B9,B25,8,4,8
2014-05-07,1,J,B13,B19,B10,2,4,8
2014-05-07,2,J,B31,B52,B39,3,9,4
2014-05-07,3,J,B39,B40,B52,6,7,8
2014-05-08,0,J,B29,B10,B12,6,5,8
2014-05-08,1,J,B13,B24,B20,5,4,7
2014-05-08,2,J,B38,B37,B33,6,5,8
2014-05-08,3,J,B44,B33,B41,7,7,3
2014-05-09,0,J,B10,B9,B11,4,7,7
2014-05-09,1,J,B20,B11,B27,2,3,9
2014-05-09,2,J,B39,B31,B40,5,6,3
2014-05-09,3,J,B43,B33,B32,4,8,7
2014-05-10,0,J,B17,B19,B27,1,3,2
2014-05-10,1,J,B22,B19,B24,5,3,0
2014-05-10,2,J,B40,B38,B43,4,6,8
2014-05-10,3,J,B42,B33,B45,9,8,2
2014-05-12,0,J,B18,B28,B20,9,2,6
2014-05-12,1,J,B27,B20,B11,4,1,8
2014-05-12,2,J,B41,B44,B32,3,3,8
2014-05-12,3,J,B37,B42,B41,9,7,3
2014-05-13,0,J,B18,B19,B25,8,3,2
2014-05-13,1,J,B17,B9,B10,3,2,0
2014-05-13,2,J,B40,B37,B32,0,7,9
2014-05-13,3,J,B40,B38,B37,9,9,9
2014-05-14,0,J,B28,B20,B22,0,1,8
2014-05-14,1,J,B24,B10,B19,2,3,6
2014-05-14,2,J,B45,B38,B43,7,9,9
2014-05-14,3,J,B33,B38,B36,8,8,8
2014-05-15,0,J,B20,B18,B28,3,6,8
2014-05-15,1,J,B9,B29,B13,3,8,6
2014-05-15,2,J,B42,B41,B35,8,0,1
2014-05-15,3,J,B37,B52,B44,5,9,2
2014-05-16,0,J,B19,B25,B12,2,0,7
2014-05-16,1,J,B10,B18,B17,3,2,3
2014-05-16,2,J,B39,B32,B36,6,8,5
2014-05-16,3,J,B42,B33,B52,9,0,7
2014-05-17,0,J,B17,B12,B11,4,1,8
2014-05-17,1,J,B27,B28,B19,6,6,7
2014-05-17,2,J,B33,B35,B44,8,7,6
2014-05-17,3,J,B44,B43,B33,2,8,5
2014-05-19,0,J,B12,B25,B20,4,3,6
2014-05-19,1,J,B9,B13,B22,5,3,5
2014-05-19,2,J,B39,B36,B43,6,0,7
2014-05-19,3,J,B39,B33,B52,7,4,8
2014-05-20,0,J,B11,B20,B28,6,8,0
2014-05-20,1,J,B25,B27,B18,0,6,0
2014-05-20,2,J,B33,B36,B31,0,8,0
2014-05-20,3,J,B52,B37,B43,1,6,1
2014-05-21,0,J,B11,B10,B12,1,0,0
2014-05-21,1,J,B28,B12,B19,6,5,5
2014-05-21,2,J,B32,B40,B43,0,9,7
2014-05-21,3,J,B31,B38,B45,7,4,1
2014-05-22,0,J,B27,B18,B22,4,4,7
2014-05-22,1,J,B18,B13,B11,9,2,6
2014-05-22,2,J,B42,B32,B36,8,0,9
2014-05-22,3,J,B42,B31,B33,8,4,5
2014-05-23,0,J,B9,B29,B13,7,3,0
2014-05-23,1,J,B29,B13,B17,0,5,8
2014-05-23,2,J,B41,B45,B52,2,2,6
2014-05-23,3,J,B36,B44,B40,0,1,0
2014-05-24,0,J,B10,B20,B9,4,5,5
2014-05-24,1,J,B25,B27,B22,7,3,1
2014-05-24,2,J,B31,B42,B45,6,8,5
2014-05-24,3,J,B37,B33,B32,7,0,7
2014-05-26,0,J,B19,B25,B9,2,0,1
2014-05-26,1,J,B24,B12,B17,9,6,5
2014-05-26,2,J,B33,B31,B32,3,4,3
2014-05-26,3,J,B37,B31,B43,7,6,9
2014-05-27,0,J,B29,B22,B28,0,6,2
2014-05-27,1,J,B18,B17,B24,4,5,4
2014-05-27,2,J,B40,B52,B39,6,3,8
2014-05-27,3,J,B37,B44,B45,5,1,6
2014-05-28,0,J,B27,B29,B10,6,4,4
2014-05-28,1,J,B18,B25,B27,0,1,0
2014-05-28,2,J,B35,B52,B38,9,9,7
2014-05-28,3,J,B42,B38,B45,2,3,4
2014-05-29,0,J,B9,B22,B24,1,2,4
2014-05-29,1,J,B11,B9,B29,7,0,6
2014-05-29,2,J,B43,B41,B33,5,8,7
2014-05-29,3,J,B38,B37,B33,9,1,7
2014-05-30,0,J,B27,B29,B12,9,2,2
2014-05-30,1,J,B11,B24,B25,0,0,7
2014-05-30,2,J,B38,B52,B33,3,1,2
2014-05-30,3,J,B31,B41,B39,6,5,8
2014-05-31,0,J,B19,B24,B18,5,4,2
2014-05-31,1,J,B17,B19,B28,7,3,6
2014-05-31,2,J,B36,B32,B31,0,0,8
2014-05-31,3,J,B44,B40,B36,2,7,3
2014-06-02,0,K,B12,B17,B18,4,4,9
2014-06-02,1,K,B9,B12,B25,1,0,1
2014-06-02,2,K,B38,B31,B42,2,1,1
2014-06-02,3,K,B38,B37,B41,7,0,4
2014-06-03,0,K,B27,B28,B22,8,8,8
2014-06-03,1,K,B20,B17,B10,7,2,0
2014-06-03,2,K,B40,B38,B31,5,9,5
2014-06-03,3,K,B44,B52,B38,5,6,7
2014-06-04,0,K,B28,B22,B17,9,0,0
2014-06-04,1,K,B9,B13,B18,8,8,1
2014-06-04,2,K,B37,B39,B36,5,3,0
2014-06-04,3,K,B35,B33,B41,3,4,2
2014-06-05,0,K,B19,B12,B25,2,5,3
2014-06-05,1,K,B11,B22,B27,5,6,1
2014-06-05,2,K,B36,B44,B43,2,8,0
2014-06-05,3,K,B36,B37,B32,4,1,0
2014-06-06,0,K,B28,B18,B20,1,8,8
2014-06-06,1,K,B10,B29,B20,4,7,2
2014-06-06,2,K,B41,B42,B32,5,1,3
2014-06-06,3,K,B41,B45,B42,3,2,1
2014-06-07,0,K,B25,B13,B27,5,7,6
2014-06-07,1,K,B12,B17,B10,3,7,2
2014-06-07,2,K,B43,B35,B41,5,2,2
2014-06-07,3,K,B36,B42,B40,8,8,1
2014-06-09,0,K,B10,B25,B19,8,2,8
2014-06-09,1,K,B29,B25,B13,2,3,8
2014-06-09,2,K,B42,B39,B38,8,2,1
2014-06-09,3,K,B31,B42,B44,6,6,7
2014-06-10,0,K,B18,B20,B11,4,1,0
2014-06-10,1,K,B18,B12,B17,4,9,0
2014-06-10,2,K,B32,B33,B38,7,5,2
2014-06-10,3,K,B39,B44,B31,8,4,8
2014-06-11,0,K,B17,B11,B25,7,4,2
2014-06-11,1,K,B11,B19,B20,7,2,3
2014-06-11,2,K,B41,B52,B44,3,0,3
2014-06-11,3,K,B43,B33,B39,2,8,4
2014-06-12,0,K,B22,B29,B27,6,7,5
2014-06-12,1,K,B13,B20,B9,7,8,8
2014-06-12,2,K,B31,B44,B52,6,3,1
2014-06-12,3,K,B43,B32,B41,2,0,0
2014-06-13,0,K,B25,B11,B9,6,9,3
2014-06-13,1,K,B13,B17,B18,0,8,5
2014-06-13,2,K,B41,B35,B42,4,7,6
2014-06-13,3,K,B31,B41,B45,9,7,3
2014-06-14,0,K,B22,B27,B20,6,6,5
2014-06-14,1,K,B29,B9,B28,2,0,1
2014-06-14,2,K,B38,B45,B41,7,6,9
2014-06-14,3,K,B32,B33,B42,4,7,2
2014-06-16,0,K,B11,B12,B13,9,1,9
2014-06-16,1,K,B27,B9,B20,6,0,8
2014-06-16,2,K,B45,B35,B41,5,1,8
2014-06-16,3,K,B33,B40,B35,8,0,6
2014-06-17,0,K,B17,B24,B11,4,7,8
2014-06-17,1,K,B17,B19,B12,1,5,1
2014-06-17,2,K,B41,B38,B42,2,9,1
2014-06-17,3,K,B35,B37,B38,3,4,8
2014-06-18,0,K,B17,B13,B9,3,2,5
2014-06-18,1,K,B25,B18,B19,5,7,1
2014-06-18,2,K,B52,B38,B43,1,3,8
2014-06-18,3,K,B35,B37,B31,7,5,1
2014-06-19,0,K,B10,B17,B24,8,3,9
2014-06-19,1,K,B25,B20,B13,2,4,4
2014-06-19,2,K,B36,B38,B32,3,0,0
2014-06-19,3,K,B35,B37,B42,9,9,7
2014-06-20,0,K,B27,B19,B24,6,9,6
2014-06-20,1,K,B12,B18,B22,1,8,3
2014-06-20,2,K,B31,B36,B39,8,6,9
2014-06-20,3,K,B36,B40,B39,1,3,2
2014-06-21,0,K,B27,B18,B22,4,3,8
2014-06-21,1,K,B17,B25,B20,9,3,1
2014-06-21,2,K,B52,B37,B33,7,9,6
2014-06-21,3,K,B32,B38,B42,6,6,2
2014-06-23,0,K,B22,B17,B13,4,0,5
2014-06-23,1,K,B28,B11,B10,8,9,8
2014-06-23,2,K,B35,B33,B43,5,3,3
2014-06-23,3,K,B31,B36,B44,7,1,5
2014-06-24,0,K,B28,B29,B24,8,7,0
2014-06-24,1,K,B29,B24,B25,9,2,4
2014-06-24,2,K,B38,B39,B31,6,9,2
2014-06-24,3,K,B39,B43,B35,2,7,8
2014-06-25,0,K,B25,B20,B13,8,8,0
2014-06-25,1,K,B10,B9,B17,0,8,6
2014-06-25,2,K,B39,B36,B52,9,3,7
2014-06-25,3,K,B31,B33,B32,9,6,1
2014-06-26,0,K,B20,B13,B27,3,8,6
2014-06-26,1,K,B19,B11,B25,4,7,9
2014-06-26,2,K,B39,B31,B41,1,1,7
2014-06-26,3,K,B37,B43,B42,6,7,3
2014-06-27,0,K,B25,B29,B20,0,6,8
2014-06-27,1,K,B19,B22,B20,1,1,9
2014-06-27,2,K,B31,B33,B42,2,6,5
2014-06-27,3,K,B40,B36,B32,7,1,8
2014-06-28,0,K,B25,B12,B20,2,4,0
2014-06-28,1,K,B25,B20,B10,1,5,5
2014-06-28,2,K,B42,B33,B38,1,2,6
2014-06-28,3,K,B39,B32,B52,4,1,9
2014-06-30,0,K,B27,B18,B17,4,6,9
2014-06-30,1,K,B13,B19,B18,1,5,0
2014-06-30,2,K,B45,B33,B44,6,6,4
2014-06-30,3,K,B44,B37,B52,5,5,1
2014-07-01,0,G,B29,B11,B28,5,4,6
2014-07-01,1,G,B10,B24,B25,2,6,3
2014-07-01,2,G,B39,B52,B36,8,7,7
2014-07-01,3,G,B41,B45,B44,6,5,5
2014-07-02,0,G,B20,B9,B18,2,4,7
2014-07-02,1,G,B17,B25,B24,5,1,9
2014-07-02,2,G,B41,B36,B37,9,8,9
2014-07-02,3,G,B35,B32,B39,0,3,5
2014-07-03,0,G,B10,B19,B17,6,6,0
2014-07-03,1,G,B9,B13,B27,6,1,4
2014-07-03,2,G,B36,B35,B33,0,9,8
2014-07-03,3,G,B31,B37,B33,1,8,5
2014-07-04,0,G,B13,B22,B18,9,9,3
2014-07-04,1,G,B28,B17,B12,1,9,9
2014-07-04,2,G,B43,B33,B45,5,6,8
2014-07-04,3,G,B36,B43,B32,8,5,5
2014-07-05,0,G,B22,B11,B19,2,7,7
2014-07-05,1,G,B24,B22,B19,6,9,7
2014-07-05,2,G,B38,B43,B35,0,0,7
2014-07-05,3,G,B44,B41,B37,5,4,0
2014-07-07,0,G,B13,B12,B20,4,6,5
2014-07-07,1,G,B11,B19,B29,2,6,1
2014-07-07,2,G,B42,B40,B44,4,1,3
2014-07-07,3,G,B52,B38,B42,0,3,3
2014-07-08,0,G,B29,B28,B27,0,9,5
2014-07-08,1,G,B29,B27,B28,1,6,3
2014-07-08,2,G,B32,B52,B33,1,7,4
2014-07-08,3,G,B31,B35,B39,6,2,5
2014-07-09,0,G,B17,B13,B12,7,7,7
2014-07-09,1,G,B19,B17,B13,0,4,6
2014-07-09,2,G,B40,B43,B35,5,2,8
2014-07-09,3,G,B35,B39,B31,5,2,6
2014-07-10,0,G,B18,B9,B13,8,0,4
2014-07-10,1,G,B24,B10,B20,6,4,4
2014-07-10,2,G,B39,B43,B40,3,2,2
2014-07-10,3,G,B44,B31,B42,1,9,2
2014-07-11,0,G,B29,B24,B18,9,6,5
2014-07-11,1,G,B27,B20,B10,9,2,0
2014-07-11,2,G,B52,B42,B32,2,8,9
2014-07-11,3,G,B41,B31,B45,8,8,6
2014-07-12,0,G,B27,B10,B25,4,9,6
2014-07-12,1,G,B19,B24,B20,0,3,3
2014-07-12,2,G,B42,B41,B39,0,7,8
2014-07-12,3,G,B33,B41,B37,1,4,3
2014-07-14,0,G,B13,B11,B24,4,7,9
2014-07-14,1,G,B10,B17,B27,1,7,9
2014-07-14,2,G,B52,B43,B39,5,9,9
2014-07-14,3,G,B52,B43,B38,4,9,9
2014-07-15,0,G,B10,B11,B25,6,3,6
2014-07-15,1,G,B11,B27,B10,0,7,5
2014-07-15,2,G,B36,B52,B38,0,5,1
2014-07-15,3,G,B42,B43,B36,3,0,4
2014-07-16,0,G,B28,B11,B10,1,8,5
2014-07-16,1,G,B12,B20,B10,2,0,5
2014-07-16,2,G,B35,B38,B40,5,4,7
2014-07-16,3,G,B45,B31,B33,9,7,6
2014-07-17,0,G,B29,B17,B22,6,8,0
2014-07-17,1,G,B27,B17,B9,8,8,9
2014-07-17,2,G,B33,B38,B31,6,4,3
2014-07-17,3,G,B44,B42,B38,3,6,0
2014-07-18,0,G,B27,B20,B10,1,2,0
2014-07-18,1,G,B25,B17,B29,7,1,0
2014-07-18,2,G,B35,B32,B43,2,0,6
2014-07-18,3,G,B31,B37,B39,4,0,3
2014-07-19,0,G,B28,B20,B17,3,4,9
2014-07-19,1,G,B11,B20,B24,7,3,3
2014-07-19,2,G,B40,B52,B32,6,1,2
2014-07-19,3,G,B45,B40,B52,6,6,1
2014-07-21,0,G,B22,B18,B20,5,1,0
2014-07-21,1,G,B27,B28,B9,2,0,8
2014-07-21,2,G,B37,B38,B42,5,2,7
2014-07-21,3,G,B45,B33,B43,5,9,8
2014-07-22,0,G,B20,B24,B25,5,2,1
2014-07-22,1,G,B17,B25,B20,9,4,6
2014-07-22,2,G,B32,B45,B31,4,9,7
2014-07-22,3,G,B35,B37,B33,0,0,6
2014-07-23,0,G,B13,B10,B9,3,7,6
2014-07-23,1,G,B24,B13,B19,3,8,5
2014-07-23,2,G,B31,B45,B52,9,7,8
2014-07-23,3,G,B31,B41,B42,1,7,4
2014-07-24,0,G,B28,B17,B27,5,3,6
2014-07-24,1,G,B18,B11,B24,9,5,2
2014-07-24,2,G,B52,B32,B36,1,6,2
2014-07-24,3,G,B35,B43,B31,8,4,5
2014-07-25,0,G,B20,B19,B24,7,7,7
2014-07-25,1,G,B24,B20,B28,2,8,1
2014-07-25,2,G,B45,B35,B44,6,4,0
2014-07-25,3,G,B32,B45,B38,9,9,9
2014-07-26,0,G,B28,B10,B11,0,4,8
2014-07-26,1,G,B27,B28,B10,9,4,8
2014-07-26,2,G,B32,B52,B43,2,9,4
2014-07-26,3,G,B35,B31,B37,6,7,2
2014-07-28,0,G,B29,B9,B11,7,3,3
2014-07-28,1,G,B10,B22,B11,6,7,6
2014-07-28,2,G,B33,B31,B32,7,4,8
2014-07-28,3,G,B32,B36,B31,1,2,9
2014-07-29,0,G,B22,B28,B27,6,9,0
2014-07-29,1,G,B9,B24,B28,7,9,2
2014-07-29,2,G,B36,B37,B35,4,9,4
2014-07-29,3,G,B36,B45,B35,1,3,3
2014-07-30,0,G,B12,B22,B20,3,7,2
2014-07-30,1,G,B13,B9,B10,3,4,2
2014-07-30,2,G,B45,B31,B35,6,5,4
2014-07-30,3,G,B31,B37,B33,3,4,7
2014-07-31,0,G,B22,B24,B17,4,8,4
2014-07-31,1,G,B24,B20,B28,2,0,0
2014-07-31,2,G,B43,B33,B41,3,9,7
2014-07-31,3,G,B32,B42,B38,8,9,1
2014-08-01,0,H,B18,B20,B12,1,4,1
2014-08-01,1,H,B28,B27,B20,5,4,8
2014-08-01,2,H,B44,B52,B42,6,9,7
2014-08-01,3,H,B44,B42,B43,8,3,5
2014-08-02,0,H,B20,B13,B29,8,8,7
2014-08-02,1,H,B9,B17,B12,8,8,0
2014-08-02,2,H,B39,B44,B35,2,4,5
2014-08-02,3,H,B40,B44,B39,6,8,2
2014-08-04,0,H,B27,B12,B11,1,6,7
2014-08-04,1,H,B11,B9,B17,9,0,0
2014-08-04,2,H,B32,B41,B35,6,3,0
2014-08-04,3,H,B37,B43,B42,6,4,2
2014-08-05,0,H,B10,B25,B24,1,7,0
2014-08-05,1,H,B19,B24,B27,9,7,3
2014-08-05,2,H,B44,B31,B40,1,5,0
2014-08-05,3,H,B42,B33,B39,5,7,3
2014-08-06,0,H,B22,B9,B28,5,4,2
2014-08-06,1,H,B12,B17,B27,7,4,4
2014-08-06,2,H,B37,B44,B36,7,5,7
2014-08-06,3,H,B42,B31,B37,3,4,7
2014-08-07,0,H,B10,B17,B18,6,7,8
2014-08-07,1,H,B22,B27,B20,2,6,2
2014-08-07,2,H,B37,B42,B35,2,1,2
2014-08-07,3,H,B36,B43,B33,9,0,4
2014-08-08,0,H,B17,B29,B10,1,8,8
2014-08-08,1,H,B9,B18,B20,9,6,9
2014-08-08,2,H,B37,B43,B35,4,5,0
2014-08-08,3,H,B36,B42,B38,5,7,8
2014-08-09,0,H,B17,B29,B22,4,5,6
2014-08-09,1,H,B12,B20,B25,6,2,2
2014-08-09,2,H,B32,B45,B42,2,7,4
2014-08-09,3,H,B44,B35,B43,9,4,3
2014-08-11,0,H,B22,B12,B28,5,8,9
2014-08-11,1,H,B22,B18,B25,4,5,0
2014-08-11,2,H,B33,B32,B36,5,3,9
2014-08-11,3,H,B39,B31,B36,4,0,7
2014-08-12,0,H,B12,B10,B22,5,4,7
2014-08-12,1,H,B13,B18,B12,5,4,6
2014-08-12,2,H,B37,B35,B42,4,1,3
2014-08-12,3,H,B33,B52,B35,8,5,5
2014-08-13,0,H,B10,B20,B17,7,2,8
2014-08-13,1,H,B13,B27,B12,4,0,0
2014-08-13,2,H,B41,B37,B40,0,5,8
2014-08-13,3,H,B44,B43,B31,6,6,9
2014-08-14,0,H,B12,B29,B11,0,7,7
2014-08-14,1,H,B17,B12,B22,6,6,7
2014-08-14,2,H,B43,B31,B44,0,3,4
2014-08-14,3,H,B52,B33,B39,1,1,3
2014-08-15,0,H,B25,B17,B20,0,6,5
2014-08-15,1,H,B18,B11,B13,9,7,6
2014-08-15,2,H,B39,B37,B33,5,2,4
2014-08-15,3,H,B33,B32,B52,2,7,3
2014-08-16,0,H,B9,B27,B19,4,1,6
2014-08-16,1,H,B25,B11,B24,7,7,1
2014-08-16,2,H,B52,B40,B33,6,3,1
2014-08-16,3,H,B38,B35,B36,0,3,9
2014-08-18,0,H,B12,B9,B25,0,3,2
2014-08-18,1,H,B27,B10,B9,2,3,5
2014-08-18,2,H,B42,B43,B35,6,2,1
2014-08-18,3,H,B44,B43,B52,7,6,6
2014-08-19,0,H,B18,B25,B12,3,8,2
2014-08-19,1,H,B13,B29,B28,2,2,8
2014-08-19,2,H,B39,B38,B43,3,8,1
2014-08-19,3,H,B31,B44,B43,1,5,2
2014-08-20,0,H,B18,B10,B25,1,9,1
2014-08-20,1,H,B19,B10,B11,4,8,1
2014-08-20,2,H,B33,B41,B52,3,0,4
2014-08-20,3,H,B39,B32,B52,6,4,7
2014-08-21,0,H,B22,B17,B27,7,4,3
2014-08-21,1,H,B17,B24,B28,6,8,0
2014-08-21,2,H,B42,B33,B44,5,3,3
2014-08-21,3,H,B31,B33,B43,7,6,7
2014-08-22,0,H,B10,B29,B28,3,2,2
2014-08-22,1,H,B28,B17,B9,9,2,2
2014-08-22,2,H,B44,B36,B38,3,0,4
2014-08-22,3,H,B44,B31,B43,9,6,1
2014-08-23,0,H,B18,B22,B27,5,3,8
2014-08-23,1,H,B10,B28,B18,1,8,4
2014-08-23,2,H,B36,B41,B31,0,0,2
2014-08-23,3,H,B37,B42,B44,8,1,1
2014-08-25,0,H,B17,B11,B27,7,3,6
2014-08-25,1,H,B28,B10,B22,3,4,2
2014-08-25,2,H,B31,B33,B44,9,8,0
2014-08-25,3,H,B37,B43,B33,1,2,0
2014-08-26,0,H,B24,B17,B22,7,5,9
2014-08-26,1,H,B17,B19,B10,1,1,5
2014-08-26,2,H,B38,B37,B36,9,0,1
2014-08-26,3,H,B38,B32,B40,8,5,8
2014-08-27,0,H,B13,B22,B20,7,5,3
2014-08-27,1,H,B9,B10,B25,4,9,8
2014-08-27,2,H,B41,B52,B32,3,8,1
2014-08-27,3,H,B37,B40,B31,3,2,1
2014-08-28,0,H,B9,B24,B20,9,3,8
2014-08-28,1,H,B17,B20,B25,1,1,3
2014-08-28,2,H,B41,B45,B36,3,0,5
2014-08-28,3,H,B35,B52,B38,2,6,7
2014-08-29,0,H,B20,B24,B19,4,9,5
2014-08-29,1,H,B19,B29,B28,4,4,3
2014-08-29,2,H,B45,B35,B39,0,5,6
2014-08-29,3,H,B37,B39,B33,1,8,7
2014-08-30,0,H,B9,B13,B19,6,2,2
2014-08-30,1,H,B20,B17,B29,9,0,4
2014-08-30,2,H,B41,B42,B37,9,3,0
2014-08-30,3,H,B43,B33,B35,5,1,1
2014-09-01,0,I,B11,B19,B29,1,8,5
2014-09-01,1,I,B12,B17,B22,1,4,3
2014-09-01,2,I,B45,B41,B33,3,0,1
2014-09-01,3,I,B45,B37,B39,8,2,4
2014-09-02,0,I,B20,B29,B13,5,4,6
2014-09-02,1,I,B18,B13,B22,5,7,4
2014-09-02,2,I,B44,B43,B41,2,1,6
2014-09-02,3,I,B52,B33,B39,0,5,6
2014-09-03,0,I,B12,B24,B28,7,8,1
2014-09-03,1,I,B25,B19,B17,4,7,4
2014-09-03,2,I,B33,B36,B32,9,9,1
2014-09-03,3,I,B40,B41,B31,8,7,4
2014-09-04,0,I,B9,B17,B10,8,9,8
2014-09-04,1,I,B25,B19,B11,5,3,7
2014-09-04,2,I,B44,B38,B33,6,4,8
2014-09-04,3,I,B37,B43,B45,8,0,5
2014-09-05,0,I,B11,B20,B24,9,6,2
2014-09-05,1,I,B28,B29,B25,3,4,8
2014-09-05,2,I,B38,B40,B32,6,7,3
2014-09-05,3,I,B43,B38,B40,1,8,5
2014-09-06,0,I,B11,B29,B24,4,4,3
2014-09-06,1,I,B19,B24,B20,5,7,6
2014-09-06,2,I,B31,B40,B41,3,4,0
2014-09-06,3,I,B42,B41,B32,6,3,6
2014-09-08,0,I,B17,B22,B13,1,0,3
2014-09-08,1,I,B9,B20,B10,7,3,4
2014-09-08,2,I,B43,B36,B38,8,1,1
2014-09-08,3,I,B36,B43,B40,4,4,0
2014-09-09,0,I,B13,B19,B28,9,0,4
2014-09-09,1,I,B11,B18,B25,2,9,6
2014-09-09,2,I,B41,B52,B32,4,0,0
2014-09-09,3,I,B52,B35,B40,2,0,2
2014-09-10,0,I,B9,B10,B13,4,2,6
2014-09-10,1,I,B20,B25,B29,7,2,5
2014-09-10,2,I,B43,B40,B37,7,4,1
2014-09-10,3,I,B32,B38,B40,1,3,5
2014-09-11,0,I,B17,B25,B28,0,4,9
2014-09-11,1,I,B24,B9,B22,4,6,1
2014-09-11,2,I,B45,B52,B37,6,0,7
2014-09-11,3,I,B35,B43,B45,0,0,8
2014-09-12,0,I,B28,B29,B13,2,2,1
2014-09-12,1,I,B12,B20,B22,0,3,9
2014-09-12,2,I,B37,B52,B38,7,1,1
2014-09-12,3,I,B38,B33,B31,7,9,2
2014-09-13,0,I,B19,B9,B24,7,2,6
2014-09-13,1,I,B13,B20,B25,9,7,9
2014-09-13,2,I,B39,B43,B52,5,8,6
2014-09-13,3,I,B41,B52,B42,0,5,7
2014-09-15,0,I,B25,B17,B10,5,2,8
2014-09-15,1,I,B10,B11,B13,4,6,2
2014-09-15,2,I,B37,B31,B38,7,4,6
2014-09-15,3,I,B33,B52,B40,9,8,6
2014-09-16,0,I,B18,B19,B20,7,0,4
2014-09-16,1,I,B19,B22,B20,5,7,4
2014-09-16,2,I,B38,B42,B44,4,1,5
2014-09-16,3,I,B40,B41,B31,6,2,9
2014-09-17,0,I,B27,B13,B18,0,5,8
2014-09-17,1,I,B19,B18,B25,8,2,1
2014-09-17,2,I,B43,B40,B45,4,7,9
2014-09-17,3,I,B39,B32,B35,3,8,9
2014-09-18,0,I,B27,B13,B17,6,3,3
2014-09-18,1,I,B12,B25,B22,2,6,6
2014-09-18,2,I,B42,B33,B38,3,2,7
2014-09-18,3,I,B39,B45,B42,9,6,3
2014-09-19,0,I,B24,B9,B27,1,1,0
2014-09-19,1,I,B11,B13,B22,2,3,2
2014-09-19,2,I,B31,B43,B52,2,5,2
2014-09-19,3,I,B37,B38,B32,5,7,3
2014-09-20,0,I,B17,B29,B25,7,4,9
2014-09-20,1,I,B29,B11,B24,2,5,9
2014-09-20,2,I,B35,B38,B45,3,0,9
2014-09-20,3,I,B41,B52,B44,8,2,1
2014-09-22,0,I,B29,B19,B28,1,0,7
2014-09-22,1,I,B27,B24,B19,0,6,6
2014-09-22,2,I,B40,B37,B45,7,6,4
2014-09-22,3,I,B45,B40,B42,8,8,1
2014-09-23,0,I,B29,B10,B20,2,4,7
2014-09-23,1,I,B17,B20,B24,3,8,0
2014-09-23,2,I,B42,B52,B43,0,1,0
2014-09-23,3,I,B52,B31,B37,6,4,4
2014-09-24,0,I,B24,B20,B12,8,1,0
2014-09-24,1,I,B12,B17,B18,5,4,0
2014-09-24,2,I,B52,B36,B42,2,6,1
2014-09-24,3,I,B37,B31,B41,4,5,7
2014-09-25,0,I,B28,B9,B29,1,5,2
2014-09-25,1,I,B29,B11,B12,4,3,4
2014-09-25,2,I,B33,B38,B31,2,8,8
2014-09-25,3,I,B31,B38,B52,4,3,5
2014-09-26,0,I,B13,B18,B27,4,3,6
2014-09-26,1,I,B17,B9,B11,4,0,5
2014-09-26,2,I,B43,B35,B38,9,3,2
2014-09-26,3,I,B39,B42,B36,1,5,5
2014-09-27,0,I,B20,B22,B9,8,1,9
2014-09-27,1,I,B17,B10,B12,4,3,5
2014-09-27,2,I,B38,B44,B41,8,6,5
2014-09-27,3,I,B52,B43,B37,5,5,0
2014-09-29,0,I,B19,B18,B17,6,3,3
2014-09-29,1,I,B27,B20,B10,4,7,8
2014-09-29,2,I,B45,B39,B52,5,1,8
2014-09-29,3,I,B38,B52,B40,2,3,4
2014-09-30,0,I,B11,B18,B17,8,7,5
2014-09-30,1,I,B24,B25,B22,8,8,9
2014-09-30,2,I,B42,B44,B33,7,6,3
2014-09-30,3,I,B32,B39,B35,4,2,9
2014-10-01,0,J,B22,B28,B9,2,3,4
2014-10-01,1,J,B9,B12,B19,3,8,9
2014-10-01,2,J,B45,B36,B40,4,2,3
2014-10-01,3,J,B44,B40,B32,8,8,1
2014-10-02,0,J,B17,B9,B25,4,2,1
2014-10-02,1,J,B24,B17,B29,2,8,8
2014-10-02,2,J,B40,B52,B36,7,3,9
2014-10-02,3,J,B43,B38,B33,6,5,4
2014-10-03,0,J,B10,B20,B28,3,7,3
2014-10-03,1,J,B20,B12,B25,7,3,3
2014-10-03,2,J,B31,B32,B40,2,0,3
2014-10-03,3,J,B42,B37,B44,2,8,6
2014-10-04,0,J,B17,B27,B24,7,7,1
2014-10-04,1,J,B9,B29,B28,2,2,0
2014-10-04,2,J,B42,B45,B41,3,7,0
2014-10-04,3,J,B39,B52,B41,8,2,1
2014-10-06,0,J,B25,B20,B10,3,6,0
2014-10-06,1,J,B13,B19,B27,9,0,7
2014-10-06,2,J,B37,B35,B52,4,4,4
2014-10-06,3,J,B35,B39,B32,6,2,3
2014-10-07,0,J,B20,B24,B18,8,2,7
2014-10-07,1,J,B25,B28,B20,9,5,5
2014-10-07,2,J,B41,B44,B32,2,9,5
2014-10-07,3,J,B43,B32,B45,4,0,7
2014-10-08,0,J,B28,B29,B27,1,6,6
2014-10-08,1,J,B13,B25,B19,3,9,9
2014-10-08,2,J,B41,B44,B39,2,5,1
2014-10-08,3,J,B37,B45,B38,8,9,8
2014-10-09,0,J,B9,B29,B27,2,4,6
2014-10-09,1,J,B19,B22,B9,5,2,8
2014-10-09,2,J,B31,B38,B32,0,2,2
2014-10-09,3,J,B40,B39,B45,7,1,3
2014-10-10,0,J,B19,B9,B11,1,7,5
2014-10-10,1,J,B20,B9,B24,9,5,0
2014-10-10,2,J,B38,B37,B41,0,4,6
2014-10-10,3,J,B37,B39,B31,4,2,0
2014-10-11,0,J,B12,B10,B17,7,4,0
2014-10-11,1,J,B11,B13,B17,1,0,7
2014-10-11,2,J,B38,B35,B42,0,1,7
2014-10-11,3,J,B41,B39,B40,4,8,6
2014-10-13,0,J,B27,B29,B13,4,1,1
2014-10-13,1,J,B29,B11,B17,3,6,7
2014-10-13,2,J,B35,B42,B36,0,2,2
2014-10-13,3,J,B38,B31,B52,6,1,8
2014-10-14,0,J,B22,B25,B24,3,8,1
2014-10-14,1,J,B13,B9,B24,2,7,3
2014-10-14,2,J,B33,B43,B38,1,0,1
2014-10-14,3,J,B39,B32,B40,2,8,8
2014-10-15,0,J,B11,B24,B29,9,6,9
2014-10-15,1,J,B9,B22,B18,0,5,9
2014-10-15,2,J,B35,B42,B32,0,4,8
2014-10-15,3,J,B45,B52,B36,0,7,5
2014-10-16,0,J,B22,B18,B29,4,6,8
2014-10-16,1,J,B17,B20,B18,2,8,2
2014-10-16,2,J,B39,B44,B36,6,6,7
2014-10-16,3,J,B45,B43,B35,7,8,2
2014-10-17,0,J,B28,B12,B19,3,8,0
2014-10-17,1,J,B11,B18,B22,4,3,1
2014-10-17,2,J,B39,B36,B52,9,2,0
2014-10-17,3,J,B45,B33,B37,8,6,6
2014-10-18,0,J,B19,B28,B29,4,2,3
2014-10-18,1,J,B19,B24,B27,8,8,5
2014-10-18,2,J,B44,B43,B35,5,3,5
2014-10-18,3,J,B43,B35,B33,6,9,2
2014-10-20,0,J,B11,B12,B17,7,7,0
2014-10-20,1,J,B18,B12,B13,8,6,5
2014-10-20,2,J,B39,B41,B33,1,4,2
2014-10-20,3,J,B36,B42,B39,4,2,5
2014-10-21,0,J,B9,B28,B20,0,8,2
2014-10-21,1,J,B28,B17,B10,4,6,2
2014-10-21,2,J,B43,B42,B39,7,5,9
2014-10-21,3,J,B39,B31,B37,8,6,5
2014-10-22,0,J,B27,B28,B20,4,0,9
2014-10-22,1,J,B24,B12,B18,8,7,9
2014-10-22,2,J,B35,B45,B33,4,8,3
2014-10-22,3,J,B38,B35,B32,4,6,5
2014-10-23,0,J,B17,B10,B18,9,0,7
2014-10-23,1,J,B29,B28,B19,1,5,4
2014-10-23,2,J,B31,B38,B43,8,3,8
2014-10-23,3,J,B32,B31,B52,8,4,7
2014-10-24,0,J,B27,B20,B13,4,3,2
2014-10-24,1,J,B22,B29,B13,4,3,4
2014-10-24,2,J,B37,B35,B42,8,4,2
2014-10-24,3,J,B40,B52,B38,4,0,1
2014-10-25,0,J,B29,B17,B20,7,4,7
2014-10-25,1,J,B22,B25,B28,9,7,4
2014-10-25,2,J,B32,B35,B44,1,8,4
2014-10-25,3,J,B40,B41,B35,1,4,5
2014-10-27,0,J,B27,B29,B11,0,4,2
2014-10-27,1,J,B9,B13,B19,0,4,8
2014-10-27,2,J,B35,B36,B45,9,4,0
2014-10-27,3,J,B43,B31,B44,4,7,5
2014-10-28,0,J,B25,B20,B18,8,0,7
2014-10-28,1,J,B13,B19,B18,2,3,2
2014-10-28,2,J,B41,B38,B35,2,3,7
2014-10-28,3,J,B33,B39,B36,2,3,0
2014-10-29,0,J,B12,B10,B25,3,0,1
2014-10-29,1,J,B19,B29,B10,9,1,3
2014-10-29,2,J,B45,B40,B43,8,8,4
2014-10-29,3,J,B32,B41,B36,7,5,2
2014-10-30,0,J,B17,B20,B13,7,2,5
2014-10-30,1,J,B25,B17,B20,0,4,9
2014-10-30,2,J,B33,B36,B35,7,5,1
2014-10-30,3,J,B44,B45,B37,7,3,1
2014-10-31,0,J,B27,B25,B11,0,4,8
2014-10-31,1,J,B22,B12,B27,7,9,9
2014-10-31,2,J,B40,B31,B42,4,0,5
2014-10-31,3,J,B33,B32,B37,6,2,4
2014-11-01,0,K,B22,B12,B10,1,3,8
2014-11-01,1,K,B29,B28,B20,4,6,5
2014-11-01,2,K,B31,B43,B39,3,9,4
2014-11-01,3,K,B36,B45,B37,7,8,0
2014-11-03,0,K,B10,B18,B24,6,0,8
2014-11-03,1,K,B12,B22,B29,5,2,7
2014-11-03,2,K,B42,B38,B37,3,9,0
2014-11-03,3,K,B43,B52,B37,1,3,6
2014-11-04,0,K,B28,B17,B19,9,0,3
2014-11-04,1,K,B28,B22,B12,7,1,6
2014-11-04,2,K,B39,B41,B32,6,7,2
2014-11-04,3,K,B40,B44,B35,3,2,6
2014-11-05,0,K,B22,B24,B28,3,5,2
2014-11-05,1,K,B10,B25,B17,0,2,7
2014-11-05,2,K,B32,B40,B35,5,2,4
2014-11-05,3,K,B32,B38,B39,5,4,8
2014-11-06,0,K,B28,B11,B12,2,9,9
2014-11-06,1,K,B17,B19,B18,9,8,7
2014-11-06,2,K,B38,B41,B39,1,2,2
2014-11-06,3,K,B42,B35,B39,4,8,2
2014-11-07,0,K,B25,B24,B12,1,1,3
2014-11-07,1,K,B28,B27,B12,6,2,5
2014-11-07,2,K,B31,B37,B39,4,4,8
2014-11-07,3,K,B45,B32,B37,0,5,5
2014-11-08,0,K,B24,B28,B25,1,7,1
2014-11-08,1,K,B25,B17,B11,9,9,7
2014-11-08,2,K,B36,B37,B44,2,8,4
2014-11-08,3,K,B38,B32,B52,3,1,0
2014-11-10,0,K,B17,B12,B24,4,2,6
2014-11-10,1,K,B29,B24,B17,6,8,8
2014-11-10,2,K,B32,B52,B45,7,3,1
2014-11-10,3,K,B45,B35,B42,8,0,1
2014-11-11,0,K,B11,B25,B27,5,8,1
2014-11-11,1,K,B9,B24,B11,1,4,8
2014-11-11,2,K,B52,B36,B37,3,7,2
2014-11-11,3,K,B45,B33,B35,2,3,8
2014-11-12,0,K,B12,B10,B11,7,9,9
2014-11-12,1,K,B22,B27,B20,5,0,4
2014-11-12,2,K,B52,B41,B43,1,8,5
2014-11-12,3,K,B52,B40,B32,6,4,1
2014-11-13,0,K,B18,B20,B12,8,2,8
2014-11-13,1,K,B9,B11,B18,3,6,5
2014-11-13,2,K,B39,B45,B52,6,4,8
2014-11-13,3,K,B32,B43,B37,4,1,0
2014-11-14,0,K,B10,B24,B13,6,5,3
2014-11-14,1,K,B20,B19,B18,3,2,0
2014-11-14,2,K,B31,B32,B41,6,7,2
2014-11-14,3,K,B38,B52,B43,8,7,9
2014-11-15,0,K,B24,B11,B28,7,3,0
2014-11-15,1,K,B10,B19,B17,9,3,2
2014-11-15,2,K,B41,B45,B43,8,1,9
2014-11-15,3,K,B33,B36,B45,8,2,7
2014-11-17,0,K,B19,B10,B27,7,9,4
2014-11-17,1,K,B11,B20,B12,7,3,9
2014-11-17,2,K,B36,B52,B32,0,9,3
2014-11-17,3,K,B37,B43,B31,6,7,1
2014-11-18,0,K,B29,B27,B24,4,8,5
2014-11-18,1,K,B9,B13,B12,8,1,6
2014-11-18,2,K,B45,B36,B42,1,6,6
2014-11-18,3,K,B41,B52,B45,3,1,6
2014-11-19,0,K,B9,B27,B25,4,2,0
2014-11-19,1,K,B17,B10,B9,5,2,9
2014-11-19,2,K,B43,B33,B39,5,7,2
2014-11-19,3,K,B43,B31,B44,8,6,7
2014-11-20,0,K,B18,B13,B24,3,7,4
2014-11-20,1,K,B22,B9,B25,5,1,8
2014-11-20,2,K,B36,B41,B38,4,9,0
2014-11-20,3,K,B33,B38,B43,1,1,7
2014-11-21,0,K,B13,B29,B10,1,2,0
2014-11-21,1,K,B24,B29,B13,9,7,7
2014-11-21,2,K,B35,B43,B41,3,1,2
2014-11-21,3,K,B39,B31,B36,6,6,8
2014-11-22,0,K,B27,B17,B10,2,9,1
2014-11-22,1,K,B9,B12,B19,4,7,7
2014-11-22,2,K,B38,B33,B39,9,4,0
2014-11-22,3,K,B42,B43,B38,0,3,0
2014-11-24,0,K,B17,B28,B10,2,5,9
2014-11-24,1,K,B22,B17,B24,2,4,3
2014-11-24,2,K,B44,B35,B36,8,0,2
2014-11-24,3,K,B39,B52,B38,8,3,3
2014-11-25,0,K,B10,B27,B13,8,1,5
2014-11-25,1,K,B13,B27,B28,0,2,0
2014-11-25,2,K,B45,B44,B36,7,5,6
2014-11-25,3,K,B31,B35,B33,4,1,4
2014-11-26,0,K,B10,B29,B19,0,7,9
2014-11-26,1,K,B18,B24,B19,1,4,6
2014-11-26,2,K,B37,B36,B43,3,7,7
2014-11-26,3,K,B31,B40,B35,6,4,5
2014-11-27,0,K,B10,B22,B28,3,5,6
2014-11-27,1,K,B29,B27,B17,8,7,6
2014-11-27,2,K,B33,B45,B43,4,1,4
2014-11-27,3,K,B37,B43,B38,4,5,8
2014-11-28,0,K,B13,B9,B11,3,6,9
2014-11-28,1,K,B28,B13,B18,3,1,3
2014-11-28,2,K,B45,B37,B31,7,8,9
2014-11-28,3,K,B52,B43,B32,7,6,8
2014-11-29,0,K,B12,B20,B18,4,5,5
2014-11-29,1,K,B25,B18,B10,4,5,0
2014-11-29,2,K,B38,B52,B44,9,5,4
2014-11-29,3,K,B35,B39,B44,2,0,9
2014-12-01,0,G,B10,B13,B17,9,1,5
2014-12-01,1,G,B18,B13,B22,4,4,4
2014-12-01,2,G,B31,B32,B43,0,6,6
2014-12-01,3,G,B52,B42,B41,4,1,3
2014-12-02,0,G,B22,B25,B18,6,0,3
2014-12-02,1,G,B29,B22,B11,8,1,9
2014-12-02,2,G,B31,B37,B35,8,2,8
2014-12-02,3,G,B31,B52,B37,7,7,6
2014-12-03,0,G,B28,B11,B13,6,9,7
2014-12-03,1,G,B22,B28,B11,6,3,0
2014-12-03,2,G,B52,B35,B45,4,4,0
2014-12-03,3,G,B33,B37,B40,6,7,1
2014-12-04,0,G,B20,B18,B17,4,6,8
2014-12-04,1,G,B18,B17,B10,5,7,3
2014-12-04,2,G,B32,B38,B36,9,3,1
2014-12-04,3,G,B38,B44,B42,8,5,1
2014-12-05,0,G,B10,B18,B19,8,1,5
2014-12-05,1,G,B20,B19,B22,1,7,1
2014-12-05,2,G,B39,B31,B43,7,6,5
2014-12-05,3,G,B37,B44,B32,1,4,0
2014-12-06,0,G,B20,B27,B29,0,5,2
2014-12-06,1,G,B13,B17,B11,3,5,2
2014-12-06,2,G,B39,B37,B38,9,0,2
2014-12-06,3,G,B37,B38,B35,3,9,5
2014-12-08,0,G,B18,B20,B12,8,2,3
2014-12-08,1,G,B18,B22,B25,6,7,2
2014-12-08,2,G,B44,B42,B43,4,0,4
2014-12-08,3,G,B41,B38,B37,9,4,5
2014-12-09,0,G,B10,B17,B24,6,1,7
2014-12-09,1,G,B17,B12,B19,6,5,4
2014-12-09,2,G,B39,B37,B44,0,5,7
2014-12-09,3,G,B42,B44,B52,5,1,7
2014-12-10,0,G,B22,B12,B11,6,8,7
2014-12-10,1,G,B12,B25,B29,7,6,5
2014-12-10,2,G,B38,B45,B43,9,9,2
2014-12-10,3,G,B36,B32,B52,7,3,0
2014-12-11,0,G,B18,B27,B29,5,2,1
2014-12-11,1,G,B19,B18,B9,4,7,2
2014-12-11,2,G,B45,B41,B32,8,6,7
2014-12-11,3,G,B44,B41,B52,7,5,1
2014-12-12,0,G,B12,B17,B28,2,7,8
2014-12-12,1,G,B29,B18,B17,4,9,4
2014-12-12,2,G,B43,B31,B41,0,4,1
2014-12-12,3,G,B31,B45,B40,9,5,2
2014-12-13,0,G,B11,B28,B10,4,8,7
2014-12-13,1,G,B17,B11,B29,6,9,2
2014-12-13,2,G,B32,B35,B43,2,3,2
2014-12-13,3,G,B44,B35,B39,1,1,3
2014-12-15,0,G,B13,B9,B29,4,2,9
2014-12-15,1,G,B10,B18,B19,6,4,4
2014-12-15,2,G,B41,B31,B33,9,9,2
2014-12-15,3,G,B40,B36,B52,3,4,2
2014-12-16,0,G,B10,B9,B18,0,2,0
2014-12-16,1,G,B24,B25,B11,2,2,5
2014-12-16,2,G,B44,B52,B43,0,5,4
2014-12-16,3,G,B41,B40,B39,0,9,5
2014-12-17,0,G,B9,B17,B11,2,3,8
2014-12-17,1,G,B28,B29,B13,2,6,1
2014-12-17,2,G,B43,B33,B38,7,7,0
2014-12-17,3,G,B44,B31,B43,8,8,5
2014-12-18,0,G,B17,B27,B19,7,1,4
2014-12-18,1,G,B28,B25,B24,6,6,5
2014-12-18,2,G,B45,B44,B42,9,4,0
2014-12-18,3,G,B39,B44,B35,4,1,0
2014-12-19,0,G,B10,B25,B18,1,8,9
2014-12-19,1,G,B9,B13,B19,7,7,9
2014-12-19,2,G,B44,B38,B37,1,2,5
2014-12-19,3,G,B40,B32,B37,7,3,6
2014-12-20,0,G,B17,B24,B27,3,3,2
2014-12-20,1,G,B25,B17,B20,6,1,6
2014-12-20,2,G,B41,B39,B36,0,8,4
2014-12-20,3,G,B38,B33,B52,1,8,7
2014-12-22,0,G,B10,B11,B24,1,6,2
2014-12-22,1,G,B17,B12,B20,0,3,1
2014-12-22,2,G,B36,B39,B40,2,2,1
2014-12-22,3,G,B31,B40,B38,0,9,2
2014-12-23,0,G,B17,B29,B22,6,6,0
2014-12-23,1,G,B20,B28,B13,7,2,8
2014-12-23,2,G,B41,B35,B33,3,7,8
2014-12-23,3,G,B38,B42,B35,8,0,7
2014-12-24,0,G,B29,B17,B27,2,7,5
2014-12-24,1,G,B20,B11,B28,8,3,9
2014-12-24,2,G,B35,B32,B40,3,7,1
2014-12-24,3,G,B37,B39,B45,7,3,0
2014-12-25,0,G,B13,B22,B24,6,9,4
2014-12-25,1,G,B27,B9,B11,3,5,5
2014-12-25,2,G,B52,B31,B43,6,9,9
2014-12-25,3,G,B35,B33,B37,3,3,1
2014-12-26,0,G,B20,B19,B27,5,2,7
2014-12-26,1,G,B27,B22,B29,9,7,8
2014-12-26,2,G,B44,B52,B37,6,6,9
2014-12-26,3,G,B39,B40,B45,1,0,6
2014-12-27,0,G,B17,B13,B9,1,7,9
2014-12-27,1,G,B24,B9,B18,7,3,6
2014-12-27,2,G,B36,B52,B38,4,5,6
2014-12-27,3,G,B40,B41,B33,0,1,7
2014-12-29,0,G,B18,B12,B19,0,7,8
2014-12-29,1,G,B17,B12,B28,7,4,1
2014-12-29,2,G,B45,B41,B39,3,1,5
2014-12-29,3,G,B38,B42,B37,5,9,4
2014-12-30,0,G,B13,B22,B28,0,3,5
2014-12-30,1,G,B27,B13,B10,0,5,4
2014-12-30,2,G,B45,B42,B40,8,9,9
2014-12-30,3,G,B36,B31,B41,5,0,4
2014-12-31,0,G,B9,B11,B24,5,8,9
2014-12-31,1,G,B17,B18,B22,0,1,5
2014-12-31,2,G,B43,B35,B36,3,0,6
2014-12-31,3,G,B52,B40,B42,1,2,8
2015-01-01,0,H,B10,B19,B25,9,9,6
2015-01-01,1,H,B11,B29,B27,8,5,6
2015-01-01,2,H,B42,B52,B45,5,6,9
2015-01-01,3,H,B44,B38,B32,0,4,0
2015-01-02,0,H,B11,B25,B24,3,9,8
2015-01-02,1,H,B12,B13,B10,8,2,3
2015-01-02,2,H,B31,B45,B39,5,4,9
2015-01-02,3,H,B31,B36,B52,0,2,2
2015-01-03,0,H,B19,B25,B22,0,3,1
2015-01-03,1,H,B20,B24,B27,7,6,6
2015-01-03,2,H,B31,B32,B45,0,1,8
2015-01-03,3,H,B32,B42,B41,8,2,1
2015-01-05,0,H,B13,B25,B9,7,4,8
2015-01-05,1,H,B22,B13,B10,5,7,0
2015-01-05,2,H,B52,B35,B40,9,5,6
2015-01-05,3,H,B43,B35,B33,5,4,1
2015-01-06,0,H,B17,B10,B27,1,6,8
2015-01-06,1,H,B11,B10,B25,5,9,5
2015-01-06,2,H,B39,B36,B35,7,6,0
2015-01-06,3,H,B38,B42,B41,2,7,9
2015-01-07,0,H,B19,B10,B18,1,8,1
2015-01-07,1,H,B9,B13,B22,8,2,2
2015-01-07,2,H,B35,B32,B38,1,9,6
2015-01-07,3,H,B33,B43,B35,3,7,4
2015-01-08,0,H,B12,B27,B9,9,9,0
2015-01-08,1,H,B9,B24,B20,0,3,1
2015-01-08,2,H,B41,B39,B31,8,8,2
2015-01-08,3,H,B33,B52,B36,4,7,8
2015-01-09,0,H,B11,B13,B19,0,6,1
2015-01-09,1,H,B24,B18,B11,3,3,9
2015-01-09,2,H,B37,B33,B32,0,3,3
2015-01-09,3,H,B52,B36,B45,1,4,7
2015-01-10,0,H,B22,B9,B27,0,8,5
2015-01-10,1,H,B24,B10,B19,1,4,6
2015-01-10,2,H,B31,B36,B37,4,1,0
2015-01-10,3,H,B37,B44,B45,2,1,4
2015-01-12,0,H,B20,B22,B25,8,8,7
2015-01-12,1,H,B22,B24,B28,8,4,7
2015-01-12,2,H,B33,B37,B38,7,7,5
2015-01-12,3,H,B31,B41,B37,9,1,5
2015-01-13,0,H,B19,B22,B17,4,2,5
2015-01-13,1,H,B24,B12,B17,4,0,4
2015-01-13,2,H,B39,B40,B45,8,0,4
2015-01-13,3,H,B39,B45,B42,5,9,8
2015-01-14,0,H,B13,B12,B24,0,7,6
2015-01-14,1,H,B20,B9,B19,3,6,6
2015-01-14,2,H,B42,B33,B36,7,7,7
2015-01-14,3,H,B45,B33,B38,0,6,6
2015-01-15,0,H,B17,B9,B13,4,0,2
2015-01-15,1,H,B18,B20,B13,0,4,0
2015-01-15,2,H,B36,B38,B39,4,3,4
2015-01-15,3,H,B44,B33,B32,3,8,6
2015-01-16,0,H,B22,B12,B20,5,4,8
2015-01-16,1,H,B20,B28,B22,0,4,0
2015-01-16,2,H,B40,B41,B39,4,1,9
2015-01-16,3,H,B36,B39,B35,7,2,9
2015-01-17,0,H,B24,B25,B19,4,9,8
2015-01-17,1,H,B28,B12,B9,8,9,9
2015-01-17,2,H,B42,B40,B41,1,0,3
2015-01-17,3,H,B32,B37,B35,1,6,8
2015-01-19,0,H,B9,B29,B19,6,2,3
2015-01-19,1,H,B12,B28,B27,0,2,9
2015-01-19,2,H,B32,B44,B45,0,2,7
2015-01-19,3,H,B45,B39,B42,8,9,0
2015-01-20,0,H,B22,B19,B18,6,4,1
2015-01-20,1,H,B20,B22,B18,0,0,1
2015-01-20,2,H,B38,B33,B39,0,5,4
2015-01-20,3,H,B45,B39,B43,7,9,4
2015-01-21,0,H,B20,B29,B25,8,7,0
2015-01-21,1,H,B22,B18,B25,4,0,8
2015-01-21,2,H,B35,B38,B37,8,0,5
2015-01-21,3,H,B44,B36,B42,1,6,1
2015-01-22,0,H,B20,B19,B18,6,3,6
2015-01-22,1,H,B20,B28,B18,8,6,5
2015-01-22,2,H,B40,B32,B33,5,7,6
2015-01-22,3,H,B42,B35,B41,9,8,3
2015-01-23,0,H,B13,B24,B25,2,7,5
2015-01-23,1,H,B12,B25,B10,2,7,3
2015-01-23,2,H,B45,B40,B52,1,8,5
2015-01-23,3,H,B40,B31,B44,1,0,3
2015-01-24,0,H,B9,B24,B29,2,7,8
2015-01-24,1,H,B17,B22,B9,3,0,9
2015-01-24,2,H,B52,B36,B31,8,7,5
2015-01-24,3,H,B39,B41,B37,9,8,5
2015-01-26,0,H,B11,B29,B10,1,6,7
2015-01-26,1,H,B9,B18,B13,3,6,2
2015-01-26,2,H,B42,B39,B52,4,7,4
2015-01-26,3,H,B52,B45,B33,4,7,9
2015-01-27,0,H,B19,B24,B10,1,8,0
2015-01-27,1,H,B11,B28,B27,8,5,2
2015-01-27,2,H,B41,B44,B38,2,3,6
2015-01-27,3,H,B44,B36,B39,1,4,5
2015-01-28,0,H,B18,B29,B24,7,9,7
2015-01-28,1,H,B19,B18,B12,1,0,2
2015-01-28,2,H,B35,B33,B36,8,9,9
2015-01-28,3,H,B31,B32,B42,5,8,2
2015-01-29,0,H,B20,B28,B24,9,6,3
2015-01-29,1,H,B17,B19,B10,5,7,3
2015-01-29,2,H,B32,B41,B36,7,7,0
2015-01-29,3,H,B38,B36,B40,4,5,2
2015-01-30,0,H,B28,B25,B27,7,2,9
2015-01-30,1,H,B20,B10,B13,7,5,2
2015-01-30,2,H,B33,B31,B40,0,9,0
2015-01-30,3,H,B45,B42,B52,8,6,0
2015-01-31,0,H,B17,B18,B27,3,1,6
2015-01-31,1,H,B10,B9,B25,2,0,2
2015-01-31,2,H,B39,B45,B38,3,9,0
2015-01-31,3,H,B45,B40,B33,2,6,5
2015-02-02,0,I,B20,B11,B22,8,1,1
2015-02-02,1,I,B29,B22,B11,9,9,0
2015-02-02,2,I,B37,B52,B33,5,7,5
2015-02-02,3,I,B41,B40,B37,2,1,7
2015-02-03,0,I,B18,B25,B13,4,9,3
2015-02-03,1,I,B10,B12,B28,3,4,0
2015-02-03,2,I,B39,B45,B38,5,0,0
2015-02-03,3,I,B37,B31,B41,7,2,0
2015-02-04,0,I,B13,B29,B22,6,9,6
2015-02-04,1,I,B20,B13,B10,1,1,3
2015-02-04,2,I,B32,B36,B31,5,7,8
2015-02-04,3,I,B32,B33,B45,2,0,8
2015-02-05,0,I,B13,B12,B25,8,8,4
2015-02-05,1,I,B18,B22,B20,1,6,8
2015-02-05,2,I,B41,B42,B33,1,3,8
2015-02-05,3,I,B31,B38,B36,2,8,9
2015-02-06,0,I,B20,B12,B9,2,9,6
2015-02-06,1,I,B22,B25,B29,3,0,9
2015-02-06,2,I,B31,B42,B35,2,7,2
2015-02-06,3,I,B35,B44,B52,7,6,9
2015-02-07,0,I,B29,B24,B17,7,0,9
2015-02-07,1,I,B20,B28,B18,8,4,4
2015-02-07,2,I,B33,B45,B32,8,1,7
2015-02-07,3,I,B45,B41,B42,7,9,9
2015-02-09,0,I,B20,B27,B19,3,8,6
2015-02-09,1,I,B13,B19,B25,3,8,7
2015-02-09,2,I,B39,B43,B36,1,0,9
2015-02-09,3,I,B40,B37,B31,5,2,2
2015-02-10,0,I,B9,B17,B24,6,1,3
2015-02-10,1,I,B27,B12,B18,4,7,6
2015-02-10,2,I,B31,B43,B39,4,8,7
2015-02-10,3,I,B37,B42,B31,1,3,7
2015-02-11,0,I,B9,B10,B17,9,8,3
2015-02-11,1,I,B24,B20,B12,9,5,1
2015-02-11,2,I,B42,B33,B38,1,4,6
2015-02-11,3,I,B33,B43,B45,6,0,7
2015-02-12,0,I,B12,B20,B25,2,7,5
2015-02-12,1,I,B19,B13,B24,9,0,3
2015-02-12,2,I,B40,B35,B39,8,0,0
2015-02-12,3,I,B33,B38,B45,4,4,0
2015-02-13,0,I,B27,B29,B17,7,9,2
2015-02-13,1,I,B9,B25,B24,8,6,6
2015-02-13,2,I,B43,B37,B41,6,3,9
2015-02-13,3,I,B35,B43,B44,4,1,9
2015-02-14,0,I,B28,B27,B22,5,3,3
2015-02-14,1,I,B17,B28,B25,1,0,7
2015-02-14,2,I,B38,B45,B40,7,5,1
2015-02-14,3,I,B41,B52,B43,0,0,2
2015-02-16,0,I,B22,B12,B11,0,2,5
2015-02-16,1,I,B19,B25,B11,7,1,2
2015-02-16,2,I,B43,B45,B36,9,9,9
2015-02-16,3,I,B31,B32,B52,8,8,9
2015-02-17,0,I,B24,B18,B10,7,7,8
2015-02-17,1,I,B11,B20,B28,1,8,0
2015-02-17,2,I,B35,B43,B38,1,5,8
2015-02-17,3,I,B39,B32,B40,4,0,8
2015-02-18,0,I,B25,B12,B11,0,4,1
2015-02-18,1,I,B25,B12,B29,9,0,5
2015-02-18,2,I,B44,B36,B37,4,4,6
2015-02-18,3,I,B41,B52,B33,5,7,5
2015-02-19,0,I,B19,B10,B28,4,0,1
2015-02-19,1,I,B18,B27,B17,2,6,1
2015-02-19,2,I,B40,B43,B45,1,1,2
2015-02-19,3,I,B44,B52,B45,6,7,4
2015-02-20,0,I,B22,B9,B17,9,8,6
2015-02-20,1,I,B10,B18,B22,4,6,8
2015-02-20,2,I,B37,B52,B45,3,6,8
2015-02-20,3,I,B36,B31,B42,5,5,1
2015-02-21,0,I,B9,B18,B19,2,1,5
2015-02-21,1,I,B9,B10,B27,1,2,4
2015-02-21,2,I,B52,B43,B40,8,6,5
2015-02-21,3,I,B52,B32,B36,9,6,3
2015-02-23,0,I,B11,B24,B22,8,8,1
2015-02-23,1,I,B20,B29,B9,4,1,9
2015-02-23,2,I,B45,B36,B35,9,6,0
2015-02-23,3,I,B40,B39,B38,4,4,1
2015-02-24,0,I,B29,B19,B25,8,2,4
2015-02-24,1,I,B12,B19,B27,6,5,1
2015-02-24,2,I,B43,B35,B39,2,3,8
2015-02-24,3,I,B36,B38,B43,5,3,7
2015-02-25,0,I,B13,B11,B18,8,0,9
2015-02-25,1,I,B13,B22,B9,0,2,9
2015-02-25,2,I,B31,B45,B37,8,0,5
2015-02-25,3,I,B37,B52,B41,7,2,1
2015-02-26,0,I,B19,B29,B24,3,0,0
2015-02-26,1,I,B11,B12,B28,0,0,5
2015-02-26,2,I,B36,B45,B43,5,7,7
2015-02-26,3,I,B44,B41,B32,6,7,2
2015-02-27,0,I,B17,B11,B25,8,3,2
2015-02-27,1,I,B17,B11,B13,5,7,5
2015-02-27,2,I,B43,B39,B35,0,9,9
2015-02-27,3,I,B41,B52,B40,6,3,7
2015-02-28,0,I,B27,B19,B10,8,7,2
2015-02-28,1,I,B27,B13,B24,7,6,9
2015-02-28,2,I,B42,B39,B31,2,2,6
2015-02-28,3,I,B37,B31,B36,9,8,0
2015-03-02,0,J,B27,B9,B10,2,6,1
2015-03-02,1,J,B27,B13,B9,2,1,5
2015-03-02,2,J,B40,B42,B39,7,7,9
2015-03-02,3,J,B31,B33,B32,4,1,5
2015-03-03,0,J,B18,B22,B29,4,0,0
2015-03-03,1,J,B22,B10,B9,7,4,2
2015-03-03,2,J,B32,B42,B40,9,4,9
2015-03-03,3,J,B38,B45,B42,6,5,2
2015-03-04,0,J,B29,B20,B22,9,6,5
2015-03-04,1,J,B29,B19,B22,3,7,7
2015-03-04,2,J,B42,B41,B45,2,5,7
2015-03-04,3,J,B42,B44,B45,5,0,5
2015-03-05,0,J,B22,B20,B18,6,0,9
2015-03-05,1,J,B11,B10,B17,4,3,3
2015-03-05,2,J,B31,B52,B32,7,5,9
2015-03-05,3,J,B45,B43,B39,9,4,1
2015-03-06,0,J,B10,B12,B19,9,9,1
2015-03-06,1,J,B28,B19,B17,5,8,2
2015-03-06,2,J,B31,B33,B44,5,5,7
2015-03-06,3,J,B35,B43,B40,4,3,5
2015-03-07,0,J,B11,B25,B17,3,1,1
2015-03-07,1,J,B9,B10,B12,4,0,8
2015-03-07,2,J,B35,B40,B42,1,8,9
2015-03-07,3,J,B44,B31,B40,2,9,4
2015-03-09,0,J,B29,B19,B28,3,3,3
2015-03-09,1,J,B13,B24,B18,2,5,6
2015-03-09,2,J,B52,B40,B45,6,6,9
2015-03-09,3,J,B36,B40,B37,6,2,9
2015-03-10,0,J,B11,B9,B10,4,1,8
2015-03-10,1,J,B18,B17,B11,4,3,4
2015-03-10,2,J,B35,B38,B32,3,7,1
2015-03-10,3,J,B33,B38,B35,4,3,6
2015-03-11,0,J,B27,B28,B24,8,4,1
2015-03-11,1,J,B20,B24,B13,9,4,4
2015-03-11,2,J,B52,B44,B40,9,6,9
2015-03-11,3,J,B31,B36,B42,1,8,2
2015-03-12,0,J,B19,B9,B25,9,3,1
2015-03-12,1,J,B11,B22,B19,5,2,2
2015-03-12,2,J,B42,B52,B45,5,6,8
2015-03-12,3,J,B38,B32,B42,4,6,0
2015-03-13,0,J,B10,B24,B22,0,1,6
2015-03-13,1,J,B22,B17,B18,8,0,1
2015-03-13,2,J,B33,B41,B42,8,6,6
2015-03-13,3,J,B31,B35,B33,9,6,2
2015-03-14,0,J,B24,B12,B13,2,0,7
2015-03-14,1,J,B24,B28,B9,6,4,3
2015-03-14,2,J,B33,B44,B40,7,6,3
2015-03-14,3,J,B44,B31,B42,3,9,0
2015-03-16,0,J,B22,B10,B27,2,6,0
2015-03-16,1,J,B29,B12,B13,2,1,4
2015-03-16,2,J,B42,B37,B41,7,8,2
2015-03-16,3,J,B37,B43,B44,3,3,6
2015-03-17,0,J,B25,B9,B10,2,0,4
2015-03-17,1,J,B22,B18,B11,6,5,0
2015-03-17,2,J,B37,B33,B43,4,5,9
2015-03-17,3,J,B32,B33,B41,4,8,2
2015-03-18,0,J,B27,B24,B12,7,5,7
2015-03-18,1,J,B27,B28,B19,3,8,3
2015-03-18,2,J,B38,B52,B42,8,3,8
2015-03-18,3,J,B39,B36,B37,3,3,2
2015-03-19,0,J,B9,B10,B17,0,8,2
2015-03-19,1,J,B9,B17,B13,4,2,8
2015-03-19,2,J,B43,B40,B37,6,4,6
2015-03-19,3,J,B36,B37,B52,1,7,3
2015-03-20,0,J,B27,B28,B13,4,7,7
2015-03-20,1,J,B9,B11,B27,4,3,5
2015-03-20,2,J,B45,B35,B40,9,3,1
2015-03-20,3,J,B38,B40,B35,5,6,7
2015-03-21,0,J,B13,B22,B11,7,8,2
2015-03-21,1,J,B22,B19,B27,2,2,4
2015-03-21,2,J,B31,B37,B35,7,6,2
2015-03-21,3,J,B35,B43,B44,6,4,4
2015-03-23,0,J,B28,B27,B17,9,7,1
2015-03-23,1,J,B25,B27,B20,2,3,3
2015-03-23,2,J,B43,B40,B32,0,2,5
2015-03-23,3,J,B31,B43,B42,2,2,7
2015-03-24,0,J,B22,B25,B29,0,8,4
2015-03-24,1,J,B11,B28,B29,3,8,9
2015-03-24,2,J,B42,B41,B43,2,5,3
2015-03-24,3,J,B43,B33,B40,1,6,2
2015-03-25,0,J,B25,B24,B12,3,3,0
2015-03-25,1,J,B28,B24,B22,2,4,4
2015-03-25,2,J,B41,B38,B39,1,9,0
2015-03-25,3,J,B33,B45,B41,9,6,4
2015-03-26,0,J,B12,B27,B13,2,6,8
2015-03-26,1,J,B9,B28,B20,6,9,1
2015-03-26,2,J,B45,B31,B35,5,2,3
2015-03-26,3,J,B33,B43,B45,4,8,0
2015-03-27,0,J,B12,B28,B24,2,0,1
2015-03-27,1,J,B20,B22,B12,9,8,8
2015-03-27,2,J,B39,B38,B43,9,9,1
2015-03-27,3,J,B52,B37,B38,8,3,4
2015-03-28,0,J,B12,B29,B27,3,4,5
2015-03-28,1,J,B29,B18,B12,2,9,7
2015-03-28,2,J,B37,B41,B43,9,7,8
2015-03-28,3,J,B41,B40,B52,4,9,1
2015-03-30,0,J,B20,B25,B13,7,9,6
2015-03-30,1,J,B10,B20,B17,6,8,1
2015-03-30,2,J,B36,B31,B40,1,8,3
2015-03-30,3,J,B41,B40,B44,0,5,7
2015-03-31,0,J,B17,B25,B20,9,9,6
2015-03-31,1,J,B28,B29,B20,5,4,2
2015-03-31,2,J,B52,B42,B32,2,4,7
2015-03-31,3,J,B45,B41,B39,5,5,7
2015-04-01,0,K,B9,B12,B22,3,6,8
2015-04-01,1,K,B25,B9,B10,7,8,5
2015-04-01,2,K,B52,B43,B38,7,5,4
2015-04-01,3,K,B31,B52,B43,7,3,3
2015-04-02,0,K,B22,B24,B17,7,7,3
2015-04-02,1,K,B27,B13,B22,1,2,1
2015-04-02,2,K,B38,B44,B43,9,3,0
2015-04-02,3,K,B40,B35,B31,8,7,2
2015-04-03,0,K,B25,B12,B13,9,3,7
2015-04-03,1,K,B12,B19,B28,2,4,4
2015-04-03,2,K,B40,B39,B44,7,9,4
2015-04-03,3,K,B38,B36,B45,7,4,4
2015-04-04,0,K,B11,B27,B18,6,2,1
2015-04-04,1,K,B29,B24,B19,3,7,7
2015-04-04,2,K,B36,B45,B37,1,2,6
2015-04-04,3,K,B43,B45,B42,8,3,7
2015-04-06,0,K,B10,B18,B19,0,5,8
2015-04-06,1,K,B13,B10,B22,1,2,0
2015-04-06,2,K,B52,B45,B40,7,3,6
2015-04-06,3,K,B45,B37,B43,4,0,9
2015-04-07,0,K,B19,B29,B20,6,0,4
2015-04-07,1,K,B29,B24,B28,6,6,6
2015-04-07,2,K,B33,B42,B41,4,3,1
2015-04-07,3,K,B45,B52,B33,4,2,3
2015-04-08,0,K,B11,B12,B10,7,7,6
2015-04-08,1,K,B19,B12,B24,7,5,8
2015-04-08,2,K,B37,B32,B39,1,7,1
2015-04-08,3,K,B39,B43,B37,6,7,5
2015-04-09,0,K,B25,B24,B13,7,3,3
2015-04-09,1,K,B18,B27,B28,3,6,7
2015-04-09,2,K,B41,B36,B44,2,1,1
2015-04-09,3,K,B40,B42,B45,9,7,7
2015-04-10,0,K,B25,B9,B24,8,6,3
2015-04-10,1,K,B11,B12,B24,0,6,9
2015-04-10,2,K,B41,B36,B40,4,8,0
2015-04-10,3,K,B39,B43,B38,2,0,4
2015-04-11,0,K,B10,B24,B25,5,9,6
2015-04-11,1,K,B9,B28,B12,7,7,6
2015-04-11,2,K,B35,B45,B42,9,1,8
2015-04-11,3,K,B36,B52,B37,2,0,0
2015-04-13,0,K,B20,B22,B10,9,1,7
2015-04-13,1,K,B9,B10,B29,9,7,7
2015-04-13,2,K,B44,B45,B32,5,2,6
2015-04-13,3,K,B39,B36,B40,6,4,4
2015-04-14,0,K,B10,B25,B17,6,8,7
2015-04-14,1,K,B19,B29,B22,8,2,6
2015-04-14,2,K,B31,B52,B45,9,2,0
2015-04-14,3,K,B36,B32,B33,0,3,7
2015-04-15,0,K,B19,B12,B17,1,3,2
2015-04-15,1,K,B22,B9,B29,4,6,6
2015-04-15,2,K,B37,B39,B31,9,6,0
2015-04-15,3,K,B36,B31,B38,0,1,0
2015-04-16,0,K,B11,B13,B10,9,1,9
2015-04-16,1,K,B18,B25,B19,3,1,4
2015-04-16,2,K,B40,B43,B52,1,6,5
2015-04-16,3,K,B38,B43,B45,0,7,8
2015-04-17,0,K,B17,B27,B28,8,5,3
2015-04-17,1,K,B27,B19,B25,1,2,5
2015-04-17,2,K,B36,B42,B39,2,7,9
2015-04-17,3,K,B44,B38,B33,8,4,1
2015-04-18,0,K,B12,B11,B17,9,0,4
2015-04-18,1,K,B10,B22,B18,7,6,4
2015-04-18,2,K,B40,B31,B43,9,6,1
2015-04-18,3,K,B41,B31,B32,6,5,5
2015-04-20,0,K,B10,B9,B25,3,0,2
2015-04-20,1,K,B18,B10,B24,7,5,7
2015-04-20,2,K,B37,B39,B52,5,1,2
2015-04-20,3,K,B40,B38,B52,4,0,1
2015-04-21,0,K,B13,B12,B29,3,3,8
2015-04-21,1,K,B11,B18,B10,1,6,2
2015-04-21,2,K,B40,B38,B45,8,8,1
2015-04-21,3,K,B36,B43,B45,5,5,9
2015-04-22,0,K,B17,B24,B25,2,7,4
2015-04-22,1,K,B17,B19,B20,8,4,1
2015-04-22,2,K,B52,B42,B33,0,0,2
2015-04-22,3,K,B45,B38,B40,9,7,4
2015-04-23,0,K,B27,B24,B20,6,5,4
2015-04-23,1,K,B24,B19,B20,5,1,9
2015-04-23,2,K,B43,B41,B32,5,5,8
2015-04-23,3,K,B37,B42,B43,8,8,6
2015-04-24,0,K,B18,B9,B20,7,5,6
2015-04-24,1,K,B27,B11,B24,6,6,0
2015-04-24,2,K,B36,B39,B35,9,0,7
2015-04-24,3,K,B43,B33,B31,6,8,1
2015-04-25,0,K,B27,B12,B19,5,5,5
2015-04-25,1,K,B19,B20,B27,3,7,5
2015-04-25,2,K,B31,B45,B43,0,7,5
2015-04-25,3,K,B41,B38,B37,9,1,0
2015-04-27,0,K,B9,B13,B24,8,3,6
2015-04-27,1,K,B28,B25,B11,5,1,2
2015-04-27,2,K,B35,B40,B44,8,0,2
2015-04-27,3,K,B52,B32,B33,0,8,8
2015-04-28,0,K,B29,B19,B12,6,9,1
2015-04-28,1,K,B12,B19,B22,4,9,1
2015-04-28,2,K,B42,B52,B45,5,3,9
2015-04-28,3,K,B45,B41,B42,6,4,6
2015-04-29,0,K,B9,B17,B18,0,0,1
2015-04-29,1,K,B18,B11,B19,7,1,0
2015-04-29,2,K,B36,B35,B33,3,3,7
2015-04-29,3,K,B38,B33,B31,9,4,4
2015-04-30,0,K,B19,B20,B10,3,0,2
2015-04-30,1,K,B10,B13,B25,1,3,4
2015-04-30,2,K,B38,B39,B31,5,3,3
2015-04-30,3,K,B36,B37,B32,6,7,9
2015-05-01,0,G,B18,B20,B27,2,8,6
2015-05-01,1,G,B27,B29,B24,2,9,4
2015-05-01,2,G,B44,B31,B43,5,4,7
2015-05-01,3,G,B37,B44,B43,8,5,2
2015-05-02,0,G,B9,B11,B17,3,2,0
2015-05-02,1,G,B20,B29,B28,7,5,9
2015-05-02,2,G,B38,B41,B44,2,2,3
2015-05-02,3,G,B41,B32,B43,8,2,0
2015-05-04,0,G,B28,B18,B11,8,5,2
2015-05-04,1,G,B27,B17,B22,3,4,6
2015-05-04,2,G,B35,B31,B44,0,2,1
2015-05-04,3,G,B33,B36,B38,8,6,8
2015-05-05,0,G,B12,B9,B25,2,4,4
2015-05-05,1,G,B12,B22,B27,5,9,0
2015-05-05,2,G,B32,B42,B41,5,3,2
2015-05-05,3,G,B31,B33,B36,6,2,9
2015-05-06,0,G,B11,B10,B28,2,5,7
2015-05-06,1,G,B11,B18,B22,7,1,4
2015-05-06,2,G,B44,B41,B42,2,2,4
2015-05-06,3,G,B39,B42,B33,0,6,2
2015-05-07,0,G,B10,B12,B19,9,0,4
2015-05-07,1,G,B20,B25,B27,8,5,7
2015-05-07,2,G,B35,B45,B31,1,5,1
2015-05-07,3,G,B42,B40,B36,9,5,7
2015-05-08,0,G,B12,B27,B17,0,1,1
2015-05-08,1,G,B24,B28,B22,5,9,6
2015-05-08,2,G,B35,B40,B52,9,2,3
2015-05-08,3,G,B37,B31,B33,7,8,2
2015-05-09,0,G,B25,B28,B20,9,2,0
2015-05-09,1,G,B28,B19,B25,1,5,1
2015-05-09,2,G,B44,B37,B31,5,7,1
2015-05-09,3,G,B41,B37,B38,9,9,0
2015-05-11,0,G,B28,B27,B18,4,4,8
2015-05-11,1,G,B22,B28,B24,6,9,1
2015-05-11,2,G,B35,B52,B33,8,6,6
2015-05-11,3,G,B36,B44,B31,6,0,5
2015-05-12,0,G,B27,B12,B10,4,5,8
2015-05-12,1,G,B10,B24,B12,0,0,9
2015-05-12,2,G,B41,B38,B31,1,1,6
2015-05-12,3,G,B38,B40,B42,4,0,1
2015-05-13,0,G,B27,B9,B25,7,1,5
2015-05-13,1,G,B20,B12,B25,5,1,1
2015-05-13,2,G,B52,B38,B36,7,8,1
2015-05-13,3,G,B43,B31,B42,7,4,3
2015-05-14,0,G,B29,B19,B9,5,7,5
2015-05-14,1,G,B20,B25,B29,5,9,2
2015-05-14,2,G,B31,B36,B33,7,5,7
2015-05-14,3,G,B43,B32,B31,0,6,8
2015-05-15,0,G,B25,B10,B29,3,9,3
2015-05-15,1,G,B18,B25,B9,9,9,0
2015-05-15,2,G,B31,B38,B52,9,4,3
2015-05-15,3,G,B33,B31,B39,9,4,7
2015-05-16,0,G,B20,B12,B13,1,6,8
2015-05-16,1,G,B13,B22,B12,9,2,1
2015-05-16,2,G,B45,B52,B43,2,5,9
2015-05-16,3,G,B40,B45,B43,2,4,9
2015-05-18,0,G,B22,B13,B28,5,8,3
2015-05-18,1,G,B20,B13,B25,0,9,9
2015-05-18,2,G,B37,B39,B32,9,2,7
2015-05-18,3,G,B43,B41,B37,4,9,1
2015-05-19,0,G,B28,B9,B22,0,9,4
2015-05-19,1,G,B13,B11,B12,1,0,4
2015-05-19,2,G,B45,B42,B41,7,3,6
2015-05-19,3,G,B36,B32,B42,7,7,9
2015-05-20,0,G,B28,B10,B29,1,1,8
2015-05-20,1,G,B27,B19,B24,6,3,8
2015-05-20,2,G,B45,B44,B52,5,7,9
2015-05-20,3,G,B40,B37,B39,8,2,3
2015-05-21,0,G,B22,B24,B11,4,4,8
2015-05-21,1,G,B22,B17,B20,8,9,1
2015-05-21,2,G,B36,B38,B32,0,1,4
2015-05-21,3,G,B40,B41,B37,3,7,4
2015-05-22,0,G,B19,B20,B13,1,8,6
2015-05-22,1,G,B27,B29,B19,2,3,7
2015-05-22,2,G,B35,B37,B45,0,4,5
2015-05-22,3,G,B41,B45,B35,3,5,3
2015-05-23,0,G,B12,B11,B25,4,5,3
2015-05-23,1,G,B19,B9,B22,2,4,7
2015-05-23,2,G,B41,B37,B35,2,0,8
2015-05-23,3,G,B44,B31,B41,5,8,7
2015-05-25,0,G,B17,B11,B22,8,9,1
2015-05-25,1,G,B11,B10,B13,6,8,2
2015-05-25,2,G,B39,B31,B41,4,3,9
2015-05-25,3,G,B36,B35,B32,8,5,3
2015-05-26,0,G,B12,B18,B10,5,5,0
2015-05-26,1,G,B18,B12,B20,2,3,2
2015-05-26,2,G,B32,B43,B45,4,6,2
2015-05-26,3,G,B38,B42,B32,7,0,4
2015-05-27,0,G,B27,B28,B19,7,7,8
2015-05-27,1,G,B29,B24,B18,2,8,6
2015-05-27,2,G,B40,B38,B52,9,6,1
2015-05-27,3,G,B31,B36,B39,9,9,1
2015-05-28,0,G,B19,B25,B11,2,8,9
2015-05-28,1,G,B28,B10,B18,9,9,3
2015-05-28,2,G,B36,B31,B41,8,2,0
2015-05-28,3,G,B45,B32,B39,8,4,9
2015-05-29,0,G,B29,B25,B19,8,9,3
2015-05-29,1,G,B17,B24,B29,5,4,5
2015-05-29,2,G,B32,B36,B35,5,9,7
2015-05-29,3,G,B42,B37,B35,3,4,9
2015-05-30,0,G,B20,B29,B22,9,7,6
2015-05-30,1,G,B18,B19,B24,2,1,4
2015-05-30,2,G,B39,B35,B52,7,7,3
2015-05-30,3,G,B36,B37,B35,4,6,7
2015-06-01,0,H,B24,B11,B12,5,9,3
2015-06-01,1,H,B20,B17,B27,2,1,6
2015-06-01,2,H,B45,B32,B33,5,7,6
2015-06-01,3,H,B52,B32,B31,3,6,0
2015-06-02,0,H,B27,B29,B18,6,0,5
2015-06-02,1,H,B17,B13,B19,4,7,6
2015-06-02,2,H,B44,B33,B41,6,6,0
2015-06-02,3,H,B35,B37,B43,4,9,2
2015-06-03,0,H,B11,B20,B17,6,1,4
2015-06-03,1,H,B9,B27,B20,6,5,3
2015-06-03,2,H,B32,B31,B41,6,8,3
2015-06-03,3,H,B32,B38,B45,8,2,4
2015-06-04,0,H,B20,B25,B10,0,1,6
2015-06-04,1,H,B20,B29,B19,8,2,5
2015-06-04,2,H,B43,B40,B35,7,9,3
2015-06-04,3,H,B36,B43,B44,5,8,6
2015-06-05,0,H,B22,B18,B25,7,4,0
2015-06-05,1,H,B25,B18,B9,5,8,1
2015-06-05,2,H,B33,B36,B31,1,7,6
2015-06-05,3,H,B41,B52,B39,4,8,6
2015-06-06,0,H,B20,B18,B29,9,5,4
2015-06-06,1,H,B11,B28,B13,1,6,2
2015-06-06,2,H,B43,B39,B38,8,0,2
2015-06-06,3,H,B39,B33,B45,4,3,4
2015-06-08,0,H,B20,B12,B24,1,2,5
2015-06-08,1,H,B24,B18,B11,5,0,1
2015-06-08,2,H,B44,B43,B32,4,4,0
2015-06-08,3,H,B38,B52,B39,3,7,1
2015-06-09,0,H,B9,B29,B20,1,1,8
2015-06-09,1,H,B9,B28,B27,7,5,1
2015-06-09,2,H,B39,B38,B43,1,0,0
2015-06-09,3,H,B32,B44,B42,7,9,1
2015-06-10,0,H,B12,B27,B18,9,8,1
2015-06-10,1,H,B13,B10,B28,9,9,5
2015-06-10,2,H,B35,B32,B36,9,7,6
2015-06-10,3,H,B39,B36,B35,2,8,7
2015-06-11,0,H,B11,B20,B17,7,8,3
2015-06-11,1,H,B24,B17,B12,5,6,3
2015-06-11,2,H,B44,B40,B43,9,6,4
2015-06-11,3,H,B33,B41,B39,2,2,5
2015-06-12,0,H,B9,B28,B19,0,1,4
2015-06-12,1,H,B18,B24,B28,6,7,2
2015-06-12,2,H,B31,B36,B37,6,9,9
2015-06-12,3,H,B41,B52,B39,3,2,0
2015-06-13,0,H,B12,B18,B10,4,7,7
2015-06-13,1,H,B25,B18,B9,0,3,6
2015-06-13,2,H,B32,B41,B44,9,8,5
2015-06-13,3,H,B31,B39,B36,1,4,7
2015-06-15,0,H,B28,B17,B12,7,3,9
2015-06-15,1,H,B24,B22,B20,0,7,0
2015-06-15,2,H,B42,B39,B41,6,9,1
2015-06-15,3,H,B32,B39,B45,7,1,9
2015-06-16,0,H,B13,B19,B17,4,8,8
2015-06-16,1,H,B17,B29,B18,2,0,1
2015-06-16,2,H,B43,B35,B32,8,5,1
2015-06-16,3,H,B45,B42,B37,3,8,2
2015-06-17,0,H,B24,B10,B27,3,2,1
2015-06-17,1,H,B20,B18,B28,6,8,4
2015-06-17,2,H,B31,B45,B43,0,4,6
2015-06-17,3,H,B31,B39,B43,7,4,9
2015-06-18,0,H,B24,B25,B18,8,3,5
2015-06-18,1,H,B24,B9,B11,3,9,8
2015-06-18,2,H,B43,B39,B38,6,4,1
2015-06-18,3,H,B45,B32,B52,1,6,2
2015-06-19,0,H,B12,B27,B22,9,7,0
2015-06-19,1,H,B9,B28,B19,5,8,7
2015-06-19,2,H,B35,B33,B42,7,3,4
2015-06-19,3,H,B45,B52,B36,2,9,6
2015-06-20,0,H,B17,B22,B27,9,7,3
2015-06-20,1,H,B19,B20,B9,2,4,0
2015-06-20,2,H,B42,B40,B38,3,8,9
2015-06-20,3,H,B43,B37,B52,0,5,3
2015-06-22,0,H,B18,B10,B12,3,7,1
2015-06-22,1,H,B11,B27,B28,0,8,2
2015-06-22,2,H,B43,B39,B40,6,6,0
2015-06-22,3,H,B36,B38,B43,8,3,6
2015-06-23,0,H,B25,B24,B10,1,9,0
2015-06-23,1,H,B22,B11,B18,8,6,3
2015-06-23,2,H,B37,B41,B38,7,0,6
2015-06-23,3,H,B44,B41,B42,8,7,1
2015-06-24,0,H,B17,B12,B11,6,3,5
2015-06-24,1,H,B19,B22,B12,3,8,9
2015-06-24,2,H,B37,B43,B39,9,2,6
2015-06-24,3,H,B42,B36,B38,9,8,3
2015-06-25,0,H,B27,B20,B17,0,6,9
2015-06-25,1,H,B20,B11,B25,4,7,4
2015-06-25,2,H,B33,B40,B38,9,3,3
2015-06-25,3,H,B32,B33,B31,2,6,0
2015-06-26,0,H,B10,B22,B20,1,5,0
2015-06-26,1,H,B18,B10,B20,5,9,1
2015-06-26,2,H,B43,B33,B45,8,4,3
2015-06-26,3,H,B31,B41,B36,1,1,8
2015-06-27,0,H,B29,B17,B9,4,9,4
2015-06-27,1,H,B11,B17,B18,0,1,7
2015-06-27,2,H,B37,B39,B35,1,5,5
2015-06-27,3,H,B39,B32,B36,0,6,6
2015-06-29,0,H,B27,B20,B19,3,8,6
2015-06-29,1,H,B11,B19,B9,4,4,1
2015-06-29,2,H,B43,B38,B41,5,9,5
2015-06-29,3,H,B39,B43,B45,6,1,2
2015-06-30,0,H,B10,B19,B12,9,0,9
2015-06-30,1,H,B27,B10,B22,3,1,1
2015-06-30,2,H,B42,B52,B40,2,1,0
2015-06-30,3,H,B43,B52,B44,5,8,0
2015-07-01,0,I,B13,B10,B12,4,0,0
2015-07-01,1,I,B12,B29,B28,8,2,2
2015-07-01,2,I,B52,B31,B38,7,2,7
2015-07-01,3,I,B41,B40,B35,0,1,7
2015-07-02,0,I,B17,B20,B24,9,4,5
2015-07-02,1,I,B11,B18,B29,5,1,0
2015-07-02,2,I,B33,B40,B31,5,7,2
2015-07-02,3,I,B45,B31,B38,6,7,1
2015-07-03,0,I,B13,B17,B29,2,3,1
2015-07-03,1,I,B25,B13,B24,2,0,9
2015-07-03,2,I,B40,B38,B35,7,4,7
2015-07-03,3,I,B37,B31,B45,9,5,8
2015-07-04,0,I,B19,B28,B13,2,6,2
2015-07-04,1,I,B25,B11,B18,5,4,7
2015-07-04,2,I,B38,B43,B44,1,0,0
2015-07-04,3,I,B42,B45,B35,6,9,1
2015-07-06,0,I,B19,B24,B20,0,0,9
2015-07-06,1,I,B20,B13,B27,7,5,1
2015-07-06,2,I,B40,B32,B33,7,7,7
2015-07-06,3,I,B44,B38,B40,4,7,2
2015-07-07,0,I,B22,B10,B24,3,9,7
2015-07-07,1,I,B24,B9,B29,0,2,8
2015-07-07,2,I,B38,B36,B39,0,6,7
2015-07-07,3,I,B36,B31,B37,6,8,2
2015-07-08,0,I,B25,B28,B17,1,3,4
2015-07-08,1,I,B9,B22,B28,2,7,0
2015-07-08,2,I,B52,B45,B44,0,0,9
2015-07-08,3,I,B35,B36,B52,4,8,3
2015-07-09,0,I,B29,B19,B9,9,9,2
2015-07-09,1,I,B13,B18,B25,3,5,9
2015-07-09,2,I,B43,B40,B37,2,4,6
2015-07-09,3,I,B32,B36,B40,4,1,1
2015-07-10,0,I,B22,B13,B20,4,8,8
2015-07-10,1,I,B28,B24,B12,7,7,2
2015-07-10,2,I,B38,B35,B40,9,8,8
2015-07-10,3,I,B44,B37,B35,7,2,3
2015-07-11,0,I,B12,B9,B17,3,0,7
2015-07-11,1,I,B18,B20,B10,0,5,6
2015-07-11,2,I,B31,B33,B43,7,1,5
2015-07-11,3,I,B39,B42,B31,3,4,1
2015-07-13,0,I,B13,B12,B19,6,7,8
2015-07-13,1,I,B17,B13,B20,0,3,9
2015-07-13,2,I,B36,B33,B45,5,2,3
2015-07-13,3,I,B32,B33,B38,4,4,1
2015-07-14,0,I,B12,B27,B22,2,0,9
2015-07-14,1,I,B12,B25,B18,5,3,1
2015-07-14,2,I,B40,B45,B43,3,1,4
2015-07-14,3,I,B45,B39,B31,2,6,6
2015-07-15,0,I,B17,B19,B20,4,3,0
2015-07-15,1,I,B9,B18,B12,1,2,9
2015-07-15,2,I,B41,B33,B39,7,9,2
2015-07-15,3,I,B35,B39,B45,2,6,1
2015-07-16,0,I,B18,B17,B24,8,3,8
2015-07-16,1,I,B17,B28,B10,5,7,0
2015-07-16,2,I,B52,B40,B38,8,2,7
2015-07-16,3,I,B42,B39,B37,8,6,5
2015-07-17,0,I,B24,B20,B28,4,0,1
2015-07-17,1,I,B19,B25,B24,4,3,9
2015-07-17,2,I,B43,B31,B52,5,0,9
2015-07-17,3,I,B43,B52,B39,0,2,8
2015-07-18,0,I,B24,B20,B22,7,1,4
2015-07-18,1,I,B12,B25,B19,5,2,6
2015-07-18,2,I,B52,B33,B32,8,2,7
2015-07-18,3,I,B45,B40,B52,7,6,1
2015-07-20,0,I,B18,B29,B12,0,4,9
2015-07-20,1,I,B24,B27,B20,1,3,3
2015-07-20,2,I,B33,B35,B41,6,4,3
2015-07-20,3,I,B40,B39,B33,0,2,9
2015-07-21,0,I,B17,B27,B19,7,5,5
2015-07-21,1,I,B18,B24,B29,6,6,8
2015-07-21,2,I,B40,B36,B41,1,7,0
2015-07-21,3,I,B35,B44,B42,5,8,3
2015-07-22,0,I,B9,B20,B27,3,8,4
2015-07-22,1,I,B18,B9,B24,1,9,3
2015-07-22,2,I,B44,B37,B40,6,4,6
2015-07-22,3,I,B43,B52,B42,6,6,4
2015-07-23,0,I,B11,B28,B29,6,3,1
2015-07-23,1,I,B28,B22,B19,5,8,1
2015-07-23,2,I,B45,B41,B36,7,6,3
2015-07-23,3,I,B38,B52,B32,2,8,4
2015-07-24,0,I,B22,B29,B11,8,3,8
2015-07-24,1,I,B20,B27,B28,3,9,4
2015-07-24,2,I,B32,B42,B52,8,4,3
2015-07-24,3,I,B44,B35,B41,6,5,8
2015-07-25,0,I,B11,B20,B9,7,8,0
2015-07-25,1,I,B22,B20,B12,6,7,0
2015-07-25,2,I,B41,B45,B33,7,3,6
2015-07-25,3,I,B35,B40,B42,9,5,7
2015-07-27,0,I,B18,B28,B17,1,3,2
2015-07-27,1,I,B27,B24,B13,7,9,3
2015-07-27,2,I,B40,B42,B36,6,2,7
2015-07-27,3,I,B36,B37,B32,2,8,6
2015-07-28,0,I,B28,B29,B9,0,0,9
2015-07-28,1,I,B25,B29,B17,2,8,5
2015-07-28,2,I,B37,B43,B36,8,7,8
2015-07-28,3,I,B43,B37,B32,4,4,6
2015-07-29,0,I,B19,B11,B24,1,2,1
2015-07-29,1,I,B29,B10,B24,3,1,7
2015-07-29,2,I,B44,B43,B35,1,8,1
2015-07-29,3,I,B44,B36,B42,5,3,4
2015-07-30,0,I,B25,B24,B13,5,6,4
2015-07-30,1,I,B9,B27,B11,0,2,0
2015-07-30,2,I,B33,B31,B45,0,6,3
2015-07-30,3,I,B43,B31,B39,9,7,4
2015-07-31,0,I,B13,B27,B25,4,4,9
2015-07-31,1,I,B19,B18,B11,6,0,3
2015-07-31,2,I,B39,B36,B40,7,8,2
2015-07-31,3,I,B40,B41,B32,7,4,5
2015-08-01,0,J,B28,B18,B20,1,0,2
2015-08-01,1,J,B9,B13,B19,9,6,5
2015-08-01,2,J,B40,B52,B35,3,9,0
2015-08-01,3,J,B41,B39,B52,4,1,1
2015-08-03,0,J,B29,B9,B19,1,3,1
2015-08-03,1,J,B17,B11,B12,1,1,8
2015-08-03,2,J,B40,B32,B37,9,7,9
2015-08-03,3,J,B43,B37,B40,6,1,8
2015-08-04,0,J,B11,B29,B13,3,7,4
2015-08-04,1,J,B24,B28,B12,0,7,5
2015-08-04,2,J,B38,B44,B31,9,1,3
2015-08-04,3,J,B52,B36,B42,4,7,7
2015-08-05,0,J,B17,B24,B20,7,9,6
2015-08-05,1,J,B13,B20,B27,7,7,8
2015-08-05,2,J,B35,B37,B39,6,0,4
2015-08-05,3,J,B32,B44,B42,3,9,3
2015-08-06,0,J,B25,B22,B12,6,2,5
2015-08-06,1,J,B12,B27,B10,3,3,6
2015-08-06,2,J,B39,B33,B37,3,7,1
2015-08-06,3,J,B38,B40,B43,6,7,3
2015-08-07,0,J,B19,B9,B20,1,7,4
2015-08-07,1,J,B10,B19,B12,6,6,7
2015-08-07,2,J,B42,B35,B32,8,4,6
2015-08-07,3,J,B42,B41,B33,0,9,4
2015-08-08,0,J,B22,B20,B13,7,5,4
2015-08-08,1,J,B10,B12,B13,5,0,9
2015-08-08,2,J,B33,B35,B36,9,9,2
2015-08-08,3,J,B32,B36,B44,1,8,0
2015-08-10,0,J,B11,B24,B20,1,3,2
2015-08-10,1,J,B29,B22,B17,6,0,5
2015-08-10,2,J,B41,B31,B42,8,6,5
2015-08-10,3,J,B41,B35,B44,3,1,6
2015-08-11,0,J,B12,B20,B11,3,2,0
2015-08-11,1,J,B11,B9,B29,7,8,4
2015-08-11,2,J,B35,B33,B45,8,0,3
2015-08-11,3,J,B36,B44,B41,4,9,1
2015-08-12,0,J,B9,B28,B18,1,9,3
2015-08-12,1,J,B9,B28,B25,7,8,3
2015-08-12,2,J,B37,B45,B41,7,1,9
2015-08-12,3,J,B38,B42,B37,6,6,9
2015-08-13,0,J,B19,B11,B12,8,3,7
2015-08-13,1,J,B22,B17,B11,9,5,5
2015-08-13,2,J,B31,B39,B40,3,6,0
2015-08-13,3,J,B44,B41,B42,5,1,0
2015-08-14,0,J,B11,B24,B9,5,6,7
2015-08-14,1,J,B27,B24,B13,7,4,4
2015-08-14,2,J,B39,B32,B40,6,1,0
2015-08-14,3,J,B33,B31,B44,6,2,6
2015-08-15,0,J,B18,B28,B9,8,1,3
2015-08-15,1,J,B22,B13,B19,7,1,8
2015-08-15,2,J,B37,B33,B52,5,1,4
2015-08-15,3,J,B37,B39,B44,5,2,4
2015-08-17,0,J,B29,B27,B9,3,7,9
2015-08-17,1,J,B22,B13,B10,8,5,5
2015-08-17,2,J,B35,B37,B42,5,4,2
2015-08-17,3,J,B39,B40,B35,9,5,2
2015-08-18,0,J,B22,B28,B27,0,1,9
2015-08-18,1,J,B20,B17,B28,5,9,4
2015-08-18,2,J,B33,B45,B40,8,5,8
2015-08-18,3,J,B38,B42,B41,2,1,5
2015-08-19,0,J,B22,B24,B27,9,3,0
2015-08-19,1,J,B12,B13,B20,4,1,4
2015-08-19,2,J,B43,B31,B40,6,1,4
2015-08-19,3,J,B32,B36,B52,1,3,2
2015-08-20,0,J,B11,B13,B27,7,3,0
2015-08-20,1,J,B17,B24,B12,2,5,8
2015-08-20,2,J,B40,B33,B36,3,9,3
2015-08-20,3,J,B31,B39,B36,8,6,8
2015-08-21,0,J,B11,B12,B24,9,0,6
2015-08-21,1,J,B19,B17,B25,9,9,6
2015-08-21,2,J,B45,B41,B52,8,3,8
2015-08-21,3,J,B45,B41,B36,5,4,3
2015-08-22,0,J,B20,B17,B25,5,4,1
2015-08-22,1,J,B25,B20,B29,1,6,2
2015-08-22,2,J,B44,B38,B36,2,9,9
2015-08-22,3,J,B44,B39,B31,9,6,6
2015-08-24,0,J,B18,B12,B10,8,4,4
2015-08-24,1,J,B22,B24,B28,5,2,3
2015-08-24,2,J,B42,B35,B41,8,8,5
2015-08-24,3,J,B41,B52,B44,3,4,2
2015-08-25,0,J,B24,B20,B27,4,8,5
2015-08-25,1,J,B10,B25,B9,8,8,2
2015-08-25,2,J,B37,B33,B32,6,2,0
2015-08-25,3,J,B45,B36,B42,4,3,5
2015-08-26,0,J,B12,B10,B24,2,7,4
2015-08-26,1,J,B25,B19,B18,5,2,8
2015-08-26,2,J,B36,B44,B35,7,1,3
2015-08-26,3,J,B39,B38,B52,5,8,4
2015-08-27,0,J,B17,B22,B10,0,9,1
2015-08-27,1,J,B9,B12,B27,1,5,1
2015-08-27,2,J,B31,B38,B42,5,1,2
2015-08-27,3,J,B45,B37,B35,6,1,2
2015-08-28,0,J,B24,B28,B20,7,0,8
2015-08-28,1,J,B22,B11,B18,4,7,5
2015-08-28,2,J,B35,B33,B39,2,4,7
2015-08-28,3,J,B38,B43,B36,9,1,8
2015-08-29,0,J,B10,B29,B12,7,9,2
2015-08-29,1,J,B19,B11,B10,9,6,1
2015-08-29,2,J,B45,B43,B33,7,8,7
2015-08-29,3,J,B52,B35,B37,4,0,7
2015-08-31,0,J,B17,B27,B9,2,3,8
2015-08-31,1,J,B9,B11,B28,2,2,2
2015-08-31,2,J,B45,B38,B40,1,2,5
2015-08-31,3,J,B33,B42,B41,6,8,7
2015-09-01,0,K,B20,B11,B9,5,9,1
2015-09-01,1,K,B10,B25,B17,7,5,0
2015-09-01,2,K,B31,B43,B52,3,8,6
2015-09-01,3,K,B44,B43,B37,4,3,4
2015-09-02,0,K,B22,B10,B28,7,2,1
2015-09-02,1,K,B13,B22,B24,4,9,1
2015-09-02,2,K,B37,B41,B40,6,6,5
2015-09-02,3,K,B44,B35,B41,9,3,6
2015-09-03,0,K,B12,B18,B17,2,7,0
2015-09-03,1,K,B25,B9,B20,4,8,2
2015-09-03,2,K,B52,B45,B36,3,1,3
2015-09-03,3,K,B45,B32,B37,1,0,2
2015-09-04,0,K,B18,B28,B27,8,4,6
2015-09-04,1,K,B13,B27,B28,6,2,4
2015-09-04,2,K,B36,B39,B38,5,3,7
2015-09-04,3,K,B32,B42,B43,6,6,6
2015-09-05,0,K,B24,B28,B12,0,6,6
2015-09-05,1,K,B25,B20,B18,8,8,6
2015-09-05,2,K,B38,B39,B41,7,4,2
2015-09-05,3,K,B42,B40,B37,2,6,0
2015-09-07,0,K,B25,B28,B27,0,2,3
2015-09-07,1,K,B22,B12,B11,8,1,2
2015-09-07,2,K,B44,B33,B41,1,6,4
2015-09-07,3,K,B52,B38,B31,1,9,1
2015-09-08,0,K,B24,B17,B13,3,5,9
2015-09-08,1,K,B20,B10,B12,3,2,3
2015-09-08,2,K,B37,B32,B44,6,8,9
2015-09-08,3,K,B36,B42,B31,4,7,5
2015-09-09,0,K,B10,B17,B18,3,1,9
2015-09-09,1,K,B22,B9,B11,8,1,6
2015-09-09,2,K,B41,B37,B38,6,6,6
2015-09-09,3,K,B45,B33,B42,2,4,1
2015-09-10,0,K,B13,B20,B10,0,4,3
2015-09-10,1,K,B20,B19,B11,5,4,3
2015-09-10,2,K,B35,B38,B43,7,7,8
2015-09-10,3,K,B52,B44,B41,0,9,4
2015-09-11,0,K,B28,B19,B9,7,3,2
2015-09-11,1,K,B10,B24,B13,1,5,9
2015-09-11,2,K,B40,B37,B41,9,7,0
2015-09-11,3,K,B37,B44,B33,0,9,0
2015-09-12,0,K,B17,B28,B11,7,8,5
2015-09-12,1,K,B17,B19,B11,9,1,8
2015-09-12,2,K,B36,B38,B43,5,2,2
2015-09-12,3,K,B39,B42,B37,6,3,1
2015-09-14,0,K,B28,B20,B22,8,8,4
2015-09-14,1,K,B20,B18,B17,8,6,0
2015-09-14,2,K,B35,B40,B39,4,7,4
2015-09-14,3,K,B42,B32,B35,3,6,2
2015-09-15,0,K,B10,B13,B12,0,3,8
2015-09-15,1,K,B12,B9,B25,0,9,7
2015-09-15,2,K,B40,B43,B35,2,5,7
2015-09-15,3,K,B45,B36,B32,2,5,6
2015-09-16,0,K,B28,B24,B9,0,1,7
2015-09-16,1,K,B28,B9,B22,9,3,4
2015-09-16,2,K,B35,B40,B33,6,7,0
2015-09-16,3,K,B41,B45,B32,6,2,2
2015-09-17,0,K,B13,B9,B11,2,5,7
2015-09-17,1,K,B13,B28,B29,7,5,1
2015-09-17,2,K,B40,B39,B52,6,5,8
2015-09-17,3,K,B52,B40,B42,9,8,9
2015-09-18,0,K,B13,B28,B18,4,7,5
2015-09-18,1,K,B18,B22,B19,3,3,3
2015-09-18,2,K,B33,B41,B39,4,3,8
2015-09-18,3,K,B45,B36,B33,4,0,2
2015-09-19,0,K,B17,B24,B19,5,5,4
2015-09-19,1,K,B27,B25,B13,3,7,9
2015-09-19,2,K,B38,B45,B33,4,3,2
2015-09-19,3,K,B33,B45,B43,6,4,2
2015-09-21,0,K,B28,B25,B19,1,3,3
2015-09-21,1,K,B11,B13,B17,7,7,3
2015-09-21,2,K,B39,B37,B35,2,9,3
2015-09-21,3,K,B36,B38,B39,7,9,1
2015-09-22,0,K,B18,B13,B28,7,4,8
2015-09-22,1,K,B18,B12,B19,6,1,6
2015-09-22,2,K,B45,B35,B39,3,8,2
2015-09-22,3,K,B41,B42,B39,7,1,5
2015-09-23,0,K,B22,B12,B13,3,4,2
2015-09-23,1,K,B18,B11,B24,6,0,7
2015-09-23,2,K,B42,B41,B40,4,8,4
2015-09-23,3,K,B42,B45,B33,5,2,4
2015-09-24,0,K,B27,B25,B22,0,1,1
2015-09-24,1,K,B11,B19,B18,4,8,5
2015-09-24,2,K,B38,B39,B35,1,3,9
2015-09-24,3,K,B44,B52,B42,2,5,3
2015-09-25,0,K,B27,B19,B28,1,2,3
2015-09-25,1,K,B13,B25,B24,0,5,0
2015-09-25,2,K,B36,B44,B39,9,4,3
2015-09-25,3,K,B40,B33,B32,7,3,2
2015-09-26,0,K,B18,B22,B9,8,7,5
2015-09-26,1,K,B9,B28,B27,5,7,2
2015-09-26,2,K,B31,B44,B43,0,7,8
2015-09-26,3,K,B44,B41,B43,3,2,9
2015-09-28,0,K,B17,B27,B9,4,7,4
2015-09-28,1,K,B10,B19,B12,9,5,2
2015-09-28,2,K,B38,B33,B39,8,6,4
2015-09-28,3,K,B42,B38,B37,3,9,4
2015-09-29,0,K,B28,B13,B19,8,2,5
2015-09-29,1,K,B24,B20,B13,5,4,3
2015-09-29,2,K,B44,B45,B37,7,4,7
2015-09-29,3,K,B44,B36,B32,6,2,8
2015-09-30,0,K,B27,B10,B20,7,7,8
2015-09-30,1,K,B19,B13,B18,6,6,0
2015-09-30,2,K,B42,B36,B31,2,3,4
2015-09-30,3,K,B33,B41,B45,8,8,9
2015-10-01,0,G,B18,B28,B20,3,1,7
2015-10-01,1,G,B27,B12,B18,6,4,0
2015-10-01,2,G,B41,B32,B45,1,0,2
2015-10-01,3,G,B36,B43,B42,7,4,6
2015-10-02,0,G,B24,B27,B22,2,8,2
2015-10-02,1,G,B12,B10,B11,6,6,3
2015-10-02,2,G,B52,B33,B36,8,5,6
2015-10-02,3,G,B36,B44,B40,4,8,8
2015-10-03,0,G,B28,B25,B22,1,3,2
2015-10-03,1,G,B25,B9,B27,9,9,8
2015-10-03,2,G,B45,B32,B40,1,6,4
2015-10-03,3,G,B38,B35,B40,8,1,3
2015-10-05,0,G,B22,B20,B18,5,0,7
2015-10-05,1,G,B28,B10,B22,2,7,1
2015-10-05,2,G,B35,B31,B37,7,3,1
2015-10-05,3,G,B44,B52,B38,8,6,0
2015-10-06,0,G,B22,B13,B25,7,2,2
2015-10-06,1,G,B12,B25,B10,4,1,8
2015-10-06,2,G,B52,B45,B36,3,7,0
2015-10-06,3,G,B32,B44,B52,9,8,6
2015-10-07,0,G,B24,B18,B22,7,9,9
2015-10-07,1,G,B28,B20,B10,4,8,7
2015-10-07,2,G,B38,B43,B31,1,6,1
2015-10-07,3,G,B32,B38,B44,7,7,3
2015-10-08,0,G,B29,B10,B28,0,5,0
2015-10-08,1,G,B19,B28,B10,3,1,1
2015-10-08,2,G,B40,B38,B43,7,7,4
2015-10-08,3,G,B33,B52,B37,4,6,6
2015-10-09,0,G,B28,B29,B24,0,1,4
2015-10-09,1,G,B29,B9,B20,4,5,1
2015-10-09,2,G,B45,B44,B31,3,1,3
2015-10-09,3,G,B45,B32,B36,0,8,3
2015-10-10,0,G,B22,B12,B27,7,7,0
2015-10-10,1,G,B9,B19,B18,0,1,3
2015-10-10,2,G,B43,B41,B31,0,1,9
2015-10-10,3,G,B33,B44,B39,3,0,3
2015-10-12,0,G,B18,B27,B20,8,3,1
2015-10-12,1,G,B17,B24,B28,2,9,0
2015-10-12,2,G,B31,B33,B37,7,5,1
2015-10-12,3,G,B35,B31,B36,7,1,1
2015-10-13,0,G,B18,B28,B27,8,4,7
2015-10-13,1,G,B19,B29,B13,0,3,3
2015-10-13,2,G,B36,B43,B44,0,9,7
2015-10-13,3,G,B36,B41,B45,2,0,0
2015-10-14,0,G,B29,B25,B17,4,2,9
2015-10-14,1,G,B13,B10,B18,9,4,0
2015-10-14,2,G,B52,B40,B37,7,5,5
2015-10-14,3,G,B41,B52,B35,6,6,8
2015-10-15,0,G,B27,B11,B22,6,1,3
2015-10-15,1,G,B17,B19,B25,9,1,4
2015-10-15,2,G,B39,B38,B52,5,5,4
2015-10-15,3,G,B37,B39,B42,6,6,5
2015-10-16,0,G,B10,B9,B24,6,6,8
2015-10-16,1,G,B27,B29,B18,4,7,9
2015-10-16,2,G,B45,B43,B40,9,6,2
2015-10-16,3,G,B45,B41,B33,9,2,5
2015-10-17,0,G,B11,B19,B22,9,2,3
2015-10-17,1,G,B10,B27,B24,1,1,2
2015-10-17,2,G,B38,B31,B37,3,9,8
2015-10-17,3,G,B44,B42,B36,6,8,4
2015-10-19,0,G,B25,B19,B18,6,2,0
2015-10-19,1,G,B18,B20,B11,5,9,5
2015-10-19,2,G,B38,B45,B33,2,3,2
2015-10-19,3,G,B32,B36,B31,9,3,1
2015-10-20,0,G,B24,B22,B19,6,8,3
2015-10-20,1,G,B10,B17,B27,5,7,6
2015-10-20,2,G,B36,B52,B41,7,8,3
2015-10-20,3,G,B44,B41,B42,7,4,7
2015-10-21,0,G,B17,B29,B12,4,2,9
2015-10-21,1,G,B22,B20,B28,9,3,5
2015-10-21,2,G,B33,B45,B36,3,1,0
2015-10-21,3,G,B31,B39,B45,5,4,1
2015-10-22,0,G,B28,B13,B11,3,2,0
2015-10-22,1,G,B13,B10,B22,9,5,2
2015-10-22,2,G,B41,B45,B36,8,9,3
2015-10-22,3,G,B36,B45,B33,2,5,2
2015-10-23,0,G,B19,B29,B27,1,0,5
2015-10-23,1,G,B18,B28,B22,2,8,3
2015-10-23,2,G,B36,B37,B44,1,0,5
2015-10-23,3,G,B39,B33,B41,5,2,1
2015-10-24,0,G,B19,B28,B29,2,3,1
2015-10-24,1,G,B9,B22,B17,5,1,4
2015-10-24,2,G,B44,B43,B38,2,6,4
2015-10-24,3,G,B33,B52,B39,8,7,5
2015-10-26,0,G,B9,B11,B12,0,4,5
2015-10-26,1,G,B29,B10,B25,6,6,2
2015-10-26,2,G,B37,B45,B52,1,0,4
2015-10-26,3,G,B31,B36,B39,6,9,2
2015-10-27,0,G,B10,B29,B28,1,8,5
2015-10-27,1,G,B22,B20,B19,4,7,4
2015-10-27,2,G,B38,B42,B41,4,6,6
2015-10-27,3,G,B39,B36,B41,1,3,9
2015-10-28,0,G,B12,B24,B9,7,7,1
2015-10-28,1,G,B12,B11,B10,6,2,7
2015-10-28,2,G,B37,B52,B38,9,9,6
2015-10-28,3,G,B31,B37,B40,7,1,9
2015-10-29,0,G,B25,B24,B19,8,9,2
2015-10-29,1,G,B27,B9,B10,0,3,5
2015-10-29,2,G,B52,B32,B31,7,3,8
2015-10-29,3,G,B45,B43,B35,6,6,4
2015-10-30,0,G,B19,B11,B25,6,8,4
2015-10-30,1,G,B19,B28,B18,4,5,7
2015-10-30,2,G,B33,B35,B43,3,1,3
2015-10-30,3,G,B37,B52,B41,8,4,2
2015-10-31,0,G,B18,B28,B29,4,0,0
2015-10-31,1,G,B28,B17,B25,2,0,1
2015-10-31,2,G,B52,B32,B43,6,2,0
2015-10-31,3,G,B44,B36,B43,6,4,4
2015-11-02,0,H,B18,B12,B19,4,2,3
2015-11-02,1,H,B17,B12,B27,9,7,1
2015-11-02,2,H,B32,B42,B52,8,4,5
2015-11-02,3,H,B41,B52,B44,5,6,5
2015-11-03,0,H,B22,B10,B29,0,1,7
2015-11-03,1,H,B12,B11,B10,4,0,8
2015-11-03,2,H,B37,B36,B43,8,4,1
2015-11-03,3,H,B37,B41,B31,8,4,4
2015-11-04,0,H,B19,B25,B20,9,5,2
2015-11-04,1,H,B22,B20,B18,6,7,8
2015-11-04,2,H,B36,B52,B44,9,8,7
2015-11-04,3,H,B43,B41,B32,9,9,0
2015-11-05,0,H,B29,B24,B18,5,9,0
2015-11-05,1,H,B28,B19,B11,4,9,0
2015-11-05,2,H,B39,B35,B52,3,9,5
2015-11-05,3,H,B41,B42,B33,8,9,1
2015-11-06,0,H,B17,B25,B29,4,0,2
2015-11-06,1,H,B11,B13,B27,5,5,6
2015-11-06,2,H,B44,B36,B40,6,0,7
2015-11-06,3,H,B52,B40,B39,1,0,9
2015-11-07,0,H,B11,B29,B9,9,7,8
2015-11-07,1,H,B18,B13,B12,0,6,7
2015-11-07,2,H,B39,B43,B37,5,0,5
2015-11-07,3,H,B35,B44,B32,6,1,8
2015-11-09,0,H,B27,B25,B19,5,5,9
2015-11-09,1,H,B25,B19,B17,4,0,4
2015-11-09,2,H,B41,B38,B52,9,6,9
2015-11-09,3,H,B38,B37,B43,3,3,2
2015-11-10,0,H,B12,B25,B19,2,2,8
2015-11-10,1,H,B9,B27,B29,1,3,3
2015-11-10,2,H,B32,B33,B52,9,7,1
2015-11-10,3,H,B33,B43,B39,3,0,7
2015-11-11,0,H,B12,B17,B18,6,0,8
2015-11-11,1,H,B18,B11,B29,0,1,5
2015-11-11,2,H,B31,B37,B45,1,0,3
2015-11-11,3,H,B39,B43,B33,0,7,1
2015-11-12,0,H,B19,B17,B27,0,5,8
2015-11-12,1,H,B20,B10,B19,9,5,2
2015-11-12,2,H,B31,B36,B35,8,9,2
2015-11-12,3,H,B41,B44,B42,0,4,4
2015-11-13,0,H,B28,B9,B17,5,4,6
2015-11-13,1,H,B10,B20,B22,5,2,9
2015-11-13,2,H,B43,B37,B31,6,2,3
2015-11-13,3,H,B33,B41,B38,6,2,5
2015-11-14,0,H,B12,B28,B9,9,5,1
2015-11-14,1,H,B12,B18,B19,0,9,9
2015-11-14,2,H,B40,B45,B43,7,1,7
2015-11-14,3,H,B37,B33,B43,2,0,8
2015-11-16,0,H,B12,B19,B18,1,8,2
2015-11-16,1,H,B29,B27,B13,8,3,6
2015-11-16,2,H,B35,B45,B39,2,2,3
2015-11-16,3,H,B36,B37,B31,4,1,2
2015-11-17,0,H,B12,B29,B17,9,2,6
2015-11-17,1,H,B10,B13,B20,5,5,7
2015-11-17,2,H,B41,B38,B31,3,9,5
2015-11-17,3,H,B35,B36,B32,4,2,5
2015-11-18,0,H,B25,B22,B13,3,1,9
2015-11-18,1,H,B19,B25,B17,0,6,0
2015-11-18,2,H,B35,B33,B45,9,3,1
2015-11-18,3,H,B52,B44,B45,4,1,4
2015-11-19,0,H,B28,B10,B19,3,2,8
2015-11-19,1,H,B9,B18,B19,5,4,7
2015-11-19,2,H,B35,B40,B52,3,9,5
2015-11-19,3,H,B40,B42,B41,8,3,7
2015-11-20,0,H,B9,B11,B25,3,9,2
2015-11-20,1,H,B19,B17,B11,4,6,8
2015-11-20,2,H,B35,B33,B52,0,1,6
2015-11-20,3,H,B33,B44,B40,3,1,8
2015-11-21,0,H,B22,B10,B18,8,3,0
2015-11-21,1,H,B24,B9,B13,2,4,0
2015-11-21,2,H,B52,B40,B35,3,3,1
2015-11-21,3,H,B32,B35,B31,8,7,6
2015-11-23,0,H,B11,B10,B12,8,7,8
2015-11-23,1,H,B25,B27,B10,6,6,8
2015-11-23,2,H,B44,B33,B35,0,9,6
2015-11-23,3,H,B32,B31,B35,9,6,7
2015-11-24,0,H,B20,B12,B27,0,3,3
2015-11-24,1,H,B28,B20,B17,6,2,5
2015-11-24,2,H,B35,B32,B33,9,6,6
2015-11-24,3,H,B45,B43,B44,7,2,8
2015-11-25,0,H,B17,B27,B22,3,4,4
2015-11-25,1,H,B13,B18,B19,8,3,2
2015-11-25,2,H,B32,B42,B33,1,4,7
2015-11-25,3,H,B31,B37,B38,4,0,8
2015-11-26,0,H,B29,B27,B9,3,3,8
2015-11-26,1,H,B28,B24,B25,9,3,7
2015-11-26,2,H,B36,B38,B31,0,4,2
2015-11-26,3,H,B40,B52,B31,6,3,8
2015-11-27,0,H,B10,B11,B20,0,8,5
2015-11-27,1,H,B20,B24,B9,4,9,3
2015-11-27,2,H,B41,B38,B37,3,0,6
2015-11-27,3,H,B43,B45,B52,3,6,4
2015-11-28,0,H,B10,B25,B11,8,5,9
2015-11-28,1,H,B29,B28,B10,2,5,4
2015-11-28,2,H,B31,B43,B44,2,0,8
2015-11-28,3,H,B35,B45,B37,6,7,5
2015-11-30,0,H,B20,B17,B22,6,3,3
2015-11-30,1,H,B9,B12,B10,2,1,1
2015-11-30,2,H,B42,B39,B31,1,9,9
2015-11-30,3,H,B41,B37,B44,3,7,4
2015-12-01,0,I,B13,B17,B10,9,6,3
2015-12-01,1,I,B9,B19,B13,1,2,7
2015-12-01,2,I,B35,B40,B43,6,0,9
2015-12-01,3,I,B45,B35,B42,0,0,8
2015-12-02,0,I,B13,B9,B25,1,2,2
2015-12-02,1,I,B25,B10,B12,9,1,3
2015-12-02,2,I,B41,B35,B31,7,2,7
2015-12-02,3,I,B44,B52,B39,8,1,4
2015-12-03,0,I,B13,B9,B22,7,2,2
2015-12-03,1,I,B12,B10,B28,7,0,5
2015-12-03,2,I,B36,B44,B42,2,7,3
2015-12-03,3,I,B36,B33,B44,6,1,1
2015-12-04,0,I,B13,B10,B25,0,2,3
2015-12-04,1,I,B10,B18,B29,6,8,0
2015-12-04,2,I,B41,B40,B39,7,3,6
2015-12-04,3,I,B37,B36,B42,2,8,6
2015-12-05,0,I,B20,B10,B22,3,6,7
2015-12-05,1,I,B29,B28,B25,6,5,6
2015-12-05,2,I,B43,B39,B52,6,2,5
2015-12-05,3,I,B32,B37,B43,3,7,7
2015-12-07,0,I,B12,B18,B13,8,2,4
2015-12-07,1,I,B20,B12,B17,1,2,3
2015-12-07,2,I,B36,B37,B52,9,7,4
2015-12-07,3,I,B40,B43,B41,1,4,3
2015-12-08,0,I,B17,B27,B12,6,0,1
2015-12-08,1,I,B29,B11,B22,0,0,6
2015-12-08,2,I,B41,B40,B36,7,1,3
2015-12-08,3,I,B39,B32,B42,4,2,8
2015-12-09,0,I,B11,B20,B25,1,2,2
2015-12-09,1,I,B9,B29,B17,2,6,4
2015-12-09,2,I,B44,B45,B52,2,4,5
2015-12-09,3,I,B33,B42,B32,3,7,8
2015-12-10,0,I,B29,B9,B25,6,8,0
2015-12-10,1,I,B27,B10,B13,9,0,5
2015-12-10,2,I,B43,B32,B41,1,0,7
2015-12-10,3,I,B39,B38,B33,1,3,8
2015-12-11,0,I,B29,B10,B25,8,1,9
2015-12-11,1,I,B27,B25,B12,6,5,5
2015-12-11,2,I,B43,B39,B36,1,8,5
2015-12-11,3,I,B37,B45,B33,6,4,9
2015-12-12,0,I,B22,B20,B9,2,9,4
2015-12-12,1,I,B24,B12,B22,2,6,3
2015-12-12,2,I,B42,B31,B44,3,9,0
2015-12-12,3,I,B45,B40,B33,6,2,1
2015-12-14,0,I,B18,B10,B12,5,9,4
2015-12-14,1,I,B12,B22,B18,1,3,8
2015-12-14,2,I,B45,B43,B44,4,5,7
2015-12-14,3,I,B44,B45,B40,5,2,1
2015-12-15,0,I,B18,B20,B19,7,7,0
2015-12-15,1,I,B19,B20,B12,2,7,5
2015-12-15,2,I,B44,B32,B33,8,9,7
2015-12-15,3,I,B41,B38,B40,4,3,4
2015-12-16,0,I,B20,B17,B24,5,8,4
2015-12-16,1,I,B13,B17,B18,1,0,7
2015-12-16,2,I,B41,B40,B32,8,4,1
2015-12-16,3,I,B42,B37,B41,5,5,2
2015-12-17,0,I,B25,B28,B27,6,1,1
2015-12-17,1,I,B29,B9,B19,7,7,0
2015-12-17,2,I,B45,B32,B33,9,9,4
2015-12-17,3,I,B38,B39,B37,3,0,3
2015-12-18,0,I,B25,B22,B13,9,0,3
2015-12-18,1,I,B13,B28,B29,3,8,1
2015-12-18,2,I,B38,B37,B52,2,4,1
2015-12-18,3,I,B35,B38,B32,5,8,6
2015-12-19,0,I,B24,B25,B22,7,2,4
2015-12-19,1,I,B24,B12,B20,7,5,4
2015-12-19,2,I,B41,B43,B42,6,5,2
2015-12-19,3,I,B42,B40,B41,6,7,4
2015-12-21,0,I,B24,B19,B27,8,4,8
2015-12-21,1,I,B10,B20,B19,6,9,6
2015-12-21,2,I,B37,B38,B35,7,2,9
2015-12-21,3,I,B42,B44,B52,2,8,1
2015-12-22,0,I,B29,B12,B22,7,4,2
2015-12-22,1,I,B29,B28,B19,5,2,0
2015-12-22,2,I,B43,B52,B41,4,9,2
2015-12-22,3,I,B45,B38,B37,3,7,6
2015-12-23,0,I,B28,B12,B29,0,1,0
2015-12-23,1,I,B25,B12,B19,2,3,5
2015-12-23,2,I,B35,B32,B44,1,1,3
2015-12-23,3,I,B44,B41,B37,4,7,8
2015-12-24,0,I,B17,B19,B20,0,9,5
2015-12-24,1,I,B29,B28,B25,4,8,0
2015-12-24,2,I,B31,B38,B40,4,9,9
2015-12-24,3,I,B36,B42,B40,7,3,9
2015-12-25,0,I,B29,B12,B13,1,2,6
2015-12-25,1,I,B18,B29,B11,8,3,1
2015-12-25,2,I,B32,B44,B36,2,4,8
2015-12-25,3,I,B36,B52,B40,8,0,8
2015-12-26,0,I,B10,B11,B29,0,5,5
2015-12-26,1,I,B10,B29,B17,1,5,5
2015-12-26,2,I,B37,B44,B38,6,2,4
2015-12-26,3,I,B44,B52,B42,6,9,4
2015-12-28,0,I,B28,B17,B22,0,6,2
2015-12-28,1,I,B19,B11,B13,8,6,8
2015-12-28,2,I,B52,B38,B41,9,9,6
2015-12-28,3,I,B39,B36,B32,1,9,9
2015-12-29,0,I,B11,B24,B12,8,9,0
2015-12-29,1,I,B17,B10,B22,6,5,1
2015-12-29,2,I,B36,B32,B39,8,3,7
2015-12-29,3,I,B32,B40,B45,9,1,2
2015-12-30,0,I,B24,B10,B29,3,2,0
2015-12-30,1,I,B22,B27,B17,9,4,9
2015-12-30,2,I,B37,B52,B44,7,3,2
2015-12-30,3,I,B33,B43,B52,3,7,7
2015-12-31,0,I,B18,B24,B13,0,7,0
2015-12-31,1,I,B13,B11,B10,6,1,6
2015-12-31,2,I,B45,B43,B37,6,1,9
2015-12-31,3,I,B31,B44,B43,6,4,3
2016-01-01,0,J,B13,B25,B27,5,3,2
2016-01-01,1,J,B19,B17,B28,5,7,4
2016-01-01,2,J,B32,B44,B35,4,3,3
2016-01-01,3,J,B43,B45,B39,6,8,7
2016-01-02,0,J,B13,B9,B20,8,5,4
2016-01-02,1,J,B18,B20,B22,9,7,7
2016-01-02,2,J,B52,B37,B41,7,5,9
2016-01-02,3,J,B32,B40,B35,0,8,5
2016-01-04,0,J,B12,B29,B17,3,0,0
2016-01-04,1,J,B13,B25,B24,0,2,6
2016-01-04,2,J,B33,B41,B32,9,3,1
2016-01-04,3,J,B52,B31,B32,6,6,9
2016-01-05,0,J,B17,B27,B10,2,2,0
2016-01-05,1,J,B24,B18,B19,1,6,9
2016-01-05,2,J,B40,B35,B42,6,1,8
2016-01-05,3,J,B43,B38,B41,1,7,6
2016-01-06,0,J,B28,B20,B13,3,4,1
2016-01-06,1,J,B25,B27,B29,5,8,7
2016-01-06,2,J,B52,B45,B31,5,7,7
2016-01-06,3,J,B41,B37,B39,3,5,5
2016-01-07,0,J,B28,B17,B18,0,2,2
2016-01-07,1,J,B9,B27,B28,5,2,1
2016-01-07,2,J,B43,B36,B39,8,2,3
2016-01-07,3,J,B52,B41,B31,9,7,4
2016-01-08,0,J,B11,B17,B18,2,3,1
2016-01-08,1,J,B28,B24,B18,1,9,5
2016-01-08,2,J,B38,B35,B40,6,7,2
2016-01-08,3,J,B42,B41,B39,6,5,4
2016-01-09,0,J,B27,B10,B25,7,1,3
2016-01-09,1,J,B25,B24,B20,5,8,7
2016-01-09,2,J,B52,B37,B32,1,0,3
2016-01-09,3,J,B45,B41,B37,3,7,8
2016-01-11,0,J,B29,B27,B25,6,1,9
2016-01-11,1,J,B11,B12,B29,5,9,3
2016-01-11,2,J,B31,B44,B35,8,3,4
2016-01-11,3,J,B39,B33,B38,9,7,6
2016-01-12,0,J,B10,B20,B11,7,1,0
2016-01-12,1,J,B28,B10,B29,5,8,3
2016-01-12,2,J,B44,B45,B33,4,7,7
2016-01-12,3,J,B52,B43,B31,5,3,5
2016-01-13,0,J,B19,B18,B24,6,4,3
2016-01-13,1,J,B27,B13,B28,6,7,0
2016-01-13,2,J,B43,B42,B44,4,9,1
2016-01-13,3,J,B41,B42,B52,8,9,5
2016-01-14,0,J,B24,B17,B28,6,1,4
2016-01-14,1,J,B27,B25,B22,6,2,8
2016-01-14,2,J,B39,B37,B32,7,4,2
2016-01-14,3,J,B31,B39,B42,9,1,7
2016-01-15,0,J,B24,B29,B11,7,2,3
2016-01-15,1,J,B9,B22,B13,2,1,4
2016-01-15,2,J,B40,B37,B33,5,4,4
2016-01-15,3,J,B41,B36,B33,3,9,2
2016-01-16,0,J,B24,B10,B22,1,8,4
2016-01-16,1,J,B11,B20,B22,0,7,5
2016-01-16,2,J,B35,B32,B36,7,1,4
2016-01-16,3,J,B33,B43,B37,4,3,4
2016-01-18,0,J,B10,B20,B29,1,4,1
2016-01-18,1,J,B11,B24,B10,0,1,2
2016-01-18,2,J,B32,B35,B31,5,3,3
2016-01-18,3,J,B31,B44,B42,9,4,4
2016-01-19,0,J,B24,B20,B9,5,5,0
2016-01-19,1,J,B12,B28,B18,7,0,1
2016-01-19,2,J,B44,B32,B36,5,1,9
2016-01-19,3,J,B33,B38,B31,4,6,9
2016-01-20,0,J,B9,B19,B28,8,5,5
2016-01-20,1,J,B9,B24,B25,4,6,8
2016-01-20,2,J,B44,B36,B45,7,8,5
2016-01-20,3,J,B36,B45,B32,8,8,6
2016-01-21,0,J,B10,B9,B11,3,8,7
2016-01-21,1,J,B17,B10,B11,6,8,8
2016-01-21,2,J,B31,B32,B38,4,7,3
2016-01-21,3,J,B43,B32,B36,5,4,6
2016-01-22,0,J,B27,B25,B18,1,5,2
2016-01-22,1,J,B9,B27,B25,4,1,8
2016-01-22,2,J,B44,B35,B41,0,1,1
2016-01-22,3,J,B32,B38,B39,7,6,2
2016-01-23,0,J,B9,B12,B11,7,0,0
2016-01-23,1,J,B27,B18,B10,2,3,5
2016-01-23,2,J,B37,B39,B32,9,6,5
2016-01-23,3,J,B40,B38,B42,7,9,9
2016-01-25,0,J,B19,B12,B13,7,8,4
2016-01-25,1,J,B19,B25,B27,2,7,0
2016-01-25,2,J,B52,B33,B36,4,2,3
2016-01-25,3,J,B43,B36,B32,9,1,1
2016-01-26,0,J,B10,B20,B19,1,1,1
2016-01-26,1,J,B12,B10,B22,9,9,0
2016-01-26,2,J,B52,B37,B35,2,6,4
2016-01-26,3,J,B40,B52,B33,5,0,5
2016-01-27,0,J,B25,B12,B20,8,7,6
2016-01-27,1,J,B9,B10,B20,8,5,5
2016-01-27,2,J,B36,B35,B44,5,4,9
2016-01-27,3,J,B41,B33,B45,2,5,5
2016-01-28,0,J,B18,B20,B10,5,9,8
2016-01-28,1,J,B27,B9,B29,9,9,7
2016-01-28,2,J,B38,B32,B31,8,5,6
2016-01-28,3,J,B41,B36,B39,5,2,0
2016-01-29,0,J,B17,B10,B29,7,3,4
2016-01-29,1,J,B28,B10,B29,6,9,6
2016-01-29,2,J,B36,B41,B40,4,6,7
2016-01-29,3,J,B52,B38,B40,9,4,3
2016-01-30,0,J,B22,B17,B9,9,5,0
2016-01-30,1,J,B20,B11,B10,7,5,2
2016-01-30,2,J,B32,B52,B35,8,4,3
2016-01-30,3,J,B40,B41,B38,5,6,1
2016-02-01,0,K,B13,B28,B27,7,2,8
2016-02-01,1,K,B10,B12,B18,3,4,0
2016-02-01,2,K,B44,B31,B33,1,5,0
2016-02-01,3,K,B32,B39,B52,6,7,6
2016-02-02,0,K,B9,B20,B24,1,7,0
2016-02-02,1,K,B12,B28,B10,0,3,9
2016-02-02,2,K,B45,B43,B35,3,1,8
2016-02-02,3,K,B43,B42,B37,4,2,4
2016-02-03,0,K,B22,B25,B18,4,6,8
2016-02-03,1,K,B27,B28,B29,2,5,3
2016-02-03,2,K,B32,B35,B37,1,6,6
2016-02-03,3,K,B44,B31,B41,2,3,1
2016-02-04,0,K,B18,B25,B20,3,8,2
2016-02-04,1,K,B9,B25,B18,6,4,6
2016-02-04,2,K,B43,B42,B44,8,4,2
2016-02-04,3,K,B37,B41,B39,3,3,9
2016-02-05,0,K,B19,B28,B17,7,6,7
2016-02-05,1,K,B9,B28,B19,6,0,0
2016-02-05,2,K,B39,B37,B52,2,7,4
2016-02-05,3,K,B42,B45,B41,5,6,1
2016-02-06,0,K,B11,B9,B22,5,0,9
2016-02-06,1,K,B10,B27,B29,3,4,3
2016-02-06,2,K,B38,B37,B41,7,7,4
2016-02-06,3,K,B32,B43,B37,6,7,5
2016-02-08,0,K,B18,B28,B25,6,2,1
2016-02-08,1,K,B9,B13,B22,2,1,5
2016-02-08,2,K,B40,B45,B41,7,5,6
2016-02-08,3,K,B43,B35,B39,4,5,1
2016-02-09,0,K,B13,B17,B11,0,0,0
2016-02-09,1,K,B25,B9,B12,4,9,0
2016-02-09,2,K,B32,B38,B42,8,2,6
2016-02-09,3,K,B39,B37,B33,2,7,7
2016-02-10,0,K,B12,B10,B19,1,4,9
2016-02-10,1,K,B13,B10,B27,4,6,4
2016-02-10,2,K,B37,B33,B45,9,5,3
2016-02-10,3,K,B37,B52,B32,2,2,8
2016-02-11,0,K,B17,B12,B24,2,7,3
2016-02-11,1,K,B17,B13,B10,8,1,0
2016-02-11,2,K,B43,B39,B35,4,0,1
2016-02-11,3,K,B32,B38,B36,1,6,2
2016-02-12,0,K,B17,B19,B20,5,5,4
2016-02-12,1,K,B9,B10,B12,1,7,8
2016-02-12,2,K,B35,B32,B45,0,4,2
2016-02-12,3,K,B44,B52,B38,7,1,1
2016-02-13,0,K,B9,B25,B10,6,8,8
2016-02-13,1,K,B20,B27,B28,0,9,0
2016-02-13,2,K,B35,B52,B37,8,9,2
2016-02-13,3,K,B44,B40,B43,7,8,6
2016-02-15,0,K,B22,B12,B11,7,4,0
2016-02-15,1,K,B11,B20,B22,1,3,3
2016-02-15,2,K,B52,B39,B37,0,2,7
2016-02-15,3,K,B42,B52,B43,8,4,7
2016-02-16,0,K,B22,B29,B20,2,8,8
2016-02-16,1,K,B19,B10,B27,0,1,8
2016-02-16,2,K,B36,B39,B37,3,1,2
2016-02-16,3,K,B43,B40,B52,9,9,7
2016-02-17,0,K,B24,B19,B27,3,2,1
2016-02-17,1,K,B13,B25,B28,9,8,6
2016-02-17,2,K,B35,B43,B39,7,6,0
2016-02-17,3,K,B32,B31,B38,9,9,1
2016-02-18,0,K,B27,B17,B22,5,5,8
2016-02-18,1,K,B11,B19,B22,6,7,2
2016-02-18,2,K,B35,B52,B45,5,5,1
2016-02-18,3,K,B40,B41,B32,9,1,6
2016-02-19,0,K,B13,B17,B24,4,7,3
2016-02-19,1,K,B10,B25,B9,9,9,3
2016-02-19,2,K,B37,B42,B35,7,9,3
2016-02-19,3,K,B35,B37,B33,0,1,5
2016-02-20,0,K,B19,B13,B17,9,5,4
2016-02-20,1,K,B18,B28,B25,7,1,7
2016-02-20,2,K,B40,B39,B33,1,6,6
2016-02-20,3,K,B45,B37,B35,5,6,3
2016-02-22,0,K,B25,B17,B19,0,3,9
2016-02-22,1,K,B24,B19,B28,5,0,4
2016-02-22,2,K,B40,B45,B41,3,6,3
2016-02-22,3,K,B37,B35,B31,4,8,5
2016-02-23,0,K,B28,B12,B20,0,9,9
2016-02-23,1,K,B12,B18,B24,0,1,5
2016-02-23,2,K,B44,B35,B37,2,7,8
2016-02-23,3,K,B38,B36,B37,7,0,2
2016-02-24,0,K,B19,B27,B28,1,2,5
2016-02-24,1,K,B24,B22,B19,7,9,4
2016-02-24,2,K,B40,B31,B44,7,5,0
2016-02-24,3,K,B36,B31,B40,4,7,3
2016-02-25,0,K,B29,B28,B24,4,8,9
2016-02-25,1,K,B27,B9,B29,7,6,0
2016-02-25,2,K,B35,B32,B44,7,3,5
2016-02-25,3,K,B52,B31,B45,4,9,0
2016-02-26,0,K,B13,B22,B18,9,2,3
2016-02-26,1,K,B29,B19,B27,5,3,7
2016-02-26,2,K,B40,B52,B44,5,9,8
2016-02-26,3,K,B35,B32,B37,8,7,3
2016-02-27,0,K,B12,B20,B29,6,1,4
2016-02-27,1,K,B27,B18,B28,5,2,4
2016-02-27,2,K,B52,B40,B45,4,1,4
2016-02-27,3,K,B43,B45,B42,7,2,6
2016-02-29,0,K,B25,B13,B9,0,3,1
2016-02-29,1,K,B24,B13,B17,6,8,0
2016-02-29,2,K,B41,B37,B40,7,8,3
2016-02-29,3,K,B32,B42,B33,3,2,2
2016-03-01,0,G,B29,B13,B19,3,1,0
2016-03-01,1,G,B18,B17,B11,2,9,9
2016-03-01,2,G,B39,B37,B33,3,8,3
2016-03-01,3,G,B33,B40,B37,4,8,5
2016-03-02,0,G,B20,B25,B11,1,0,7
2016-03-02,1,G,B27,B22,B9,4,4,6
2016-03-02,2,G,B33,B38,B32,4,1,4
2016-03-02,3,G,B42,B43,B36,5,9,5
2016-03-03,0,G,B18,B12,B9,0,5,6
2016-03-03,1,G,B22,B24,B10,5,6,2
2016-03-03,2,G,B35,B52,B43,9,8,1
2016-03-03,3,G,B35,B36,B32,4,8,1
2016-03-04,0,G,B29,B12,B27,8,2,4
2016-03-04,1,G,B18,B24,B10,1,9,7
2016-03-04,2,G,B37,B40,B45,1,2,4
2016-03-04,3,G,B37,B40,B33,0,0,3
2016-03-05,0,G,B29,B20,B10,8,0,4
2016-03-05,1,G,B24,B10,B28,7,6,9
2016-03-05,2,G,B39,B33,B42,1,2,7
2016-03-05,3,G,B36,B35,B41,4,2,5
2016-03-07,0,G,B11,B17,B24,2,0,4
2016-03-07,1,G,B28,B29,B19,7,2,7
2016-03-07,2,G,B44,B52,B38,0,3,8
2016-03-07,3,G,B31,B40,B45,9,5,2
2016-03-08,0,G,B11,B25,B18,8,1,6
2016-03-08,1,G,B20,B25,B18,9,4,9
2016-03-08,2,G,B41,B44,B42,3,4,0
2016-03-08,3,G,B36,B44,B37,5,4,8
2016-03-09,0,G,B27,B12,B22,8,1,0
2016-03-09,1,G,B22,B19,B18,3,9,6
2016-03-09,2,G,B33,B40,B35,0,9,3
2016-03-09,3,G,B37,B35,B32,7,4,8
2016-03-10,0,G,B13,B27,B28,0,2,6
2016-03-10,1,G,B25,B10,B24,3,9,5
2016-03-10,2,G,B44,B39,B42,8,5,2
2016-03-10,3,G,B41,B39,B37,2,2,2
2016-03-11,0,G,B11,B25,B20,3,3,6
2016-03-11,1,G,B10,B12,B22,7,3,6
2016-03-11,2,G,B33,B52,B44,4,0,7
2016-03-11,3,G,B40,B37,B38,3,5,1
2016-03-12,0,G,B19,B11,B13,9,4,5
2016-03-12,1,G,B25,B28,B24,3,4,8
2016-03-12,2,G,B36,B42,B41,3,7,5
2016-03-12,3,G,B45,B33,B44,5,6,1
2016-03-14,0,G,B18,B28,B17,4,1,7
2016-03-14,1,G,B12,B11,B18,9,9,3
2016-03-14,2,G,B41,B45,B39,6,8,8
2016-03-14,3,G,B40,B52,B36,3,1,3
2016-03-15,0,G,B22,B9,B11,0,4,1
2016-03-15,1,G,B11,B13,B12,3,2,5
2016-03-15,2,G,B44,B37,B43,4,5,4
2016-03-15,3,G,B40,B42,B52,6,7,9
2016-03-16,0,G,B18,B28,B29,0,5,5
2016-03-16,1,G,B29,B25,B24,7,6,1
2016-03-16,2,G,B40,B45,B33,8,0,5
2016-03-16,3,G,B41,B37,B35,4,1,2
2016-03-17,0,G,B13,B22,B18,9,5,5
2016-03-17,1,G,B12,B9,B29,2,3,4
2016-03-17,2,G,B32,B43,B35,5,0,1
2016-03-17,3,G,B38,B36,B40,9,7,8
2016-03-18,0,G,B29,B28,B12,6,3,8
2016-03-18,1,G,B10,B29,B18,5,2,5
2016-03-18,2,G,B52,B32,B43,4,4,0
2016-03-18,3,G,B37,B31,B32,7,1,2
2016-03-19,0,G,B9,B25,B27,5,8,8
2016-03-19,1,G,B24,B17,B9,5,9,8
2016-03-19,2,G,B43,B31,B45,1,3,5
2016-03-19,3,G,B42,B40,B38,0,9,2
2016-03-21,0,G,B20,B19,B24,7,6,2
2016-03-21,1,G,B27,B22,B28,2,7,6
2016-03-21,2,G,B41,B42,B43,5,3,0
2016-03-21,3,G,B52,B45,B43,5,6,7
2016-03-22,0,G,B22,B24,B12,7,8,4
2016-03-22,1,G,B27,B25,B20,9,6,3
2016-03-22,2,G,B52,B42,B31,0,1,2
2016-03-22,3,G,B45,B36,B32,6,2,4
2016-03-23,0,G,B18,B12,B19,2,9,7
2016-03-23,1,G,B19,B20,B17,0,3,8
2016-03-23,2,G,B45,B33,B36,2,4,4
2016-03-23,3,G,B44,B40,B33,6,6,6
2016-03-24,0,G,B12,B20,B25,2,2,6
2016-03-24,1,G,B20,B24,B22,5,1,6
2016-03-24,2,G,B45,B42,B32,7,2,8
2016-03-24,3,G,B35,B40,B45,5,9,6
2016-03-25,0,G,B17,B22,B20,4,6,2
2016-03-25,1,G,B27,B19,B13,9,5,6
2016-03-25,2,G,B31,B41,B40,9,3,6
2016-03-25,3,G,B42,B38,B35,3,1,5
2016-03-26,0,G,B20,B29,B19,8,0,6
2016-03-26,1,G,B9,B13,B20,7,6,8
2016-03-26,2,G,B43,B44,B35,6,5,6
2016-03-26,3,G,B32,B38,B39,7,2,9
2016-03-28,0,G,B13,B17,B9,7,6,8
2016-03-28,1,G,B10,B9,B12,8,2,6
2016-03-28,2,G,B37,B32,B38,5,9,3
2016-03-28,3,G,B37,B32,B38,8,0,0
2016-03-29,0,G,B12,B27,B18,1,2,0
2016-03-29,1,G,B10,B27,B11,7,6,0
2016-03-29,2,G,B37,B32,B40,4,5,1
2016-03-29,3,G,B32,B35,B38,6,7,0
2016-03-30,0,G,B9,B13,B11,8,2,5
2016-03-30,1,G,B17,B10,B11,3,5,1
2016-03-30,2,G,B45,B41,B32,7,5,1
2016-03-30,3,G,B44,B45,B39,1,3,3
2016-03-31,0,G,B13,B17,B27,0,1,1
2016-03-31,1,G,B29,B28,B25,5,3,3
2016-03-31,2,G,B52,B44,B36,6,2,0
2016-03-31,3,G,B36,B52,B35,7,7,3
2016-04-01,0,H,B17,B12,B13,1,2,1
2016-04-01,1,H,B9,B28,B13,1,2,5
2016-04-01,2,H,B45,B42,B39,0,9,0
2016-04-01,3,H,B37,B32,B41,0,9,2
2016-04-02,0,H,B27,B20,B29,8,4,3
2016-04-02,1,H,B18,B13,B19,8,7,4
2016-04-02,2,H,B43,B37,B32,5,1,1
2016-04-02,3,H,B39,B33,B43,5,9,5
2016-04-04,0,H,B29,B17,B20,5,1,2
2016-04-04,1,H,B12,B24,B9,6,5,6
2016-04-04,2,H,B36,B45,B40,2,1,2
2016-04-04,3,H,B31,B52,B36,1,7,6
2016-04-05,0,H,B18,B10,B22,7,0,1
2016-04-05,1,H,B12,B10,B11,5,1,7
2016-04-05,2,H,B37,B31,B45,8,5,4
2016-04-05,3,H,B44,B36,B52,9,7,1
2016-04-06,0,H,B11,B9,B25,8,8,7
2016-04-06,1,H,B27,B12,B10,5,6,1
2016-04-06,2,H,B33,B31,B38,2,2,2
2016-04-06,3,H,B32,B33,B52,6,2,3
2016-04-07,0,H,B28,B12,B29,4,7,0
2016-04-07,1,H,B18,B19,B10,1,3,9
2016-04-07,2,H,B35,B52,B38,0,1,3
2016-04-07,3,H,B38,B35,B32,4,6,9
2016-04-08,0,H,B22,B24,B12,8,2,3
2016-04-08,1,H,B13,B25,B10,7,7,3
2016-04-08,2,H,B44,B31,B45,0,7,5
2016-04-08,3,H,B52,B37,B38,1,5,6
2016-04-09,0,H,B24,B17,B27,5,3,1
2016-04-09,1,H,B19,B24,B9,8,2,4
2016-04-09,2,H,B43,B33,B52,4,9,2
2016-04-09,3,H,B52,B42,B45,9,2,6
2016-04-11,0,H,B29,B18,B28,6,2,4
2016-04-11,1,H,B12,B29,B9,5,2,4
2016-04-11,2,H,B41,B42,B39,9,4,5
2016-04-11,3,H,B37,B39,B32,6,6,1
2016-04-12,0,H,B9,B18,B12,4,6,9
2016-04-12,1,H,B10,B11,B12,2,7,4
2016-04-12,2,H,B36,B35,B31,9,6,1
2016-04-12,3,H,B44,B31,B38,0,3,0
2016-04-13,0,H,B9,B18,B19,9,7,5
2016-04-13,1,H,B25,B9,B27,8,5,0
2016-04-13,2,H,B43,B37,B39,2,5,1
2016-04-13,3,H,B35,B41,B33,2,3,6
2016-04-14,0,H,B20,B28,B9,5,7,5
2016-04-14,1,H,B27,B29,B28,6,9,0
2016-04-14,2,H,B33,B39,B36,2,4,1
2016-04-14,3,H,B32,B44,B38,8,3,6
2016-04-15,0,H,B18,B12,B29,2,3,8
2016-04-15,1,H,B13,B29,B12,1,7,5
2016-04-15,2,H,B36,B32,B44,0,1,6
2016-04-15,3,H,B44,B43,B32,1,1,0
2016-04-16,0,H,B10,B22,B12,4,0,4
2016-04-16,1,H,B10,B29,B9,3,2,5
2016-04-16,2,H,B36,B31,B39,5,0,5
2016-04-16,3,H,B36,B42,B35,0,0,3
2016-04-18,0,H,B10,B12,B25,2,4,0
2016-04-18,1,H,B9,B13,B27,5,0,9
2016-04-18,2,H,B39,B38,B40,6,8,6
2016-04-18,3,H,B33,B42,B36,2,6,4
2016-04-19,0,H,B20,B12,B29,1,3,1
2016-04-19,1,H,B19,B11,B13,8,7,6
2016-04-19,2,H,B42,B40,B33,8,3,9
2016-04-19,3,H,B43,B52,B37,3,5,4
2016-04-20,0,H,B25,B13,B11,2,5,1
2016-04-20,1,H,B27,B10,B18,3,3,0
2016-04-20,2,H,B36,B37,B31,8,8,6
2016-04-20,3,H,B41,B31,B38,4,2,6
2016-04-21,0,H,B17,B19,B12,9,4,3
2016-04-21,1,H,B27,B25,B9,3,7,6
2016-04-21,2,H,B32,B52,B44,3,8,1
2016-04-21,3,H,B41,B33,B40,0,7,3
2016-04-22,0,H,B11,B27,B10,3,4,4
2016-04-22,1,H,B28,B12,B27,4,9,0
2016-04-22,2,H,B45,B36,B35,5,8,3
2016-04-22,3,H,B36,B35,B37,0,8,5
2016-04-23,0,H,B9,B20,B10,3,2,2
2016-04-23,1,H,B24,B11,B28,6,7,1
2016-04-23,2,H,B31,B35,B39,2,8,8
2016-04-23,3,H,B32,B31,B40,0,1,7
2016-04-25,0,H,B29,B13,B27,8,3,5
2016-04-25,1,H,B20,B27,B22,0,9,5
2016-04-25,2,H,B32,B43,B35,4,9,7
2016-04-25,3,H,B40,B31,B43,6,3,8
2016-04-26,0,H,B25,B28,B11,5,1,5
2016-04-26,1,H,B19,B24,B13,5,6,2
2016-04-26,2,H,B41,B32,B35,4,3,2
2016-04-26,3,H,B39,B36,B43,2,8,6
2016-04-27,0,H,B22,B18,B29,2,4,2
2016-04-27,1,H,B24,B9,B27,4,6,8
2016-04-27,2,H,B39,B33,B38,9,0,9
2016-04-27,3,H,B32,B39,B36,3,8,1
2016-04-28,0,H,B29,B11,B13,2,6,0
2016-04-28,1,H,B28,B11,B22,4,8,4
2016-04-28,2,H,B31,B37,B35,1,9,7
2016-04-28,3,H,B32,B38,B52,8,8,4
2016-04-29,0,H,B10,B20,B12,6,8,1
2016-04-29,1,H,B22,B9,B20,9,6,5
2016-04-29,2,H,B43,B33,B45,9,1,8
2016-04-29,3,H,B39,B40,B32,1,7,9
2016-04-30,0,H,B19,B24,B9,4,1,0
2016-04-30,1,H,B19,B25,B28,1,6,4
2016-04-30,2,H,B31,B41,B35,5,1,9
2016-04-30,3,H,B43,B52,B31,9,3,5
2016-05-02,0,I,B18,B25,B22,8,0,5
2016-05-02,1,I,B12,B10,B27,0,7,5
2016-05-02,2,I,B31,B35,B42,0,8,8
2016-05-02,3,I,B39,B40,B42,1,2,8
2016-05-03,0,I,B29,B20,B18,6,2,2
2016-05-03,1,I,B18,B20,B17,8,1,6
2016-05-03,2,I,B37,B38,B31,3,6,5
2016-05-03,3,I,B39,B52,B44,7,0,4
2016-05-04,0,I,B9,B13,B17,2,3,2
2016-05-04,1,I,B29,B11,B13,6,6,5
2016-05-04,2,I,B36,B42,B40,8,8,0
2016-05-04,3,I,B43,B40,B41,0,8,9
2016-05-05,0,I,B9,B10,B22,0,5,5
2016-05-05,1,I,B12,B11,B17,0,9,3
2016-05-05,2,I,B43,B52,B39,1,0,1
2016-05-05,3,I,B44,B38,B52,5,9,3
2016-05-06,0,I,B19,B10,B17,9,1,4
2016-05-06,1,I,B11,B18,B13,5,8,5
2016-05-06,2,I,B40,B37,B36,7,0,2
2016-05-06,3,I,B42,B32,B39,8,3,2
2016-05-07,0,I,B25,B27,B22,2,2,2
2016-05-07,1,I,B10,B25,B28,0,7,3
2016-05-07,2,I,B31,B43,B35,4,0,1
2016-05-07,3,I,B36,B45,B44,1,3,3
2016-05-09,0,I,B17,B9,B24,1,7,1
2016-05-09,1,I,B17,B12,B13,5,2,7
2016-05-09,2,I,B41,B36,B40,0,4,4
2016-05-09,3,I,B32,B33,B44,6,4,5
2016-05-10,0,I,B27,B29,B24,7,2,5
2016-05-10,1,I,B24,B22,B9,6,6,0
2016-05-10,2,I,B33,B31,B35,9,1,5
2016-05-10,3,I,B33,B38,B37,1,2,1
2016-05-11,0,I,B19,B25,B10,1,3,9
2016-05-11,1,I,B17,B29,B25,9,9,9
2016-05-11,2,I,B52,B36,B44,9,3,2
2016-05-11,3,I,B40,B43,B33,4,0,2
2016-05-12,0,I,B25,B19,B29,0,4,2
2016-05-12,1,I,B18,B11,B24,1,9,9
2016-05-12,2,I,B35,B45,B40,9,2,0
2016-05-12,3,I,B33,B31,B32,3,4,3
2016-05-13,0,I,B25,B19,B11,5,0,9
2016-05-13,1,I,B13,B22,B20,4,4,5
2016-05-13,2,I,B36,B45,B43,2,9,9
2016-05-13,3,I,B33,B41,B42,9,3,4
2016-05-14,0,I,B29,B27,B11,3,8,8
2016-05-14,1,I,B25,B28,B18,0,9,4
2016-05-14,2,I,B38,B36,B52,8,9,7
2016-05-14,3,I,B33,B44,B32,8,1,5
2016-05-16,0,I,B22,B19,B17,2,2,4
2016-05-16,1,I,B20,B12,B24,9,5,2
2016-05-16,2,I,B52,B45,B32,1,0,9
2016-05-16,3,I,B44,B37,B31,4,0,2
2016-05-17,0,I,B20,B25,B18,4,1,7
2016-05-17,1,I,B12,B27,B19,6,1,7
2016-05-17,2,I,B35,B52,B44,7,2,7
2016-05-17,3,I,B39,B52,B44,6,9,2
2016-05-18,0,I,B24,B20,B29,4,6,7
2016-05-18,1,I,B25,B27,B11,8,5,1
2016-05-18,2,I,B38,B31,B43,4,8,3
2016-05-18,3,I,B37,B33,B40,5,9,5
2016-05-19,0,I,B11,B17,B22,9,8,3
2016-05-19,1,I,B24,B10,B29,6,1,7
2016-05-19,2,I,B36,B38,B35,7,9,1
2016-05-19,3,I,B35,B38,B31,7,2,6
2016-05-20,0,I,B18,B17,B12,8,8,5
2016-05-20,1,I,B18,B22,B9,3,1,1
2016-05-20,2,I,B41,B40,B39,2,2,8
2016-05-20,3,I,B35,B42,B38,9,3,5
2016-05-21,0,I,B13,B24,B19,5,4,4
2016-05-21,1,I,B18,B25,B20,5,7,2
2016-05-21,2,I,B35,B41,B36,0,0,1
2016-05-21,3,I,B42,B52,B37,9,4,2
2016-05-23,0,I,B28,B19,B18,1,3,0
2016-05-23,1,I,B9,B18,B13,4,4,9
2016-05-23,2,I,B39,B43,B42,2,2,1
2016-05-23,3,I,B37,B40,B44,5,7,5
2016-05-24,0,I,B13,B22,B17,8,1,4
2016-05-24,1,I,B22,B11,B12,4,4,2
2016-05-24,2,I,B37,B31,B36,3,8,6
2016-05-24,3,I,B39,B32,B37,0,1,3
2016-05-25,0,I,B20,B22,B11,4,4,2
2016-05-25,1,I,B19,B10,B25,4,1,5
2016-05-25,2,I,B35,B41,B36,3,2,7
2016-05-25,3,I,B37,B41,B31,1,6,2
2016-05-26,0,I,B29,B19,B27,6,9,7
2016-05-26,1,I,B22,B11,B24,0,6,0
2016-05-26,2,I,B31,B42,B39,0,7,9
2016-05-26,3,I,B38,B39,B45,5,7,2
2016-05-27,0,I,B18,B19,B9,6,1,3
2016-05-27,1,I,B27,B24,B22,8,2,4
2016-05-27,2,I,B44,B37,B39,8,3,9
2016-05-27,3,I,B32,B43,B39,9,2,3
2016-05-28,0,I,B29,B25,B11,7,1,3
2016-05-28,1,I,B9,B27,B19,3,4,6
2016-05-28,2,I,B52,B38,B31,9,6,3
2016-05-28,3,I,B33,B52,B35,0,9,8
2016-05-30,0,I,B19,B24,B27,3,5,7
2016-05-30,1,I,B11,B24,B29,9,7,8
2016-05-30,2,I,B32,B45,B35,9,3,6
2016-05-30,3,I,B35,B33,B41,1,4,9
2016-05-31,0,I,B13,B12,B18,4,0,5
2016-05-31,1,I,B13,B17,B28,7,1,8
2016-05-31,2,I,B33,B37,B39,4,5,9
2016-05-31,3,I,B33,B32,B45,7,1,9
2016-06-01,0,J,B12,B9,B19,8,7,5
2016-06-01,1,J,B20,B9,B29,2,6,1
2016-06-01,2,J,B44,B33,B38,6,1,5
2016-06-01,3,J,B52,B44,B38,2,6,7
2016-06-02,0,J,B10,B19,B17,8,0,2
2016-06-02,1,J,B17,B13,B29,2,5,9
2016-06-02,2,J,B31,B40,B39,9,2,1
2016-06-02,3,J,B39,B38,B35,7,6,5
2016-06-03,0,J,B25,B10,B17,3,4,1
2016-06-03,1,J,B10,B11,B17,9,6,3
2016-06-03,2,J,B52,B45,B43,9,9,1
2016-06-03,3,J,B43,B39,B32,7,3,1
2016-06-04,0,J,B27,B28,B24,6,1,1
2016-06-04,1,J,B12,B19,B10,6,5,3
2016-06-04,2,J,B40,B37,B44,3,2,7
2016-06-04,3,J,B45,B42,B43,3,2,0
2016-06-06,0,J,B11,B13,B27,4,7,4
2016-06-06,1,J,B18,B20,B27,5,2,3
2016-06-06,2,J,B38,B33,B40,0,1,4
2016-06-06,3,J,B33,B35,B36,8,4,0
2016-06-07,0,J,B13,B29,B22,3,9,3
2016-06-07,1,J,B27,B18,B9,5,5,6
2016-06-07,2,J,B41,B44,B43,7,4,6
2016-06-07,3,J,B31,B38,B43,2,9,4
2016-06-08,0,J,B17,B13,B29,2,3,1
2016-06-08,1,J,B20,B24,B17,3,1,8
2016-06-08,2,J,B31,B42,B40,2,7,1
2016-06-08,3,J,B40,B31,B43,3,8,8
2016-06-09,0,J,B20,B28,B11,9,0,5
2016-06-09,1,J,B20,B25,B24,3,7,8
2016-06-09,2,J,B33,B32,B44,1,6,5
2016-06-09,3,J,B38,B42,B35,7,4,8
2016-06-10,0,J,B17,B27,B20,9,7,3
2016-06-10,1,J,B12,B28,B17,1,5,3
2016-06-10,2,J,B38,B33,B39,7,0,2
2016-06-10,3,J,B36,B33,B39,7,7,4
2016-06-11,0,J,B28,B12,B27,4,0,1
2016-06-11,1,J,B22,B25,B27,2,7,9
2016-06-11,2,J,B43,B36,B37,5,7,7
2016-06-11,3,J,B40,B52,B37,1,0,3
2016-06-13,0,J,B17,B24,B25,7,5,3
2016-06-13,1,J,B18,B11,B19,9,8,8
2016-06-13,2,J,B43,B42,B45,5,6,7
2016-06-13,3,J,B38,B41,B42,7,7,0
2016-06-14,0,J,B10,B27,B22,3,7,7
2016-06-14,1,J,B13,B25,B17,6,4,2
2016-06-14,2,J,B41,B44,B40,5,5,9
2016-06-14,3,J,B42,B38,B32,8,2,6
2016-06-15,0,J,B12,B27,B13,8,6,4
2016-06-15,1,J,B28,B29,B12,1,7,3
2016-06-15,2,J,B39,B33,B38,8,8,6
2016-06-15,3,J,B36,B33,B39,9,6,3
2016-06-16,0,J,B13,B12,B19,0,6,3
2016-06-16,1,J,B22,B28,B25,8,8,7
2016-06-16,2,J,B32,B37,B43,3,4,5
2016-06-16,3,J,B52,B40,B33,6,4,7
2016-06-17,0,J,B29,B27,B10,4,6,1
2016-06-17,1,J,B27,B19,B9,6,2,1
2016-06-17,2,J,B43,B32,B33,3,0,1
2016-06-17,3,J,B44,B52,B38,5,3,1
2016-06-18,0,J,B11,B20,B27,2,5,4
2016-06-18,1,J,B13,B19,B10,6,8,2
2016-06-18,2,J,B42,B33,B37,8,3,9
2016-06-18,3,J,B35,B39,B43,9,5,2
2016-06-20,0,J,B25,B27,B24,0,9,9
2016-06-20,1,J,B19,B11,B18,5,1,7
2016-06-20,2,J,B37,B35,B43,0,9,7
2016-06-20,3,J,B43,B41,B45,1,8,5
2016-06-21,0,J,B20,B13,B10,1,5,4
2016-06-21,1,J,B24,B27,B22,0,5,3
2016-06-21,2,J,B43,B52,B31,4,2,5
2016-06-21,3,J,B32,B42,B37,1,5,2
2016-06-22,0,J,B24,B22,B29,2,2,4
2016-06-22,1,J,B18,B10,B27,3,5,4
2016-06-22,2,J,B31,B41,B45,6,4,8
2016-06-22,3,J,B33,B44,B32,3,5,9
2016-06-23,0,J,B12,B18,B25,6,3,8
2016-06-23,1,J,B13,B19,B25,7,0,1
2016-06-23,2,J,B40,B43,B45,2,7,3
2016-06-23,3,J,B38,B45,B35,8,4,2
2016-06-24,0,J,B20,B17,B24,7,9,1
2016-06-24,1,J,B28,B12,B13,9,6,8
2016-06-24,2,J,B39,B33,B44,1,0,5
2016-06-24,3,J,B38,B32,B41,6,1,0
2016-06-25,0,J,B28,B10,B17,4,5,0
2016-06-25,1,J,B13,B18,B24,9,4,7
2016-06-25,2,J,B39,B41,B33,5,9,3
2016-06-25,3,J,B41,B38,B44,9,6,6
2016-06-27,0,J,B12,B13,B18,7,9,9
2016-06-27,1,J,B28,B10,B18,1,6,2
2016-06-27,2,J,B41,B36,B52,9,5,5
2016-06-27,3,J,B44,B31,B39,6,4,2
2016-06-28,0,J,B22,B12,B10,4,3,6
2016-06-28,1,J,B25,B24,B17,9,4,5
2016-06-28,2,J,B37,B41,B33,5,1,8
2016-06-28,3,J,B39,B33,B43,6,2,7
2016-06-29,0,J,B11,B19,B20,2,9,2
2016-06-29,1,J,B28,B25,B24,9,3,9
2016-06-29,2,J,B37,B32,B43,6,2,5
2016-06-29,3,J,B37,B42,B44,4,5,4
2016-06-30,0,J,B11,B27,B29,8,9,6
2016-06-30,1,J,B24,B11,B29,8,1,6
2016-06-30,2,J,B36,B32,B35,5,4,7
2016-06-30,3,J,B52,B38,B32,5,8,4
2016-07-01,0,K,B19,B10,B11,8,5,9
2016-07-01,1,K,B25,B29,B28,2,1,1
2016-07-01,2,K,B36,B33,B41,6,0,1
2016-07-01,3,K,B35,B37,B36,3,0,4
2016-07-02,0,K,B10,B19,B24,5,9,9
2016-07-02,1,K,B12,B18,B24,6,1,3
2016-07-02,2,K,B45,B32,B35,4,0,8
2016-07-02,3,K,B45,B36,B31,6,8,0
2016-07-04,0,K,B19,B27,B25,9,5,8
2016-07-04,1,K,B18,B22,B25,8,3,7
2016-07-04,2,K,B44,B41,B33,6,3,9
2016-07-04,3,K,B42,B35,B36,7,4,6
2016-07-05,0,K,B27,B11,B25,9,8,1
2016-07-05,1,K,B28,B13,B25,7,7,0
2016-07-05,2,K,B52,B36,B38,2,9,0
2016-07-05,3,K,B32,B42,B52,6,5,0
2016-07-06,0,K,B28,B9,B20,5,1,7
2016-07-06,1,K,B12,B17,B20,6,2,3
2016-07-06,2,K,B36,B44,B37,7,7,0
2016-07-06,3,K,B38,B42,B52,3,9,8
2016-07-07,0,K,B19,B22,B27,3,5,1
2016-07-07,1,K,B20,B17,B9,9,9,5
2016-07-07,2,K,B45,B42,B38,6,6,4
2016-07-07,3,K,B31,B42,B52,8,9,4
2016-07-08,0,K,B19,B13,B22,3,5,4
2016-07-08,1,K,B25,B19,B28,4,7,3
2016-07-08,2,K,B45,B43,B44,6,9,2
2016-07-08,3,K,B42,B44,B45,3,7,8
2016-07-09,0,K,B24,B22,B18,2,1,7
2016-07-09,1,K,B10,B19,B9,9,7,9
2016-07-09,2,K,B41,B35,B42,4,4,8
2016-07-09,3,K,B35,B31,B32,2,2,0
2016-07-11,0,K,B9,B18,B12,0,6,2
2016-07-11,1,K,B29,B13,B19,6,2,9
2016-07-11,2,K,B32,B40,B41,1,5,5
2016-07-11,3,K,B38,B35,B41,1,0,4
2016-07-12,0,K,B17,B25,B12,5,8,1
2016-07-12,1,K,B27,B28,B11,0,1,5
2016-07-12,2,K,B52,B45,B38,9,7,4
2016-07-12,3,K,B37,B45,B52,7,0,4
2016-07-13,0,K,B29,B10,B18,8,7,9
2016-07-13,1,K,B20,B11,B18,5,3,4
2016-07-13,2,K,B36,B39,B41,1,4,5
2016-07-13,3,K,B33,B43,B44,1,1,0
2016-07-14,0,K,B19,B24,B22,5,0,2
2016-07-14,1,K,B27,B28,B25,1,1,0
2016-07-14,2,K,B37,B52,B41,3,7,7
2016-07-14,3,K,B45,B32,B38,7,9,0
2016-07-15,0,K,B12,B18,B19,9,5,1
2016-07-15,1,K,B17,B19,B29,8,5,5
2016-07-15,2,K,B52,B40,B33,7,4,5
2016-07-15,3,K,B31,B42,B44,6,3,6
2016-07-16,0,K,B17,B12,B22,2,8,2
2016-07-16,1,K,B13,B11,B29,2,3,0
2016-07-16,2,K,B43,B45,B35,7,1,2
2016-07-16,3,K,B36,B39,B38,8,9,2
2016-07-18,0,K,B27,B22,B25,9,6,8
2016-07-18,1,K,B22,B20,B19,9,7,7
2016-07-18,2,K,B32,B37,B38,7,9,7
2016-07-18,3,K,B38,B37,B40,4,4,1
2016-07-19,0,K,B22,B11,B29,7,8,7
2016-07-19,1,K,B27,B17,B24,4,4,9
2016-07-19,2,K,B44,B41,B38,9,6,3
2016-07-19,3,K,B35,B41,B40,7,9,9
2016-07-20,0,K,B10,B9,B11,4,4,6
2016-07-20,1,K,B19,B24,B20,5,9,1
2016-07-20,2,K,B40,B41,B35,4,5,9
2016-07-20,3,K,B42,B43,B37,9,3,4
2016-07-21,0,K,B22,B25,B11,5,3,3
2016-07-21,1,K,B20,B19,B24,2,8,3
2016-07-21,2,K,B44,B39,B43,8,4,0
2016-07-21,3,K,B40,B43,B44,1,6,4
2016-07-22,0,K,B17,B13,B27,9,6,9
2016-07-22,1,K,B17,B12,B10,1,5,5
2016-07-22,2,K,B44,B45,B36,8,0,6
2016-07-22,3,K,B40,B42,B43,2,9,4
2016-07-23,0,K,B22,B27,B12,6,8,5
2016-07-23,1,K,B25,B22,B13,9,3,5
2016-07-23,2,K,B35,B44,B40,6,0,8
2016-07-23,3,K,B43,B33,B32,6,1,9
2016-07-25,0,K,B22,B20,B27,5,5,9
2016-07-25,1,K,B20,B12,B29,0,6,0
2016-07-25,2,K,B38,B41,B45,8,8,5
2016-07-25,3,K,B37,B44,B38,9,8,8
2016-07-26,0,K,B10,B17,B25,2,3,7
2016-07-26,1,K,B27,B18,B17,6,4,0
2016-07-26,2,K,B44,B42,B31,5,8,8
2016-07-26,3,K,B31,B39,B45,9,2,1
2016-07-27,0,K,B12,B24,B29,5,0,9
2016-07-27,1,K,B25,B9,B17,1,1,1
2016-07-27,2,K,B39,B42,B43,3,7,2
2016-07-27,3,K,B44,B38,B32,2,4,6
2016-07-28,0,K,B18,B19,B25,4,5,5
2016-07-28,1,K,B18,B13,B29,1,3,5
2016-07-28,2,K,B44,B39,B35,4,0,2
2016-07-28,3,K,B44,B37,B36,1,0,9
2016-07-29,0,K,B17,B25,B9,2,8,9
2016-07-29,1,K,B18,B13,B25,0,4,8
2016-07-29,2,K,B44,B39,B33,6,7,3
2016-07-29,3,K,B43,B35,B42,8,2,8
2016-07-30,0,K,B24,B17,B18,2,5,3
2016-07-30,1,K,B10,B11,B19,7,3,1
2016-07-30,2,K,B41,B44,B52,2,9,3
2016-07-30,3,K,B32,B40,B38,3,3,9
2016-08-01,0,G,B13,B11,B22,8,9,8
2016-08-01,1,G,B24,B13,B28,2,2,1
2016-08-01,2,G,B41,B44,B40,8,6,3
2016-08-01,3,G,B44,B31,B33,7,2,9
2016-08-02,0,G,B20,B18,B17,8,0,7
2016-08-02,1,G,B24,B20,B28,8,0,8
2016-08-02,2,G,B32,B52,B39,4,0,8
2016-08-02,3,G,B42,B35,B44,9,4,8
2016-08-03,0,G,B11,B22,B19,4,0,0
2016-08-03,1,G,B9,B19,B29,0,6,4
2016-08-03,2,G,B44,B35,B45,6,8,9
2016-08-03,3,G,B37,B31,B35,7,0,6
2016-08-04,0,G,B9,B20,B24,5,5,3
2016-08-04,1,G,B20,B18,B28,3,1,1
2016-08-04,2,G,B52,B38,B42,6,0,2
2016-08-04,3,G,B31,B32,B45,9,5,3
2016-08-05,0,G,B11,B25,B20,2,5,8
2016-08-05,1,G,B24,B27,B20,7,7,4
2016-08-05,2,G,B38,B33,B52,5,8,0
2016-08-05,3,G,B39,B37,B40,2,9,2
2016-08-06,0,G,B29,B25,B9,5,8,3
2016-08-06,1,G,B24,B13,B20,3,8,5
2016-08-06,2,G,B35,B52,B31,4,3,2
2016-08-06,3,G,B35,B31,B52,0,0,2
2016-08-08,0,G,B11,B20,B17,3,3,1
2016-08-08,1,G,B19,B22,B11,6,0,4
2016-08-08,2,G,B44,B41,B31,7,3,7
2016-08-08,3,G,B37,B43,B41,8,9,6
2016-08-09,0,G,B9,B19,B22,1,3,6
2016-08-09,1,G,B17,B20,B28,2,0,8
2016-08-09,2,G,B40,B52,B35,8,0,6
2016-08-09,3,G,B52,B43,B44,7,3,6
2016-08-10,0,G,B9,B24,B27,4,5,4
2016-08-10,1,G,B18,B13,B12,9,0,4
2016-08-10,2,G,B36,B35,B32,3,9,9
2016-08-10,3,G,B43,B32,B52,6,4,4
2016-08-11,0,G,B10,B22,B25,5,1,3
2016-08-11,1,G,B25,B13,B17,9,8,3
2016-08-11,2,G,B39,B38,B36,9,7,6
2016-08-11,3,G,B39,B42,B38,3,9,3
2016-08-12,0,G,B19,B10,B22,1,5,4
2016-08-12,1,G,B9,B10,B22,4,1,3
2016-08-12,2,G,B40,B35,B41,3,7,2
2016-08-12,3,G,B41,B32,B52,7,5,4
2016-08-13,0,G,B24,B13,B28,5,9,6
2016-08-13,1,G,B12,B28,B25,0,4,8
2016-08-13,2,G,B31,B43,B33,6,4,2
2016-08-13,3,G,B41,B52,B40,4,8,2
2016-08-15,0,G,B20,B13,B9,3,8,0
2016-08-15,1,G,B22,B11,B27,7,1,3
2016-08-15,2,G,B39,B31,B40,8,3,0
2016-08-15,3,G,B40,B32,B42,4,5,8
2016-08-16,0,G,B18,B12,B10,8,0,3
2016-08-16,1,G,B20,B28,B18,0,0,4
2016-08-16,2,G,B38,B31,B41,1,4,9
2016-08-16,3,G,B31,B38,B40,6,7,8
2016-08-17,0,G,B27,B29,B20,6,6,6
2016-08-17,1,G,B10,B24,B18,7,8,3
2016-08-17,2,G,B42,B36,B35,1,6,1
2016-08-17,3,G,B41,B42,B40,2,7,9
2016-08-18,0,G,B20,B27,B17,7,6,0
2016-08-18,1,G,B9,B12,B19,6,3,9
2016-08-18,2,G,B33,B40,B32,5,5,0
2016-08-18,3,G,B41,B32,B35,3,3,7
2016-08-19,0,G,B10,B12,B29,1,6,8
2016-08-19,1,G,B18,B10,B9,1,0,6
2016-08-19,2,G,B38,B45,B37,0,5,4
2016-08-19,3,G,B45,B35,B52,6,0,4
2016-08-20,0,G,B11,B17,B24,6,8,7
2016-08-20,1,G,B25,B13,B24,0,4,8
2016-08-20,2,G,B52,B38,B33,1,7,7
2016-08-20,3,G,B40,B37,B45,1,5,8
2016-08-22,0,G,B10,B17,B12,5,1,1
2016-08-22,1,G,B22,B12,B10,9,8,3
2016-08-22,2,G,B31,B40,B45,2,4,9
2016-08-22,3,G,B43,B33,B41,5,7,8
2016-08-23,0,G,B10,B24,B27,1,4,6
2016-08-23,1,G,B10,B25,B27,1,6,9
2016-08-23,2,G,B41,B43,B44,3,6,7
2016-08-23,3,G,B36,B31,B38,5,1,8
2016-08-24,0,G,B24,B22,B20,8,5,8
2016-08-24,1,G,B24,B29,B9,5,0,2
2016-08-24,2,G,B38,B35,B42,0,8,8
2016-08-24,3,G,B33,B45,B52,4,7,4
2016-08-25,0,G,B12,B13,B29,6,9,2
2016-08-25,1,G,B13,B22,B19,0,7,0
2016-08-25,2,G,B39,B44,B43,0,7,4
2016-08-25,3,G,B32,B37,B44,9,1,7
2016-08-26,0,G,B22,B24,B29,4,6,3
2016-08-26,1,G,B24,B13,B27,1,5,2
2016-08-26,2,G,B36,B39,B44,9,2,8
2016-08-26,3,G,B38,B32,B42,9,7,2
2016-08-27,0,G,B28,B25,B24,1,8,0
2016-08-27,1,G,B28,B10,B22,3,4,3
2016-08-27,2,G,B43,B37,B44,2,0,3
2016-08-27,3,G,B52,B33,B37,7,4,1
2016-08-29,0,G,B12,B11,B24,1,6,1
2016-08-29,1,G,B11,B17,B27,3,0,6
2016-08-29,2,G,B38,B35,B37,7,9,4
2016-08-29,3,G,B52,B36,B37,8,9,8
2016-08-30,0,G,B12,B19,B27,9,0,7
2016-08-30,1,G,B22,B18,B19,7,0,2
2016-08-30,2,G,B42,B41,B32,0,6,3
2016-08-30,3,G,B35,B31,B33,2,8,4
2016-08-31,0,G,B22,B25,B13,9,5,8
2016-08-31,1,G,B10,B24,B9,9,8,3
2016-08-31,2,G,B31,B44,B52,8,8,5
2016-08-31,3,G,B41,B44,B52,3,5,2
2016-09-01,0,H,B12,B19,B18,1,3,5
2016-09-01,1,H,B27,B13,B18,5,3,2
2016-09-01,2,H,B31,B39,B44,6,8,4
2016-09-01,3,H,B35,B44,B38,3,0,2
2016-09-02,0,H,B17,B28,B10,1,5,3
2016-09-02,1,H,B18,B29,B19,1,1,2
2016-09-02,2,H,B35,B40,B38,1,0,2
2016-09-02,3,H,B45,B40,B38,9,4,3
2016-09-03,0,H,B18,B19,B13,5,6,9
2016-09-03,1,H,B29,B9,B20,0,4,9
2016-09-03,2,H,B33,B42,B40,4,8,5
2016-09-03,3,H,B42,B45,B43,7,4,0
2016-09-05,0,H,B18,B17,B20,8,4,4
2016-09-05,1,H,B17,B9,B13,3,2,6
2016-09-05,2,H,B32,B33,B38,5,3,4
2016-09-05,3,H,B36,B31,B32,8,1,4
2016-09-06,0,H,B11,B9,B24,8,3,8
2016-09-06,1,H,B10,B28,B27,7,9,1
2016-09-06,2,H,B31,B45,B39,8,6,7
2016-09-06,3,H,B42,B33,B41,4,9,2
2016-09-07,0,H,B19,B12,B10,3,8,9
2016-09-07,1,H,B10,B18,B13,5,7,6
2016-09-07,2,H,B35,B40,B45,1,8,7
2016-09-07,3,H,B37,B52,B45,2,1,0
2016-09-08,0,H,B12,B10,B29,0,3,2
2016-09-08,1,H,B29,B22,B28,9,0,3
2016-09-08,2,H,B40,B52,B44,5,6,8
2016-09-08,3,H,B33,B40,B41,8,3,8
2016-09-09,0,H,B10,B27,B25,1,7,7
2016-09-09,1,H,B10,B17,B18,0,1,9
2016-09-09,2,H,B36,B35,B52,0,5,1
2016-09-09,3,H,B36,B44,B52,4,2,9
2016-09-10,0,H,B18,B11,B27,5,2,6
2016-09-10,1,H,B12,B22,B19,3,0,4
2016-09-10,2,H,B39,B36,B45,4,6,6
2016-09-10,3,H,B52,B33,B32,4,4,3
2016-09-12,0,H,B11,B22,B17,6,0,6
2016-09-12,1,H,B29,B27,B18,9,6,4
2016-09-12,2,H,B32,B42,B35,1,1,9
2016-09-12,3,H,B35,B38,B52,0,6,0
2016-09-13,0,H,B29,B25,B27,3,6,1
2016-09-13,1,H,B19,B24,B11,7,6,5
2016-09-13,2,H,B35,B52,B44,7,3,9
2016-09-13,3,H,B39,B37,B43,5,9,5
2016-09-14,0,H,B12,B9,B13,8,9,4
2016-09-14,1,H,B12,B13,B17,7,7,9
2016-09-14,2,H,B31,B32,B37,2,5,8
2016-09-14,3,H,B40,B42,B35,6,6,4
2016-09-15,0,H,B22,B11,B29,9,2,6
2016-09-15,1,H,B18,B27,B24,5,3,0
2016-09-15,2,H,B37,B36,B42,7,7,0
2016-09-15,3,H,B31,B33,B35,0,7,6
2016-09-16,0,H,B28,B9,B17,8,5,8
2016-09-16,1,H,B27,B28,B11,0,5,9
2016-09-16,2,H,B32,B45,B35,4,1,9
2016-09-16,3,H,B35,B44,B42,3,8,7
2016-09-17,0,H,B22,B13,B12,0,5,0
2016-09-17,1,H,B18,B10,B28,9,0,7
2016-09-17,2,H,B32,B40,B36,9,8,7
2016-09-17,3,H,B39,B40,B31,5,9,9
2016-09-19,0,H,B25,B29,B12,7,7,2
2016-09-19,1,H,B27,B24,B29,2,7,7
2016-09-19,2,H,B31,B32,B33,6,6,8
2016-09-19,3,H,B42,B33,B38,6,5,1
2016-09-20,0,H,B10,B29,B20,9,9,5
2016-09-20,1,H,B9,B10,B11,5,7,9
2016-09-20,2,H,B33,B44,B39,0,4,5
2016-09-20,3,H,B36,B31,B42,5,5,1
2016-09-21,0,H,B12,B25,B19,6,1,1
2016-09-21,1,H,B18,B11,B9,1,3,2
2016-09-21,2,H,B37,B38,B35,6,8,5
2016-09-21,3,H,B38,B37,B32,2,3,4
2016-09-22,0,H,B10,B12,B25,6,2,5
2016-09-22,1,H,B22,B27,B18,3,9,9
2016-09-22,2,H,B52,B40,B37,2,0,7
2016-09-22,3,H,B44,B41,B45,3,5,3
2016-09-23,0,H,B24,B9,B22,2,8,4
2016-09-23,1,H,B22,B9,B24,3,5,9
2016-09-23,2,H,B44,B37,B35,4,2,9
2016-09-23,3,H,B44,B43,B33,1,9,2
2016-09-24,0,H,B19,B22,B27,2,3,7
2016-09-24,1,H,B11,B19,B17,8,9,3
2016-09-24,2,H,B37,B38,B45,2,5,8
2016-09-24,3,H,B43,B31,B39,7,9,2
2016-09-26,0,H,B10,B17,B27,7,6,0
2016-09-26,1,H,B19,B25,B28,0,6,4
2016-09-26,2,H,B45,B35,B36,9,3,9
2016-09-26,3,H,B37,B43,B39,7,1,9
2016-09-27,0,H,B10,B18,B19,4,9,1
2016-09-27,1,H,B25,B12,B9,4,0,5
2016-09-27,2,H,B37,B31,B44,2,5,1
2016-09-27,3,H,B35,B39,B33,9,3,9
2016-09-28,0,H,B19,B9,B27,0,1,3
2016-09-28,1,H,B12,B20,B27,5,1,0
2016-09-28,2,H,B32,B31,B40,5,9,5
2016-09-28,3,H,B37,B33,B31,9,1,0
2016-09-29,0,H,B29,B25,B10,5,9,4
2016-09-29,1,H,B11,B28,B22,0,1,8
2016-09-29,2,H,B42,B35,B41,0,8,1
2016-09-29,3,H,B37,B32,B52,7,4,0
2016-09-30,0,H,B12,B13,B22,1,2,8
2016-09-30,1,H,B27,B10,B29,6,5,6
2016-09-30,2,H,B32,B35,B44,8,2,4
2016-09-30,3,H,B37,B52,B40,2,4,8
2016-10-01,0,I,B22,B17,B13,5,0,5
2016-10-01,1,I,B10,B27,B12,3,5,3
2016-10-01,2,I,B37,B38,B45,0,0,0
2016-10-01,3,I,B52,B33,B37,7,5,7
2016-10-03,0,I,B28,B10,B17,1,1,5
2016-10-03,1,I,B17,B11,B9,0,8,9
2016-10-03,2,I,B38,B31,B32,2,0,3
2016-10-03,3,I,B33,B37,B44,5,3,0
2016-10-04,0,I,B17,B25,B28,0,5,9
2016-10-04,1,I,B11,B22,B19,7,0,5
2016-10-04,2,I,B32,B31,B45,4,1,1
2016-10-04,3,I,B36,B44,B32,9,9,5
2016-10-05,0,I,B11,B20,B13,6,2,5
2016-10-05,1,I,B27,B17,B11,9,9,1
2016-10-05,2,I,B41,B35,B32,1,1,2
2016-10-05,3,I,B52,B39,B32,3,5,9
2016-10-06,0,I,B28,B11,B25,5,9,6
2016-10-06,1,I,B19,B17,B13,3,9,3
2016-10-06,2,I,B35,B33,B32,9,6,4
2016-10-06,3,I,B36,B40,B31,0,5,9
2016-10-07,0,I,B20,B13,B25,0,5,4
2016-10-07,1,I,B18,B29,B19,4,4,4
2016-10-07,2,I,B35,B36,B32,0,6,3
2016-10-07,3,I,B42,B52,B32,4,3,0
2016-10-08,0,I,B27,B13,B28,7,8,4
2016-10-08,1,I,B18,B24,B25,2,0,6
2016-10-08,2,I,B31,B52,B40,8,2,8
2016-10-08,3,I,B33,B36,B39,4,0,2
2016-10-10,0,I,B22,B29,B18,9,1,5
2016-10-10,1,I,B10,B17,B25,9,3,2
2016-10-10,2,I,B43,B40,B36,1,9,4
2016-10-10,3,I,B32,B43,B40,3,1,7
2016-10-11,0,I,B19,B18,B9,9,0,1
2016-10-11,1,I,B27,B17,B19,4,8,9
2016-10-11,2,I,B32,B38,B40,1,9,2
2016-10-11,3,I,B33,B35,B45,7,3,4
2016-10-12,0,I,B25,B12,B10,4,0,5
2016-10-12,1,I,B18,B13,B24,6,0,7
2016-10-12,2,I,B33,B39,B38,0,1,1
2016-10-12,3,I,B35,B38,B39,1,4,6
2016-10-13,0,I,B20,B28,B11,2,6,3
2016-10-13,1,I,B29,B13,B12,4,9,4
2016-10-13,2,I,B36,B33,B52,6,8,5
2016-10-13,3,I,B31,B37,B45,1,5,6
2016-10-14,0,I,B9,B27,B22,7,9,3
2016-10-14,1,I,B18,B19,B10,6,5,2
2016-10-14,2,I,B38,B44,B32,1,6,0
2016-10-14,3,I,B33,B40,B39,3,7,9
2016-10-15,0,I,B19,B17,B24,4,6,2
2016-10-15,1,I,B18,B9,B17,4,9,8
2016-10-15,2,I,B52,B44,B33,3,7,6
2016-10-15,3,I,B45,B39,B37,3,8,4
2016-10-17,0,I,B9,B13,B17,3,7,5
2016-10-17,1,I,B20,B9,B17,5,5,0
2016-10-17,2,I,B40,B42,B36,7,0,2
2016-10-17,3,I,B32,B38,B31,2,1,5
2016-10-18,0,I,B13,B24,B27,9,4,4
2016-10-18,1,I,B27,B28,B11,7,0,1
2016-10-18,2,I,B43,B41,B45,9,1,6
2016-10-18,3,I,B39,B44,B52,0,9,5
2016-10-19,0,I,B28,B27,B29,4,6,3
2016-10-19,1,I,B11,B10,B20,7,5,1
2016-10-19,2,I,B31,B39,B42,4,1,4
2016-10-19,3,I,B41,B38,B36,7,4,5
2016-10-20,0,I,B11,B22,B13,2,7,5
2016-10-20,1,I,B20,B27,B9,7,8,4
2016-10-20,2,I,B35,B44,B41,6,5,6
2016-10-20,3,I,B40,B36,B35,7,3,6
2016-10-21,0,I,B29,B22,B10,8,8,0
2016-10-21,1,I,B18,B11,B19,5,6,3
2016-10-21,2,I,B39,B33,B42,4,9,9
2016-10-21,3,I,B40,B35,B38,6,9,4
2016-10-22,0,I,B10,B24,B12,6,8,3
2016-10-22,1,I,B29,B17,B22,3,9,5
2016-10-22,2,I,B43,B52,B45,1,9,1
2016-10-22,3,I,B40,B36,B39,6,7,5
2016-10-24,0,I,B20,B11,B18,7,7,7
2016-10-24,1,I,B29,B13,B9,0,1,4
2016-10-24,2,I,B37,B35,B52,2,8,2
2016-10-24,3,I,B44,B42,B36,3,8,7
2016-10-25,0,I,B25,B10,B9,6,2,8
2016-10-25,1,I,B25,B9,B24,0,0,1
2016-10-25,2,I,B52,B45,B32,8,0,3
2016-10-25,3,I,B40,B32,B41,5,6,3
2016-10-26,0,I,B17,B12,B22,8,9,8
2016-10-26,1,I,B13,B9,B19,5,1,6
2016-10-26,2,I,B43,B39,B36,5,3,5
2016-10-26,3,I,B45,B40,B38,7,5,0
2016-10-27,0,I,B24,B13,B17,8,4,4
2016-10-27,1,I,B17,B18,B24,7,9,6
2016-10-27,2,I,B45,B52,B35,8,1,7
2016-10-27,3,I,B45,B35,B41,4,9,3
2016-10-28,0,I,B20,B22,B28,9,5,5
2016-10-28,1,I,B11,B25,B13,9,3,0
2016-10-28,2,I,B45,B40,B35,6,2,6
2016-10-28,3,I,B44,B42,B35,6,3,3
2016-10-29,0,I,B17,B25,B27,3,3,3
2016-10-29,1,I,B9,B25,B27,5,3,1
2016-10-29,2,I,B35,B38,B41,0,2,6
2016-10-29,3,I,B35,B36,B39,2,6,5
2016-10-31,0,I,B13,B24,B22,5,3,9
2016-10-31,1,I,B11,B18,B13,3,8,0
2016-10-31,2,I,B42,B45,B41,2,8,6
2016-10-31,3,I,B45,B31,B32,7,7,3
2016-11-01,0,J,B28,B17,B10,9,2,6
2016-11-01,1,J,B28,B24,B25,4,5,9
2016-11-01,2,J,B43,B32,B52,3,3,0
2016-11-01,3,J,B37,B32,B35,7,4,7
2016-11-02,0,J,B17,B13,B19,4,0,0
2016-11-02,1,J,B9,B20,B11,7,9,8
2016-11-02,2,J,B52,B44,B37,1,1,0
2016-11-02,3,J,B39,B45,B52,8,3,2
2016-11-03,0,J,B25,B27,B10,4,5,3
2016-11-03,1,J,B28,B13,B18,8,6,1
2016-11-03,2,J,B45,B43,B36,8,5,2
2016-11-03,3,J,B39,B31,B36,4,3,2
2016-11-04,0,J,B17,B10,B27,0,5,4
2016-11-04,1,J,B27,B22,B9,2,7,9
2016-11-04,2,J,B45,B32,B40,9,2,6
2016-11-04,3,J,B32,B36,B40,4,4,6
2016-11-05,0,J,B28,B25,B12,6,0,7
2016-11-05,1,J,B9,B29,B28,5,1,6
2016-11-05,2,J,B44,B40,B36,9,5,0
2016-11-05,3,J,B36,B35,B52,1,8,6
2016-11-07,0,J,B24,B29,B27,9,5,1
2016-11-07,1,J,B19,B9,B11,3,9,2
2016-11-07,2,J,B37,B31,B40,6,5,9
2016-11-07,3,J,B43,B31,B37,4,9,4
2016-11-08,0,J,B28,B20,B9,3,2,2
2016-11-08,1,J,B27,B22,B29,8,1,3
2016-11-08,2,J,B38,B45,B33,5,2,6
2016-11-08,3,J,B42,B31,B36,4,9,0
2016-11-09,0,J,B11,B17,B29,1,7,4
2016-11-09,1,J,B25,B13,B27,3,9,3
2016-11-09,2,J,B52,B40,B35,0,0,3
2016-11-09,3,J,B32,B41,B35,0,5,9
2016-11-10,0,J,B27,B20,B24,8,0,7
2016-11-10,1,J,B20,B29,B25,2,4,0
2016-11-10,2,J,B38,B39,B42,5,1,5
2016-11-10,3,J,B36,B35,B44,5,6,8
2016-11-11,0,J,B10,B12,B27,7,2,6
2016-11-11,1,J,B17,B18,B12,5,0,7
2016-11-11,2,J,B43,B36,B41,9,3,5
2016-11-11,3,J,B32,B44,B39,4,5,0
2016-11-12,0,J,B28,B27,B10,2,4,3
2016-11-12,1,J,B19,B28,B10,0,2,7
2016-11-12,2,J,B40,B33,B43,1,1,0
2016-11-12,3,J,B44,B40,B31,6,9,2
2016-11-14,0,J,B19,B28,B17,9,0,0
2016-11-14,1,J,B17,B19,B11,8,8,3
2016-11-14,2,J,B38,B52,B36,8,9,7
2016-11-14,3,J,B41,B33,B38,6,4,5
2016-11-15,0,J,B19,B12,B28,0,9,7
2016-11-15,1,J,B10,B17,B22,8,4,7
2016-11-15,2,J,B38,B44,B40,7,0,6
2016-11-15,3,J,B42,B32,B41,8,4,6
2016-11-16,0,J,B12,B10,B24,9,9,0
2016-11-16,1,J,B20,B17,B22,6,5,3
2016-11-16,2,J,B42,B45,B39,8,6,8
2016-11-16,3,J,B31,B33,B39,5,4,7
2016-11-17,0,J,B9,B27,B25,1,6,4
2016-11-17,1,J,B22,B20,B19,1,6,6
2016-11-17,2,J,B40,B44,B35,7,5,0
2016-11-17,3,J,B40,B32,B43,6,9,1
2016-11-18,0,J,B9,B13,B28,6,7,5
2016-11-18,1,J,B25,B19,B28,8,8,9
2016-11-18,2,J,B33,B38,B36,5,4,9
2016-11-18,3,J,B42,B35,B45,7,0,1
2016-11-19,0,J,B9,B27,B25,2,4,5
2016-11-19,1,J,B9,B18,B12,6,5,9
2016-11-19,2,J,B40,B42,B32,1,1,4
2016-11-19,3,J,B44,B41,B35,0,9,5
2016-11-21,0,J,B9,B13,B17,9,6,8
2016-11-21,1,J,B29,B20,B11,7,7,0
2016-11-21,2,J,B43,B32,B39,6,7,9
2016-11-21,3,J,B31,B39,B44,6,4,4
2016-11-22,0,J,B27,B9,B20,2,1,3
2016-11-22,1,J,B20,B18,B9,7,9,1
2016-11-22,2,J,B39,B41,B32,5,9,8
2016-11-22,3,J,B39,B44,B45,3,4,0
2016-11-23,0,J,B28,B9,B17,5,7,6
2016-11-23,1,J,B18,B24,B9,4,9,7
2016-11-23,2,J,B41,B33,B35,7,1,5
2016-11-23,3,J,B44,B45,B38,1,4,4
2016-11-24,0,J,B29,B17,B25,1,9,9
2016-11-24,1,J,B12,B22,B10,5,4,6
2016-11-24,2,J,B52,B31,B38,6,4,4
2016-11-24,3,J,B45,B32,B37,5,9,9
2016-11-25,0,J,B20,B19,B28,5,1,9
2016-11-25,1,J,B29,B27,B18,6,7,9
2016-11-25,2,J,B37,B42,B33,4,4,2
2016-11-25,3,J,B44,B40,B31,7,1,0
2016-11-26,0,J,B22,B13,B24,5,9,2
2016-11-26,1,J,B13,B12,B28,8,3,0
2016-11-26,2,J,B39,B40,B42,7,0,0
2016-11-26,3,J,B37,B42,B44,8,7,7
2016-11-28,0,J,B22,B29,B25,1,0,9
2016-11-28,1,J,B19,B11,B13,9,0,5
2016-11-28,2,J,B39,B40,B41,9,1,8
2016-11-28,3,J,B41,B52,B31,5,3,3
2016-11-29,0,J,B10,B24,B28,8,8,9
2016-11-29,1,J,B20,B12,B17,2,3,1
2016-11-29,2,J,B52,B35,B37,5,8,8
2016-11-29,3,J,B36,B41,B31,5,5,5
2016-11-30,0,J,B11,B27,B19,4,9,7
2016-11-30,1,J,B25,B9,B22,4,0,8
2016-11-30,2,J,B40,B32,B45,5,0,8
2016-11-30,3,J,B37,B52,B40,6,1,5
2016-12-01,0,K,B22,B9,B13,8,8,9
2016-12-01,1,K,B28,B10,B22,7,3,4
2016-12-01,2,K,B31,B36,B39,1,7,4
2016-12-01,3,K,B35,B44,B33,2,5,9
2016-12-02,0,K,B10,B22,B17,8,0,7
2016-12-02,1,K,B27,B13,B10,0,6,7
2016-12-02,2,K,B44,B36,B38,6,9,1
2016-12-02,3,K,B33,B35,B31,3,4,4
2016-12-03,0,K,B19,B27,B20,9,3,9
2016-12-03,1,K,B11,B25,B20,8,2,9
2016-12-03,2,K,B32,B42,B33,8,4,3
2016-12-03,3,K,B35,B31,B41,0,9,8
2016-12-05,0,K,B11,B20,B28,7,4,5
2016-12-05,1,K,B13,B29,B22,5,7,8
2016-12-05,2,K,B36,B33,B52,5,9,6
2016-12-05,3,K,B31,B42,B41,4,8,6
2016-12-06,0,K,B27,B11,B28,6,2,0
2016-12-06,1,K,B9,B19,B24,5,3,7
2016-12-06,2,K,B44,B45,B42,7,3,5
2016-12-06,3,K,B32,B36,B43,7,7,4
2016-12-07,0,K,B27,B25,B19,9,5,8
2016-12-07,1,K,B25,B9,B24,1,7,6
2016-12-07,2,K,B36,B31,B33,7,3,3
2016-12-07,3,K,B36,B39,B52,7,5,0
2016-12-08,0,K,B9,B20,B28,3,6,4
2016-12-08,1,K,B13,B9,B17,6,2,0
2016-12-08,2,K,B36,B42,B41,7,7,1
2016-12-08,3,K,B42,B33,B41,6,2,6
2016-12-09,0,K,B17,B29,B20,3,3,3
2016-12-09,1,K,B20,B17,B27,8,3,0
2016-12-09,2,K,B37,B40,B43,4,5,8
2016-12-09,3,K,B40,B43,B38,2,8,9
2016-12-10,0,K,B13,B24,B18,3,3,8
2016-12-10,1,K,B12,B17,B29,6,1,6
2016-12-10,2,K,B32,B41,B45,1,4,8
2016-12-10,3,K,B45,B38,B31,8,0,0
2016-12-12,0,K,B29,B18,B9,6,0,1
2016-12-12,1,K,B27,B13,B10,2,4,4
2016-12-12,2,K,B37,B31,B35,3,8,9
2016-12-12,3,K,B52,B42,B39,1,2,7
2016-12-13,0,K,B25,B9,B17,4,0,3
2016-12-13,1,K,B27,B25,B19,9,3,5
2016-12-13,2,K,B31,B37,B45,2,7,1
2016-12-13,3,K,B43,B41,B44,3,0,1
2016-12-14,0,K,B12,B19,B29,0,8,7
2016-12-14,1,K,B27,B9,B24,8,5,2
2016-12-14,2,K,B37,B39,B31,0,2,5
2016-12-14,3,K,B40,B38,B32,0,8,4
2016-12-15,0,K,B11,B22,B13,7,6,1
2016-12-15,1,K,B25,B22,B19,7,0,4
2016-12-15,2,K,B39,B44,B38,3,2,1
2016-12-15,3,K,B40,B39,B32,6,0,9
2016-12-16,0,K,B19,B13,B10,4,5,4
2016-12-16,1,K,B27,B13,B19,2,1,0
2016-12-16,2,K,B52,B44,B42,8,9,8
2016-12-16,3,K,B32,B38,B45,7,4,7
2016-12-17,0,K,B17,B24,B29,2,6,2
2016-12-17,1,K,B28,B27,B24,6,4,9
2016-12-17,2,K,B32,B35,B37,9,0,4
2016-12-17,3,K,B31,B52,B45,9,1,0
2016-12-19,0,K,B27,B29,B25,2,0,7
2016-12-19,1,K,B29,B17,B28,5,8,7
2016-12-19,2,K,B44,B43,B35,2,5,5
2016-12-19,3,K,B45,B41,B52,3,4,1
2016-12-20,0,K,B29,B11,B13,8,4,5
2016-12-20,1,K,B18,B24,B12,2,0,2
2016-12-20,2,K,B39,B32,B33,3,3,2
2016-12-20,3,K,B41,B39,B52,2,5,9
2016-12-21,0,K,B28,B22,B13,3,8,4
2016-12-21,1,K,B28,B11,B17,4,3,1
2016-12-21,2,K,B40,B42,B37,5,6,9
2016-12-21,3,K,B37,B36,B44,5,0,6
2016-12-22,0,K,B19,B11,B17,6,6,4
2016-12-22,1,K,B27,B10,B19,2,8,7
2016-12-22,2,K,B35,B45,B40,4,4,4
2016-12-22,3,K,B44,B40,B43,7,3,1
2016-12-23,0,K,B10,B24,B20,4,8,2
2016-12-23,1,K,B25,B20,B18,1,6,4
2016-12-23,2,K,B39,B31,B32,2,1,4
2016-12-23,3,K,B31,B39,B35,2,7,4
2016-12-24,0,K,B19,B27,B22,0,1,2
2016-12-24,1,K,B9,B28,B24,5,8,7
2016-12-24,2,K,B52,B41,B35,6,8,3
2016-12-24,3,K,B32,B52,B31,9,3,2
2016-12-26,0,K,B11,B27,B17,2,9,4
2016-12-26,1,K,B17,B12,B9,6,5,2
2016-12-26,2,K,B35,B41,B52,8,5,6
2016-12-26,3,K,B37,B32,B36,3,8,1
2016-12-27,0,K,B19,B12,B11,1,8,8
2016-12-27,1,K,B28,B17,B12,8,9,0
2016-12-27,2,K,B42,B44,B36,5,3,1
2016-12-27,3,K,B32,B44,B52,3,2,9
2016-12-28,0,K,B10,B17,B12,9,6,6
2016-12-28,1,K,B27,B13,B10,8,4,6
2016-12-28,2,K,B39,B52,B45,3,4,0
2016-12-28,3,K,B37,B33,B36,8,5,2
2016-12-29,0,K,B27,B29,B11,6,5,2
2016-12-29,1,K,B29,B28,B27,7,2,6
2016-12-29,2,K,B43,B32,B37,6,1,9
2016-12-29,3,K,B38,B35,B37,2,8,2
2016-12-30,0,K,B24,B17,B10,3,2,0
2016-12-30,1,K,B11,B20,B22,8,6,2
2016-12-30,2,K,B37,B32,B31,1,6,0
2016-12-30,3,K,B39,B40,B43,4,8,7
2016-12-31,0,K,B28,B25,B22,3,3,8
2016-12-31,1,K,B10,B11,B27,1,7,6
2016-12-31,2,K,B37,B33,B32,2,9,0
2016-12-31,3,K,B45,B41,B38,4,4,9
2017-01-02,0,G,B58,B70,B56,7,2,0
2017-01-02,1,G,B58,B68,B62,4,4,3
2017-01-02,2,G,B72,B88,B89,5,0,3
2017-01-02,3,G,B86,B81,B73,8,5,1
2017-01-03,0,G,B64,B69,B54,8,7,3
2017-01-03,1,G,B71,B64,B62,3,5,0
2017-01-03,2,G,B75,B90,B76,1,8,0
2017-01-03,3,G,B86,B79,B73,8,0,8
2017-01-04,0,G,B65,B55,B67,9,7,5
2017-01-04,1,G,B65,B54,B67,1,8,3
2017-01-04,2,G,B83,B74,B88,8,2,3
2017-01-04,3,G,B86,B83,B77,4,1,1
2017-01-05,0,G,B69,B54,B57,7,2,7
2017-01-05,1,G,B64,B55,B65,3,7,5
2017-01-05,2,G,B89,B88,B87,4,3,0
2017-01-05,3,G,B88,B87,B76,5,9,8
2017-01-06,0,G,B66,B56,B70,7,7,2
2017-01-06,1,G,B71,B58,B63,9,1,9
2017-01-06,2,G,B73,B76,B72,1,3,3
2017-01-06,3,G,B82,B76,B75,9,5,5
2017-01-07,0,G,B56,B60,B58,9,9,5
2017-01-07,1,G,B61,B67,B65,7,8,6
2017-01-07,2,G,B87,B89,B73,6,9,5
2017-01-07,3,G,B86,B73,B77,4,4,4
2017-01-09,0,G,B61,B55,B66,7,0,8
2017-01-09,1,G,B71,B62,B66,8,7,4
2017-01-09,2,G,B73,B89,B77,0,1,5
2017-01-09,3,G,B84,B74,B81,2,9,8
2017-01-10,0,G,B61,B70,B54,7,8,2
2017-01-10,1,G,B61,B58,B64,9,1,1
2017-01-10,2,G,B79,B88,B87,1,1,7
2017-01-10,3,G,B72,B85,B77,1,7,0
2017-01-11,0,G,B71,B56,B55,7,1,3
2017-01-11,1,G,B68,B62,B66,3,7,3
2017-01-11,2,G,B76,B72,B77,4,1,5
2017-01-11,3,G,B75,B85,B89,3,4,7
2017-01-12,0,G,B67,B58,B57,2,7,7
2017-01-12,1,G,B61,B54,B58,5,1,6
2017-01-12,2,G,B84,B83,B88,0,2,5
2017-01-12,3,G,B89,B82,B77,2,4,6
2017-01-13,0,G,B60,B61,B66,3,7,3
2017-01-13,1,G,B63,B70,B55,1,8,2
2017-01-13,2,G,B84,B79,B90,6,8,7
2017-01-13,3,G,B74,B82,B83,3,5,1
2017-01-14,0,G,B62,B54,B55,5,0,5
2017-01-14,1,G,B57,B62,B59,1,3,1
2017-01-14,2,G,B80,B78,B76,2,7,5
2017-01-14,3,G,B88,B80,B75,2,0,3
2017-01-16,0,G,B66,B55,B61,1,6,0
2017-01-16,1,G,B71,B64,B63,7,9,9
2017-01-16,2,G,B83,B89,B82,0,5,9
2017-01-16,3,G,B90,B83,B87,1,1,3
2017-01-17,0,G,B65,B56,B71,2,2,8
2017-01-17,1,G,B60,B62,B58,5,7,7
2017-01-17,2,G,B83,B73,B86,9,4,0
2017-01-17,3,G,B76,B81,B80,1,3,4
2017-01-18,0,G,B66,B71,B64,5,1,9
2017-01-18,1,G,B65,B67,B70,6,7,0
2017-01-18,2,G,B88,B84,B74,1,7,8
2017-01-18,3,G,B73,B77,B81,1,1,7
2017-01-19,0,G,B63,B69,B71,5,4,8
2017-01-19,1,G,B64,B70,B71,5,6,4
2017-01-19,2,G,B87,B90,B86,7,6,3
2017-01-19,3,G,B90,B83,B87,3,3,7
2017-01-20,0,G,B58,B66,B62,4,9,6
2017-01-20,1,G,B66,B64,B65,0,8,7
2017-01-20,2,G,B87,B80,B81,2,5,7
2017-01-20,3,G,B82,B90,B76,7,9,2
2017-01-21,0,G,B67,B58,B63,6,9,8
2017-01-21,1,G,B68,B71,B61,4,4,2
2017-01-21,2,G,B76,B78,B87,2,6,9
2017-01-21,3,G,B83,B88,B81,9,4,6
2017-01-23,0,G,B67,B56,B54,0,2,2
2017-01-23,1,G,B67,B58,B68,9,0,8
2017-01-23,2,G,B82,B89,B76,4,3,5
2017-01-23,3,G,B90,B76,B78,2,3,8
2017-01-24,0,G,B66,B63,B64,7,2,6
2017-01-24,1,G,B66,B65,B58,5,1,1
2017-01-24,2,G,B78,B77,B83,1,2,4
2017-01-24,3,G,B89,B90,B84,1,3,7
2017-01-25,0,G,B54,B70,B71,5,2,1
2017-01-25,1,G,B68,B61,B69,5,7,6
2017-01-25,2,G,B73,B74,B72,2,5,2
2017-01-25,3,G,B81,B90,B86,8,6,5
2017-01-26,0,G,B56,B69,B68,4,0,7
2017-01-26,1,G,B67,B61,B55,8,8,4
2017-01-26,2,G,B87,B88,B72,3,8,9
2017-01-26,3,G,B80,B75,B73,6,7,5
2017-01-27,0,G,B67,B58,B68,2,3,7
2017-01-27,1,G,B70,B71,B55,2,3,3
2017-01-27,2,G,B80,B81,B73,2,2,6
2017-01-27,3,G,B76,B82,B78,3,2,8
2017-01-28,0,G,B63,B68,B58,9,5,4
2017-01-28,1,G,B59,B71,B64,9,2,5
2017-01-28,2,G,B75,B81,B90,1,5,6
2017-01-28,3,G,B73,B78,B83,8,1,0
2017-01-30,0,G,B67,B57,B66,0,1,5
2017-01-30,1,G,B65,B62,B66,7,9,4
2017-01-30,2,G,B89,B74,B77,5,4,6
2017-01-30,3,G,B79,B85,B80,5,7,3
2017-01-31,0,G,B56,B57,B68,8,4,0
2017-01-31,1,G,B59,B63,B68,2,3,4
2017-01-31,2,G,B75,B89,B85,9,9,7
2017-01-31,3,G,B86,B79,B90,6,8,4
2017-02-01,0,H,B63,B59,B64,0,3,7
2017-02-01,1,H,B63,B66,B60,4,7,8
2017-02-01,2,H,B90,B82,B85,7,1,1
2017-02-01,3,H,B75,B81,B78,7,8,4
2017-02-02,0,H,B59,B63,B69,7,5,2
2017-02-02,1,H,B56,B55,B54,6,6,3
2017-02-02,2,H,B89,B81,B85,6,1,1
2017-02-02,3,H,B79,B73,B90,4,4,7
2017-02-03,0,H,B57,B63,B55,1,8,7
2017-02-03,1,H,B56,B57,B71,0,0,7
2017-02-03,2,H,B80,B79,B89,4,2,6
2017-02-03,3,H,B73,B85,B87,8,4,8
2017-02-04,0,H,B61,B60,B62,2,4,7
2017-02-04,1,H,B57,B67,B66,5,9,0
2017-02-04,2,H,B86,B80,B79,0,7,7
2017-02-04,3,H,B85,B76,B89,4,7,5
2017-02-06,0,H,B69,B57,B63,4,1,8
2017-02-06,1,H,B61,B56,B67,6,7,8
2017-02-06,2,H,B75,B84,B76,6,8,2
2017-02-06,3,H,B87,B88,B76,6,1,2
2017-02-07,0,H,B67,B62,B65,0,8,2
2017-02-07,1,H,B54,B71,B68,6,4,9
2017-02-07,2,H,B82,B76,B85,8,8,3
2017-02-07,3,H,B88,B80,B82,2,7,7
2017-02-08,0,H,B55,B54,B60,8,9,9
2017-02-08,1,H,B63,B54,B60,8,0,6
2017-02-08,2,H,B73,B78,B89,0,5,6
2017-02-08,3,H,B84,B75,B85,7,8,7
2017-02-09,0,H,B67,B66,B58,4,2,4
2017-02-09,1,H,B67,B56,B55,8,9,5
2017-02-09,2,H,B75,B89,B80,0,4,8
2017-02-09,3,H,B83,B84,B78,1,7,6
2017-02-10,0,H,B65,B66,B68,6,6,0
2017-02-10,1,H,B71,B68,B65,2,5,5
2017-02-10,2,H,B86,B77,B84,7,0,2
2017-02-10,3,H,B87,B90,B77,0,9,9
2017-02-11,0,H,B68,B61,B70,3,1,0
2017-02-11,1,H,B58,B60,B66,0,8,2
2017-02-11,2,H,B74,B84,B82,5,6,8
2017-02-11,3,H,B77,B85,B76,4,5,2
2017-02-13,0,H,B55,B58,B65,3,3,9
2017-02-13,1,H,B59,B55,B68,8,7,3
2017-02-13,2,H,B78,B82,B81,1,4,2
2017-02-13,3,H,B74,B78,B84,4,7,6
2017-02-14,0,H,B67,B70,B57,8,5,6
2017-02-14,1,H,B54,B58,B69,4,9,7
2017-02-14,2,H,B73,B81,B78,6,0,7
2017-02-14,3,H,B72,B90,B78,4,7,4
2017-02-15,0,H,B58,B55,B54,4,6,9
2017-02-15,1,H,B54,B68,B69,1,2,7
2017-02-15,2,H,B82,B78,B79,5,2,7
2017-02-15,3,H,B81,B89,B83,0,2,7
2017-02-16,0,H,B57,B62,B60,5,1,7
2017-02-16,1,H,B56,B63,B60,3,3,2
2017-02-16,2,H,B84,B73,B77,9,0,0
2017-02-16,3,H,B76,B85,B78,6,3,8
2017-02-17,0,H,B59,B54,B62,0,8,3
2017-02-17,1,H,B70,B66,B60,8,8,9
2017-02-17,2,H,B89,B76,B88,3,5,2
2017-02-17,3,H,B84,B86,B79,1,4,2
2017-02-18,0,H,B61,B62,B69,3,9,9
2017-02-18,1,H,B57,B63,B67,8,0,1
2017-02-18,2,H,B87,B76,B78,2,7,7
2017-02-18,3,H,B75,B87,B90,6,5,7
2017-02-20,0,H,B67,B60,B69,7,2,6
2017-02-20,1,H,B61,B69,B67,6,3,1
2017-02-20,2,H,B78,B77,B80,8,4,7
2017-02-20,3,H,B90,B76,B72,4,2,9
2017-02-21,0,H,B60,B57,B54,2,1,8
2017-02-21,1,H,B62,B59,B54,8,5,9
2017-02-21,2,H,B88,B90,B85,4,8,9
2017-02-21,3,H,B81,B77,B76,5,6,1
2017-02-22,0,H,B63,B57,B59,2,5,9
2017-02-22,1,H,B65,B70,B69,2,5,2
2017-02-22,2,H,B72,B90,B75,4,8,7
2017-02-22,3,H,B75,B90,B77,1,3,1
2017-02-23,0,H,B55,B59,B64,9,9,5
2017-02-23,1,H,B69,B59,B55,7,6,1
2017-02-23,2,H,B85,B77,B83,1,1,3
2017-02-23,3,H,B86,B90,B73,2,6,8
2017-02-24,0,H,B65,B63,B68,9,4,0
2017-02-24,1,H,B61,B66,B55,8,4,9
2017-02-24,2,H,B78,B89,B84,9,5,4
2017-02-24,3,H,B87,B79,B75,1,5,3
2017-02-25,0,H,B56,B70,B61,2,6,3
2017-02-25,1,H,B58,B66,B64,4,7,2
2017-02-25,2,H,B76,B82,B78,1,8,1
2017-02-25,3,H,B84,B76,B74,7,3,7
2017-02-27,0,H,B54,B64,B62,2,0,8
2017-02-27,1,H,B59,B66,B57,6,3,5
2017-02-27,2,H,B85,B80,B78,3,4,2
2017-02-27,3,H,B87,B83,B88,2,3,3
2017-02-28,0,H,B62,B70,B60,4,2,2
2017-02-28,1,H,B71,B58,B57,6,0,8
2017-02-28,2,H,B81,B85,B74,4,8,5
2017-02-28,3,H,B86,B75,B87,0,0,5
2017-03-01,0,I,B62,B59,B68,8,2,4
2017-03-01,1,I,B67,B68,B70,7,0,1
2017-03-01,2,I,B85,B79,B78,3,3,5
2017-03-01,3,I,B83,B74,B87,8,6,9
2017-03-02,0,I,B60,B61,B57,6,5,2
2017-03-02,1,I,B54,B68,B62,8,9,2
2017-03-02,2,I,B78,B74,B84,2,6,1
2017-03-02,3,I,B74,B72,B84,6,8,1
2017-03-03,0,I,B60,B70,B62,9,4,9
2017-03-03,1,I,B70,B65,B54,5,3,8
2017-03-03,2,I,B73,B85,B90,6,5,4
2017-03-03,3,I,B89,B78,B76,1,1,4
2017-03-04,0,I,B56,B70,B68,7,2,1
2017-03-04,1,I,B56,B70,B60,9,8,9
2017-03-04,2,I,B77,B89,B73,7,1,2
2017-03-04,3,I,B84,B87,B72,1,3,6
2017-03-06,0,I,B57,B66,B67,6,0,9
2017-03-06,1,I,B55,B62,B61,6,7,9
2017-03-06,2,I,B80,B86,B88,2,4,6
2017-03-06,3,I,B87,B85,B88,1,7,2
2017-03-07,0,I,B55,B59,B63,0,6,1
2017-03-07,1,I,B71,B62,B64,6,8,8
2017-03-07,2,I,B83,B86,B90,2,4,6
2017-03-07,3,I,B72,B87,B89,6,5,8
2017-03-08,0,I,B63,B62,B70,5,9,2
2017-03-08,1,I,B69,B70,B54,4,2,3
2017-03-08,2,I,B88,B90,B86,7,2,3
2017-03-08,3,I,B84,B74,B85,5,7,2
2017-03-09,0,I,B55,B66,B70,0,4,9
2017-03-09,1,I,B63,B68,B57,2,7,6
2017-03-09,2,I,B81,B84,B87,5,6,3
2017-03-09,3,I,B72,B87,B78,6,5,6
2017-03-10,0,I,B69,B71,B54,0,1,9
2017-03-10,1,I,B68,B69,B56,1,5,6
2017-03-10,2,I,B79,B80,B85,6,4,0
2017-03-10,3,I,B88,B81,B85,6,3,2
2017-03-11,0,I,B70,B55,B57,9,8,7
2017-03-11,1,I,B64,B59,B58,0,4,0
2017-03-11,2,I,B79,B89,B83,5,1,0
2017-03-11,3,I,B76,B87,B89,3,4,2
2017-03-13,0,I,B69,B60,B71,8,1,0
2017-03-13,1,I,B71,B60,B55,7,8,1
2017-03-13,2,I,B87,B72,B89,0,6,1
2017-03-13,3,I,B78,B89,B84,0,9,1
2017-03-14,0,I,B57,B56,B62,3,4,7
2017-03-14,1,I,B66,B56,B70,8,6,3
2017-03-14,2,I,B72,B79,B90,7,2,8
2017-03-14,3,I,B85,B81,B78,5,3,4
2017-03-15,0,I,B62,B66,B70,4,9,5
2017-03-15,1,I,B62,B66,B63,3,6,6
2017-03-15,2,I,B86,B88,B89,3,0,4
2017-03-15,3,I,B86,B74,B89,0,5,5
2017-03-16,0,I,B64,B57,B59,0,0,8
2017-03-16,1,I,B61,B67,B55,4,0,0
2017-03-16,2,I,B72,B88,B78,9,4,1
2017-03-16,3,I,B84,B78,B75,7,9,6
2017-03-17,0,I,B54,B68,B60,1,6,5
2017-03-17,1,I,B59,B60,B54,3,2,3
2017-03-17,2,I,B81,B87,B89,9,6,3
2017-03-17,3,I,B81,B82,B86,6,0,6
2017-03-18,0,I,B66,B56,B69,5,2,8
2017-03-18,1,I,B65,B58,B54,4,5,9
2017-03-18,2,I,B85,B77,B76,3,6,8
2017-03-18,3,I,B81,B85,B77,3,2,4
2017-03-20,0,I,B64,B59,B58,8,8,6
2017-03-20,1,I,B70,B64,B58,1,7,3
2017-03-20,2,I,B86,B79,B85,7,9,2
2017-03-20,3,I,B78,B83,B73,6,6,2
2017-03-21,0,I,B69,B70,B71,2,3,1
2017-03-21,1,I,B65,B62,B70,9,3,3
2017-03-21,2,I,B88,B83,B80,9,7,3
2017-03-21,3,I,B89,B87,B84,8,1,5
2017-03-22,0,I,B67,B58,B65,3,5,3
2017-03-22,1,I,B62,B71,B60,4,8,6
2017-03-22,2,I,B77,B90,B87,5,4,3
2017-03-22,3,I,B82,B76,B88,0,5,6
2017-03-23,0,I,B56,B69,B63,6,1,0
2017-03-23,1,I,B54,B57,B67,3,3,6
2017-03-23,2,I,B77,B90,B87,7,9,2
2017-03-23,3,I,B82,B72,B85,1,9,0
2017-03-24,0,I,B62,B61,B63,6,2,1
2017-03-24,1,I,B70,B56,B68,1,2,8
2017-03-24,2,I,B86,B85,B75,3,9,1
2017-03-24,3,I,B86,B90,B83,2,5,9
2017-03-25,0,I,B56,B67,B59,5,3,2
2017-03-25,1,I,B65,B59,B68,3,2,4
2017-03-25,2,I,B78,B74,B89,8,6,5
2017-03-25,3,I,B90,B81,B88,0,4,1
2017-03-27,0,I,B60,B62,B54,9,0,4
2017-03-27,1,I,B59,B68,B62,9,7,1
2017-03-27,2,I,B72,B88,B76,3,2,4
2017-03-27,3,I,B90,B80,B85,0,0,6
2017-03-28,0,I,B55,B56,B67,1,1,9
2017-03-28,1,I,B64,B61,B58,2,8,4
2017-03-28,2,I,B77,B85,B73,0,7,0
2017-03-28,3,I,B78,B88,B80,9,7,7
2017-03-29,0,I,B70,B71,B63,7,7,2
2017-03-29,1,I,B71,B68,B61,8,5,2
2017-03-29,2,I,B85,B77,B89,2,0,9
2017-03-29,3,I,B77,B90,B80,8,1,0
2017-03-30,0,I,B69,B66,B56,0,3,0
2017-03-30,1,I,B71,B68,B70,8,9,0
2017-03-30,2,I,B72,B90,B80,9,5,5
2017-03-30,3,I,B76,B82,B80,6,4,5
2017-03-31,0,I,B56,B71,B69,8,2,0
2017-03-31,1,I,B68,B71,B56,0,4,8
2017-03-31,2,I,B72,B86,B83,2,2,3
2017-03-31,3,I,B85,B73,B81,2,7,1
2017-04-01,0,J,B55,B64,B58,8,5,1
2017-04-01,1,J,B63,B59,B61,0,1,8
2017-04-01,2,J,B84,B88,B80,8,7,7
2017-04-01,3,J,B76,B82,B89,6,7,2
2017-04-03,0,J,B59,B64,B66,1,4,0
2017-04-03,1,J,B64,B60,B67,0,7,7
2017-04-03,2,J,B76,B90,B79,5,9,5
2017-04-03,3,J,B90,B86,B81,1,3,0
2017-04-04,0,J,B70,B71,B55,9,3,6
2017-04-04,1,J,B70,B57,B68,8,2,9
2017-04-04,2,J,B84,B86,B74,8,3,9
2017-04-04,3,J,B88,B86,B76,5,2,7
2017-04-05,0,J,B58,B57,B70,2,9,7
2017-04-05,1,J,B68,B55,B71,8,6,3
2017-04-05,2,J,B79,B73,B90,9,6,2
2017-04-05,3,J,B81,B73,B75,8,6,6
2017-04-06,0,J,B54,B56,B70,2,2,8
2017-04-06,1,J,B56,B68,B57,3,1,6
2017-04-06,2,J,B73,B89,B83,8,4,6
2017-04-06,3,J,B90,B89,B84,9,4,5
2017-04-07,0,J,B64,B70,B71,9,3,4
2017-04-07,1,J,B65,B62,B67,9,7,8
2017-04-07,2,J,B81,B83,B88,0,6,3
2017-04-07,3,J,B76,B75,B88,5,9,7
2017-04-08,0,J,B65,B57,B63,5,5,4
2017-04-08,1,J,B68,B60,B66,8,5,6
2017-04-08,2,J,B84,B81,B75,2,5,0
2017-04-08,3,J,B80,B74,B82,1,9,1
2017-04-10,0,J,B55,B57,B61,2,4,8
2017-04-10,1,J,B65,B56,B68,7,2,4
2017-04-10,2,J,B85,B72,B73,5,6,6
2017-04-10,3,J,B79,B73,B88,0,7,0
2017-04-11,0,J,B55,B64,B58,6,3,8
2017-04-11,1,J,B57,B65,B59,6,8,3
2017-04-11,2,J,B89,B76,B85,0,8,7
2017-04-11,3,J,B74,B72,B87,6,0,3
2017-04-12,0,J,B62,B63,B71,4,5,3
2017-04-12,1,J,B64,B68,B70,8,6,5
2017-04-12,2,J,B88,B75,B82,6,6,8
2017-04-12,3,J,B86,B75,B73,3,8,2
2017-04-13,0,J,B69,B62,B59,5,9,3
2017-04-13,1,J,B63,B55,B68,6,8,2
2017-04-13,2,J,B89,B79,B77,4,4,5
2017-04-13,3,J,B83,B76,B86,6,9,2
2017-04-14,0,J,B71,B60,B62,0,7,4
2017-04-14,1,J,B59,B54,B70,5,4,2
2017-04-14,2,J,B78,B88,B76,2,6,2
2017-04-14,3,J,B72,B84,B81,5,4,5
2017-04-15,0,J,B54,B65,B59,9,0,6
2017-04-15,1,J,B54,B56,B62,6,1,2
2017-04-15,2,J,B80,B86,B87,1,9,0
2017-04-15,3,J,B79,B88,B81,4,8,1
2017-04-17,0,J,B66,B68,B63,4,3,0
2017-04-17,1,J,B68,B63,B67,3,9,9
2017-04-17,2,J,B72,B80,B73,0,2,1
2017-04-17,3,J,B87,B89,B75,9,2,5
2017-04-18,0,J,B58,B56,B62,2,8,6
2017-04-18,1,J,B54,B58,B63,5,5,2
2017-04-18,2,J,B74,B90,B75,4,2,4
2017-04-18,3,J,B90,B82,B85,5,0,9
2017-04-19,0,J,B59,B66,B56,4,9,5
2017-04-19,1,J,B67,B64,B54,9,9,9
2017-04-19,2,J,B77,B80,B85,8,3,6
2017-04-19,3,J,B80,B88,B73,3,4,5
2017-04-20,0,J,B67,B69,B65,9,1,8
2017-04-20,1,J,B69,B60,B64,3,5,7
2017-04-20,2,J,B86,B80,B78,1,6,3
2017-04-20,3,J,B88,B76,B77,7,6,7
2017-04-21,0,J,B55,B61,B67,7,4,8
2017-04-21,1,J,B67,B66,B63,7,8,6
2017-04-21,2,J,B79,B80,B82,0,9,9
2017-04-21,3,J,B76,B90,B78,9,6,6
2017-04-22,0,J,B59,B68,B71,9,8,1
2017-04-22,1,J,B69,B70,B60,0,8,0
2017-04-22,2,J,B80,B73,B72,0,9,6
2017-04-22,3,J,B86,B80,B81,8,9,8
2017-04-24,0,J,B63,B67,B69,6,3,7
2017-04-24,1,J,B66,B58,B68,0,9,8
2017-04-24,2,J,B81,B75,B79,8,5,5
2017-04-24,3,J,B86,B88,B76,7,6,4
2017-04-25,0,J,B64,B68,B66,4,0,1
2017-04-25,1,J,B63,B59,B62,2,9,9
2017-04-25,2,J,B88,B81,B76,7,3,5
2017-04-25,3,J,B72,B88,B89,6,1,8
2017-04-26,0,J,B70,B64,B62,9,9,7
2017-04-26,1,J,B56,B54,B68,6,3,9
2017-04-26,2,J,B81,B85,B79,6,8,0
2017-04-26,3,J,B87,B90,B82,4,3,7
2017-04-27,0,J,B62,B60,B64,6,7,0
2017-04-27,1,J,B69,B56,B54,3,3,7
2017-04-27,2,J,B79,B76,B85,0,6,8
2017-04-27,3,J,B87,B82,B83,5,6,5
2017-04-28,0,J,B61,B58,B63,6,4,3
2017-04-28,1,J,B60,B64,B63,2,4,3
2017-04-28,2,J,B88,B85,B84,9,0,1
2017-04-28,3,J,B74,B81,B88,7,6,8
2017-04-29,0,J,B60,B57,B58,0,5,4
2017-04-29,1,J,B70,B62,B56,5,9,4
2017-04-29,2,J,B90,B88,B73,9,4,5
2017-04-29,3,J,B73,B78,B75,8,4,6
2017-05-01,0,K,B64,B61,B55,6,6,1
2017-05-01,1,K,B68,B57,B67,9,4,6
2017-05-01,2,K,B87,B85,B90,4,2,3
2017-05-01,3,K,B82,B79,B76,0,4,6
2017-05-02,0,K,B59,B57,B61,7,6,2
2017-05-02,1,K,B60,B58,B64,2,5,4
2017-05-02,2,K,B84,B72,B79,7,1,9
2017-05-02,3,K,B89,B90,B80,6,5,2
2017-05-03,0,K,B58,B59,B67,4,1,0
2017-05-03,1,K,B55,B64,B66,1,9,3
2017-05-03,2,K,B87,B80,B73,8,8,4
2017-05-03,3,K,B76,B73,B83,4,0,6
2017-05-04,0,K,B58,B56,B61,5,1,9
2017-05-04,1,K,B63,B68,B65,5,8,8
2017-05-04,2,K,B81,B82,B75,3,5,6
2017-05-04,3,K,B86,B89,B77,4,4,0
2017-05-05,0,K,B61,B64,B63,3,9,1
2017-05-05,1,K,B57,B54,B63,6,0,6
2017-05-05,2,K,B85,B88,B80,5,0,1
2017-05-05,3,K,B83,B87,B90,2,9,4
2017-05-06,0,K,B69,B64,B56,8,1,5
2017-05-06,1,K,B60,B69,B71,1,1,7
2017-05-06,2,K,B84,B90,B82,3,6,3
2017-05-06,3,K,B88,B87,B86,0,2,0
2017-05-08,0,K,B57,B68,B58,1,3,3
2017-05-08,1,K,B71,B60,B56,1,3,9
2017-05-08,2,K,B84,B86,B75,3,5,8
2017-05-08,3,K,B72,B83,B88,6,4,9
2017-05-09,0,K,B71,B62,B69,7,0,5
2017-05-09,1,K,B71,B67,B63,8,5,0
2017-05-09,2,K,B82,B77,B81,1,1,3
2017-05-09,3,K,B87,B76,B86,7,9,5
2017-05-10,0,K,B55,B54,B65,0,2,6
2017-05-10,1,K,B54,B64,B56,1,9,5
2017-05-10,2,K,B72,B77,B78,4,7,7
2017-05-10,3,K,B76,B77,B80,6,3,7
2017-05-11,0,K,B68,B55,B69,6,4,8
2017-05-11,1,K,B54,B69,B57,3,5,2
2017-05-11,2,K,B74,B89,B78,1,1,2
2017-05-11,3,K,B78,B84,B81,1,7,7
2017-05-12,0,K,B67,B70,B62,8,4,2
2017-05-12,1,K,B54,B60,B56,2,9,2
2017-05-12,2,K,B72,B89,B88,3,9,5
2017-05-12,3,K,B84,B85,B76,1,2,2
2017-05-13,0,K,B70,B65,B58,3,2,4
2017-05-13,1,K,B65,B59,B55,1,4,7
2017-05-13,2,K,B77,B87,B75,9,7,9
2017-05-13,3,K,B78,B75,B89,3,5,8
2017-05-15,0,K,B60,B63,B62,4,0,7
2017-05-15,1,K,B68,B58,B55,8,7,5
2017-05-15,2,K,B76,B78,B87,9,1,4
2017-05-15,3,K,B83,B79,B76,9,6,7
2017-05-16,0,K,B57,B67,B68,9,4,4
2017-05-16,1,K,B57,B68,B60,8,4,6
2017-05-16,2,K,B86,B74,B77,9,5,9
2017-05-16,3,K,B76,B86,B72,6,1,1
2017-05-17,0,K,B58,B64,B55,5,9,7
2017-05-17,1,K,B63,B71,B57,4,7,7
2017-05-17,2,K,B78,B73,B84,2,3,1
2017-05-17,3,K,B82,B88,B81,9,1,6
2017-05-18,0,K,B61,B64,B68,2,9,3
2017-05-18,1,K,B67,B70,B65,8,5,9
2017-05-18,2,K,B89,B86,B74,9,2,2
2017-05-18,3,K,B72,B73,B76,2,7,9
2017-05-19,0,K,B64,B62,B68,7,4,6
2017-05-19,1,K,B65,B55,B69,0,4,9
2017-05-19,2,K,B82,B90,B83,5,6,8
2017-05-19,3,K,B85,B72,B90,6,4,1
2017-05-20,0,K,B71,B56,B69,3,7,8
2017-05-20,1,K,B61,B58,B67,9,3,6
2017-05-20,2,K,B87,B74,B81,6,1,4
2017-05-20,3,K,B83,B88,B78,9,9,6
2017-05-22,0,K,B54,B71,B55,0,2,3
2017-05-22,1,K,B58,B66,B67,4,0,6
2017-05-22,2,K,B88,B76,B73,5,1,8
2017-05-22,3,K,B80,B90,B84,3,8,3
2017-05-23,0,K,B64,B55,B57,2,7,8
2017-05-23,1,K,B61,B63,B58,2,3,9
2017-05-23,2,K,B88,B73,B76,8,5,9
2017-05-23,3,K,B83,B88,B72,5,7,6
2017-05-24,0,K,B71,B62,B59,5,3,1
2017-05-24,1,K,B56,B55,B58,6,3,7
2017-05-24,2,K,B81,B78,B84,2,6,0
2017-05-24,3,K,B74,B79,B78,7,1,8
2017-05-25,0,K,B71,B61,B70,8,7,0
2017-05-25,1,K,B58,B66,B63,5,1,5
2017-05-25,2,K,B85,B87,B90,8,8,1
2017-05-25,3,K,B82,B80,B90,2,5,6
2017-05-26,0,K,B66,B59,B64,1,9,4
2017-05-26,1,K,B71,B59,B54,4,0,1
2017-05-26,2,K,B89,B77,B79,3,8,3
2017-05-26,3,K,B90,B86,B74,2,9,1
2017-05-27,0,K,B71,B68,B63,8,3,6
2017-05-27,1,K,B62,B71,B57,2,1,1
2017-05-27,2,K,B83,B80,B73,9,9,1
2017-05-27,3,K,B82,B86,B81,1,3,8
2017-05-29,0,K,B68,B69,B64,6,9,2
2017-05-29,1,K,B60,B56,B54,6,8,3
2017-05-29,2,K,B84,B75,B81,9,6,3
2017-05-29,3,K,B81,B86,B83,7,7,0
2017-05-30,0,K,B57,B54,B62,9,5,9
2017-05-30,1,K,B66,B54,B59,9,6,8
2017-05-30,2,K,B81,B87,B78,8,3,1
2017-05-30,3,K,B86,B73,B84,2,8,1
2017-05-31,0,K,B65,B54,B70,7,6,7
2017-05-31,1,K,B61,B71,B59,5,3,7
2017-05-31,2,K,B75,B73,B76,7,5,3
2017-05-31,3,K,B83,B86,B88,9,4,5
2017-06-01,0,G,B58,B68,B69,0,9,3
2017-06-01,1,G,B61,B68,B58,4,5,7
2017-06-01,2,G,B86,B75,B79,8,9,8
2017-06-01,3,G,B74,B85,B72,1,4,0
2017-06-02,0,G,B57,B54,B55,6,4,6
2017-06-02,1,G,B57,B60,B69,2,5,6
2017-06-02,2,G,B76,B81,B87,0,7,7
2017-06-02,3,G,B84,B78,B85,0,1,8
2017-06-03,0,G,B71,B61,B56,8,7,5
2017-06-03,1,G,B60,B56,B57,3,9,1
2017-06-03,2,G,B84,B88,B86,1,2,5
2017-06-03,3,G,B86,B75,B90,7,8,2
2017-06-05,0,G,B66,B70,B55,5,9,0
2017-06-05,1,G,B63,B69,B55,2,2,2
2017-06-05,2,G,B75,B90,B74,0,9,3
2017-06-05,3,G,B75,B90,B72,1,7,9
2017-06-06,0,G,B69,B68,B55,1,2,2
2017-06-06,1,G,B56,B58,B67,2,9,5
2017-06-06,2,G,B79,B75,B84,4,7,2
2017-06-06,3,G,B87,B84,B79,2,1,3
2017-06-07,0,G,B60,B64,B55,2,4,5
2017-06-07,1,G,B65,B67,B60,9,1,4
2017-06-07,2,G,B90,B86,B80,5,1,6
2017-06-07,3,G,B79,B90,B75,7,1,5
2017-06-08,0,G,B54,B59,B67,9,5,6
2017-06-08,1,G,B65,B56,B62,8,4,1
2017-06-08,2,G,B73,B77,B75,5,2,7
2017-06-08,3,G,B86,B74,B75,5,5,4
2017-06-09,0,G,B59,B58,B62,1,3,2
2017-06-09,1,G,B71,B63,B61,2,3,2
2017-06-09,2,G,B72,B90,B75,6,1,5
2017-06-09,3,G,B78,B75,B85,9,0,9
2017-06-10,0,G,B71,B63,B62,9,1,3
2017-06-10,1,G,B68,B55,B57,1,7,9
2017-06-10,2,G,B73,B75,B86,9,8,4
2017-06-10,3,G,B85,B76,B80,3,4,2
2017-06-12,0,G,B54,B70,B62,4,7,6
2017-06-12,1,G,B57,B62,B71,9,4,0
2017-06-12,2,G,B77,B75,B73,6,6,8
2017-06-12,3,G,B75,B73,B90,3,1,2
2017-06-13,0,G,B65,B70,B71,0,1,7
2017-06-13,1,G,B68,B56,B63,7,0,8
2017-06-13,2,G,B80,B72,B74,9,1,1
2017-06-13,3,G,B83,B85,B74,9,8,8
2017-06-14,0,G,B62,B58,B64,6,0,0
2017-06-14,1,G,B68,B65,B58,1,6,4
2017-06-14,2,G,B80,B86,B73,8,9,9
2017-06-14,3,G,B79,B78,B89,3,6,1
2017-06-15,0,G,B65,B69,B57,1,0,0
2017-06-15,1,G,B57,B63,B60,5,1,9
2017-06-15,2,G,B90,B73,B74,1,4,3
2017-06-15,3,G,B80,B90,B77,2,5,0
2017-06-16,0,G,B54,B59,B70,5,1,2
2017-06-16,1,G,B66,B55,B57,7,1,4
2017-06-16,2,G,B88,B78,B83,1,6,1
2017-06-16,3,G,B78,B79,B81,1,3,7
2017-06-17,0,G,B66,B56,B70,2,9,6
2017-06-17,1,G,B56,B55,B67,5,8,2
2017-06-17,2,G,B78,B72,B73,5,8,8
2017-06-17,3,G,B82,B89,B90,6,6,5
2017-06-19,0,G,B71,B66,B62,3,1,3
2017-06-19,1,G,B64,B59,B70,5,6,9
2017-06-19,2,G,B89,B87,B88,8,2,7
2017-06-19,3,G,B80,B89,B73,7,0,1
2017-06-20,0,G,B57,B66,B60,3,4,4
2017-06-20,1,G,B62,B69,B67,9,1,8
2017-06-20,2,G,B83,B75,B88,1,1,4
2017-06-20,3,G,B75,B78,B73,4,3,3
2017-06-21,0,G,B62,B54,B68,7,4,5
2017-06-21,1,G,B55,B63,B68,5,2,1
2017-06-21,2,G,B81,B75,B80,7,5,1
2017-06-21,3,G,B88,B82,B80,4,0,8
2017-06-22,0,G,B60,B61,B65,7,9,4
2017-06-22,1,G,B66,B65,B59,6,7,2
2017-06-22,2,G,B89,B75,B84,8,9,8
2017-06-22,3,G,B81,B85,B90,6,3,8
2017-06-23,0,G,B60,B68,B63,6,7,0
2017-06-23,1,G,B67,B71,B55,5,4,4
2017-06-23,2,G,B72,B83,B88,7,7,8
2017-06-23,3,G,B85,B75,B84,4,6,1
2017-06-24,0,G,B60,B58,B57,3,2,3
2017-06-24,1,G,B64,B58,B55,6,3,7
2017-06-24,2,G,B80,B76,B72,3,4,6
2017-06-24,3,G,B76,B89,B84,8,0,3
2017-06-26,0,G,B64,B68,B66,0,6,4
2017-06-26,1,G,B64,B61,B62,2,4,8
2017-06-26,2,G,B75,B76,B80,3,0,0
2017-06-26,3,G,B78,B74,B86,8,5,4
2017-06-27,0,G,B63,B60,B58,4,8,2
2017-06-27,1,G,B55,B64,B59,4,2,3
2017-06-27,2,G,B72,B86,B74,7,3,0
2017-06-27,3,G,B75,B89,B78,3,1,4
2017-06-28,0,G,B55,B64,B65,0,1,8
2017-06-28,1,G,B60,B65,B54,2,3,9
2017-06-28,2,G,B85,B80,B74,5,1,0
2017-06-28,3,G,B75,B81,B89,9,7,1
2017-06-29,0,G,B65,B64,B59,3,4,5
2017-06-29,1,G,B59,B68,B71,8,3,3
2017-06-29,2,G,B78,B76,B82,1,9,5
2017-06-29,3,G,B82,B75,B79,9,3,6
2017-06-30,0,G,B64,B71,B55,0,9,6
2017-06-30,1,G,B54,B67,B60,9,0,5
2017-06-30,2,G,B85,B86,B72,4,1,0
2017-06-30,3,G,B82,B90,B78,7,9,2
2017-07-01,0,H,B61,B64,B65,2,2,4
2017-07-01,1,H,B64,B66,B60,0,2,1
2017-07-01,2,H,B89,B78,B80,4,9,0
2017-07-01,3,H,B81,B87,B83,6,3,8
2017-07-03,0,H,B68,B67,B65,1,1,3
2017-07-03,1,H,B66,B64,B68,9,0,9
2017-07-03,2,H,B82,B80,B83,9,5,7
2017-07-03,3,H,B78,B85,B81,0,9,3
2017-07-04,0,H,B60,B63,B66,7,3,2
2017-07-04,1,H,B68,B63,B61,0,0,0
2017-07-04,2,H,B79,B80,B84,7,6,6
2017-07-04,3,H,B85,B89,B78,7,9,2
2017-07-05,0,H,B64,B60,B70,7,3,0
2017-07-05,1,H,B71,B62,B66,3,2,3
2017-07-05,2,H,B90,B83,B89,2,3,4
2017-07-05,3,H,B78,B80,B88,1,1,9
2017-07-06,0,H,B62,B60,B66,9,1,5
2017-07-06,1,H,B61,B65,B68,1,3,7
2017-07-06,2,H,B79,B88,B83,6,9,6
2017-07-06,3,H,B84,B82,B83,4,8,7
2017-07-07,0,H,B66,B70,B67,8,2,7
2017-07-07,1,H,B68,B66,B63,9,5,3
2017-07-07,2,H,B82,B88,B87,4,0,5
2017-07-07,3,H,B86,B78,B88,1,3,8
2017-07-08,0,H,B67,B60,B63,7,9,5
2017-07-08,1,H,B64,B67,B66,9,4,3
2017-07-08,2,H,B79,B81,B84,1,4,7
2017-07-08,3,H,B79,B82,B85,7,6,0
2017-07-10,0,H,B69,B61,B66,1,8,1
2017-07-10,1,H,B61,B68,B60,7,7,3
2017-07-10,2,H,B79,B83,B82,9,8,3
2017-07-10,3,H,B80,B78,B81,0,1,0
2017-07-11,0,H,B71,B64,B62,1,2,5
2017-07-11,1,H,B63,B60,B69,5,0,7
2017-07-11,2,H,B84,B81,B80,7,2,3
2017-07-11,3,H,B86,B83,B89,1,4,9
2017-07-12,0,H,B67,B63,B61,4,4,1
2017-07-12,1,H,B70,B63,B61,8,5,3
2017-07-12,2,H,B79,B80,B88,3,9,8
2017-07-12,3,H,B79,B82,B89,4,9,4
2017-07-13,0,H,B62,B64,B61,4,3,1
2017-07-13,1,H,B68,B70,B67,8,2,6
2017-07-13,2,H,B79,B81,B80,6,6,1
2017-07-13,3,H,B86,B78,B83,2,2,8
2017-07-14,0,H,B69,B66,B68,6,9,2
2017-07-14,1,H,B68,B69,B65,2,2,2
2017-07-14,2,H,B79,B80,B83,1,1,4
2017-07-14,3,H,B80,B88,B79,8,1,6
2017-07-15,0,H,B65,B70,B63,0,7,0
2017-07-15,1,H,B71,B70,B64,3,6,3
2017-07-15,2,H,B80,B79,B81,4,2,6
2017-07-15,3,H,B89,B87,B84,2,2,3
2017-07-17,0,H,B65,B60,B71,7,1,8
2017-07-17,1,H,B71,B64,B69,9,9,0
2017-07-17,2,H,B80,B82,B89,5,1,6
2017-07-17,3,H,B81,B80,B83,3,9,9
2017-07-18,0,H,B63,B69,B65,6,9,6
2017-07-18,1,H,B61,B62,B64,8,8,3
2017-07-18,2,H,B81,B84,B90,4,0,7
2017-07-18,3,H,B81,B86,B87,8,3,5
2017-07-19,0,H,B66,B71,B69,7,8,4
2017-07-19,1,H,B62,B71,B68,1,5,7
2017-07-19,2,H,B90,B86,B78,3,4,3
2017-07-19,3,H,B82,B89,B90,1,3,5
2017-07-20,0,H,B68,B66,B62,4,7,1
2017-07-20,1,H,B61,B62,B69,6,0,2
2017-07-20,2,H,B78,B83,B88,6,5,8
2017-07-20,3,H,B88,B87,B89,0,3,4
2017-07-21,0,H,B60,B68,B65,6,3,3
2017-07-21,1,H,B66,B67,B63,6,5,5
2017-07-21,2,H,B83,B87,B89,1,3,3
2017-07-21,3,H,B83,B84,B86,8,9,1
2017-07-22,0,H,B66,B63,B70,3,3,6
2017-07-22,1,H,B71,B65,B69,6,9,7
2017-07-22,2,H,B86,B84,B80,2,1,3
2017-07-22,3,H,B85,B86,B80,4,0,7
2017-07-24,0,H,B63,B61,B65,7,4,6
2017-07-24,1,H,B63,B67,B66,3,7,8
2017-07-24,2,H,B83,B80,B82,5,8,5
2017-07-24,3,H,B82,B79,B89,1,0,1
2017-07-25,0,H,B66,B68,B60,2,4,5
2017-07-25,1,H,B65,B63,B67,3,9,8
2017-07-25,2,H,B83,B80,B87,4,9,0
2017-07-25,3,H,B84,B83,B87,6,2,3
2017-07-26,0,H,B63,B64,B69,8,7,9
2017-07-26,1,H,B70,B66,B65,3,7,4
2017-07-26,2,H,B82,B80,B79,5,8,2
2017-07-26,3,H,B79,B83,B85,0,8,6
2017-07-27,0,H,B70,B65,B63,6,9,8
2017-07-27,1,H,B70,B67,B69,8,2,3
2017-07-27,2,H,B80,B83,B78,3,9,8
2017-07-27,3,H,B86,B88,B90,3,6,9
2017-07-28,0,H,B71,B66,B63,9,4,6
2017-07-28,1,H,B70,B64,B71,2,1,3
2017-07-28,2,H,B90,B83,B81,2,2,8
2017-07-28,3,H,B80,B87,B85,4,5,9
2017-07-29,0,H,B62,B69,B61,3,6,8
2017-07-29,1,H,B69,B64,B70,7,2,6
2017-07-29,2,H,B81,B79,B84,6,6,4
2017-07-29,3,H,B83,B86,B88,0,2,2
2017-07-31,0,H,B62,B60,B67,1,6,5
2017-07-31,1,H,B61,B63,B71,1,6,7
2017-07-31,2,H,B79,B89,B87,9,1,1
2017-07-31,3,H,B88,B81,B89,2,9,0
2017-08-01,0,I,B63,B60,B66,7,4,4
2017-08-01,1,I,B62,B64,B71,7,2,5
2017-08-01,2,I,B82,B86,B80,2,7,6
2017-08-01,3,I,B90,B83,B80,2,0,6
2017-08-02,0,I,B68,B71,B69,2,4,8
2017-08-02,1,I,B71,B65,B70,3,5,0
2017-08-02,2,I,B81,B79,B88,1,0,0
2017-08-02,3,I,B82,B85,B88,5,3,3
2017-08-03,0,I,B64,B69,B62,6,1,8
2017-08-03,1,I,B68,B60,B67,2,8,1
2017-08-03,2,I,B83,B84,B87,6,1,4
2017-08-03,3,I,B79,B89,B78,5,6,7
2017-08-04,0,I,B67,B66,B65,3,1,8
2017-08-04,1,I,B67,B68,B60,1,9,9
2017-08-04,2,I,B83,B80,B78,4,9,0
2017-08-04,3,I,B80,B83,B89,8,8,3
2017-08-05,0,I,B68,B60,B70,3,6,1
2017-08-05,1,I,B63,B60,B70,5,6,1
2017-08-05,2,I,B81,B86,B89,3,0,5
2017-08-05,3,I,B88,B83,B84,5,4,0
2017-08-07,0,I,B63,B70,B65,6,8,5
2017-08-07,1,I,B63,B66,B60,4,8,8
2017-08-07,2,I,B81,B90,B87,7,0,6
2017-08-07,3,I,B82,B80,B88,9,0,6
2017-08-08,0,I,B69,B68,B71,2,2,6
2017-08-08,1,I,B69,B60,B70,3,0,6
2017-08-08,2,I,B85,B83,B79,3,8,0
2017-08-08,3,I,B78,B82,B80,2,7,4
2017-08-09,0,I,B68,B61,B63,3,1,9
2017-08-09,1,I,B69,B70,B66,3,5,6
2017-08-09,2,I,B80,B79,B78,2,8,3
2017-08-09,3,I,B86,B83,B90,4,5,1
2017-08-10,0,I,B69,B62,B67,4,7,2
2017-08-10,1,I,B70,B69,B67,3,0,0
2017-08-10,2,I,B78,B89,B90,1,3,8
2017-08-10,3,I,B89,B80,B90,3,8,7
2017-08-11,0,I,B64,B62,B68,7,8,0
2017-08-11,1,I,B67,B70,B65,6,8,2
2017-08-11,2,I,B78,B79,B84,7,5,8
2017-08-11,3,I,B79,B81,B89,3,8,2
2017-08-12,0,I,B61,B68,B66,9,5,4
2017-08-12,1,I,B65,B61,B68,4,7,7
2017-08-12,2,I,B89,B88,B86,2,0,9
2017-08-12,3,I,B80,B86,B82,4,0,3
2017-08-14,0,I,B60,B69,B66,4,9,6
2017-08-14,1,I,B63,B64,B71,2,0,4
2017-08-14,2,I,B83,B85,B79,5,7,5
2017-08-14,3,I,B82,B90,B87,2,8,9
2017-08-15,0,I,B62,B65,B68,6,4,8
2017-08-15,1,I,B60,B62,B67,0,0,9
2017-08-15,2,I,B79,B80,B85,6,7,1
2017-08-15,3,I,B89,B90,B88,3,9,2
2017-08-16,0,I,B66,B70,B68,2,4,5
2017-08-16,1,I,B64,B70,B68,6,3,2
2017-08-16,2,I,B85,B89,B90,5,0,3
2017-08-16,3,I,B88,B83,B78,6,1,1
2017-08-17,0,I,B62,B61,B60,8,6,4
2017-08-17,1,I,B65,B66,B64,3,1,4
2017-08-17,2,I,B86,B78,B81,7,6,8
2017-08-17,3,I,B84,B83,B86,2,3,0
2017-08-18,0,I,B67,B71,B65,3,3,0
2017-08-18,1,I,B68,B64,B65,5,0,9
2017-08-18,2,I,B90,B80,B81,4,8,4
2017-08-18,3,I,B87,B89,B90,1,9,0
2017-08-19,0,I,B64,B60,B62,0,2,8
2017-08-19,1,I,B60,B69,B63,4,7,4
2017-08-19,2,I,B87,B80,B78,6,2,7
2017-08-19,3,I,B79,B87,B90,8,3,2
2017-08-21,0,I,B65,B63,B67,2,5,9
2017-08-21,1,I,B65,B69,B66,2,9,2
2017-08-21,2,I,B89,B83,B84,3,4,6
2017-08-21,3,I,B89,B87,B88,0,0,6
2017-08-22,0,I,B71,B69,B68,5,6,6
2017-08-22,1,I,B70,B66,B64,2,1,8
2017-08-22,2,I,B85,B84,B83,2,3,3
2017-08-22,3,I,B88,B86,B90,4,8,9
2017-08-23,0,I,B68,B67,B69,8,2,2
2017-08-23,1,I,B61,B68,B64,4,2,8
2017-08-23,2,I,B86,B81,B80,5,3,1
2017-08-23,3,I,B85,B84,B81,5,7,8
2017-08-24,0,I,B68,B66,B63,5,5,3
2017-08-24,1,I,B71,B64,B68,4,5,1
2017-08-24,2,I,B89,B90,B86,0,1,5
2017-08-24,3,I,B82,B85,B90,1,4,3
2017-08-25,0,I,B62,B69,B65,6,1,6
2017-08-25,1,I,B69,B60,B63,4,0,8
2017-08-25,2,I,B82,B86,B83,0,1,5
2017-08-25,3,I,B87,B88,B80,8,6,0
2017-08-26,0,I,B62,B69,B61,1,6,0
2017-08-26,1,I,B70,B67,B61,2,1,2
2017-08-26,2,I,B83,B87,B81,5,7,8
2017-08-26,3,I,B89,B78,B88,2,9,9
2017-08-28,0,I,B60,B67,B68,5,8,2
2017-08-28,1,I,B67,B64,B70,1,0,2
2017-08-28,2,I,B84,B86,B89,8,8,5
2017-08-28,3,I,B81,B87,B79,9,9,6
2017-08-29,0,I,B68,B62,B71,9,2,5
2017-08-29,1,I,B63,B60,B70,2,9,5
2017-08-29,2,I,B80,B87,B90,1,6,8
2017-08-29,3,I,B89,B86,B84,0,3,3
2017-08-30,0,I,B70,B64,B60,7,0,5
2017-08-30,1,I,B70,B69,B65,4,3,2
2017-08-30,2,I,B78,B87,B81,8,2,7
2017-08-30,3,I,B90,B78,B84,4,1,2
2017-08-31,0,I,B69,B62,B68,6,3,3
2017-08-31,1,I,B64,B70,B62,6,1,0
2017-08-31,2,I,B79,B78,B83,1,5,0
2017-08-31,3,I,B78,B85,B90,1,0,6
2017-09-01,0,J,B69,B67,B65,4,5,0
2017-09-01,1,J,B66,B60,B63,4,6,9
2017-09-01,2,J,B78,B90,B79,2,7,3
2017-09-01,3,J,B85,B81,B89,8,5,9
2017-09-02,0,J,B60,B71,B67,1,7,3
2017-09-02,1,J,B70,B66,B62,5,0,6
2017-09-02,2,J,B82,B85,B88,0,8,1
2017-09-02,3,J,B79,B88,B84,7,7,0
2017-09-04,0,J,B67,B61,B69,9,4,3
2017-09-04,1,J,B63,B62,B66,9,2,4
2017-09-04,2,J,B87,B85,B82,2,2,8
2017-09-04,3,J,B86,B85,B79,4,5,1
2017-09-05,0,J,B67,B66,B65,3,4,9
2017-09-05,1,J,B71,B69,B66,2,4,5
2017-09-05,2,J,B82,B90,B89,2,7,8
2017-09-05,3,J,B86,B88,B89,8,9,9
2017-09-06,0,J,B62,B71,B67,0,2,3
2017-09-06,1,J,B65,B71,B68,6,0,6
2017-09-06,2,J,B86,B87,B82,6,7,6
2017-09-06,3,J,B90,B87,B80,3,3,3
2017-09-07,0,J,B68,B62,B67,9,5,4
2017-09-07,1,J,B65,B61,B62,8,7,1
2017-09-07,2,J,B84,B83,B86,1,3,8
2017-09-07,3,J,B84,B82,B88,3,9,5
2017-09-08,0,J,B66,B60,B70,7,4,6
2017-09-08,1,J,B66,B64,B69,9,3,1
2017-09-08,2,J,B86,B85,B82,8,3,7
2017-09-08,3,J,B80,B89,B88,7,4,0
2017-09-09,0,J,B63,B61,B62,3,6,7
2017-09-09,1,J,B68,B69,B61,7,3,1
2017-09-09,2,J,B81,B78,B80,1,0,5
2017-09-09,3,J,B79,B81,B80,9,0,2
2017-09-11,0,J,B61,B70,B64,0,2,1
2017-09-11,1,J,B62,B64,B61,5,0,0
2017-09-11,2,J,B80,B81,B78,9,4,9
2017-09-11,3,J,B82,B84,B83,3,9,8
2017-09-12,0,J,B71,B64,B63,9,5,4
2017-09-12,1,J,B70,B66,B62,6,9,9
2017-09-12,2,J,B86,B81,B85,3,9,3
2017-09-12,3,J,B83,B85,B81,2,1,7
2017-09-13,0,J,B66,B60,B62,8,8,4
2017-09-13,1,J,B69,B68,B61,6,9,5
2017-09-13,2,J,B90,B89,B88,6,4,7
2017-09-13,3,J,B88,B85,B81,8,9,0
2017-09-14,0,J,B61,B67,B66,2,9,8
2017-09-14,1,J,B62,B67,B64,0,6,0
2017-09-14,2,J,B80,B81,B86,1,6,6
2017-09-14,3,J,B83,B78,B80,1,3,4
2017-09-15,0,J,B61,B64,B67,4,7,9
2017-09-15,1,J,B69,B67,B61,0,7,2
2017-09-15,2,J,B83,B82,B81,9,1,2
2017-09-15,3,J,B87,B81,B83,7,4,0
2017-09-16,0,J,B67,B68,B63,1,4,4
2017-09-16,1,J,B61,B66,B68,1,4,8
2017-09-16,2,J,B90,B85,B82,6,6,9
2017-09-16,3,J,B84,B79,B80,1,7,7
2017-09-18,0,J,B70,B66,B62,1,9,5
2017-09-18,1,J,B67,B65,B70,0,1,2
2017-09-18,2,J,B85,B78,B87,4,0,1
2017-09-18,3,J,B78,B87,B86,9,8,2
2017-09-19,0,J,B62,B64,B63,5,3,6
2017-09-19,1,J,B66,B62,B67,4,0,9
2017-09-19,2,J,B81,B88,B79,0,6,9
2017-09-19,3,J,B90,B82,B80,8,7,2
2017-09-20,0,J,B60,B66,B61,2,3,2
2017-09-20,1,J,B69,B71,B61,4,4,1
2017-09-20,2,J,B90,B87,B85,2,0,6
2017-09-20,3,J,B90,B83,B78,9,7,4
2017-09-21,0,J,B66,B67,B71,0,6,7
2017-09-21,1,J,B62,B64,B66,7,5,6
2017-09-21,2,J,B78,B80,B79,7,7,3
2017-09-21,3,J,B90,B87,B81,5,6,1
2017-09-22,0,J,B69,B67,B71,4,0,2
2017-09-22,1,J,B62,B61,B63,4,0,9
2017-09-22,2,J,B78,B86,B80,2,2,0
2017-09-22,3,J,B85,B90,B79,3,0,5
2017-09-23,0,J,B66,B68,B63,6,3,3
2017-09-23,1,J,B67,B69,B60,2,9,2
2017-09-23,2,J,B89,B88,B79,8,3,9
2017-09-23,3,J,B83,B88,B89,6,6,1
2017-09-25,0,J,B63,B60,B64,5,4,0
2017-09-25,1,J,B70,B69,B63,0,0,6
2017-09-25,2,J,B79,B81,B87,5,5,4
2017-09-25,3,J,B83,B90,B84,7,6,6
2017-09-26,0,J,B71,B64,B60,9,1,7
2017-09-26,1,J,B63,B64,B61,6,2,3
2017-09-26,2,J,B86,B90,B81,1,8,0
2017-09-26,3,J,B79,B78,B84,8,2,2
2017-09-27,0,J,B70,B71,B67,1,6,1
2017-09-27,1,J,B60,B62,B70,2,1,9
2017-09-27,2,J,B85,B88,B78,3,5,9
2017-09-27,3,J,B85,B86,B80,4,4,6
2017-09-28,0,J,B71,B61,B62,5,1,8
2017-09-28,1,J,B69,B68,B66,7,3,9
2017-09-28,2,J,B87,B88,B78,1,0,0
2017-09-28,3,J,B90,B87,B88,0,9,7
2017-09-29,0,J,B67,B70,B66,7,1,2
2017-09-29,1,J,B66,B62,B68,6,0,1
2017-09-29,2,J,B84,B87,B89,0,6,2
2017-09-29,3,J,B78,B87,B82,7,0,5
2017-09-30,0,J,B70,B68,B71,9,1,9
2017-09-30,1,J,B66,B60,B61,1,6,6
2017-09-30,2,J,B85,B89,B87,7,1,7
2017-09-30,3,J,B86,B89,B83,0,5,7
2017-10-02,0,K,B68,B67,B70,3,9,0
2017-10-02,1,K,B71,B66,B61,6,5,2
2017-10-02,2,K,B80,B78,B81,4,6,1
2017-10-02,3,K,B79,B84,B81,5,9,7
2017-10-03,0,K,B67,B63,B65,4,4,5
2017-10-03,1,K,B62,B61,B66,0,3,9
2017-10-03,2,K,B83,B81,B88,6,9,9
2017-10-03,3,K,B90,B85,B82,4,0,5
2017-10-04,0,K,B70,B66,B71,6,0,9
2017-10-04,1,K,B67,B71,B69,3,5,9
2017-10-04,2,K,B81,B90,B83,7,3,3
2017-10-04,3,K,B88,B87,B89,0,1,8
2017-10-05,0,K,B63,B69,B60,1,9,8
2017-10-05,1,K,B69,B65,B71,4,1,2
2017-10-05,2,K,B79,B89,B86,8,1,6
2017-10-05,3,K,B87,B79,B82,5,9,5
2017-10-06,0,K,B61,B68,B64,2,3,9
2017-10-06,1,K,B61,B63,B69,7,2,1
2017-10-06,2,K,B80,B79,B88,2,2,8
2017-10-06,3,K,B83,B81,B84,4,5,7
2017-10-07,0,K,B69,B60,B64,8,9,0
2017-10-07,1,K,B71,B61,B69,6,9,9
2017-10-07,2,K,B84,B83,B89,6,2,1
2017-10-07,3,K,B80,B90,B84,4,2,2
2017-10-09,0,K,B60,B67,B66,9,6,2
2017-10-09,1,K,B63,B64,B66,6,8,3
2017-10-09,2,K,B89,B83,B90,9,4,0
2017-10-09,3,K,B87,B83,B89,3,9,2
2017-10-10,0,K,B66,B65,B63,1,7,1
2017-10-10,1,K,B60,B62,B63,8,3,9
2017-10-10,2,K,B78,B85,B81,3,5,4
2017-10-10,3,K,B84,B89,B81,4,0,2
2017-10-11,0,K,B66,B62,B65,5,9,6
2017-10-11,1,K,B69,B61,B62,7,7,5
2017-10-11,2,K,B89,B88,B86,3,7,7
2017-10-11,3,K,B81,B84,B87,1,3,5
2017-10-12,0,K,B67,B62,B63,1,8,7
2017-10-12,1,K,B65,B62,B64,2,7,9
2017-10-12,2,K,B83,B89,B80,7,1,7
2017-10-12,3,K,B88,B89,B90,3,9,6
2017-10-13,0,K,B65,B71,B67,0,7,1
2017-10-13,1,K,B62,B65,B69,0,1,5
2017-10-13,2,K,B84,B88,B90,9,7,8
2017-10-13,3,K,B82,B89,B85,2,9,3
2017-10-14,0,K,B60,B65,B64,7,4,4
2017-10-14,1,K,B70,B71,B64,6,0,7
2017-10-14,2,K,B79,B86,B88,3,5,9
2017-10-14,3,K,B85,B80,B82,4,8,3
2017-10-16,0,K,B70,B66,B65,9,1,2
2017-10-16,1,K,B61,B66,B64,4,5,9
2017-10-16,2,K,B88,B89,B78,2,6,9
2017-10-16,3,K,B83,B87,B84,9,7,3
2017-10-17,0,K,B68,B61,B67,3,8,9
2017-10-17,1,K,B62,B64,B67,2,7,3
2017-10-17,2,K,B89,B83,B85,8,9,9
2017-10-17,3,K,B89,B80,B78,2,0,0
2017-10-18,0,K,B64,B68,B66,4,9,1
2017-10-18,1,K,B70,B63,B65,8,7,0
2017-10-18,2,K,B86,B87,B82,9,3,4
2017-10-18,3,K,B83,B80,B85,8,2,8
2017-10-19,0,K,B60,B61,B70,9,4,5
2017-10-19,1,K,B64,B69,B65,7,3,1
2017-10-19,2,K,B87,B81,B83,3,4,6
2017-10-19,3,K,B83,B79,B84,1,1,3
2017-10-20,0,K,B71,B69,B60,3,5,1
2017-10-20,1,K,B61,B63,B65,3,0,0
2017-10-20,2,K,B81,B88,B82,6,5,0
2017-10-20,3,K,B87,B81,B86,8,3,4
2017-10-21,0,K,B71,B61,B68,3,5,9
2017-10-21,1,K,B68,B67,B69,8,2,5
2017-10-21,2,K,B79,B82,B84,4,8,4
2017-10-21,3,K,B84,B78,B90,9,3,0
2017-10-23,0,K,B70,B66,B64,1,1,9
2017-10-23,1,K,B67,B65,B64,5,3,1
2017-10-23,2,K,B83,B81,B89,9,7,0
2017-10-23,3,K,B90,B85,B82,8,9,8
2017-10-24,0,K,B69,B68,B66,4,2,3
2017-10-24,1,K,B68,B66,B64,7,3,4
2017-10-24,2,K,B81,B83,B87,5,2,5
2017-10-24,3,K,B83,B90,B89,9,5,9
2017-10-25,0,K,B70,B64,B69,3,2,8
2017-10-25,1,K,B63,B66,B62,4,4,0
2017-10-25,2,K,B85,B83,B78,4,9,1
2017-10-25,3,K,B82,B85,B87,7,8,0
2017-10-26,0,K,B69,B70,B60,7,4,9
2017-10-26,1,K,B69,B60,B71,6,3,9
2017-10-26,2,K,B90,B78,B89,2,6,1
2017-10-26,3,K,B78,B87,B84,0,8,3
2017-10-27,0,K,B70,B65,B67,6,3,9
2017-10-27,1,K,B67,B68,B60,9,7,6
2017-10-27,2,K,B89,B85,B87,1,6,0
2017-10-27,3,K,B82,B80,B79,4,7,0
2017-10-28,0,K,B62,B60,B65,4,0,2
2017-10-28,1,K,B71,B70,B63,3,5,2
2017-10-28,2,K,B90,B81,B84,5,6,5
2017-10-28,3,K,B85,B79,B87,4,5,6
2017-10-30,0,K,B65,B71,B63,7,6,4
2017-10-30,1,K,B71,B66,B63,6,7,0
2017-10-30,2,K,B79,B84,B88,7,2,0
2017-10-30,3,K,B84,B81,B88,3,6,0
2017-10-31,0,K,B66,B62,B61,5,7,5
2017-10-31,1,K,B62,B66,B64,9,9,8
2017-10-31,2,K,B82,B83,B79,3,0,8
2017-10-31,3,K,B79,B78,B84,2,7,2
2017-11-01,0,G,B61,B67,B69,2,8,3
2017-11-01,1,G,B70,B69,B67,5,7,0
2017-11-01,2,G,B86,B83,B87,9,1,2
2017-11-01,3,G,B85,B86,B82,7,4,7
2017-11-02,0,G,B71,B70,B67,6,2,1
2017-11-02,1,G,B68,B70,B71,6,5,1
2017-11-02,2,G,B80,B81,B85,0,8,4
2017-11-02,3,G,B90,B79,B82,5,0,2
2017-11-03,0,G,B68,B63,B62,5,6,1
2017-11-03,1,G,B65,B66,B60,2,4,1
2017-11-03,2,G,B80,B82,B84,1,8,4
2017-11-03,3,G,B80,B89,B82,1,4,3
2017-11-04,0,G,B67,B65,B69,4,9,4
2017-11-04,1,G,B70,B64,B68,1,6,3
2017-11-04,2,G,B78,B81,B89,7,8,2
2017-11-04,3,G,B85,B86,B82,9,1,5
2017-11-06,0,G,B70,B68,B60,6,8,4
2017-11-06,1,G,B70,B60,B62,4,6,0
2017-11-06,2,G,B87,B80,B86,8,0,8
2017-11-06,3,G,B90,B85,B81,1,4,0
2017-11-07,0,G,B65,B70,B66,2,3,1
2017-11-07,1,G,B70,B71,B60,4,5,2
2017-11-07,2,G,B86,B81,B90,4,9,8
2017-11-07,3,G,B90,B79,B84,6,9,3
2017-11-08,0,G,B63,B61,B67,8,6,8
2017-11-08,1,G,B60,B63,B64,8,7,2
2017-11-08,2,G,B89,B81,B83,7,7,2
2017-11-08,3,G,B84,B89,B78,2,5,2
2017-11-09,0,G,B61,B70,B71,8,1,1
2017-11-09,1,G,B63,B71,B69,5,5,8
2017-11-09,2,G,B88,B83,B79,1,5,8
2017-11-09,3,G,B86,B81,B79,3,1,1
2017-11-10,0,G,B61,B63,B62,2,2,4
2017-11-10,1,G,B67,B69,B63,5,7,5
2017-11-10,2,G,B81,B78,B82,7,5,8
2017-11-10,3,G,B86,B90,B81,0,6,9
2017-11-11,0,G,B61,B60,B70,8,8,7
2017-11-11,1,G,B71,B68,B66,7,0,3
2017-11-11,2,G,B82,B78,B90,3,8,6
2017-11-11,3,G,B85,B88,B79,6,6,9
2017-11-13,0,G,B62,B64,B70,8,7,9
2017-11-13,1,G,B63,B66,B64,9,1,5
2017-11-13,2,G,B88,B81,B79,6,6,5
2017-11-13,3,G,B87,B79,B88,0,2,9
2017-11-14,0,G,B65,B67,B63,0,1,8
2017-11-14,1,G,B67,B70,B64,4,7,5
2017-11-14,2,G,B85,B84,B79,0,8,3
2017-11-14,3,G,B85,B84,B87,2,9,9
2017-11-15,0,G,B65,B64,B68,6,8,6
2017-11-15,1,G,B66,B70,B60,6,6,3
2017-11-15,2,G,B83,B87,B89,2,4,2
2017-11-15,3,G,B78,B88,B87,9,6,6
2017-11-16,0,G,B71,B70,B65,2,8,3
2017-11-16,1,G,B71,B63,B61,6,5,9
2017-11-16,2,G,B90,B82,B78,2,9,4
2017-11-16,3,G,B90,B79,B83,5,5,7
2017-11-17,0,G,B61,B60,B64,6,9,8
2017-11-17,1,G,B64,B61,B70,0,8,3
2017-11-17,2,G,B81,B84,B83,9,1,7
2017-11-17,3,G,B90,B79,B78,8,8,7
2017-11-18,0,G,B64,B61,B67,3,9,0
2017-11-18,1,G,B61,B70,B71,9,9,2
2017-11-18,2,G,B80,B81,B88,2,3,8
2017-11-18,3,G,B89,B84,B83,1,4,4
2017-11-20,0,G,B67,B63,B68,7,5,8
2017-11-20,1,G,B60,B71,B70,0,1,2
2017-11-20,2,G,B90,B81,B80,9,6,7
2017-11-20,3,G,B87,B86,B89,8,5,7
2017-11-21,0,G,B71,B61,B66,9,2,6
2017-11-21,1,G,B67,B61,B64,0,7,6
2017-11-21,2,G,B85,B89,B84,7,7,0
2017-11-21,3,G,B83,B88,B80,8,4,3
2017-11-22,0,G,B60,B68,B63,7,3,3
2017-11-22,1,G,B69,B70,B60,1,9,2
2017-11-22,2,G,B78,B84,B89,7,1,8
2017-11-22,3,G,B83,B87,B88,4,3,1
2017-11-23,0,G,B71,B70,B68,2,6,2
2017-11-23,1,G,B66,B64,B71,8,8,2
2017-11-23,2,G,B78,B90,B79,7,8,5
2017-11-23,3,G,B84,B86,B85,7,5,7
2017-11-24,0,G,B68,B69,B65,5,7,6
2017-11-24,1,G,B65,B68,B64,3,9,9
2017-11-24,2,G,B79,B87,B86,3,4,9
2017-11-24,3,G,B89,B80,B78,6,2,4
2017-11-25,0,G,B64,B61,B67,3,3,4
2017-11-25,1,G,B71,B65,B70,4,8,6
2017-11-25,2,G,B84,B87,B89,5,0,5
2017-11-25,3,G,B87,B86,B88,6,0,7
2017-11-27,0,G,B60,B67,B68,0,7,4
2017-11-27,1,G,B66,B67,B68,5,1,0
2017-11-27,2,G,B88,B79,B80,5,1,1
2017-11-27,3,G,B83,B80,B78,7,1,8
2017-11-28,0,G,B62,B66,B67,1,9,7
2017-11-28,1,G,B60,B64,B65,8,4,1
2017-11-28,2,G,B87,B78,B84,0,9,2
2017-11-28,3,G,B84,B82,B83,5,8,4
2017-11-29,0,G,B66,B63,B62,6,3,5
2017-11-29,1,G,B65,B64,B70,5,6,3
2017-11-29,2,G,B81,B84,B80,9,3,2
2017-11-29,3,G,B84,B89,B82,8,9,4
2017-11-30,0,G,B68,B63,B60,6,7,0
2017-11-30,1,G,B67,B66,B63,8,2,2
2017-11-30,2,G,B82,B85,B86,2,9,4
2017-11-30,3,G,B85,B89,B83,6,6,4
2017-12-01,0,H,B70,B63,B61,3,8,3
2017-12-01,1,H,B67,B60,B62,1,2,1
2017-12-01,2,H,B88,B78,B86,8,0,8
2017-12-01,3,H,B78,B85,B84,7,2,1
2017-12-02,0,H,B70,B66,B60,5,0,9
2017-12-02,1,H,B63,B70,B71,4,8,0
2017-12-02,2,H,B89,B82,B83,0,6,0
2017-12-02,3,H,B82,B86,B81,6,4,0
2017-12-04,0,H,B71,B62,B63,2,6,7
2017-12-04,1,H,B69,B62,B71,0,7,1
2017-12-04,2,H,B86,B87,B78,7,5,1
2017-12-04,3,H,B88,B90,B89,8,5,4
2017-12-05,0,H,B66,B64,B63,5,7,8
2017-12-05,1,H,B62,B68,B60,8,8,5
2017-12-05,2,H,B83,B85,B84,9,6,3
2017-12-05,3,H,B79,B83,B81,3,6,4
2017-12-06,0,H,B68,B70,B71,2,3,8
2017-12-06,1,H,B71,B66,B69,7,3,6
2017-12-06,2,H,B89,B82,B78,6,1,5
2017-12-06,3,H,B84,B86,B78,7,9,1
2017-12-07,0,H,B65,B62,B61,0,8,2
2017-12-07,1,H,B66,B68,B60,5,2,5
2017-12-07,2,H,B82,B90,B83,0,6,2
2017-12-07,3,H,B84,B81,B88,9,3,4
2017-12-08,0,H,B70,B66,B62,4,2,9
2017-12-08,1,H,B71,B66,B60,1,4,9
2017-12-08,2,H,B82,B87,B85,5,7,0
2017-12-08,3,H,B86,B83,B87,9,8,6
2017-12-09,0,H,B69,B64,B65,8,0,1
2017-12-09,1,H,B69,B61,B68,9,7,5
2017-12-09,2,H,B85,B88,B81,1,7,0
2017-12-09,3,H,B88,B83,B80,4,6,4
2017-12-11,0,H,B66,B64,B71,4,1,4
2017-12-11,1,H,B69,B66,B70,3,5,3
2017-12-11,2,H,B80,B85,B84,9,0,3
2017-12-11,3,H,B84,B79,B89,7,3,7
2017-12-12,0,H,B67,B63,B70,0,4,0
2017-12-12,1,H,B62,B60,B61,3,9,4
2017-12-12,2,H,B87,B84,B85,7,3,9
2017-12-12,3,H,B84,B86,B87,9,9,3
2017-12-13,0,H,B67,B64,B65,9,3,5
2017-12-13,1,H,B60,B69,B70,3,5,7
2017-12-13,2,H,B80,B79,B85,4,4,4
2017-12-13,3,H,B85,B88,B83,3,3,8
2017-12-14,0,H,B63,B70,B69,0,7,7
2017-12-14,1,H,B67,B70,B63,6,8,0
2017-12-14,2,H,B80,B82,B85,0,8,3
2017-12-14,3,H,B83,B82,B86,1,0,4
2017-12-15,0,H,B70,B66,B62,8,6,3
2017-12-15,1,H,B67,B64,B70,6,7,2
2017-12-15,2,H,B89,B87,B80,7,2,9
2017-12-15,3,H,B86,B81,B80,4,3,7
2017-12-16,0,H,B70,B61,B64,2,8,7
2017-12-16,1,H,B65,B61,B68,8,9,6
2017-12-16,2,H,B85,B84,B86,4,2,3
2017-12-16,3,H,B85,B80,B79,7,2,4
2017-12-18,0,H,B64,B63,B62,2,9,9
2017-12-18,1,H,B71,B64,B62,1,9,9
2017-12-18,2,H,B86,B88,B82,4,5,2
2017-12-18,3,H,B85,B81,B89,9,0,2
2017-12-19,0,H,B65,B71,B64,1,8,9
2017-12-19,1,H,B71,B68,B61,3,4,6
2017-12-19,2,H,B84,B80,B87,9,8,2
2017-12-19,3,H,B84,B78,B81,9,1,3
2017-12-20,0,H,B60,B62,B65,0,4,0
2017-12-20,1,H,B63,B71,B61,6,5,1
2017-12-20,2,H,B80,B83,B79,0,0,3
2017-12-20,3,H,B86,B83,B81,9,8,1
2017-12-21,0,H,B69,B61,B68,6,0,9
2017-12-21,1,H,B63,B71,B62,6,2,1
2017-12-21,2,H,B80,B88,B86,2,4,4
2017-12-21,3,H,B79,B84,B81,7,4,9
2017-12-22,0,H,B61,B68,B67,2,5,8
2017-12-22,1,H,B62,B65,B71,3,2,8
2017-12-22,2,H,B79,B85,B82,5,7,8
2017-12-22,3,H,B84,B87,B82,4,1,1
2017-12-23,0,H,B65,B62,B64,0,9,6
2017-12-23,1,H,B65,B67,B71,6,8,6
2017-12-23,2,H,B85,B89,B78,3,8,5
2017-12-23,3,H,B81,B83,B80,9,0,4
2017-12-25,0,H,B65,B61,B71,5,7,3
2017-12-25,1,H,B68,B62,B71,2,1,0
2017-12-25,2,H,B90,B81,B87,8,4,7
2017-12-25,3,H,B78,B85,B83,0,6,5
2017-12-26,0,H,B68,B65,B70,7,8,4
2017-12-26,1,H,B67,B62,B71,4,8,4
2017-12-26,2,H,B79,B87,B83,7,0,4
2017-12-26,3,H,B81,B86,B88,1,7,6
2017-12-27,0,H,B64,B61,B67,3,9,8
2017-12-27,1,H,B64,B66,B60,5,4,8
2017-12-27,2,H,B79,B87,B78,7,9,4
2017-12-27,3,H,B82,B80,B83,8,3,5
2017-12-28,0,H,B62,B70,B69,6,2,6
2017-12-28,1,H,B67,B71,B68,4,5,0
2017-12-28,2,H,B84,B83,B89,9,6,2
2017-12-28,3,H,B81,B80,B90,3,0,2
2017-12-29,0,H,B61,B62,B64,9,9,9
2017-12-29,1,H,B68,B66,B69,2,9,7
2017-12-29,2,H,B81,B88,B86,8,5,1
2017-12-29,3,H,B87,B85,B89,7,1,9
2017-12-30,0,H,B68,B69,B65,1,6,8
2017-12-30,1,H,B60,B68,B66,0,6,1
2017-12-30,2,H,B86,B88,B78,5,1,2
2017-12-30,3,H,B87,B83,B88,9,4,4
2018-01-01,0,I,B60,B61,B71,0,3,0
2018-01-01,1,I,B66,B63,B65,2,4,2
2018-01-01,2,I,B88,B83,B87,6,2,0
2018-01-01,3,I,B90,B89,B85,1,3,1
2018-01-02,0,I,B64,B62,B69,0,6,2
2018-01-02,1,I,B64,B70,B60,5,9,2
2018-01-02,2,I,B84,B82,B87,3,7,1
2018-01-02,3,I,B85,B90,B87,8,2,9
2018-01-03,0,I,B61,B69,B60,7,0,2
2018-01-03,1,I,B69,B60,B67,8,9,3
2018-01-03,2,I,B88,B82,B79,2,7,0
2018-01-03,3,I,B84,B80,B79,5,0,8
2018-01-04,0,I,B68,B70,B67,2,2,0
2018-01-04,1,I,B69,B67,B68,0,2,8
2018-01-04,2,I,B86,B81,B88,4,5,2
2018-01-04,3,I,B80,B84,B88,1,9,7
2018-01-05,0,I,B67,B69,B64,4,3,9
2018-01-05,1,I,B67,B60,B63,6,3,4
2018-01-05,2,I,B82,B84,B79,6,4,6
2018-01-05,3,I,B89,B83,B86,3,4,9
2018-01-06,0,I,B64,B69,B71,1,6,2
2018-01-06,1,I,B70,B64,B66,4,8,2
2018-01-06,2,I,B87,B88,B78,1,7,8
2018-01-06,3,I,B85,B78,B83,9,8,5
2018-01-08,0,I,B68,B69,B67,6,1,9
2018-01-08,1,I,B66,B64,B67,1,0,1
2018-01-08,2,I,B90,B85,B80,5,6,1
2018-01-08,3,I,B88,B85,B89,5,0,1
2018-01-09,0,I,B65,B66,B60,5,1,6
2018-01-09,1,I,B69,B67,B71,2,1,0
2018-01-09,2,I,B89,B82,B83,5,2,7
2018-01-09,3,I,B82,B85,B79,4,2,4
2018-01-10,0,I,B63,B66,B62,8,8,0
2018-01-10,1,I,B61,B70,B63,1,8,0
2018-01-10,2,I,B87,B84,B86,2,4,1
2018-01-10,3,I,B85,B89,B84,4,4,1
2018-01-11,0,I,B66,B64,B68,4,8,9
2018-01-11,1,I,B61,B67,B63,2,9,5
2018-01-11,2,I,B83,B80,B90,5,2,3
2018-01-11,3,I,B88,B80,B87,2,5,9
2018-01-12,0,I,B64,B65,B60,2,1,6
2018-01-12,1,I,B67,B71,B70,8,2,1
2018-01-12,2,I,B80,B84,B87,9,6,9
2018-01-12,3,I,B89,B82,B78,9,2,1
2018-01-13,0,I,B65,B64,B68,7,7,4
2018-01-13,1,I,B69,B66,B64,3,8,7
2018-01-13,2,I,B81,B89,B88,3,8,6
2018-01-13,3,I,B90,B89,B88,1,1,4
2018-01-15,0,I,B61,B67,B63,3,2,4
2018-01-15,1,I,B65,B68,B60,6,2,3
2018-01-15,2,I,B81,B86,B88,2,1,9
2018-01-15,3,I,B79,B86,B80,2,3,1
2018-01-16,0,I,B66,B62,B71,7,2,4
2018-01-16,1,I,B63,B60,B71,1,3,8
2018-01-16,2,I,B84,B82,B87,7,1,1
2018-01-16,3,I,B78,B85,B87,5,7,9
2018-01-17,0,I,B64,B68,B61,6,0,4
2018-01-17,1,I,B68,B63,B66,4,3,8
2018-01-17,2,I,B88,B89,B79,6,8,7
2018-01-17,3,I,B90,B86,B79,4,6,9
2018-01-18,0,I,B71,B60,B63,9,3,6
2018-01-18,1,I,B62,B67,B70,6,1,8
2018-01-18,2,I,B88,B87,B85,5,5,3
2018-01-18,3,I,B90,B89,B84,8,7,6
2018-01-19,0,I,B61,B60,B65,4,9,1
2018-01-19,1,I,B69,B66,B61,0,1,3
2018-01-19,2,I,B84,B78,B79,2,2,8
2018-01-19,3,I,B89,B80,B78,2,3,0
2018-01-20,0,I,B64,B65,B68,0,2,7
2018-01-20,1,I,B62,B71,B68,8,7,0
2018-01-20,2,I,B87,B79,B80,6,9,4
2018-01-20,3,I,B79,B86,B78,7,6,1
2018-01-22,0,I,B62,B69,B61,5,7,2
2018-01-22,1,I,B69,B70,B67,2,7,2
2018-01-22,2,I,B87,B89,B85,9,3,8
2018-01-22,3,I,B83,B90,B81,1,3,2
2018-01-23,0,I,B71,B63,B64,1,5,1
2018-01-23,1,I,B61,B64,B68,4,7,0
2018-01-23,2,I,B86,B85,B90,1,4,2
2018-01-23,3,I,B89,B78,B86,1,6,8
2018-01-24,0,I,B66,B65,B63,8,3,8
2018-01-24,1,I,B70,B66,B60,8,8,4
2018-01-24,2,I,B82,B86,B90,3,0,8
2018-01-24,3,I,B90,B86,B88,6,1,9
2018-01-25,0,I,B61,B63,B64,3,2,2
2018-01-25,1,I,B68,B61,B60,5,7,2
2018-01-25,2,I,B85,B87,B88,9,1,9
2018-01-25,3,I,B89,B79,B82,4,9,8
2018-01-26,0,I,B63,B61,B70,6,1,8
2018-01-26,1,I,B62,B60,B67,6,6,8
2018-01-26,2,I,B87,B82,B78,4,4,4
2018-01-26,3,I,B87,B88,B81,0,4,5
2018-01-27,0,I,B62,B61,B60,0,3,0
2018-01-27,1,I,B65,B69,B60,2,5,0
2018-01-27,2,I,B78,B79,B88,0,2,5
2018-01-27,3,I,B81,B88,B82,2,4,5
2018-01-29,0,I,B68,B71,B62,8,2,1
2018-01-29,1,I,B66,B63,B62,2,0,8
2018-01-29,2,I,B87,B81,B83,0,9,2
2018-01-29,3,I,B84,B80,B86,2,9,7
2018-01-30,0,I,B61,B65,B71,9,8,9
2018-01-30,1,I,B68,B69,B70,8,6,4
2018-01-30,2,I,B80,B78,B82,8,2,9
2018-01-30,3,I,B80,B81,B85,7,8,9
2018-01-31,0,I,B61,B63,B65,8,4,7
2018-01-31,1,I,B68,B70,B60,7,8,2
2018-01-31,2,I,B86,B81,B85,3,3,5
2018-01-31,3,I,B78,B88,B86,1,6,2
2018-02-01,0,J,B69,B67,B65,3,5,6
2018-02-01,1,J,B67,B60,B71,3,5,2
2018-02-01,2,J,B82,B78,B80,3,8,5
2018-02-01,3,J,B83,B85,B87,4,8,9
2018-02-02,0,J,B64,B66,B63,2,8,4
2018-02-02,1,J,B71,B64,B66,1,9,5
2018-02-02,2,J,B82,B81,B80,9,4,1
2018-02-02,3,J,B87,B88,B86,4,7,7
2018-02-03,0,J,B68,B62,B63,7,4,7
2018-02-03,1,J,B61,B70,B71,5,8,9
2018-02-03,2,J,B88,B87,B86,8,4,6
2018-02-03,3,J,B87,B82,B88,6,1,6
2018-02-05,0,J,B61,B66,B69,4,8,3
2018-02-05,1,J,B68,B65,B60,7,2,7
2018-02-05,2,J,B87,B90,B83,4,7,2
2018-02-05,3,J,B86,B81,B87,0,2,3
2018-02-06,0,J,B71,B66,B69,6,7,7
2018-02-06,1,J,B60,B65,B71,8,7,1
2018-02-06,2,J,B78,B82,B87,0,1,7
2018-02-06,3,J,B78,B86,B79,3,7,7
2018-02-07,0,J,B69,B61,B63,0,4,3
2018-02-07,1,J,B68,B69,B61,0,4,5
2018-02-07,2,J,B90,B83,B81,6,8,3
2018-02-07,3,J,B89,B83,B88,4,1,2
2018-02-08,0,J,B61,B62,B67,1,2,1
2018-02-08,1,J,B70,B63,B71,3,2,1
2018-02-08,2,J,B88,B84,B83,6,4,5
2018-02-08,3,J,B79,B82,B78,2,5,9
2018-02-09,0,J,B67,B61,B65,5,9,7
2018-02-09,1,J,B71,B68,B60,9,4,1
2018-02-09,2,J,B85,B87,B86,1,8,4
2018-02-09,3,J,B89,B78,B83,3,1,2
2018-02-10,0,J,B65,B60,B62,5,2,3
2018-02-10,1,J,B66,B64,B61,1,1,8
2018-02-10,2,J,B79,B85,B80,1,1,4
2018-02-10,3,J,B88,B87,B82,1,2,5
2018-02-12,0,J,B63,B67,B64,1,2,0
2018-02-12,1,J,B60,B68,B69,8,3,2
2018-02-12,2,J,B84,B78,B85,1,8,7
2018-02-12,3,J,B84,B79,B78,8,1,1
2018-02-13,0,J,B61,B62,B63,2,4,0
2018-02-13,1,J,B68,B63,B67,2,7,1
2018-02-13,2,J,B78,B86,B85,1,6,1
2018-02-13,3,J,B80,B79,B78,8,2,0
2018-02-14,0,J,B61,B70,B66,2,9,9
2018-02-14,1,J,B65,B68,B64,2,8,4
2018-02-14,2,J,B78,B83,B90,2,3,0
2018-02-14,3,J,B89,B90,B82,6,1,2
2018-02-15,0,J,B61,B67,B70,1,5,8
2018-02-15,1,J,B67,B60,B65,0,4,5
2018-02-15,2,J,B90,B84,B86,2,9,6
2018-02-15,3,J,B82,B90,B81,4,4,4
2018-02-16,0,J,B64,B60,B62,7,6,9
2018-02-16,1,J,B64,B60,B66,1,2,4
2018-02-16,2,J,B90,B85,B89,8,8,2
2018-02-16,3,J,B80,B84,B83,6,6,4
2018-02-17,0,J,B64,B63,B66,2,4,6
2018-02-17,1,J,B61,B68,B64,8,2,6
2018-02-17,2,J,B90,B84,B88,7,7,8
2018-02-17,3,J,B90,B80,B82,3,4,2
2018-02-19,0,J,B70,B65,B61,5,7,2
2018-02-19,1,J,B66,B63,B62,2,2,6
2018-02-19,2,J,B84,B86,B82,8,3,1
2018-02-19,3,J,B83,B81,B88,5,8,8
2018-02-20,0,J,B63,B67,B60,4,5,7
2018-02-20,1,J,B69,B71,B65,8,6,6
2018-02-20,2,J,B85,B79,B89,5,9,0
2018-02-20,3,J,B88,B86,B79,1,1,4
2018-02-21,0,J,B60,B70,B66,7,3,5
2018-02-21,1,J,B67,B69,B68,3,3,4
2018-02-21,2,J,B87,B79,B90,0,4,9
2018-02-21,3,J,B79,B85,B87,8,3,1
2018-02-22,0,J,B64,B60,B61,4,5,1
2018-02-22,1,J,B66,B61,B62,8,8,3
2018-02-22,2,J,B82,B88,B85,8,5,4
2018-02-22,3,J,B88,B90,B85,4,8,7
2018-02-23,0,J,B65,B66,B71,9,2,8
2018-02-23,1,J,B68,B60,B63,5,3,4
2018-02-23,2,J,B88,B79,B81,5,3,2
2018-02-23,3,J,B83,B87,B84,8,6,3
2018-02-24,0,J,B68,B67,B70,2,5,1
2018-02-24,1,J,B60,B65,B69,9,3,1
2018-02-24,2,J,B82,B81,B80,8,3,9
2018-02-24,3,J,B81,B86,B80,7,8,7
2018-02-26,0,J,B66,B64,B67,1,2,7
2018-02-26,1,J,B63,B60,B71,4,8,2
2018-02-26,2,J,B82,B87,B89,0,0,3
2018-02-26,3,J,B79,B87,B80,2,6,5
2018-02-27,0,J,B62,B63,B70,7,5,8
2018-02-27,1,J,B70,B68,B67,0,5,2
2018-02-27,2,J,B87,B85,B79,1,5,1
2018-02-27,3,J,B78,B79,B89,0,5,3
2018-02-28,0,J,B70,B63,B68,2,2,9
2018-02-28,1,J,B64,B65,B68,9,3,3
2018-02-28,2,J,B84,B83,B85,8,4,8
2018-02-28,3,J,B80,B79,B84,1,1,9
2018-03-01,0,K,B68,B71,B64,4,2,6
2018-03-01,1,K,B68,B62,B63,6,2,6
2018-03-01,2,K,B78,B82,B83,5,5,2
2018-03-01,3,K,B79,B84,B81,3,8,0
2018-03-02,0,K,B69,B65,B61,3,5,3
2018-03-02,1,K,B69,B68,B60,1,6,8
2018-03-02,2,K,B78,B90,B80,8,6,6
2018-03-02,3,K,B89,B86,B82,2,1,8
2018-03-03,0,K,B60,B69,B67,3,5,3
2018-03-03,1,K,B65,B68,B66,6,6,8
2018-03-03,2,K,B86,B88,B89,4,8,8
2018-03-03,3,K,B81,B79,B85,8,2,6
2018-03-05,0,K,B70,B64,B66,7,3,5
2018-03-05,1,K,B71,B63,B60,4,1,1
2018-03-05,2,K,B86,B85,B81,9,7,8
2018-03-05,3,K,B78,B86,B85,8,8,3
2018-03-06,0,K,B60,B61,B65,5,0,7
2018-03-06,1,K,B60,B62,B68,7,8,3
2018-03-06,2,K,B80,B88,B83,1,7,3
2018-03-06,3,K,B89,B84,B86,2,5,4
2018-03-07,0,K,B69,B65,B68,0,6,3
2018-03-07,1,K,B60,B69,B68,2,5,5
2018-03-07,2,K,B85,B87,B80,4,8,9
2018-03-07,3,K,B82,B90,B87,1,3,5
2018-03-08,0,K,B71,B64,B63,6,5,3
2018-03-08,1,K,B60,B61,B70,2,2,8
2018-03-08,2,K,B87,B88,B86,8,1,6
2018-03-08,3,K,B78,B88,B81,0,0,9
2018-03-09,0,K,B66,B68,B71,7,7,9
2018-03-09,1,K,B70,B65,B61,8,4,7
2018-03-09,2,K,B84,B83,B82,2,7,0
2018-03-09,3,K,B86,B82,B79,4,4,0
2018-03-10,0,K,B68,B65,B67,9,9,0
2018-03-10,1,K,B69,B64,B60,0,3,7
2018-03-10,2,K,B81,B86,B79,6,3,5
2018-03-10,3,K,B90,B88,B85,0,8,8
2018-03-12,0,K,B60,B69,B64,7,3,3
2018-03-12,1,K,B68,B62,B65,1,0,7
2018-03-12,2,K,B87,B86,B78,4,5,1
2018-03-12,3,K,B81,B82,B83,5,0,0
2018-03-13,0,K,B68,B65,B63,3,7,6
2018-03-13,1,K,B64,B65,B63,8,2,8
2018-03-13,2,K,B80,B85,B81,4,8,6
2018-03-13,3,K,B82,B90,B86,4,0,4
2018-03-14,0,K,B67,B60,B64,5,6,9
2018-03-14,1,K,B69,B70,B71,3,7,4
2018-03-14,2,K,B89,B78,B82,4,3,1
2018-03-14,3,K,B78,B82,B84,4,3,1
2018-03-15,0,K,B64,B61,B71,6,5,9
2018-03-15,1,K,B69,B63,B71,5,8,3
2018-03-15,2,K,B90,B88,B79,8,8,9
2018-03-15,3,K,B86,B85,B81,7,9,0
2018-03-16,0,K,B67,B71,B70,8,9,6
2018-03-16,1,K,B65,B66,B67,3,3,1
2018-03-16,2,K,B89,B82,B88,4,4,3
2018-03-16,3,K,B79,B90,B82,7,7,3
2018-03-17,0,K,B62,B69,B64,6,7,6
2018-03-17,1,K,B70,B64,B67,4,2,5
2018-03-17,2,K,B87,B78,B89,9,7,1
2018-03-17,3,K,B88,B81,B82,9,4,9
2018-03-19,0,K,B66,B60,B61,0,0,2
2018-03-19,1,K,B63,B65,B60,7,4,3
2018-03-19,2,K,B83,B78,B85,5,8,8
2018-03-19,3,K,B86,B78,B85,2,9,7
2018-03-20,0,K,B67,B71,B68,4,6,6
2018-03-20,1,K,B70,B69,B71,9,5,0
2018-03-20,2,K,B88,B84,B83,6,3,0
2018-03-20,3,K,B86,B88,B89,1,6,9
2018-03-21,0,K,B60,B70,B68,1,1,2
2018-03-21,1,K,B69,B68,B63,1,3,2
2018-03-21,2,K,B85,B80,B81,4,4,8
2018-03-21,3,K,B86,B82,B87,2,0,7
2018-03-22,0,K,B70,B63,B69,6,2,8
2018-03-22,1,K,B71,B68,B63,7,6,2
2018-03-22,2,K,B81,B88,B85,2,6,3
2018-03-22,3,K,B82,B88,B81,9,1,7
2018-03-23,0,K,B63,B61,B71,3,4,2
2018-03-23,1,K,B69,B70,B67,3,4,0
2018-03-23,2,K,B80,B87,B82,0,2,9
2018-03-23,3,K,B81,B87,B80,0,7,6
2018-03-24,0,K,B67,B63,B68,0,3,4
2018-03-24,1,K,B68,B60,B65,4,4,6
2018-03-24,2,K,B90,B89,B86,1,7,9
2018-03-24,3,K,B86,B80,B88,4,5,3
2018-03-26,0,K,B64,B66,B61,5,0,4
2018-03-26,1,K,B64,B71,B60,4,9,4
2018-03-26,2,K,B81,B78,B86,6,5,0
2018-03-26,3,K,B87,B84,B85,3,3,9
2018-03-27,0,K,B61,B64,B68,5,8,4
2018-03-27,1,K,B62,B67,B70,9,0,4
2018-03-27,2,K,B86,B84,B88,3,1,7
2018-03-27,3,K,B82,B88,B83,3,4,4
2018-03-28,0,K,B69,B66,B68,3,0,3
2018-03-28,1,K,B68,B62,B63,6,8,2
2018-03-28,2,K,B79,B90,B85,4,7,9
2018-03-28,3,K,B81,B78,B86,8,9,3
2018-03-29,0,K,B69,B64,B66,0,3,7
2018-03-29,1,K,B65,B67,B61,1,8,8
2018-03-29,2,K,B78,B90,B89,0,9,9
2018-03-29,3,K,B80,B83,B89,8,9,6
2018-03-30,0,K,B64,B70,B67,5,2,5
2018-03-30,1,K,B71,B60,B64,1,0,8
2018-03-30,2,K,B79,B90,B82,4,9,8
2018-03-30,3,K,B88,B90,B86,3,5,7
2018-03-31,0,K,B71,B61,B69,6,2,4
2018-03-31,1,K,B69,B70,B71,9,2,6
2018-03-31,2,K,B89,B90,B82,9,5,5
2018-03-31,3,K,B79,B89,B87,5,0,4
2018-04-02,0,G,B69,B71,B66,8,2,6
2018-04-02,1,G,B69,B60,B66,9,8,7
2018-04-02,2,G,B89,B78,B79,2,3,3
2018-04-02,3,G,B80,B83,B88,9,8,2
2018-04-03,0,G,B65,B69,B60,3,8,4
2018-04-03,1,G,B63,B70,B60,5,6,1
2018-04-03,2,G,B81,B90,B88,7,2,6
2018-04-03,3,G,B79,B84,B86,5,9,3
2018-04-04,0,G,B65,B64,B70,0,4,8
2018-04-04,1,G,B63,B71,B69,6,0,1
2018-04-04,2,G,B81,B82,B89,3,1,4
2018-04-04,3,G,B81,B90,B78,8,1,3
2018-04-05,0,G,B62,B61,B71,2,2,2
2018-04-05,1,G,B70,B67,B64,0,2,1
2018-04-05,2,G,B81,B78,B90,6,6,2
2018-04-05,3,G,B86,B85,B89,5,9,6
2018-04-06,0,G,B65,B68,B63,3,9,7
2018-04-06,1,G,B65,B61,B63,2,8,8
2018-04-06,2,G,B84,B87,B80,1,0,0
2018-04-06,3,G,B81,B78,B85,9,9,7
2018-04-07,0,G,B70,B66,B64,6,6,2
2018-04-07,1,G,B65,B63,B61,7,5,3
2018-04-07,2,G,B80,B90,B82,4,1,1
2018-04-07,3,G,B78,B81,B83,5,8,1
2018-04-09,0,G,B64,B61,B67,9,5,3
2018-04-09,1,G,B64,B63,B62,3,6,1
2018-04-09,2,G,B85,B84,B80,8,0,8
2018-04-09,3,G,B78,B84,B80,1,5,8
2018-04-10,0,G,B71,B63,B64,4,9,0
2018-04-10,1,G,B70,B61,B60,4,5,1
2018-04-10,2,G,B79,B81,B89,1,7,8
2018-04-10,3,G,B88,B85,B90,2,0,7
2018-04-11,0,G,B64,B61,B69,1,3,7
2018-04-11,1,G,B65,B60,B62,5,4,4
2018-04-11,2,G,B84,B80,B79,7,7,7
2018-04-11,3,G,B82,B84,B81,5,7,1
2018-04-12,0,G,B61,B62,B65,0,9,8
2018-04-12,1,G,B63,B68,B64,5,8,8
2018-04-12,2,G,B86,B78,B84,5,9,6
2018-04-12,3,G,B85,B86,B80,8,1,0
2018-04-13,0,G,B64,B67,B65,4,0,4
2018-04-13,1,G,B69,B65,B66,9,1,7
2018-04-13,2,G,B83,B79,B88,0,3,8
2018-04-13,3,G,B79,B87,B83,2,5,1
2018-04-14,0,G,B63,B62,B64,1,4,2
2018-04-14,1,G,B62,B71,B63,9,5,0
2018-04-14,2,G,B82,B81,B87,8,3,5
2018-04-14,3,G,B81,B79,B85,4,7,1
2018-04-16,0,G,B67,B65,B62,4,4,8
2018-04-16,1,G,B71,B67,B66,8,6,8
2018-04-16,2,G,B88,B83,B86,1,4,1
2018-04-16,3,G,B83,B81,B78,6,7,3
2018-04-17,0,G,B69,B70,B65,9,0,6
2018-04-17,1,G,B62,B70,B67,8,3,0
2018-04-17,2,G,B87,B79,B84,4,3,8
2018-04-17,3,G,B90,B82,B87,4,7,8
2018-04-18,0,G,B64,B62,B71,0,8,2
2018-04-18,1,G,B65,B60,B63,5,7,7
2018-04-18,2,G,B87,B85,B86,8,8,2
2018-04-18,3,G,B82,B78,B84,2,4,5
2018-04-19,0,G,B63,B62,B70,8,5,8
2018-04-19,1,G,B66,B71,B68,8,3,8
2018-04-19,2,G,B89,B86,B79,8,8,1
2018-04-19,3,G,B82,B87,B88,9,0,9
2018-04-20,0,G,B62,B71,B69,6,2,8
2018-04-20,1,G,B62,B70,B71,4,3,0
2018-04-20,2,G,B88,B82,B84,3,5,5
2018-04-20,3,G,B84,B80,B90,9,8,3
2018-04-21,0,G,B70,B60,B71,8,2,8
2018-04-21,1,G,B65,B70,B64,4,9,3
2018-04-21,2,G,B89,B87,B79,2,7,3
2018-04-21,3,G,B85,B87,B79,2,8,0
2018-04-23,0,G,B60,B70,B69,4,2,5
2018-04-23,1,G,B63,B68,B69,3,2,1
2018-04-23,2,G,B81,B87,B84,7,1,2
2018-04-23,3,G,B87,B85,B88,5,0,7
2018-04-24,0,G,B64,B68,B63,2,3,7
2018-04-24,1,G,B63,B66,B61,9,0,1
2018-04-24,2,G,B81,B88,B80,8,6,8
2018-04-24,3,G,B85,B87,B89,8,2,8
2018-04-25,0,G,B67,B71,B61,2,6,1
2018-04-25,1,G,B71,B68,B64,2,5,8
2018-04-25,2,G,B82,B84,B83,3,0,6
2018-04-25,3,G,B84,B86,B89,7,5,3
2018-04-26,0,G,B69,B63,B66,5,6,5
2018-04-26,1,G,B71,B70,B65,5,9,0
2018-04-26,2,G,B79,B85,B88,0,8,6
2018-04-26,3,G,B85,B78,B84,5,6,0
2018-04-27,0,G,B71,B63,B62,2,7,9
2018-04-27,1,G,B65,B60,B68,7,1,3
2018-04-27,2,G,B87,B85,B90,7,0,7
2018-04-27,3,G,B85,B83,B81,4,7,5
2018-04-28,0,G,B68,B65,B67,2,4,3
2018-04-28,1,G,B61,B69,B71,1,3,5
2018-04-28,2,G,B81,B80,B79,4,8,0
2018-04-28,3,G,B83,B90,B86,1,9,5
2018-04-30,0,G,B65,B68,B69,3,0,8
2018-04-30,1,G,B62,B64,B65,5,0,5
2018-04-30,2,G,B87,B90,B78,4,2,4
2018-04-30,3,G,B79,B81,B84,4,2,7
2018-05-01,0,H,B71,B68,B69,7,1,1
2018-05-01,1,H,B63,B62,B71,3,5,3
2018-05-01,2,H,B86,B81,B85,5,9,3
2018-05-01,3,H,B81,B84,B83,5,6,8
2018-05-02,0,H,B64,B69,B71,1,9,0
2018-05-02,1,H,B62,B67,B66,9,5,0
2018-05-02,2,H,B79,B89,B78,6,1,7
2018-05-02,3,H,B89,B87,B81,8,2,3
2018-05-03,0,H,B64,B70,B61,4,1,4
2018-05-03,1,H,B63,B67,B60,5,9,1
2018-05-03,2,H,B86,B83,B79,2,9,7
2018-05-03,3,H,B79,B87,B81,9,0,7
2018-05-04,0,H,B65,B69,B67,9,0,8
2018-05-04,1,H,B68,B71,B65,3,8,8
2018-05-04,2,H,B79,B83,B84,9,7,1
2018-05-04,3,H,B81,B90,B82,2,4,7
2018-05-05,0,H,B60,B63,B65,4,7,9
2018-05-05,1,H,B68,B61,B65,8,2,3
2018-05-05,2,H,B86,B87,B83,0,2,7
2018-05-05,3,H,B85,B82,B81,6,5,3
2018-05-07,0,H,B69,B70,B68,4,6,1
2018-05-07,1,H,B69,B67,B71,9,0,0
2018-05-07,2,H,B83,B87,B86,0,4,1
2018-05-07,3,H,B89,B88,B85,8,6,4
2018-05-08,0,H,B60,B69,B61,5,9,4
2018-05-08,1,H,B70,B69,B62,4,9,0
2018-05-08,2,H,B89,B87,B78,0,1,7
2018-05-08,3,H,B84,B80,B83,5,9,9
2018-05-09,0,H,B69,B60,B68,3,8,6
2018-05-09,1,H,B62,B70,B64,7,5,1
2018-05-09,2,H,B80,B82,B83,7,4,6
2018-05-09,3,H,B78,B82,B86,4,0,3
2018-05-10,0,H,B65,B69,B60,1,8,0
2018-05-10,1,H,B62,B71,B63,8,4,3
2018-05-10,2,H,B87,B78,B79,3,9,8
2018-05-10,3,H,B82,B86,B89,6,2,5
2018-05-11,0,H,B64,B62,B69,3,7,1
2018-05-11,1,H,B63,B64,B69,8,7,7
2018-05-11,2,H,B86,B80,B79,3,7,7
2018-05-11,3,H,B79,B80,B78,4,8,1
2018-05-12,0,H,B69,B67,B62,3,3,8
2018-05-12,1,H,B63,B69,B70,5,8,1
2018-05-12,2,H,B85,B89,B87,5,7,0
2018-05-12,3,H,B82,B83,B78,3,7,5
2018-05-14,0,H,B61,B62,B71,1,2,6
2018-05-14,1,H,B71,B60,B61,0,8,2
2018-05-14,2,H,B90,B84,B86,2,0,4
2018-05-14,3,H,B86,B87,B85,8,0,3
2018-05-15,0,H,B67,B63,B60,4,4,6
2018-05-15,1,H,B67,B69,B60,1,0,4
2018-05-15,2,H,B87,B88,B80,2,0,9
2018-05-15,3,H,B87,B79,B81,6,5,7
2018-05-16,0,H,B71,B68,B60,2,6,1
2018-05-16,1,H,B69,B62,B63,2,9,5
2018-05-16,2,H,B83,B88,B86,5,5,1
2018-05-16,3,H,B88,B87,B84,2,1,7
2018-05-17,0,H,B64,B70,B60,2,1,7
2018-05-17,1,H,B70,B60,B66,8,3,9
2018-05-17,2,H,B81,B89,B82,2,2,8
2018-05-17,3,H,B79,B82,B86,0,9,8
2018-05-18,0,H,B65,B61,B71,7,1,9
2018-05-18,1,H,B69,B70,B61,3,1,5
2018-05-18,2,H,B83,B82,B89,8,0,2
2018-05-18,3,H,B88,B80,B84,6,0,6
2018-05-19,0,H,B62,B65,B61,1,9,4
2018-05-19,1,H,B67,B64,B68,1,8,4
2018-05-19,2,H,B88,B78,B83,3,3,3
2018-05-19,3,H,B90,B81,B80,3,8,0
2018-05-21,0,H,B65,B64,B60,0,7,6
2018-05-21,1,H,B60,B62,B61,4,0,3
2018-05-21,2,H,B83,B79,B81,8,9,9
2018-05-21,3,H,B79,B78,B83,1,5,4
2018-05-22,0,H,B67,B69,B71,3,9,5
2018-05-22,1,H,B68,B65,B67,7,3,8
2018-05-22,2,H,B88,B82,B90,6,0,0
2018-05-22,3,H,B81,B80,B85,6,3,4
2018-05-23,0,H,B60,B70,B61,8,8,7
2018-05-23,1,H,B63,B67,B69,6,4,9
2018-05-23,2,H,B89,B80,B84,7,1,1
2018-05-23,3,H,B87,B84,B90,9,1,8
2018-05-24,0,H,B64,B61,B70,0,8,3
2018-05-24,1,H,B70,B69,B60,4,1,2
2018-05-24,2,H,B81,B83,B86,3,8,1
2018-05-24,3,H,B89,B87,B86,0,4,6
2018-05-25,0,H,B69,B64,B68,6,8,7
2018-05-25,1,H,B62,B60,B65,7,5,9
2018-05-25,2,H,B81,B85,B89,3,5,9
2018-05-25,3,H,B84,B85,B81,5,1,6
2018-05-26,0,H,B60,B62,B65,5,3,3
2018-05-26,1,H,B64,B63,B66,2,5,3
2018-05-26,2,H,B87,B90,B80,1,5,8
2018-05-26,3,H,B86,B87,B80,6,1,5
2018-05-28,0,H,B66,B61,B69,5,8,3
2018-05-28,1,H,B66,B70,B60,9,6,7
2018-05-28,2,H,B78,B82,B84,9,5,8
2018-05-28,3,H,B85,B80,B84,4,2,5
2018-05-29,0,H,B60,B63,B65,3,2,5
2018-05-29,1,H,B69,B63,B62,3,5,8
2018-05-29,2,H,B83,B84,B78,6,5,0
2018-05-29,3,H,B80,B79,B84,3,7,4
2018-05-30,0,H,B69,B71,B65,2,9,8
2018-05-30,1,H,B71,B64,B68,3,6,5
2018-05-30,2,H,B79,B88,B81,0,2,5
2018-05-30,3,H,B88,B83,B79,5,3,6
2018-05-31,0,H,B68,B66,B70,9,7,4
2018-05-31,1,H,B71,B61,B62,6,0,3
2018-05-31,2,H,B89,B82,B86,2,5,6
2018-05-31,3,H,B90,B86,B84,4,1,0
2018-06-01,0,I,B61,B68,B66,5,5,1
2018-06-01,1,I,B61,B62,B64,1,8,6
2018-06-01,2,I,B80,B84,B87,0,0,3
2018-06-01,3,I,B79,B81,B80,4,7,7
2018-06-02,0,I,B60,B68,B66,5,1,2
2018-06-02,1,I,B67,B69,B60,8,7,2
2018-06-02,2,I,B88,B84,B90,1,6,6
2018-06-02,3,I,B81,B83,B85,2,0,7
2018-06-04,0,I,B63,B62,B71,7,6,4
2018-06-04,1,I,B62,B68,B65,6,1,4
2018-06-04,2,I,B78,B80,B84,8,8,1
2018-06-04,3,I,B87,B79,B78,3,2,2
2018-06-05,0,I,B69,B66,B61,2,0,4
2018-06-05,1,I,B70,B60,B71,8,9,8
2018-06-05,2,I,B84,B87,B83,0,3,2
2018-06-05,3,I,B89,B86,B78,1,8,5
2018-06-06,0,I,B64,B69,B68,5,9,1
2018-06-06,1,I,B66,B64,B67,5,7,7
2018-06-06,2,I,B89,B87,B78,7,5,4
2018-06-06,3,I,B84,B79,B86,0,2,3
2018-06-07,0,I,B60,B68,B69,5,2,5
2018-06-07,1,I,B70,B67,B65,0,5,7
2018-06-07,2,I,B89,B79,B85,4,3,0
2018-06-07,3,I,B86,B80,B83,2,7,1
2018-06-08,0,I,B68,B63,B71,1,4,2
2018-06-08,1,I,B68,B66,B67,3,5,3
2018-06-08,2,I,B81,B80,B82,2,2,0
2018-06-08,3,I,B88,B87,B78,7,0,2
2018-06-09,0,I,B71,B66,B60,3,1,1
2018-06-09,1,I,B65,B63,B60,1,7,3
2018-06-09,2,I,B80,B79,B87,5,5,8
2018-06-09,3,I,B81,B79,B89,6,0,0
2018-06-11,0,I,B63,B70,B64,7,7,5
2018-06-11,1,I,B70,B63,B71,8,9,4
2018-06-11,2,I,B79,B88,B84,6,6,1
2018-06-11,3,I,B83,B85,B89,7,3,6
2018-06-12,0,I,B62,B61,B70,0,9,1
2018-06-12,1,I,B69,B64,B70,1,2,4
2018-06-12,2,I,B89,B90,B82,7,4,7
2018-06-12,3,I,B89,B86,B82,3,6,5
2018-06-13,0,I,B63,B69,B67,2,3,4
2018-06-13,1,I,B67,B68,B71,5,8,9
2018-06-13,2,I,B88,B78,B79,4,9,8
2018-06-13,3,I,B82,B87,B88,7,3,2
2018-06-14,0,I,B62,B69,B66,8,2,8
2018-06-14,1,I,B66,B65,B70,9,5,8
2018-06-14,2,I,B84,B87,B81,6,3,9
2018-06-14,3,I,B90,B88,B78,8,3,4
2018-06-15,0,I,B70,B61,B71,9,1,7
2018-06-15,1,I,B71,B69,B66,3,0,2
2018-06-15,2,I,B78,B87,B85,0,4,9
2018-06-15,3,I,B88,B87,B78,8,6,7
2018-06-16,0,I,B71,B70,B68,8,9,8
2018-06-16,1,I,B64,B63,B61,3,6,4
2018-06-16,2,I,B78,B86,B87,5,6,2
2018-06-16,3,I,B89,B86,B87,5,2,4
2018-06-18,0,I,B60,B68,B62,2,3,7
2018-06-18,1,I,B63,B60,B69,4,3,2
2018-06-18,2,I,B90,B84,B83,6,5,3
2018-06-18,3,I,B87,B86,B88,0,7,3
2018-06-19,0,I,B60,B67,B66,8,6,3
2018-06-19,1,I,B70,B67,B63,5,8,4
2018-06-19,2,I,B80,B90,B89,0,1,2
2018-06-19,3,I,B87,B89,B84,0,6,7
2018-06-20,0,I,B62,B68,B64,3,7,6
2018-06-20,1,I,B68,B70,B67,1,9,6
2018-06-20,2,I,B88,B89,B87,2,2,4
2018-06-20,3,I,B80,B78,B81,4,2,0
2018-06-21,0,I,B61,B69,B68,2,8,9
2018-06-21,1,I,B61,B60,B68,1,0,2
2018-06-21,2,I,B82,B81,B89,4,7,0
2018-06-21,3,I,B85,B87,B83,6,0,5
2018-06-22,0,I,B61,B70,B68,7,5,5
2018-06-22,1,I,B62,B64,B63,9,7,4
2018-06-22,2,I,B81,B86,B88,9,5,9
2018-06-22,3,I,B78,B86,B87,0,5,2
2018-06-23,0,I,B66,B63,B62,6,0,4
2018-06-23,1,I,B63,B69,B61,5,5,4
2018-06-23,2,I,B84,B79,B88,7,7,3
2018-06-23,3,I,B84,B86,B80,2,9,7
2018-06-25,0,I,B71,B68,B62,0,7,0
2018-06-25,1,I,B64,B68,B63,9,5,0
2018-06-25,2,I,B83,B87,B88,7,8,9
2018-06-25,3,I,B85,B78,B82,3,5,2
2018-06-26,0,I,B63,B61,B70,3,2,3
2018-06-26,1,I,B63,B64,B62,3,4,7
2018-06-26,2,I,B80,B87,B79,5,5,0
2018-06-26,3,I,B90,B86,B87,3,8,3
2018-06-27,0,I,B71,B61,B67,8,8,7
2018-06-27,1,I,B67,B65,B66,3,1,4
2018-06-27,2,I,B83,B87,B82,8,4,8
2018-06-27,3,I,B81,B79,B87,9,7,3
2018-06-28,0,I,B62,B66,B63,8,3,2
2018-06-28,1,I,B65,B67,B68,6,2,2
2018-06-28,2,I,B90,B88,B84,8,9,1
2018-06-28,3,I,B90,B80,B88,1,6,1
2018-06-29,0,I,B60,B71,B65,1,2,7
2018-06-29,1,I,B63,B68,B71,2,2,3
2018-06-29,2,I,B87,B84,B82,9,3,1
2018-06-29,3,I,B85,B82,B80,2,3,0
2018-06-30,0,I,B64,B62,B68,4,1,7
2018-06-30,1,I,B66,B61,B67,4,8,1
2018-06-30,2,I,B79,B87,B90,3,2,7
2018-06-30,3,I,B88,B85,B79,8,1,7
2018-07-02,0,J,B62,B69,B66,0,3,1
2018-07-02,1,J,B69,B63,B62,6,0,0
2018-07-02,2,J,B89,B84,B83,8,7,7
2018-07-02,3,J,B90,B85,B82,8,3,0
2018-07-03,0,J,B71,B70,B61,6,7,3
2018-07-03,1,J,B68,B60,B63,2,5,8
2018-07-03,2,J,B86,B90,B82,8,4,2
2018-07-03,3,J,B79,B85,B88,9,7,3
2018-07-04,0,J,B71,B60,B62,6,5,8
2018-07-04,1,J,B61,B65,B67,5,8,4
2018-07-04,2,J,B81,B89,B83,9,3,1
2018-07-04,3,J,B84,B89,B79,3,1,1
2018-07-05,0,J,B70,B62,B65,6,8,2
2018-07-05,1,J,B64,B60,B65,1,9,5
2018-07-05,2,J,B83,B78,B89,4,2,6
2018-07-05,3,J,B87,B89,B78,9,7,0
2018-07-06,0,J,B67,B60,B70,5,8,7
2018-07-06,1,J,B67,B62,B61,7,2,2
2018-07-06,2,J,B82,B78,B88,8,5,5
2018-07-06,3,J,B85,B86,B90,4,8,4
2018-07-07,0,J,B68,B67,B71,7,2,8
2018-07-07,1,J,B66,B65,B63,1,5,9
2018-07-07,2,J,B89,B79,B81,5,5,5
2018-07-07,3,J,B83,B87,B88,6,8,9
2018-07-09,0,J,B65,B63,B69,3,0,9
2018-07-09,1,J,B69,B62,B64,2,3,4
2018-07-09,2,J,B87,B80,B79,4,9,3
2018-07-09,3,J,B90,B80,B89,7,5,2
2018-07-10,0,J,B67,B68,B63,6,0,3
2018-07-10,1,J,B65,B62,B61,7,8,8
2018-07-10,2,J,B87,B89,B80,4,4,3
2018-07-10,3,J,B87,B79,B90,0,5,4
2018-07-11,0,J,B65,B61,B62,7,5,5
2018-07-11,1,J,B71,B68,B60,7,4,6
2018-07-11,2,J,B86,B88,B90,3,7,5
2018-07-11,3,J,B83,B90,B81,9,6,4
2018-07-12,0,J,B61,B65,B62,8,0,8
2018-07-12,1,J,B60,B69,B64,0,4,5
2018-07-12,2,J,B86,B85,B83,2,5,5
2018-07-12,3,J,B84,B90,B83,9,4,0
2018-07-13,0,J,B61,B71,B67,5,9,4
2018-07-13,1,J,B61,B64,B71,9,7,3
2018-07-13,2,J,B90,B88,B81,2,2,1
2018-07-13,3,J,B83,B85,B90,6,9,3
2018-07-14,0,J,B66,B69,B67,3,5,7
2018-07-14,1,J,B61,B62,B69,0,2,9
2018-07-14,2,J,B84,B86,B82,4,5,8
2018-07-14,3,J,B87,B78,B82,4,8,1
2018-07-16,0,J,B71,B69,B65,2,2,8
2018-07-16,1,J,B69,B63,B62,7,9,8
2018-07-16,2,J,B84,B78,B80,2,7,0
2018-07-16,3,J,B90,B83,B79,0,2,0
2018-07-17,0,J,B64,B62,B69,6,6,6
2018-07-17,1,J,B67,B61,B68,2,9,5
2018-07-17,2,J,B89,B90,B84,0,1,3
2018-07-17,3,J,B83,B81,B78,9,3,7
2018-07-18,0,J,B68,B62,B64,7,7,5
2018-07-18,1,J,B60,B62,B64,8,2,7
2018-07-18,2,J,B87,B82,B85,1,6,0
2018-07-18,3,J,B80,B84,B90,3,0,6
2018-07-19,0,J,B71,B62,B66,6,0,2
2018-07-19,1,J,B68,B71,B66,9,3,6
2018-07-19,2,J,B79,B80,B78,0,4,1
2018-07-19,3,J,B80,B87,B89,9,5,2
2018-07-20,0,J,B61,B69,B63,1,9,3
2018-07-20,1,J,B70,B64,B62,7,2,5
2018-07-20,2,J,B89,B87,B84,3,3,0
2018-07-20,3,J,B83,B84,B89,4,0,5
2018-07-21,0,J,B68,B60,B69,2,5,1
2018-07-21,1,J,B62,B67,B69,0,9,7
2018-07-21,2,J,B86,B82,B89,0,0,1
2018-07-21,3,J,B88,B84,B78,9,4,8
2018-07-23,0,J,B63,B66,B60,2,1,2
2018-07-23,1,J,B67,B60,B68,8,6,8
2018-07-23,2,J,B88,B90,B79,1,1,2
2018-07-23,3,J,B90,B87,B83,1,1,0
2018-07-24,0,J,B61,B67,B65,2,7,5
2018-07-24,1,J,B69,B60,B64,6,4,0
2018-07-24,2,J,B84,B79,B89,6,8,7
2018-07-24,3,J,B83,B87,B81,6,1,1
2018-07-25,0,J,B69,B61,B62,1,8,9
2018-07-25,1,J,B64,B63,B60,6,4,2
2018-07-25,2,J,B90,B89,B80,0,2,1
2018-07-25,3,J,B83,B84,B89,9,5,1
2018-07-26,0,J,B71,B64,B65,6,9,8
2018-07-26,1,J,B61,B67,B65,8,0,2
2018-07-26,2,J,B81,B90,B89,7,2,7
2018-07-26,3,J,B87,B79,B90,4,5,7
2018-07-27,0,J,B70,B66,B63,1,5,1
2018-07-27,1,J,B71,B61,B69,9,7,0
2018-07-27,2,J,B89,B83,B81,2,1,0
2018-07-27,3,J,B88,B79,B81,2,9,5
2018-07-28,0,J,B69,B61,B62,4,9,7
2018-07-28,1,J,B63,B62,B60,3,7,6
2018-07-28,2,J,B79,B87,B89,3,7,2
2018-07-28,3,J,B80,B79,B83,5,9,9
2018-07-30,0,J,B63,B70,B65,3,5,1
2018-07-30,1,J,B67,B71,B63,7,7,0
2018-07-30,2,J,B85,B84,B83,4,7,3
2018-07-30,3,J,B82,B88,B89,3,9,3
2018-07-31,0,J,B67,B66,B65,1,3,4
2018-07-31,1,J,B69,B64,B68,1,1,9
2018-07-31,2,J,B78,B83,B85,7,4,0
2018-07-31,3,J,B80,B84,B81,3,2,5
2018-08-01,0,K,B68,B62,B66,9,5,9
2018-08-01,1,K,B63,B65,B70,4,9,7
2018-08-01,2,K,B88,B81,B86,2,0,8
2018-08-01,3,K,B90,B81,B80,5,6,1
2018-08-02,0,K,B65,B61,B66,3,8,0
2018-08-02,1,K,B60,B62,B67,3,9,1
2018-08-02,2,K,B79,B82,B80,6,2,0
2018-08-02,3,K,B88,B82,B80,8,9,5
2018-08-03,0,K,B70,B62,B64,7,0,7
2018-08-03,1,K,B64,B60,B69,7,6,2
2018-08-03,2,K,B84,B78,B88,8,3,0
2018-08-03,3,K,B90,B87,B83,0,9,1
2018-08-04,0,K,B60,B68,B64,1,1,1
2018-08-04,1,K,B62,B60,B69,6,9,1
2018-08-04,2,K,B81,B87,B84,8,0,8
2018-08-04,3,K,B82,B89,B90,1,0,8
2018-08-06,0,K,B70,B64,B69,6,9,6
2018-08-06,1,K,B62,B67,B64,5,6,7
2018-08-06,2,K,B79,B88,B83,0,4,5
2018-08-06,3,K,B81,B78,B90,0,8,3
2018-08-07,0,K,B64,B70,B63,5,0,4
2018-08-07,1,K,B68,B62,B69,2,2,7
2018-08-07,2,K,B83,B90,B89,9,4,6
2018-08-07,3,K,B84,B81,B83,7,8,4
2018-08-08,0,K,B67,B70,B64,8,3,9
2018-08-08,1,K,B62,B70,B67,4,6,6
2018-08-08,2,K,B86,B90,B82,6,8,4
2018-08-08,3,K,B84,B80,B82,7,3,1
2018-08-09,0,K,B62,B64,B60,5,5,0
2018-08-09,1,K,B70,B68,B62,6,8,1
2018-08-09,2,K,B78,B81,B88,7,0,4
2018-08-09,3,K,B78,B81,B80,7,6,7
2018-08-10,0,K,B64,B60,B67,0,5,0
2018-08-10,1,K,B60,B68,B67,2,8,6
2018-08-10,2,K,B79,B85,B80,5,8,7
2018-08-10,3,K,B85,B86,B89,5,4,0
2018-08-11,0,K,B63,B64,B68,2,4,3
2018-08-11,1,K,B67,B64,B60,8,3,2
2018-08-11,2,K,B87,B82,B90,7,4,4
2018-08-11,3,K,B85,B79,B81,3,0,0
2018-08-13,0,K,B69,B67,B60,9,8,0
2018-08-13,1,K,B68,B60,B64,2,5,7
2018-08-13,2,K,B82,B89,B78,9,5,3
2018-08-13,3,K,B83,B86,B79,6,7,8
2018-08-14,0,K,B68,B67,B60,4,7,8
2018-08-14,1,K,B63,B67,B69,6,8,1
2018-08-14,2,K,B80,B78,B82,4,9,3
2018-08-14,3,K,B85,B78,B89,1,1,9
2018-08-15,0,K,B60,B63,B68,2,3,2
2018-08-15,1,K,B68,B69,B63,0,2,5
2018-08-15,2,K,B78,B84,B80,8,8,0
2018-08-15,3,K,B86,B82,B81,6,5,2
2018-08-16,0,K,B68,B60,B64,6,7,9
2018-08-16,1,K,B60,B70,B68,9,8,0
2018-08-16,2,K,B80,B82,B87,0,0,9
2018-08-16,3,K,B85,B80,B83,6,0,2
2018-08-17,0,K,B70,B63,B60,1,7,5
2018-08-17,1,K,B64,B63,B67,2,9,4
2018-08-17,2,K,B78,B81,B80,5,5,4
2018-08-17,3,K,B87,B79,B78,9,4,4
2018-08-18,0,K,B70,B62,B69,7,3,3
2018-08-18,1,K,B68,B64,B69,9,3,9
2018-08-18,2,K,B86,B83,B89,4,1,9
2018-08-18,3,K,B82,B79,B90,3,3,3
2018-08-20,0,K,B64,B69,B68,3,7,0
2018-08-20,1,K,B60,B64,B63,2,5,3
2018-08-20,2,K,B82,B90,B78,3,1,2
2018-08-20,3,K,B82,B79,B85,8,8,7
2018-08-21,0,K,B65,B66,B70,1,2,6
2018-08-21,1,K,B70,B61,B64,7,1,8
2018-08-21,2,K,B88,B85,B82,1,1,8
2018-08-21,3,K,B87,B81,B82,3,8,8
2018-08-22,0,K,B60,B65,B66,0,8,9
2018-08-22,1,K,B60,B61,B69,9,2,8
2018-08-22,2,K,B89,B88,B79,4,6,8
2018-08-22,3,K,B79,B81,B83,6,3,7
2018-08-23,0,K,B66,B63,B65,8,9,0
2018-08-23,1,K,B66,B62,B69,1,3,0
2018-08-23,2,K,B83,B78,B89,2,6,0
2018-08-23,3,K,B88,B86,B78,6,9,2
2018-08-24,0,K,B65,B67,B66,6,0,5
2018-08-24,1,K,B65,B70,B69,0,0,0
2018-08-24,2,K,B90,B89,B80,0,5,8
2018-08-24,3,K,B87,B84,B83,4,7,5
2018-08-25,0,K,B63,B69,B60,5,4,3
2018-08-25,1,K,B65,B64,B70,1,3,5
2018-08-25,2,K,B88,B80,B81,0,6,8
2018-08-25,3,K,B81,B78,B79,0,2,4
2018-08-27,0,K,B61,B67,B68,7,2,1
2018-08-27,1,K,B67,B61,B62,6,5,6
2018-08-27,2,K,B88,B89,B83,7,6,3
2018-08-27,3,K,B82,B80,B90,9,5,5
2018-08-28,0,K,B65,B64,B68,8,3,3
2018-08-28,1,K,B63,B62,B70,2,9,1
2018-08-28,2,K,B90,B87,B86,8,0,1
2018-08-28,3,K,B84,B79,B80,0,5,9
2018-08-29,0,K,B61,B69,B65,5,7,5
2018-08-29,1,K,B66,B62,B67,5,2,1
2018-08-29,2,K,B90,B87,B89,5,5,2
2018-08-29,3,K,B86,B78,B80,9,3,0
2018-08-30,0,K,B60,B63,B64,7,1,7
2018-08-30,1,K,B64,B70,B65,3,3,1
2018-08-30,2,K,B79,B90,B84,3,3,7
2018-08-30,3,K,B88,B90,B80,7,6,1
2018-08-31,0,K,B68,B62,B63,2,5,9
2018-08-31,1,K,B64,B63,B65,3,5,4
2018-08-31,2,K,B81,B80,B78,5,0,1
2018-08-31,3,K,B90,B79,B78,0,8,5
2018-09-01,0,G,B70,B61,B68,1,7,5
2018-09-01,1,G,B60,B64,B66,4,8,9
2018-09-01,2,G,B80,B78,B87,3,5,7
2018-09-01,3,G,B89,B83,B88,4,9,9
2018-09-03,0,G,B67,B69,B66,7,1,0
2018-09-03,1,G,B60,B68,B64,7,7,0
2018-09-03,2,G,B89,B90,B87,4,7,7
2018-09-03,3,G,B86,B89,B85,8,7,7
2018-09-04,0,G,B69,B70,B62,8,3,2
2018-09-04,1,G,B68,B62,B61,3,9,0
2018-09-04,2,G,B86,B87,B85,8,5,5
2018-09-04,3,G,B87,B83,B86,6,3,8
2018-09-05,0,G,B66,B65,B69,5,7,7
2018-09-05,1,G,B62,B61,B67,3,9,8
2018-09-05,2,G,B84,B88,B90,0,1,3
2018-09-05,3,G,B84,B81,B82,6,6,4
2018-09-06,0,G,B68,B67,B64,3,8,4
2018-09-06,1,G,B63,B67,B62,0,8,4
2018-09-06,2,G,B81,B86,B84,2,9,1
2018-09-06,3,G,B85,B90,B78,6,3,3
2018-09-07,0,G,B64,B69,B65,1,9,0
2018-09-07,1,G,B63,B70,B62,6,9,2
2018-09-07,2,G,B82,B88,B87,9,6,5
2018-09-07,3,G,B89,B78,B86,0,1,1
2018-09-08,0,G,B65,B61,B64,2,7,4
2018-09-08,1,G,B66,B65,B67,8,2,7
2018-09-08,2,G,B81,B80,B82,4,9,7
2018-09-08,3,G,B81,B82,B79,8,6,0
2018-09-10,0,G,B70,B64,B67,5,0,9
2018-09-10,1,G,B67,B68,B65,2,6,7
2018-09-10,2,G,B81,B78,B79,2,7,3
2018-09-10,3,G,B81,B78,B83,7,6,5
2018-09-11,0,G,B62,B60,B63,0,0,1
2018-09-11,1,G,B68,B60,B63,5,0,2
2018-09-11,2,G,B89,B85,B81,1,8,5
2018-09-11,3,G,B82,B78,B84,3,4,6
2018-09-12,0,G,B61,B70,B64,7,5,8
2018-09-12,1,G,B62,B60,B65,3,9,5
2018-09-12,2,G,B84,B82,B89,0,7,6
2018-09-12,3,G,B79,B81,B87,6,9,6
2018-09-13,0,G,B66,B64,B60,9,8,5
2018-09-13,1,G,B60,B63,B67,2,8,7
2018-09-13,2,G,B84,B85,B82,0,5,4
2018-09-13,3,G,B78,B82,B83,7,3,5
2018-09-14,0,G,B70,B62,B64,8,8,1
2018-09-14,1,G,B68,B65,B64,8,7,0
2018-09-14,2,G,B90,B79,B88,2,2,3
2018-09-14,3,G,B86,B83,B82,1,6,0
2018-09-15,0,G,B68,B62,B67,5,3,6
2018-09-15,1,G,B61,B70,B60,0,4,6
2018-09-15,2,G,B88,B90,B81,2,6,9
2018-09-15,3,G,B88,B86,B89,6,0,2
2018-09-17,0,G,B70,B66,B69,7,5,7
2018-09-17,1,G,B64,B62,B63,0,2,4
2018-09-17,2,G,B79,B78,B89,2,1,6
2018-09-17,3,G,B89,B82,B78,3,6,3
2018-09-18,0,G,B66,B63,B62,0,7,7
2018-09-18,1,G,B60,B69,B61,4,2,3
2018-09-18,2,G,B83,B90,B84,8,4,4
2018-09-18,3,G,B83,B81,B80,8,0,1
2018-09-19,0,G,B62,B65,B64,7,4,1
2018-09-19,1,G,B66,B69,B67,8,8,2
2018-09-19,2,G,B82,B89,B84,6,9,3
2018-09-19,3,G,B78,B81,B83,9,3,2
2018-09-20,0,G,B64,B65,B61,0,3,3
2018-09-20,1,G,B64,B65,B68,8,2,2
2018-09-20,2,G,B89,B85,B86,0,1,1
2018-09-20,3,G,B83,B87,B78,4,9,6
2018-09-21,0,G,B64,B63,B66,5,9,7
2018-09-21,1,G,B62,B68,B67,7,9,4
2018-09-21,2,G,B89,B82,B80,5,6,8
2018-09-21,3,G,B84,B81,B85,7,1,6
2018-09-22,0,G,B65,B61,B60,5,2,7
2018-09-22,1,G,B63,B70,B66,5,5,2
2018-09-22,2,G,B84,B87,B90,5,3,6
2018-09-22,3,G,B88,B80,B83,2,2,7
2018-09-24,0,G,B70,B64,B67,6,7,8
2018-09-24,1,G,B65,B63,B69,8,3,6
2018-09-24,2,G,B90,B80,B87,7,3,2
2018-09-24,3,G,B87,B85,B83,6,7,5
2018-09-25,0,G,B63,B65,B61,3,3,1
2018-09-25,1,G,B66,B65,B69,0,9,7
2018-09-25,2,G,B85,B78,B87,9,0,3
2018-09-25,3,G,B82,B83,B86,5,5,0
2018-09-26,0,G,B66,B69,B60,4,7,0
2018-09-26,1,G,B66,B68,B61,7,3,2
2018-09-26,2,G,B79,B86,B90,4,1,4
2018-09-26,3,G,B82,B88,B78,7,2,6
2018-09-27,0,G,B68,B62,B63,6,3,7
2018-09-27,1,G,B67,B65,B66,3,8,9
2018-09-27,2,G,B82,B86,B79,4,0,7
2018-09-27,3,G,B86,B78,B90,3,0,3
2018-09-28,0,G,B64,B63,B60,9,6,4
2018-09-28,1,G,B61,B69,B64,0,1,8
2018-09-28,2,G,B78,B90,B88,0,2,9
2018-09-28,3,G,B84,B78,B90,4,3,8
2018-09-29,0,G,B63,B64,B69,1,5,4
2018-09-29,1,G,B67,B66,B70,4,6,4
2018-09-29,2,G,B80,B86,B82,5,2,3
2018-09-29,3,G,B79,B83,B89,3,8,9
2018-10-01,0,H,B63,B68,B67,1,3,9
2018-10-01,1,H,B62,B66,B67,7,6,7
2018-10-01,2,H,B82,B80,B89,6,8,1
2018-10-01,3,H,B80,B85,B82,2,4,9
2018-10-02,0,H,B64,B63,B61,5,9,8
2018-10-02,1,H,B67,B69,B64,3,1,1
2018-10-02,2,H,B90,B87,B78,3,8,1
2018-10-02,3,H,B87,B80,B79,2,2,3
2018-10-03,0,H,B69,B65,B61,0,0,6
2018-10-03,1,H,B68,B63,B60,7,4,3
2018-10-03,2,H,B79,B85,B87,6,8,9
2018-10-03,3,H,B83,B78,B86,5,1,4
2018-10-04,0,H,B67,B70,B66,9,4,8
2018-10-04,1,H,B63,B68,B60,6,0,2
2018-10-04,2,H,B81,B88,B80,1,0,0
2018-10-04,3,H,B90,B81,B78,8,6,8
2018-10-05,0,H,B66,B63,B69,4,4,5
2018-10-05,1,H,B66,B67,B68,7,4,1
2018-10-05,2,H,B80,B87,B89,9,6,7
2018-10-05,3,H,B84,B80,B88,9,1,2
2018-10-06,0,H,B68,B67,B69,2,0,3
2018-10-06,1,H,B70,B69,B65,1,2,9
2018-10-06,2,H,B86,B88,B85,8,7,9
2018-10-06,3,H,B89,B90,B88,7,8,7
2018-10-08,0,H,B64,B70,B63,2,6,6
2018-10-08,1,H,B69,B64,B60,2,2,7
2018-10-08,2,H,B86,B83,B80,1,1,5
2018-10-08,3,H,B88,B79,B82,2,9,3
2018-10-09,0,H,B68,B61,B60,5,2,1
2018-10-09,1,H,B64,B62,B65,8,7,1
2018-10-09,2,H,B84,B82,B90,4,0,6
2018-10-09,3,H,B80,B87,B81,1,2,7
2018-10-10,0,H,B63,B64,B65,8,4,8
2018-10-10,1,H,B64,B67,B70,5,8,8
2018-10-10,2,H,B89,B80,B86,6,6,9
2018-10-10,3,H,B89,B80,B88,8,6,0
2018-10-11,0,H,B69,B62,B70,1,5,0
2018-10-11,1,H,B63,B66,B67,0,1,6
2018-10-11,2,H,B80,B82,B89,9,9,2
2018-10-11,3,H,B78,B85,B83,8,2,2
2018-10-12,0,H,B67,B64,B68,3,6,4
2018-10-12,1,H,B65,B67,B68,9,6,3
2018-10-12,2,H,B85,B88,B87,3,6,0
2018-10-12,3,H,B87,B79,B89,8,9,4
2018-10-13,0,H,B62,B69,B65,3,6,6
2018-10-13,1,H,B61,B65,B62,8,2,7
2018-10-13,2,H,B88,B89,B84,2,5,0
2018-10-13,3,H,B87,B83,B81,4,0,1
2018-10-15,0,H,B65,B66,B61,6,2,3
2018-10-15,1,H,B64,B60,B67,0,0,4
2018-10-15,2,H,B86,B84,B88,2,9,6
2018-10-15,3,H,B81,B83,B78,0,7,2
2018-10-16,0,H,B65,B62,B70,8,1,6
2018-10-16,1,H,B63,B69,B68,6,7,3
2018-10-16,2,H,B81,B83,B82,1,3,8
2018-10-16,3,H,B88,B86,B90,1,3,7
2018-10-17,0,H,B65,B69,B67,5,2,7
2018-10-17,1,H,B61,B68,B67,2,9,1
2018-10-17,2,H,B86,B82,B84,3,7,4
2018-10-17,3,H,B79,B89,B82,0,6,2
2018-10-18,0,H,B68,B60,B70,6,0,6
2018-10-18,1,H,B68,B69,B70,1,8,5
2018-10-18,2,H,B80,B89,B83,6,7,4
2018-10-18,3,H,B83,B84,B86,4,2,5
2018-10-19,0,H,B65,B63,B66,7,9,1
2018-10-19,1,H,B61,B67,B62,5,2,4
2018-10-19,2,H,B89,B87,B85,4,1,8
2018-10-19,3,H,B89,B90,B78,6,2,8
2018-10-20,0,H,B61,B66,B68,9,3,6
2018-10-20,1,H,B65,B66,B63,3,8,7
2018-10-20,2,H,B85,B80,B81,3,5,0
2018-10-20,3,H,B84,B88,B86,6,2,9
2018-10-22,0,H,B69,B67,B70,6,8,6
2018-10-22,1,H,B62,B61,B66,6,7,6
2018-10-22,2,H,B86,B83,B78,9,8,1
2018-10-22,3,H,B90,B80,B86,7,1,1
2018-10-23,0,H,B65,B66,B64,4,1,6
2018-10-23,1,H,B67,B66,B62,4,1,0
2018-10-23,2,H,B85,B89,B83,3,5,8
2018-10-23,3,H,B81,B84,B80,4,9,3
2018-10-24,0,H,B61,B63,B64,4,6,1
2018-10-24,1,H,B69,B68,B70,5,4,3
2018-10-24,2,H,B85,B87,B83,1,3,9
2018-10-24,3,H,B79,B78,B88,2,3,8
2018-10-25,0,H,B62,B61,B64,0,6,9
2018-10-25,1,H,B68,B67,B66,4,7,4
2018-10-25,2,H,B90,B84,B87,9,3,8
2018-10-25,3,H,B85,B86,B84,8,9,2
2018-10-26,0,H,B65,B69,B68,2,8,5
2018-10-26,1,H,B61,B64,B68,3,0,5
2018-10-26,2,H,B87,B90,B83,0,3,3
2018-10-26,3,H,B86,B80,B87,2,4,3
2018-10-27,0,H,B65,B68,B60,8,3,4
2018-10-27,1,H,B68,B63,B66,8,0,3
2018-10-27,2,H,B83,B79,B78,8,2,0
2018-10-27,3,H,B80,B82,B88,7,4,5
2018-10-29,0,H,B69,B62,B67,7,9,3
2018-10-29,1,H,B60,B70,B65,1,1,1
2018-10-29,2,H,B90,B84,B81,9,9,8
2018-10-29,3,H,B80,B88,B79,9,3,3
2018-10-30,0,H,B62,B70,B68,3,0,4
2018-10-30,1,H,B60,B66,B69,1,9,7
2018-10-30,2,H,B88,B83,B79,1,9,1
2018-10-30,3,H,B78,B88,B82,1,4,4
2018-10-31,0,H,B61,B68,B64,2,4,7
2018-10-31,1,H,B65,B62,B64,3,5,6
2018-10-31,2,H,B86,B87,B88,7,5,8
2018-10-31,3,H,B81,B86,B88,3,0,3
2018-11-01,0,I,B66,B60,B69,3,8,7
2018-11-01,1,I,B65,B60,B69,5,3,9
2018-11-01,2,I,B79,B83,B84,1,4,8
2018-11-01,3,I,B90,B84,B79,5,1,7
2018-11-02,0,I,B67,B63,B66,7,0,9
2018-11-02,1,I,B70,B65,B67,8,9,4
2018-11-02,2,I,B80,B78,B81,0,3,2
2018-11-02,3,I,B85,B88,B83,5,8,6
2018-11-03,0,I,B68,B66,B67,0,5,8
2018-11-03,1,I,B61,B64,B65,1,7,8
2018-11-03,2,I,B87,B83,B88,8,0,3
2018-11-03,3,I,B83,B87,B84,8,2,5
2018-11-05,0,I,B70,B63,B62,2,4,1
2018-11-05,1,I,B69,B64,B60,5,5,6
2018-11-05,2,I,B84,B86,B85,0,1,0
2018-11-05,3,I,B79,B81,B90,4,8,8
2018-11-06,0,I,B65,B68,B63,5,7,4
2018-11-06,1,I,B65,B70,B62,2,0,7
2018-11-06,2,I,B84,B80,B78,6,4,2
2018-11-06,3,I,B80,B81,B89,8,7,3
2018-11-07,0,I,B67,B61,B62,4,8,4
2018-11-07,1,I,B69,B64,B65,3,9,3
2018-11-07,2,I,B80,B83,B88,4,1,5
2018-11-07,3,I,B79,B81,B84,6,0,7
2018-11-08,0,I,B69,B63,B61,9,8,3
2018-11-08,1,I,B70,B69,B60,2,5,0
2018-11-08,2,I,B90,B84,B88,0,7,9
2018-11-08,3,I,B86,B88,B85,2,8,3
2018-11-09,0,I,B60,B66,B67,2,4,0
2018-11-09,1,I,B66,B62,B70,5,1,0
2018-11-09,2,I,B85,B90,B80,3,4,6
2018-11-09,3,I,B89,B84,B88,5,9,5
2018-11-10,0,I,B68,B67,B61,7,4,5
2018-11-10,1,I,B69,B70,B65,0,5,4
2018-11-10,2,I,B78,B79,B87,3,9,2
2018-11-10,3,I,B86,B85,B87,9,0,3
2018-11-12,0,I,B64,B65,B68,2,9,8
2018-11-12,1,I,B64,B68,B69,4,4,9
2018-11-12,2,I,B89,B86,B79,4,5,2
2018-11-12,3,I,B88,B78,B83,7,9,0
2018-11-13,0,I,B70,B63,B60,9,8,0
2018-11-13,1,I,B62,B61,B60,3,3,0
2018-11-13,2,I,B90,B85,B80,2,4,5
2018-11-13,3,I,B90,B78,B82,5,5,5
2018-11-14,0,I,B62,B66,B61,8,3,2
2018-11-14,1,I,B64,B61,B66,7,0,3
2018-11-14,2,I,B87,B78,B85,5,7,7
2018-11-14,3,I,B83,B84,B87,8,6,1
2018-11-15,0,I,B61,B67,B60,3,2,9
2018-11-15,1,I,B61,B63,B62,6,6,9
2018-11-15,2,I,B80,B86,B89,4,6,0
2018-11-15,3,I,B85,B86,B84,2,2,1
2018-11-16,0,I,B62,B68,B60,3,4,9
2018-11-16,1,I,B65,B63,B67,9,3,4
2018-11-16,2,I,B82,B81,B88,0,2,6
2018-11-16,3,I,B88,B85,B78,4,1,1
2018-11-17,0,I,B66,B65,B62,2,3,7
2018-11-17,1,I,B65,B66,B69,9,1,9
2018-11-17,2,I,B79,B80,B85,8,0,6
2018-11-17,3,I,B87,B88,B89,5,1,7
2018-11-19,0,I,B70,B61,B63,2,1,2
2018-11-19,1,I,B70,B63,B66,5,1,6
2018-11-19,2,I,B84,B90,B81,6,4,9
2018-11-19,3,I,B82,B87,B78,3,6,0
2018-11-20,0,I,B68,B60,B70,4,5,9
2018-11-20,1,I,B60,B65,B66,5,9,2
2018-11-20,2,I,B78,B79,B82,3,6,7
2018-11-20,3,I,B78,B90,B86,5,4,5
2018-11-21,0,I,B70,B68,B67,6,1,2
2018-11-21,1,I,B61,B68,B65,7,5,9
2018-11-21,2,I,B81,B89,B90,7,0,3
2018-11-21,3,I,B82,B78,B87,1,7,2
2018-11-22,0,I,B68,B63,B67,2,1,3
2018-11-22,1,I,B70,B66,B63,5,8,3
2018-11-22,2,I,B79,B90,B89,3,3,6
2018-11-22,3,I,B78,B87,B85,1,5,8
2018-11-23,0,I,B60,B70,B67,3,3,7
2018-11-23,1,I,B66,B62,B65,8,4,5
2018-11-23,2,I,B80,B83,B89,8,3,7
2018-11-23,3,I,B83,B87,B89,0,2,1
2018-11-24,0,I,B65,B69,B63,2,6,1
2018-11-24,1,I,B61,B65,B68,4,5,8
2018-11-24,2,I,B85,B83,B88,1,8,3
2018-11-24,3,I,B78,B90,B82,8,1,8
2018-11-26,0,I,B67,B68,B61,4,9,9
2018-11-26,1,I,B68,B70,B66,9,3,4
2018-11-26,2,I,B86,B89,B87,0,1,0
2018-11-26,3,I,B90,B80,B83,9,2,6
2018-11-27,0,I,B66,B65,B64,3,1,4
2018-11-27,1,I,B61,B60,B62,7,0,3
2018-11-27,2,I,B90,B89,B85,3,6,5
2018-11-27,3,I,B80,B85,B78,6,1,0
2018-11-28,0,I,B68,B64,B62,6,0,9
2018-11-28,1,I,B67,B64,B65,2,3,7
2018-11-28,2,I,B84,B90,B82,4,0,2
2018-11-28,3,I,B82,B80,B84,5,9,0
2018-11-29,0,I,B70,B61,B60,9,4,7
2018-11-29,1,I,B69,B62,B67,2,0,4
2018-11-29,2,I,B81,B82,B84,5,5,5
2018-11-29,3,I,B81,B85,B84,8,9,8
2018-11-30,0,I,B63,B60,B68,0,3,6
2018-11-30,1,I,B68,B61,B69,2,0,1
2018-11-30,2,I,B87,B78,B88,3,2,3
2018-11-30,3,I,B89,B88,B85,8,3,4
2018-12-01,0,J,B69,B66,B62,7,1,6
2018-12-01,1,J,B63,B67,B70,9,9,0
2018-12-01,2,J,B81,B89,B83,9,3,7
2018-12-01,3,J,B84,B80,B81,7,5,9
2018-12-03,0,J,B70,B66,B68,4,2,8
2018-12-03,1,J,B70,B68,B67,0,0,4
2018-12-03,2,J,B90,B88,B84,2,8,1
2018-12-03,3,J,B85,B86,B89,2,4,2
2018-12-04,0,J,B68,B70,B62,4,9,1
2018-12-04,1,J,B70,B66,B69,6,6,0
2018-12-04,2,J,B80,B86,B78,7,6,9
2018-12-04,3,J,B87,B84,B88,8,0,7
2018-12-05,0,J,B60,B65,B61,1,4,1
2018-12-05,1,J,B65,B66,B60,8,4,3
2018-12-05,2,J,B87,B85,B83,5,4,6
2018-12-05,3,J,B80,B83,B89,4,8,1
2018-12-06,0,J,B66,B68,B65,6,5,5
2018-12-06,1,J,B62,B67,B65,7,8,8
2018-12-06,2,J,B84,B81,B87,6,7,5
2018-12-06,3,J,B90,B81,B86,9,8,8
2018-12-07,0,J,B66,B64,B69,6,6,8
2018-12-07,1,J,B60,B68,B69,0,6,2
2018-12-07,2,J,B83,B78,B86,8,0,8
2018-12-07,3,J,B90,B88,B85,4,6,3
2018-12-08,0,J,B65,B62,B69,3,1,3
2018-12-08,1,J,B64,B68,B65,8,5,7
2018-12-08,2,J,B79,B83,B86,8,7,1
2018-12-08,3,J,B83,B86,B84,5,2,9
2018-12-10,0,J,B62,B68,B69,4,0,7
2018-12-10,1,J,B63,B70,B61,5,8,5
2018-12-10,2,J,B82,B87,B89,2,8,5
2018-12-10,3,J,B90,B87,B89,3,1,8
2018-12-11,0,J,B60,B67,B68,6,9,6
2018-12-11,1,J,B67,B64,B61,3,0,5
2018-12-11,2,J,B83,B82,B87,4,7,7
2018-12-11,3,J,B89,B81,B83,6,2,1
2018-12-12,0,J,B70,B60,B69,3,8,0
2018-12-12,1,J,B64,B66,B70,6,5,5
2018-12-12,2,J,B78,B87,B90,4,5,8
2018-12-12,3,J,B80,B84,B85,5,7,7
2018-12-13,0,J,B64,B60,B67,9,4,4
2018-12-13,1,J,B66,B63,B62,4,2,1
2018-12-13,2,J,B86,B85,B89,2,5,3
2018-12-13,3,J,B81,B82,B79,2,0,3
2018-12-14,0,J,B69,B65,B61,5,4,5
2018-12-14,1,J,B67,B70,B65,0,9,0
2018-12-14,2,J,B86,B81,B82,3,5,7
2018-12-14,3,J,B78,B90,B84,2,5,4
2018-12-15,0,J,B64,B65,B63,2,3,3
2018-12-15,1,J,B63,B60,B67,9,3,7
2018-12-15,2,J,B86,B79,B90,9,2,2
2018-12-15,3,J,B85,B79,B80,1,8,1
2018-12-17,0,J,B64,B62,B61,7,6,8
2018-12-17,1,J,B61,B65,B66,1,0,3
2018-12-17,2,J,B84,B85,B80,8,2,1
2018-12-17,3,J,B84,B85,B81,8,3,0
2018-12-18,0,J,B62,B61,B66,5,4,3
2018-12-18,1,J,B69,B64,B68,6,3,4
2018-12-18,2,J,B82,B90,B79,3,1,1
2018-12-18,3,J,B86,B88,B81,6,3,2
2018-12-19,0,J,B65,B64,B69,1,3,5
2018-12-19,1,J,B64,B65,B60,0,9,7
2018-12-19,2,J,B88,B89,B80,2,4,1
2018-12-19,3,J,B85,B86,B79,3,3,6
2018-12-20,0,J,B64,B62,B63,6,3,5
2018-12-20,1,J,B65,B60,B63,0,8,9
2018-12-20,2,J,B89,B78,B90,7,0,8
2018-12-20,3,J,B78,B79,B87,4,0,5
2018-12-21,0,J,B66,B60,B63,5,3,3
2018-12-21,1,J,B67,B66,B64,0,1,1
2018-12-21,2,J,B79,B78,B80,8,7,5
2018-12-21,3,J,B79,B83,B81,2,6,6
2018-12-22,0,J,B66,B61,B68,1,2,4
2018-12-22,1,J,B62,B60,B61,7,9,3
2018-12-22,2,J,B80,B89,B84,0,9,0
2018-12-22,3,J,B85,B87,B83,5,8,8
2018-12-24,0,J,B63,B65,B64,4,5,7
2018-12-24,1,J,B67,B68,B61,6,8,6
2018-12-24,2,J,B82,B87,B83,5,0,4
2018-12-24,3,J,B86,B80,B90,7,9,1
2018-12-25,0,J,B67,B70,B64,1,7,8
2018-12-25,1,J,B68,B67,B66,5,7,7
2018-12-25,2,J,B89,B79,B83,5,9,8
2018-12-25,3,J,B90,B89,B87,6,9,8
2018-12-26,0,J,B64,B68,B62,0,1,3
2018-12-26,1,J,B68,B62,B60,4,5,4
2018-12-26,2,J,B80,B78,B85,9,5,3
2018-12-26,3,J,B88,B85,B80,6,3,1
2018-12-27,0,J,B63,B65,B70,2,6,3
2018-12-27,1,J,B62,B67,B65,3,9,9
2018-12-27,2,J,B83,B81,B88,9,7,0
2018-12-27,3,J,B90,B79,B83,3,6,0
2018-12-28,0,J,B68,B69,B60,0,6,6
2018-12-28,1,J,B62,B61,B68,0,9,2
2018-12-28,2,J,B85,B83,B87,7,2,9
2018-12-28,3,J,B87,B82,B86,3,1,8
2018-12-29,0,J,B66,B68,B61,4,2,5
2018-12-29,1,J,B68,B61,B64,2,7,2
2018-12-29,2,J,B83,B89,B81,1,0,9
2018-12-29,3,J,B81,B86,B88,0,1,3
2018-12-31,0,J,B63,B62,B60,5,7,6
2018-12-31,1,J,B66,B60,B67,9,1,8
2018-12-31,2,J,B87,B81,B82,7,3,7
2018-12-31,3,J,B84,B85,B87,2,2,7
2019-01-01,0,K,B60,B62,B64,6,2,2
2019-01-01,1,K,B69,B68,B64,0,9,1
2019-01-01,2,K,B90,B78,B87,2,6,3
2019-01-01,3,K,B81,B89,B83,6,4,0
2019-01-02,0,K,B60,B61,B65,0,3,9
2019-01-02,1,K,B60,B64,B62,7,3,7
2019-01-02,2,K,B81,B87,B88,6,7,7
2019-01-02,3,K,B80,B79,B82,3,8,9
2019-01-03,0,K,B63,B69,B61,8,9,8
2019-01-03,1,K,B61,B62,B65,3,9,7
2019-01-03,2,K,B79,B78,B90,4,2,8
2019-01-03,3,K,B80,B82,B87,7,3,4
2019-01-04,0,K,B70,B63,B61,3,3,8
2019-01-04,1,K,B63,B60,B62,7,7,7
2019-01-04,2,K,B82,B79,B86,6,2,5
2019-01-04,3,K,B89,B78,B81,4,1,1
2019-01-05,0,K,B66,B67,B62,5,4,1
2019-01-05,1,K,B67,B64,B62,7,8,6
2019-01-05,2,K,B83,B89,B80,2,5,7
2019-01-05,3,K,B88,B89,B90,4,4,4
2019-01-07,0,K,B69,B64,B63,2,1,9
2019-01-07,1,K,B64,B69,B62,9,4,6
2019-01-07,2,K,B81,B86,B85,5,7,0
2019-01-07,3,K,B79,B81,B88,7,0,6
2019-01-08,0,K,B68,B66,B65,5,3,0
2019-01-08,1,K,B68,B64,B69,1,6,4
2019-01-08,2,K,B84,B79,B88,3,3,4
2019-01-08,3,K,B81,B82,B80,9,6,3
2019-01-09,0,K,B69,B62,B61,2,3,6
2019-01-09,1,K,B62,B67,B68,7,9,7
2019-01-09,2,K,B85,B78,B81,8,3,5
2019-01-09,3,K,B85,B88,B80,7,0,8
2019-01-10,0,K,B70,B67,B63,5,7,9
2019-01-10,1,K,B69,B66,B62,6,0,0
2019-01-10,2,K,B81,B84,B85,0,9,7
2019-01-10,3,K,B90,B79,B82,9,9,0
2019-01-11,0,K,B64,B61,B65,7,4,1
2019-01-11,1,K,B61,B65,B63,6,9,2
2019-01-11,2,K,B86,B79,B81,9,0,2
2019-01-11,3,K,B78,B81,B88,8,1,4
2019-01-12,0,K,B69,B67,B61,1,8,0
2019-01-12,1,K,B66,B67,B60,1,5,5
2019-01-12,2,K,B82,B80,B84,6,7,7
2019-01-12,3,K,B86,B80,B83,8,5,3
2019-01-14,0,K,B66,B64,B62,7,5,5
2019-01-14,1,K,B69,B60,B65,8,9,6
2019-01-14,2,K,B81,B80,B88,2,9,0
2019-01-14,3,K,B89,B80,B78,6,1,9
2019-01-15,0,K,B69,B68,B62,2,8,2
2019-01-15,1,K,B62,B66,B69,9,9,9
2019-01-15,2,K,B90,B89,B87,1,7,0
2019-01-15,3,K,B89,B88,B79,9,5,6
2019-01-16,0,K,B66,B60,B64,5,5,7
2019-01-16,1,K,B67,B63,B62,9,9,6
2019-01-16,2,K,B88,B90,B89,8,0,4
2019-01-16,3,K,B83,B80,B88,0,9,7
2019-01-17,0,K,B64,B68,B66,7,6,5
2019-01-17,1,K,B60,B70,B64,5,8,4
2019-01-17,2,K,B84,B79,B89,7,6,5
2019-01-17,3,K,B88,B90,B79,9,8,1
2019-01-18,0,K,B65,B67,B63,7,1,5
2019-01-18,1,K,B61,B64,B67,0,0,1
2019-01-18,2,K,B85,B82,B87,7,8,9
2019-01-18,3,K,B80,B87,B82,2,5,4
2019-01-19,0,K,B70,B68,B60,1,4,4
2019-01-19,1,K,B65,B63,B66,2,5,1
2019-01-19,2,K,B87,B89,B86,8,2,7
2019-01-19,3,K,B83,B86,B84,4,3,7
2019-01-21,0,K,B68,B67,B64,7,2,9
2019-01-21,1,K,B66,B68,B63,2,8,4
2019-01-21,2,K,B79,B85,B84,4,9,8
2019-01-21,3,K,B80,B88,B87,8,9,0
2019-01-22,0,K,B69,B70,B67,0,0,9
2019-01-22,1,K,B60,B65,B63,5,6,3
2019-01-22,2,K,B79,B83,B82,4,1,0
2019-01-22,3,K,B81,B85,B80,7,2,3
2019-01-23,0,K,B68,B65,B60,3,9,8
2019-01-23,1,K,B65,B69,B62,8,9,1
2019-01-23,2,K,B89,B82,B90,6,7,5
2019-01-23,3,K,B80,B79,B82,9,6,3
2019-01-24,0,K,B63,B64,B67,4,0,0
2019-01-24,1,K,B70,B63,B66,0,7,9
2019-01-24,2,K,B86,B90,B87,1,3,3
2019-01-24,3,K,B82,B80,B89,2,2,0
2019-01-25,0,K,B64,B63,B61,2,4,5
2019-01-25,1,K,B67,B61,B68,8,6,7
2019-01-25,2,K,B85,B82,B79,1,1,4
2019-01-25,3,K,B81,B88,B84,9,6,7
2019-01-26,0,K,B69,B61,B60,9,1,0
2019-01-26,1,K,B70,B62,B67,0,8,7
2019-01-26,2,K,B88,B83,B78,8,8,5
2019-01-26,3,K,B80,B84,B86,3,9,3
2019-01-28,0,K,B70,B69,B60,6,8,4
2019-01-28,1,K,B65,B70,B63,9,4,4
2019-01-28,2,K,B81,B79,B88,7,1,4
2019-01-28,3,K,B84,B79,B88,8,8,1
2019-01-29,0,K,B64,B70,B69,3,1,1
2019-01-29,1,K,B63,B61,B69,4,8,8
2019-01-29,2,K,B87,B81,B89,5,0,6
2019-01-29,3,K,B86,B88,B84,8,5,1
2019-01-30,0,K,B70,B61,B63,7,6,8
2019-01-30,1,K,B70,B61,B66,7,9,5
2019-01-30,2,K,B83,B85,B90,9,0,2
2019-01-30,3,K,B88,B89,B86,6,5,2
2019-01-31,0,K,B61,B67,B69,4,0,8
2019-01-31,1,K,B60,B61,B66,7,1,9
2019-01-31,2,K,B81,B84,B90,0,9,5
2019-01-31,3,K,B83,B85,B82,4,3,3
2019-02-01,0,G,B60,B70,B63,8,0,1
2019-02-01,1,G,B68,B62,B69,1,5,8
2019-02-01,2,G,B88,B83,B81,9,9,5
2019-02-01,3,G,B81,B85,B78,8,8,9
2019-02-02,0,G,B70,B60,B68,8,2,7
2019-02-02,1,G,B66,B69,B68,5,2,5
2019-02-02,2,G,B89,B86,B80,0,2,6
2019-02-02,3,G,B88,B80,B89,0,2,8
2019-02-04,0,G,B63,B67,B68,4,0,1
2019-02-04,1,G,B62,B68,B69,3,4,2
2019-02-04,2,G,B81,B78,B80,5,1,3
2019-02-04,3,G,B81,B84,B83,5,8,8
2019-02-05,0,G,B63,B69,B62,0,8,7
2019-02-05,1,G,B68,B64,B65,5,0,4
2019-02-05,2,G,B89,B85,B86,4,8,0
2019-02-05,3,G,B81,B80,B84,2,5,3
2019-02-06,0,G,B65,B66,B63,2,8,8
2019-02-06,1,G,B65,B61,B69,1,7,8
2019-02-06,2,G,B84,B78,B83,7,0,9
2019-02-06,3,G,B85,B88,B83,2,1,6
2019-02-07,0,G,B67,B64,B60,2,6,3
2019-02-07,1,G,B65,B67,B68,6,0,2
2019-02-07,2,G,B90,B85,B87,1,0,6
2019-02-07,3,G,B85,B86,B82,9,6,5
2019-02-08,0,G,B69,B67,B64,1,6,3
2019-02-08,1,G,B63,B64,B60,1,8,4
2019-02-08,2,G,B88,B86,B89,6,1,8
2019-02-08,3,G,B86,B81,B84,3,7,7
2019-02-09,0,G,B61,B62,B70,8,0,4
2019-02-09,1,G,B69,B60,B67,6,8,8
2019-02-09,2,G,B83,B80,B88,3,7,7
2019-02-09,3,G,B81,B87,B84,9,0,2
2019-02-11,0,G,B63,B66,B70,4,1,9
2019-02-11,1,G,B70,B61,B62,4,5,7
2019-02-11,2,G,B78,B87,B89,1,7,7
2019-02-11,3,G,B80,B83,B81,2,0,7
2019-02-12,0,G,B61,B65,B60,1,4,1
2019-02-12,1,G,B67,B60,B65,6,5,6
2019-02-12,2,G,B80,B87,B85,0,2,6
2019-02-12,3,G,B81,B85,B79,8,1,4
2019-02-13,0,G,B61,B69,B70,1,3,6
2019-02-13,1,G,B62,B70,B60,2,2,4
2019-02-13,2,G,B88,B85,B79,8,4,8
2019-02-13,3,G,B87,B80,B82,0,5,5
2019-02-14,0,G,B63,B68,B60,2,6,4
2019-02-14,1,G,B66,B62,B63,7,1,7
2019-02-14,2,G,B78,B82,B81,2,1,0
2019-02-14,3,G,B88,B83,B85,5,9,6
2019-02-15,0,G,B70,B60,B67,6,6,8
2019-02-15,1,G,B62,B63,B66,3,1,5
2019-02-15,2,G,B81,B84,B83,0,6,9
2019-02-15,3,G,B88,B78,B89,4,5,8
2019-02-16,0,G,B65,B70,B67,4,4,0
2019-02-16,1,G,B61,B65,B62,7,0,6
2019-02-16,2,G,B87,B79,B89,7,3,3
2019-02-16,3,G,B78,B88,B82,5,7,0
2019-02-18,0,G,B69,B66,B67,2,6,8
2019-02-18,1,G,B68,B60,B69,5,8,7
2019-02-18,2,G,B80,B78,B82,4,4,1
2019-02-18,3,G,B83,B90,B86,9,4,0
2019-02-19,0,G,B61,B68,B67,2,2,8
2019-02-19,1,G,B61,B62,B64,0,0,7
2019-02-19,2,G,B85,B83,B81,4,7,8
2019-02-19,3,G,B81,B89,B90,7,9,3
2019-02-20,0,G,B70,B68,B67,0,1,8
2019-02-20,1,G,B60,B63,B66,0,8,1
2019-02-20,2,G,B84,B81,B79,1,9,0
2019-02-20,3,G,B84,B78,B87,3,0,6
2019-02-21,0,G,B70,B65,B68,1,9,4
2019-02-21,1,G,B64,B69,B65,6,4,6
2019-02-21,2,G,B88,B78,B83,1,2,3
2019-02-21,3,G,B82,B86,B87,8,6,1
2019-02-22,0,G,B70,B63,B64,5,0,0
2019-02-22,1,G,B61,B60,B64,5,7,4
2019-02-22,2,G,B79,B87,B81,5,4,8
2019-02-22,3,G,B86,B81,B82,0,4,5
2019-02-23,0,G,B62,B68,B66,4,6,1
2019-02-23,1,G,B66,B61,B63,6,8,6
2019-02-23,2,G,B80,B81,B85,6,2,5
2019-02-23,3,G,B83,B87,B86,4,4,5
2019-02-25,0,G,B62,B63,B66,7,5,3
2019-02-25,1,G,B70,B62,B68,1,2,9
2019-02-25,2,G,B79,B82,B87,9,2,1
2019-02-25,3,G,B88,B81,B85,3,9,3
2019-02-26,0,G,B63,B60,B66,9,5,5
2019-02-26,1,G,B65,B61,B68,2,9,4
2019-02-26,2,G,B79,B80,B90,4,6,2
2019-02-26,3,G,B83,B78,B80,7,7,2
2019-02-27,0,G,B70,B66,B65,8,5,8
2019-02-27,1,G,B70,B63,B60,2,2,4
2019-02-27,2,G,B82,B83,B89,3,8,3
2019-02-27,3,G,B88,B90,B78,5,6,6
2019-02-28,0,G,B68,B70,B65,1,9,6
2019-02-28,1,G,B61,B65,B63,3,8,4
2019-02-28,2,G,B82,B80,B89,0,4,2
2019-02-28,3,G,B90,B78,B87,3,8,7
2019-03-01,0,H,B67,B63,B65,8,8,8
2019-03-01,1,H,B69,B67,B68,9,4,5
2019-03-01,2,H,B79,B82,B78,2,8,4
2019-03-01,3,H,B85,B87,B79,0,0,5
2019-03-02,0,H,B70,B65,B64,2,7,9
2019-03-02,1,H,B64,B69,B68,3,0,1
2019-03-02,2,H,B85,B80,B81,8,9,6
2019-03-02,3,H,B81,B78,B83,1,9,6
2019-03-04,0,H,B62,B70,B66,0,5,9
2019-03-04,1,H,B60,B61,B67,1,9,1
2019-03-04,2,H,B81,B86,B90,8,5,9
2019-03-04,3,H,B80,B88,B79,4,3,2
2019-03-05,0,H,B61,B69,B62,9,5,3
2019-03-05,1,H,B69,B65,B68,8,2,1
2019-03-05,2,H,B90,B79,B83,6,9,2
2019-03-05,3,H,B83,B78,B85,6,9,8
2019-03-06,0,H,B67,B68,B66,6,9,3
2019-03-06,1,H,B60,B69,B62,2,7,2
2019-03-06,2,H,B80,B81,B90,2,6,3
2019-03-06,3,H,B84,B90,B88,2,5,7
2019-03-07,0,H,B63,B61,B60,2,4,8
2019-03-07,1,H,B65,B69,B70,0,6,4
2019-03-07,2,H,B78,B90,B88,7,9,2
2019-03-07,3,H,B87,B83,B88,0,9,8
2019-03-08,0,H,B70,B67,B66,6,2,6
2019-03-08,1,H,B69,B60,B70,5,4,3
2019-03-08,2,H,B87,B83,B78,8,8,4
2019-03-08,3,H,B80,B90,B86,7,3,7
2019-03-09,0,H,B64,B67,B66,3,5,2
2019-03-09,1,H,B60,B68,B66,2,1,8
2019-03-09,2,H,B84,B79,B88,0,2,8
2019-03-09,3,H,B89,B84,B79,0,0,8
2019-03-11,0,H,B60,B70,B66,7,9,0
2019-03-11,1,H,B68,B65,B66,1,9,3
2019-03-11,2,H,B89,B79,B82,4,7,6
2019-03-11,3,H,B90,B89,B82,0,3,5
2019-03-12,0,H,B62,B69,B61,6,3,1
2019-03-12,1,H,B70,B66,B64,2,4,6
2019-03-12,2,H,B89,B88,B83,4,2,6
2019-03-12,3,H,B82,B78,B87,7,7,3
2019-03-13,0,H,B66,B64,B63,3,7,2
2019-03-13,1,H,B70,B60,B69,9,2,1
2019-03-13,2,H,B82,B87,B90,8,0,4
2019-03-13,3,H,B85,B86,B78,0,9,3
2019-03-14,0,H,B70,B68,B69,0,8,3
2019-03-14,1,H,B70,B67,B64,5,4,1
2019-03-14,2,H,B87,B90,B83,7,4,9
2019-03-14,3,H,B82,B84,B90,8,0,0
2019-03-15,0,H,B68,B63,B67,6,8,4
2019-03-15,1,H,B62,B69,B67,8,3,3
2019-03-15,2,H,B80,B82,B78,2,3,1
2019-03-15,3,H,B90,B88,B89,0,4,3
2019-03-16,0,H,B61,B69,B62,3,9,2
2019-03-16,1,H,B64,B63,B61,1,5,0
2019-03-16,2,H,B80,B83,B81,0,4,4
2019-03-16,3,H,B83,B90,B82,0,5,6
2019-03-18,0,H,B61,B70,B64,7,0,0
2019-03-18,1,H,B65,B70,B64,6,1,0
2019-03-18,2,H,B85,B84,B88,9,8,9
2019-03-18,3,H,B81,B80,B85,2,6,6
2019-03-19,0,H,B60,B64,B63,3,0,5
2019-03-19,1,H,B70,B65,B63,8,0,9
2019-03-19,2,H,B84,B88,B85,7,9,8
2019-03-19,3,H,B90,B86,B82,3,5,3
2019-03-20,0,H,B61,B70,B60,0,0,1
2019-03-20,1,H,B66,B64,B61,8,1,0
2019-03-20,2,H,B81,B80,B82,6,0,1
2019-03-20,3,H,B84,B89,B85,6,9,8
2019-03-21,0,H,B68,B65,B69,0,5,1
2019-03-21,1,H,B66,B68,B67,1,6,2
2019-03-21,2,H,B86,B90,B82,1,4,7
2019-03-21,3,H,B87,B88,B86,1,2,8
2019-03-22,0,H,B67,B60,B64,2,6,5
2019-03-22,1,H,B64,B60,B61,8,1,9
2019-03-22,2,H,B80,B86,B89,8,6,5
2019-03-22,3,H,B82,B85,B79,7,7,8
2019-03-23,0,H,B70,B68,B61,6,3,2
2019-03-23,1,H,B69,B61,B67,3,5,8
2019-03-23,2,H,B85,B87,B82,5,7,5
2019-03-23,3,H,B79,B88,B80,7,6,9
2019-03-25,0,H,B70,B61,B64,5,3,8
2019-03-25,1,H,B64,B67,B69,2,0,9
2019-03-25,2,H,B81,B82,B87,4,3,3
2019-03-25,3,H,B86,B85,B81,8,8,6
2019-03-26,0,H,B60,B69,B61,1,2,4
2019-03-26,1,H,B62,B60,B68,2,0,4
2019-03-26,2,H,B85,B81,B80,0,6,3
2019-03-26,3,H,B85,B87,B81,5,9,6
2019-03-27,0,H,B60,B64,B62,1,9,7
2019-03-27,1,H,B64,B61,B63,1,5,8
2019-03-27,2,H,B86,B78,B84,3,4,4
2019-03-27,3,H,B88,B90,B78,3,1,1
2019-03-28,0,H,B61,B67,B69,6,9,7
2019-03-28,1,H,B63,B67,B64,5,7,1
2019-03-28,2,H,B84,B83,B88,9,7,4
2019-03-28,3,H,B87,B90,B83,7,4,3
2019-03-29,0,H,B70,B66,B64,3,2,7
2019-03-29,1,H,B69,B63,B61,2,1,4
2019-03-29,2,H,B78,B85,B89,7,4,8
2019-03-29,3,H,B82,B78,B88,6,7,9
2019-03-30,0,H,B68,B65,B61,5,1,2
2019-03-30,1,H,B63,B68,B69,1,5,0
2019-03-30,2,H,B84,B86,B81,7,7,8
2019-03-30,3,H,B85,B80,B82,5,1,5
2019-04-01,0,I,B60,B69,B64,2,6,9
2019-04-01,1,I,B69,B70,B63,4,5,4
2019-04-01,2,I,B85,B90,B78,5,8,4
2019-04-01,3,I,B82,B84,B85,1,2,0
2019-04-02,0,I,B61,B65,B64,1,6,5
2019-04-02,1,I,B64,B63,B67,2,6,9
2019-04-02,2,I,B79,B82,B90,3,3,4
2019-04-02,3,I,B80,B88,B84,1,3,9
2019-04-03,0,I,B65,B62,B69,9,8,8
2019-04-03,1,I,B69,B64,B68,9,5,4
2019-04-03,2,I,B79,B84,B85,3,9,3
2019-04-03,3,I,B80,B83,B86,9,3,4
2019-04-04,0,I,B62,B67,B70,2,7,1
2019-04-04,1,I,B69,B62,B66,5,3,7
2019-04-04,2,I,B81,B82,B85,0,1,6
2019-04-04,3,I,B78,B83,B82,9,0,9
2019-04-05,0,I,B67,B70,B60,7,8,2
2019-04-05,1,I,B61,B67,B65,8,1,8
2019-04-05,2,I,B79,B81,B85,5,8,7
2019-04-05,3,I,B81,B83,B85,9,6,4
2019-04-06,0,I,B68,B70,B67,1,5,6
2019-04-06,1,I,B62,B65,B60,0,2,8
2019-04-06,2,I,B90,B87,B86,4,1,7
2019-04-06,3,I,B84,B90,B81,7,8,0
2019-04-08,0,I,B69,B67,B68,4,0,7
2019-04-08,1,I,B63,B65,B69,9,8,0
2019-04-08,2,I,B79,B81,B87,3,8,1
2019-04-08,3,I,B84,B78,B89,1,4,7
2019-04-09,0,I,B68,B65,B67,2,9,3
2019-04-09,1,I,B66,B63,B65,3,1,9
2019-04-09,2,I,B87,B79,B83,8,8,0
2019-04-09,3,I,B89,B85,B83,6,9,1
2019-04-10,0,I,B60,B70,B63,9,7,0
2019-04-10,1,I,B66,B69,B64,9,9,5
2019-04-10,2,I,B86,B84,B90,9,1,7
2019-04-10,3,I,B89,B80,B85,4,0,5
2019-04-11,0,I,B69,B61,B63,3,7,9
2019-04-11,1,I,B65,B70,B69,0,7,5
2019-04-11,2,I,B84,B89,B85,9,1,4
2019-04-11,3,I,B83,B90,B82,2,5,9
2019-04-12,0,I,B61,B60,B63,9,0,3
2019-04-12,1,I,B63,B64,B60,7,3,5
2019-04-12,2,I,B81,B87,B78,3,2,9
2019-04-12,3,I,B90,B79,B80,3,0,3
2019-04-13,0,I,B62,B70,B68,4,0,1
2019-04-13,1,I,B69,B61,B68,4,2,7
2019-04-13,2,I,B86,B84,B89,8,5,0
2019-04-13,3,I,B86,B79,B84,7,3,1
2019-04-15,0,I,B68,B60,B64,6,1,4
2019-04-15,1,I,B70,B60,B68,8,9,2
2019-04-15,2,I,B78,B79,B82,5,0,0
2019-04-15,3,I,B84,B85,B87,0,3,2
2019-04-16,0,I,B64,B60,B65,8,0,3
2019-04-16,1,I,B66,B65,B62,7,9,0
2019-04-16,2,I,B89,B88,B84,7,4,6
2019-04-16,3,I,B83,B88,B78,5,7,1
2019-04-17,0,I,B64,B60,B63,8,9,3
2019-04-17,1,I,B67,B60,B63,3,9,1
2019-04-17,2,I,B88,B83,B78,0,8,7
2019-04-17,3,I,B81,B88,B78,0,5,7
2019-04-18,0,I,B63,B62,B67,0,8,4
2019-04-18,1,I,B65,B63,B68,9,1,4
2019-04-18,2,I,B78,B81,B90,6,1,4
2019-04-18,3,I,B80,B86,B79,7,0,0
2019-04-19,0,I,B68,B65,B61,6,2,3
2019-04-19,1,I,B65,B63,B60,9,6,9
2019-04-19,2,I,B82,B87,B88,7,4,9
2019-04-19,3,I,B87,B86,B79,6,0,0
2019-04-20,0,I,B66,B65,B60,8,5,4
2019-04-20,1,I,B60,B63,B62,8,9,4
2019-04-20,2,I,B88,B80,B79,9,8,5
2019-04-20,3,I,B79,B78,B86,0,1,1
2019-04-22,0,I,B68,B65,B60,3,3,8
2019-04-22,1,I,B65,B66,B67,1,1,3
2019-04-22,2,I,B81,B82,B84,1,2,1
2019-04-22,3,I,B80,B79,B86,6,2,0
2019-04-23,0,I,B63,B61,B68,3,5,3
2019-04-23,1,I,B66,B67,B61,2,4,1
2019-04-23,2,I,B89,B84,B90,3,1,7
2019-04-23,3,I,B79,B81,B89,0,0,9
2019-04-24,0,I,B69,B68,B67,6,9,9
2019-04-24,1,I,B60,B65,B61,8,4,9
2019-04-24,2,I,B89,B83,B90,7,9,3
2019-04-24,3,I,B85,B78,B80,7,1,5
2019-04-25,0,I,B60,B65,B69,9,4,8
2019-04-25,1,I,B63,B60,B61,4,4,9
2019-04-25,2,I,B88,B89,B80,1,5,2
2019-04-25,3,I,B87,B82,B85,1,3,2
2019-04-26,0,I,B65,B66,B68,3,5,7
2019-04-26,1,I,B63,B60,B70,7,0,4
2019-04-26,2,I,B90,B82,B78,1,9,7
2019-04-26,3,I,B81,B86,B82,2,4,4
2019-04-27,0,I,B60,B63,B61,9,8,1
2019-04-27,1,I,B70,B62,B66,3,2,4
2019-04-27,2,I,B84,B83,B85,9,2,7
2019-04-27,3,I,B84,B90,B88,0,7,4
2019-04-29,0,I,B68,B67,B63,6,5,9
2019-04-29,1,I,B70,B66,B60,2,4,3
2019-04-29,2,I,B80,B84,B83,7,7,6
2019-04-29,3,I,B82,B79,B83,8,5,5
2019-04-30,0,I,B70,B66,B65,6,2,7
2019-04-30,1,I,B64,B65,B66,9,6,9
2019-04-30,2,I,B82,B80,B83,1,9,2
2019-04-30,3,I,B79,B78,B85,4,3,1
2019-05-01,0,J,B69,B66,B65,0,3,7
2019-05-01,1,J,B64,B61,B70,6,9,8
2019-05-01,2,J,B86,B85,B83,0,6,1
2019-05-01,3,J,B81,B80,B78,7,2,4
2019-05-02,0,J,B67,B69,B70,9,6,6
2019-05-02,1,J,B61,B69,B64,7,7,4
2019-05-02,2,J,B85,B86,B80,2,4,5
2019-05-02,3,J,B87,B79,B83,7,7,5
2019-05-03,0,J,B70,B67,B64,2,5,8
2019-05-03,1,J,B63,B66,B60,1,0,3
2019-05-03,2,J,B84,B81,B88,5,1,7
2019-05-03,3,J,B88,B81,B89,1,2,7
2019-05-04,0,J,B62,B61,B66,2,5,0
2019-05-04,1,J,B65,B66,B69,4,7,0
2019-05-04,2,J,B85,B87,B81,7,9,7
2019-05-04,3,J,B86,B82,B85,5,0,1
2019-05-06,0,J,B61,B68,B60,6,8,1
2019-05-06,1,J,B67,B69,B65,8,6,8
2019-05-06,2,J,B87,B86,B81,4,7,7
2019-05-06,3,J,B81,B79,B88,2,9,3
2019-05-07,0,J,B70,B62,B69,2,3,3
2019-05-07,1,J,B61,B60,B65,0,8,5
2019-05-07,2,J,B82,B79,B84,5,0,9
2019-05-07,3,J,B85,B87,B81,0,0,7
2019-05-08,0,J,B67,B62,B69,1,8,7
2019-05-08,1,J,B64,B65,B63,0,0,4
2019-05-08,2,J,B82,B81,B87,6,1,5
2019-05-08,3,J,B86,B79,B83,0,7,2
2019-05-09,0,J,B68,B60,B66,2,3,0
2019-05-09,1,J,B61,B69,B68,3,7,1
2019-05-09,2,J,B80,B78,B82,3,2,8
2019-05-09,3,J,B82,B86,B84,0,5,7
2019-05-10,0,J,B65,B69,B63,5,3,0
2019-05-10,1,J,B62,B63,B64,7,7,7
2019-05-10,2,J,B88,B89,B79,0,9,8
2019-05-10,3,J,B83,B89,B88,9,9,9
2019-05-11,0,J,B66,B69,B65,9,8,6
2019-05-11,1,J,B62,B65,B63,6,9,4
2019-05-11,2,J,B90,B81,B83,5,8,7
2019-05-11,3,J,B86,B84,B80,7,9,7
2019-05-13,0,J,B63,B66,B61,0,6,3
2019-05-13,1,J,B68,B66,B65,4,2,8
2019-05-13,2,J,B86,B84,B89,3,5,9
2019-05-13,3,J,B80,B89,B86,5,9,8
2019-05-14,0,J,B68,B67,B70,0,0,4
2019-05-14,1,J,B70,B64,B68,0,2,8
2019-05-14,2,J,B90,B86,B82,1,9,2
2019-05-14,3,J,B81,B82,B87,7,0,7
2019-05-15,0,J,B61,B64,B63,5,4,2
2019-05-15,1,J,B64,B68,B60,5,5,6
2019-05-15,2,J,B84,B79,B87,2,8,8
2019-05-15,3,J,B79,B89,B85,2,1,9
2019-05-16,0,J,B63,B61,B69,5,0,5
2019-05-16,1,J,B60,B67,B70,3,2,0
2019-05-16,2,J,B84,B83,B87,7,3,7
2019-05-16,3,J,B87,B85,B90,2,6,7
2019-05-17,0,J,B63,B66,B68,1,8,9
2019-05-17,1,J,B62,B66,B64,8,5,7
2019-05-17,2,J,B90,B86,B85,3,2,1
2019-05-17,3,J,B82,B83,B80,6,7,7
2019-05-18,0,J,B70,B66,B67,7,8,3
2019-05-18,1,J,B66,B68,B70,1,3,7
2019-05-18,2,J,B78,B84,B85,4,0,4
2019-05-18,3,J,B90,B79,B80,1,1,9
2019-05-20,0,J,B62,B67,B64,6,9,2
2019-05-20,1,J,B65,B60,B62,5,7,7
2019-05-20,2,J,B84,B80,B87,1,4,8
2019-05-20,3,J,B79,B81,B83,1,5,5
2019-05-21,0,J,B60,B66,B69,4,8,4
2019-05-21,1,J,B62,B65,B69,5,7,0
2019-05-21,2,J,B79,B89,B82,7,5,8
2019-05-21,3,J,B81,B84,B90,2,6,9
2019-05-22,0,J,B62,B67,B60,1,1,1
2019-05-22,1,J,B61,B66,B62,5,6,8
2019-05-22,2,J,B82,B86,B78,0,4,1
2019-05-22,3,J,B85,B84,B90,8,8,5
2019-05-23,0,J,B68,B62,B63,8,9,9
2019-05-23,1,J,B62,B69,B68,2,9,7
2019-05-23,2,J,B83,B90,B89,5,1,6
2019-05-23,3,J,B87,B85,B80,2,4,9
2019-05-24,0,J,B63,B60,B67,2,7,0
2019-05-24,1,J,B63,B64,B70,8,4,6
2019-05-24,2,J,B84,B90,B83,6,4,4
2019-05-24,3,J,B90,B87,B82,6,5,1
2019-05-25,0,J,B65,B62,B70,6,8,5
2019-05-25,1,J,B65,B67,B66,9,2,9
2019-05-25,2,J,B85,B87,B79,6,7,8
2019-05-25,3,J,B85,B90,B83,7,8,6
2019-05-27,0,J,B63,B68,B60,4,0,9
2019-05-27,1,J,B70,B61,B62,3,9,8
2019-05-27,2,J,B79,B90,B80,1,5,2
2019-05-27,3,J,B84,B83,B78,0,4,0
2019-05-28,0,J,B66,B70,B62,6,0,1
2019-05-28,1,J,B68,B60,B62,6,8,1
2019-05-28,2,J,B90,B82,B84,9,3,2
2019-05-28,3,J,B83,B90,B89,8,3,3
2019-05-29,0,J,B64,B67,B60,2,0,2
2019-05-29,1,J,B60,B61,B66,0,6,9
2019-05-29,2,J,B80,B79,B85,5,6,3
2019-05-29,3,J,B87,B81,B83,8,6,0
2019-05-30,0,J,B62,B69,B67,7,7,8
2019-05-30,1,J,B66,B69,B68,9,5,5
2019-05-30,2,J,B89,B82,B80,3,9,0
2019-05-30,3,J,B78,B89,B85,7,7,5
2019-05-31,0,J,B65,B61,B68,0,8,4
2019-05-31,1,J,B64,B62,B68,1,6,7
2019-05-31,2,J,B81,B79,B84,3,4,3
2019-05-31,3,J,B79,B90,B87,0,7,0
2019-06-01,0,K,B99,B92,C1,7,9,3
2019-06-01,1,K,B91,B92,B95,4,2,2
2019-06-01,2,K,C11,C20,C15,3,4,8
2019-06-01,3,K,C19,C20,C12,7,8,1
2019-06-03,0,K,B92,C2,B98,7,4,7
2019-06-03,1,K,B98,B93,B95,3,1,4
2019-06-03,2,K,C13,C20,C12,1,0,8
2019-06-03,3,K,C20,C14,C17,6,2,6
2019-06-04,0,K,B97,B98,B99,3,4,2
2019-06-04,1,K,B99,B97,C2,9,3,6
2019-06-04,2,K,C15,C14,C18,0,3,1
2019-06-04,3,K,C21,C20,C14,4,0,9
2019-06-05,0,K,B97,C2,B93,3,4,2
2019-06-05,1,K,B91,C3,B99,8,8,4
2019-06-05,2,K,C10,C18,C16,4,4,9
2019-06-05,3,K,C21,C10,C19,3,0,6
2019-06-06,0,K,B96,C2,B93,6,9,3
2019-06-06,1,K,B94,C3,B98,1,2,4
2019-06-06,2,K,C14,C19,C11,1,6,3
2019-06-06,3,K,C11,C21,C16,8,9,9
2019-06-07,0,K,C1,C2,B92,9,8,5
2019-06-07,1,K,B92,B99,C3,2,2,3
2019-06-07,2,K,C12,C15,C19,9,4,4
2019-06-07,3,K,C15,C16,C10,0,9,7
2019-06-08,0,K,B93,B92,B96,6,5,7
2019-06-08,1,K,B93,B91,B98,8,3,0
2019-06-08,2,K,C17,C16,C21,8,9,8
2019-06-08,3,K,C16,C18,C12,2,1,6
2019-06-10,0,K,C1,B94,C3,7,1,8
2019-06-10,1,K,B99,C2,B96,1,8,4
2019-06-10,2,K,C19,C15,C21,1,4,6
2019-06-10,3,K,C11,C12,C21,1,9,4
2019-06-11,0,K,B97,C1,C2,8,3,9
2019-06-11,1,K,B94,B93,B91,3,7,0
2019-06-11,2,K,C21,C20,C14,7,6,2
2019-06-11,3,K,C11,C21,C13,8,0,8
2019-06-12,0,K,C3,B97,B93,1,7,0
2019-06-12,1,K,B92,B98,B97,1,1,8
2019-06-12,2,K,C18,C17,C16,8,3,0
2019-06-12,3,K,C20,C14,C11,1,1,0
2019-06-13,0,K,B98,C2,B97,5,7,2
2019-06-13,1,G,B93,C1,C2,1,6,4
2019-06-13,2,G,C13,C19,C11,0,2,8
2019-06-13,3,G,C21,C10,C13,8,1,8
2019-06-14,0,G,B94,B98,B95,1,6,6
2019-06-14,1,G,B92,B91,B97,4,3,1
2019-06-14,2,G,C17,C15,C12,4,9,9
2019-06-14,3,G,C16,C12,C18,9,6,7
2019-06-15,0,G,C3,B96,B98,7,0,1
2019-06-15,1,G,B96,B91,B94,6,4,0
2019-06-15,2,G,C12,C20,C14,5,8,9
2019-06-15,3,G,C15,C14,C13,1,0,5
2019-06-17,0,G,C1,B95,C2,4,2,4
2019-06-17,1,G,B98,C1,B95,2,1,4
2019-06-17,2,G,C13,C20,C10,1,0,9
2019-06-17,3,G,C11,C19,C16,6,2,7
2019-06-18,0,G,C3,C1,B93,5,4,1
2019-06-18,1,G,B96,C1,B91,2,2,6
2019-06-18,2,G,C21,C10,C12,6,3,5
2019-06-18,3,G,C13,C19,C10,1,7,7
2019-06-19,0,G,B93,B95,B96,8,4,8
2019-06-19,1,G,B96,C3,B97,8,8,3
2019-06-19,2,G,C10,C13,C14,2,0,8
2019-06-19,3,G,C11,C12,C17,1,5,2
2019-06-20,0,G,B99,B98,C2,5,1,2
2019-06-20,1,G,C3,B99,B93,0,7,8
2019-06-20,2,G,C12,C13,C16,8,6,7
2019-06-20,3,G,C14,C20,C15,4,3,8
2019-06-21,0,G,B99,C2,B96,9,7,2
2019-06-21,1,G,B95,C3,B93,8,3,7
2019-06-21,2,G,C12,C14,C20,7,0,4
2019-06-21,3,G,C12,C10,C13,4,4,1
2019-06-22,0,G,B93,B97,B92,8,5,5
2019-06-22,1,G,C1,C3,B92,7,2,5
2019-06-22,2,G,C13,C18,C19,1,5,1
2019-06-22,3,G,C16,C15,C12,6,1,5
2019-06-24,0,G,B94,B91,B95,3,3,7
2019-06-24,1,G,C2,C3,B91,4,2,6
2019-06-24,2,G,C12,C13,C18,6,2,5
2019-06-24,3,G,C12,C14,C21,8,8,1
2019-06-25,0,G,B98,C3,B91,1,2,7
2019-06-25,1,G,B98,B93,B95,6,0,9
2019-06-25,2,G,C17,C13,C14,1,2,6
2019-06-25,3,G,C12,C16,C20,2,6,6
2019-06-26,0,G,B95,B94,C3,0,7,5
2019-06-26,1,G,C3,B97,B92,2,3,0
2019-06-26,2,G,C10,C18,C14,2,1,2
2019-06-26,3,G,C13,C18,C12,1,2,5
2019-06-27,0,G,B99,B97,B94,4,1,3
2019-06-27,1,G,B92,B99,C2,2,1,5
2019-06-27,2,G,C21,C11,C20,2,1,3
2019-06-27,3,G,C13,C12,C19,2,8,6
2019-06-28,0,G,C2,B94,B99,3,9,9
2019-06-28,1,G,C1,B99,B96,8,5,4
2019-06-28,2,G,C16,C13,C19,9,3,5
2019-06-28,3,G,C18,C16,C11,0,8,9
2019-06-29,0,G,B96,C2,B92,5,8,5
2019-06-29,1,G,B94,B99,B95,7,7,9
2019-06-29,2,G,C20,C10,C21,1,9,4
2019-06-29,3,G,C14,C11,C20,5,9,8
2019-07-01,0,G,B94,B97,B93,7,7,8
2019-07-01,1,G,B92,C1,C3,1,1,1
2019-07-01,2,G,C21,C12,C20,4,9,1
2019-07-01,3,G,C20,C13,C17,7,7,6
2019-07-02,0,G,C2,C3,C1,6,4,3
2019-07-02,1,G,C2,B97,B91,5,2,0
2019-07-02,2,G,C11,C20,C12,7,7,5
2019-07-02,3,G,C13,C15,C14,5,1,4
2019-07-03,0,G,C3,B94,B93,7,3,1
2019-07-03,1,G,C2,C3,B92,4,5,8
2019-07-03,2,G,C20,C10,C14,9,7,1
2019-07-03,3,G,C13,C18,C12,3,9,6
2019-07-04,0,G,B94,B91,B97,9,3,2
2019-07-04,1,G,C2,B94,B93,6,4,1
2019-07-04,2,G,C10,C21,C18,3,3,4
2019-07-04,3,G,C12,C13,C17,4,5,3
2019-07-05,0,G,B94,B97,C2,1,4,2
2019-07-05,1,G,B95,B96,B91,5,5,1
2019-07-05,2,G,C17,C21,C11,2,4,1
2019-07-05,3,G,C17,C18,C12,6,0,1
2019-07-06,0,G,B99,B95,B92,1,0,8
2019-07-06,1,G,B93,C2,C1,7,3,6
2019-07-06,2,G,C12,C19,C15,0,2,4
2019-07-06,3,G,C19,C20,C21,2,9,4
2019-07-08,0,G,C1,B99,C3,3,0,5
2019-07-08,1,G,B94,C2,B97,0,6,2
2019-07-08,2,G,C19,C21,C17,6,9,4
2019-07-08,3,G,C13,C12,C15,8,8,4
2019-07-09,0,G,C3,B92,C2,0,6,8
2019-07-09,1,G,C3,B94,B92,5,0,3
2019-07-09,2,G,C16,C18,C14,5,8,0
2019-07-09,3,G,C12,C18,C13,2,5,9
2019-07-10,0,G,B91,C2,B96,6,4,4
2019-07-10,1,G,C3,C2,B96,5,7,3
2019-07-10,2,G,C14,C12,C15,1,1,0
2019-07-10,3,G,C14,C18,C16,5,6,4
2019-07-11,0,G,B94,B99,C3,5,6,4
2019-07-11,1,G,B92,B95,B91,5,0,2
2019-07-11,2,G,C12,C10,C11,2,6,6
2019-07-11,3,G,C13,C16,C18,4,7,4
2019-07-12,0,G,C3,B94,C2,4,4,2
2019-07-12,1,G,B96,B92,B95,7,8,1
2019-07-12,2,G,C12,C13,C17,7,6,0
2019-07-12,3,G,C13,C10,C11,8,0,1
2019-07-13,0,G,C1,C2,B91,5,2,0
2019-07-13,1,G,B91,B99,C3,1,8,0
2019-07-13,2,G,C19,C14,C20,5,6,5
2019-07-13,3,G,C17,C19,C16,8,5,2
2019-07-15,0,G,C2,B95,B96,7,0,5
2019-07-15,1,G,B91,B99,B93,3,2,6
2019-07-15,2,G,C20,C17,C11,3,3,2
2019-07-15,3,G,C11,C10,C18,4,4,5
2019-07-16,0,G,C2,B97,B92,7,2,9
2019-07-16,1,G,B91,B94,B92,1,1,3
2019-07-16,2,G,C16,C17,C14,2,8,7
2019-07-16,3,G,C11,C19,C14,7,6,6
2019-07-17,0,G,C3,C2,B93,0,1,4
2019-07-17,1,G,B96,B95,B99,5,1,6
2019-07-17,2,G,C15,C11,C12,7,8,5
2019-07-17,3,G,C10,C21,C18,9,2,1
2019-07-18,0,G,B96,B92,B97,2,4,3
2019-07-18,1,G,B94,B96,B93,1,3,0
2019-07-18,2,G,C17,C21,C14,8,0,8
2019-07-18,3,G,C17,C10,C16,5,0,6
2019-07-19,0,G,C3,B97,B99,8,4,6
2019-07-19,1,G,B99,B97,B93,4,8,8
2019-07-19,2,G,C19,C12,C11,8,7,6
2019-07-19,3,G,C18,C11,C21,4,4,7
2019-07-20,0,G,B97,C1,B94,7,3,0
2019-07-20,1,G,C1,B99,B96,2,3,8
2019-07-20,2,G,C20,C18,C16,7,1,4
2019-07-20,3,G,C21,C11,C13,0,7,0
2019-07-22,0,G,C2,B93,B91,3,2,4
2019-07-22,1,G,B99,B96,C1,7,5,7
2019-07-22,2,G,C18,C14,C19,3,1,9
2019-07-22,3,G,C11,C15,C18,1,7,0
2019-07-23,0,G,B92,B99,B91,8,5,6
2019-07-23,1,G,B95,C2,B99,4,4,9
2019-07-23,2,G,C18,C21,C17,9,8,7
2019-07-23,3,G,C20,C21,C15,5,6,6
2019-07-24,0,G,C1,B93,C3,2,1,5
2019-07-24,1,G,B99,C1,B91,7,9,0
2019-07-24,2,G,C19,C13,C11,5,8,7
2019-07-24,3,G,C11,C17,C12,7,1,9
2019-07-25,0,G,B95,C2,C1,1,7,4
2019-07-25,1,G,C1,B94,C3,5,3,6
2019-07-25,2,G,C13,C15,C17,0,0,8
2019-07-25,3,G,C15,C20,C14,1,4,8
2019-07-26,0,G,C3,C1,C2,7,8,1
2019-07-26,1,G,B96,B99,C3,3,4,0
2019-07-26,2,G,C10,C18,C13,1,9,7
2019-07-26,3,G,C11,C18,C17,3,6,7
2019-07-27,0,G,B93,B91,B96,0,5,2
2019-07-27,1,G,B92,C1,B97,2,1,0
2019-07-27,2,G,C16,C12,C17,6,0,8
2019-07-27,3,G,C16,C10,C20,2,1,1
2019-07-29,0,G,C1,B97,C2,7,7,1
2019-07-29,1,G,B97,B99,B95,2,3,2
2019-07-29,2,G,C16,C13,C12,8,6,8
2019-07-29,3,G,C19,C10,C16,8,1,0
2019-07-30,0,G,C1,B95,C3,1,6,3
2019-07-30,1,G,B92,B96,B95,1,5,1
2019-07-30,2,G,C11,C19,C15,0,3,1
2019-07-30,3,G,C11,C18,C15,4,9,6
2019-07-31,0,G,C2,B93,B91,8,4,1
2019-07-31,1,G,B94,C2,B91,1,9,0
2019-07-31,2,G,C19,C20,C17,2,8,2
2019-07-31,3,G,C14,C10,C15,3,4,4
2019-08-01,0,H,C3,B93,B91,4,3,3
2019-08-01,1,H,B99,B92,C2,8,2,2
2019-08-01,2,H,C11,C17,C16,1,8,0
2019-08-01,3,H,C15,C12,C18,1,8,5
2019-08-02,0,H,B97,B94,B93,6,3,2
2019-08-02,1,H,C3,B99,B95,7,9,4
2019-08-02,2,H,C13,C17,C20,5,7,1
2019-08-02,3,H,C15,C18,C13,4,3,5
2019-08-03,0,H,B97,B93,B99,6,2,7
2019-08-03,1,H,B97,C3,B99,4,8,2
2019-08-03,2,H,C13,C10,C20,3,4,3
2019-08-03,3,H,C13,C11,C16,5,7,9
2019-08-05,0,H,B92,C1,C3,6,2,2
2019-08-05,1,H,B95,B91,C3,4,9,6
2019-08-05,2,H,C13,C15,C10,0,0,1
2019-08-05,3,H,C13,C12,C19,3,1,7
2019-08-06,0,H,B97,B91,B99,3,9,4
2019-08-06,1,H,B97,C1,B99,1,0,3
2019-08-06,2,H,C12,C16,C14,0,6,5
2019-08-06,3,H,C13,C10,C18,0,9,1
2019-08-07,0,H,B99,C2,B96,8,8,5
2019-08-07,1,H,B92,B96,C1,3,7,3
2019-08-07,2,H,C12,C14,C21,5,4,0
2019-08-07,3,H,C12,C18,C21,9,5,5
2019-08-08,0,H,B92,C1,C2,1,8,0
2019-08-08,1,H,B95,B91,C2,2,1,4
2019-08-08,2,H,C10,C16,C20,7,2,0
2019-08-08,3,H,C10,C20,C16,8,2,6
2019-08-09,0,H,B96,B92,C2,8,1,2
2019-08-09,1,H,B94,B92,C2,0,3,5
2019-08-09,2,H,C17,C12,C20,5,5,6
2019-08-09,3,H,C20,C13,C18,0,7,8
2019-08-10,0,H,C2,B94,B96,3,4,5
2019-08-10,1,H,B93,C3,B96,5,5,1
2019-08-10,2,H,C19,C20,C21,8,1,6
2019-08-10,3,H,C12,C17,C21,0,9,1
2019-08-12,0,H,B93,C3,B96,8,1,7
2019-08-12,1,H,B91,B92,B94,7,7,7
2019-08-12,2,H,C21,C10,C11,4,9,1
2019-08-12,3,H,C13,C17,C16,0,4,2
2019-08-13,0,H,C1,C2,B92,5,1,1
2019-08-13,1,H,B92,B93,B95,0,4,1
2019-08-13,2,H,C15,C17,C20,0,7,1
2019-08-13,3,H,C19,C17,C10,3,4,6
2019-08-14,0,H,B91,C2,B99,1,2,9
2019-08-14,1,H,B95,C1,B97,5,2,5
2019-08-14,2,H,C15,C13,C21,0,7,3
2019-08-14,3,H,C21,C18,C14,4,0,1
2019-08-15,0,H,B94,C2,C3,3,1,5
2019-08-15,1,H,B92,B97,B99,0,0,1
2019-08-15,2,H,C10,C19,C14,0,9,4
2019-08-15,3,H,C17,C19,C10,6,5,2
2019-08-16,0,H,B92,C1,B93,3,0,6
2019-08-16,1,H,C1,B95,B99,9,8,6
2019-08-16,2,H,C16,C21,C18,5,2,5
2019-08-16,3,H,C16,C14,C17,8,9,2
2019-08-17,0,H,B99,B96,C1,1,7,3
2019-08-17,1,H,B93,B96,C1,9,2,3
2019-08-17,2,H,C19,C21,C18,9,6,2
2019-08-17,3,H,C10,C17,C15,0,0,3
2019-08-19,0,H,B99,B97,B91,2,6,6
2019-08-19,1,H,C1,B97,B95,2,6,6
2019-08-19,2,H,C16,C19,C18,5,8,4
2019-08-19,3,H,C11,C15,C18,8,2,4
2019-08-20,0,H,B95,C1,B92,5,4,4
2019-08-20,1,H,C3,B99,B93,9,6,2
2019-08-20,2,H,C11,C20,C10,1,8,4
2019-08-20,3,H,C14,C12,C13,9,4,0
2019-08-21,0,H,B95,B92,C2,6,7,5
2019-08-21,1,H,B94,B93,B96,4,9,5
2019-08-21,2,H,C11,C10,C20,6,9,7
2019-08-21,3,H,C16,C17,C19,0,0,9
2019-08-22,0,H,B97,C3,B93,6,4,5
2019-08-22,1,H,B97,B93,C2,9,8,4
2019-08-22,2,H,C17,C18,C19,1,4,6
2019-08-22,3,H,C12,C16,C20,7,1,2
2019-08-23,0,H,B94,C1,B91,2,9,3
2019-08-23,1,H,B92,B97,C2,0,7,0
2019-08-23,2,H,C19,C18,C12,1,1,2
2019-08-23,3,H,C12,C15,C10,5,8,5
2019-08-24,0,H,B91,B96,B93,2,9,0
2019-08-24,1,H,C3,C1,C2,3,5,1
2019-08-24,2,H,C13,C20,C15,5,5,9
2019-08-24,3,H,C16,C10,C17,3,7,1
2019-08-26,0,H,B96,B93,B99,9,6,8
2019-08-26,1,H,C3,C2,B95,3,1,4
2019-08-26,2,H,C15,C18,C12,7,5,2
2019-08-26,3,H,C15,C11,C10,8,3,9
2019-08-27,0,H,B95,C1,B96,5,3,3
2019-08-27,1,H,B99,B92,B97,0,1,6
2019-08-27,2,H,C11,C19,C14,5,0,6
2019-08-27,3,H,C16,C17,C15,5,8,7
2019-08-28,0,H,B92,C1,B94,2,3,9
2019-08-28,1,H,C1,C3,B97,9,9,8
2019-08-28,2,H,C18,C14,C10,7,8,4
2019-08-28,3,H,C18,C14,C17,6,4,1
2019-08-29,0,H,C2,B93,C3,2,3,0
2019-08-29,1,H,B96,C2,C3,4,7,7
2019-08-29,2,H,C16,C14,C17,1,4,8
2019-08-29,3,H,C14,C15,C17,5,0,1
2019-08-30,0,H,C3,B97,C1,7,6,7
2019-08-30,1,H,B96,C1,B92,4,1,9
2019-08-30,2,H,C21,C12,C13,6,8,7
2019-08-30,3,H,C21,C11,C18,2,5,3
2019-08-31,0,H,B97,C2,B94,4,8,1
2019-08-31,1,H,B92,B97,B95,9,7,0
2019-08-31,2,H,C19,C15,C18,8,5,9
2019-08-31,3,H,C21,C15,C12,5,6,7
2019-09-02,0,I,B92,B95,B93,3,1,2
2019-09-02,1,I,B97,C2,B95,5,9,4
2019-09-02,2,I,C11,C15,C19,3,9,9
2019-09-02,3,I,C14,C20,C17,6,5,6
2019-09-03,0,I,B96,B94,B97,8,9,2
2019-09-03,1,I,B97,B93,B91,2,9,7
2019-09-03,2,I,C16,C21,C10,2,6,8
2019-09-03,3,I,C16,C13,C14,4,4,2
2019-09-04,0,I,B94,B93,B97,2,4,7
2019-09-04,1,I,C2,B96,B97,1,8,5
2019-09-04,2,I,C19,C11,C12,9,5,0
2019-09-04,3,I,C18,C12,C19,7,8,8
2019-09-05,0,I,B91,B95,B93,2,4,5
2019-09-05,1,I,B94,B96,B93,8,0,5
2019-09-05,2,I,C13,C18,C10,0,0,2
2019-09-05,3,I,C12,C10,C21,7,2,6
2019-09-06,0,I,C1,B91,B92,0,6,9
2019-09-06,1,I,B95,C1,B99,3,5,3
2019-09-06,2,I,C21,C10,C19,9,8,8
2019-09-06,3,I,C16,C17,C12,9,2,6
2019-09-07,0,I,B92,B97,B99,7,7,0
2019-09-07,1,I,C3,B95,B97,8,6,1
2019-09-07,2,I,C13,C20,C17,1,3,4
2019-09-07,3,I,C13,C18,C20,7,2,0
2019-09-09,0,I,B93,C1,B94,7,6,3
2019-09-09,1,I,B91,B93,B94,9,4,4
2019-09-09,2,I,C12,C10,C13,6,6,6
2019-09-09,3,I,C10,C13,C14,2,9,7
2019-09-10,0,I,B94,B99,C2,1,2,8
2019-09-10,1,I,B93,B92,B97,0,4,5
2019-09-10,2,I,C18,C11,C20,9,1,5
2019-09-10,3,I,C11,C17,C18,2,9,1
2019-09-11,0,I,C1,B95,C3,4,0,4
2019-09-11,1,I,B99,C3,B91,3,8,2
2019-09-11,2,I,C21,C12,C15,1,0,3
2019-09-11,3,I,C14,C12,C13,1,5,2
2019-09-12,0,I,B99,B96,B91,8,1,8
2019-09-12,1,I,C3,C2,B95,6,6,9
2019-09-12,2,I,C20,C15,C12,5,4,0
2019-09-12,3,I,C17,C16,C19,4,2,8
2019-09-13,0,I,B95,B99,B97,4,5,6
2019-09-13,1,I,C3,B92,C2,0,7,6
2019-09-13,2,I,C21,C14,C10,5,2,4
2019-09-13,3,I,C10,C12,C20,0,1,0
2019-09-14,0,I,B95,B91,B97,0,7,4
2019-09-14,1,I,B94,C2,B97,8,8,5
2019-09-14,2,I,C15,C18,C12,0,3,1
2019-09-14,3,I,C20,C12,C16,9,9,6
2019-09-16,0,I,C1,B94,C2,7,6,1
2019-09-16,1,I,C3,B93,B91,3,4,5
2019-09-16,2,I,C18,C16,C10,3,5,3
2019-09-16,3,I,C18,C14,C20,0,4,4
2019-09-17,0,I,B95,C2,B96,8,2,0
2019-09-17,1,I,B93,B91,B97,7,2,0
2019-09-17,2,I,C19,C13,C17,9,6,0
2019-09-17,3,I,C11,C19,C13,9,0,0
2019-09-18,0,I,B92,B99,B96,4,8,5
2019-09-18,1,I,B91,B94,B99,2,1,9
2019-09-18,2,I,C20,C19,C14,1,4,4
2019-09-18,3,I,C21,C18,C15,6,6,6
2019-09-19,0,I,C2,B99,B91,7,5,3
2019-09-19,1,I,C3,B91,C2,3,9,2
2019-09-19,2,I,C18,C14,C19,2,6,3
2019-09-19,3,I,C17,C21,C11,8,2,9
2019-09-20,0,I,B91,B97,B93,4,4,8
2019-09-20,1,I,B99,B92,B94,4,0,1
2019-09-20,2,I,C12,C18,C17,9,8,3
2019-09-20,3,I,C15,C14,C13,5,8,9
2019-09-21,0,I,B97,B99,B91,3,4,5
2019-09-21,1,I,B91,C1,B99,1,4,5
2019-09-21,2,I,C10,C16,C14,0,6,5
2019-09-21,3,I,C12,C21,C13,1,1,2
2019-09-23,0,I,C2,B93,B97,6,5,8
2019-09-23,1,I,B93,B95,C2,9,5,3
2019-09-23,2,I,C20,C13,C14,2,3,3
2019-09-23,3,I,C18,C14,C17,6,2,9
2019-09-24,0,I,C1,B92,B96,1,5,0
2019-09-24,1,I,B96,B97,B95,1,3,8
2019-09-24,2,I,C19,C17,C21,1,4,4
2019-09-24,3,I,C21,C13,C14,3,8,9
2019-09-25,0,I,B99,C2,B92,9,3,4
2019-09-25,1,I,B93,B94,B95,8,1,1
2019-09-25,2,I,C21,C10,C20,2,9,5
2019-09-25,3,I,C18,C12,C14,7,2,1
2019-09-26,0,I,C2,C1,B95,5,1,8
2019-09-26,1,I,B95,B96,B91,6,7,3
2019-09-26,2,I,C18,C17,C15,5,4,3
2019-09-26,3,I,C19,C20,C16,5,6,4
2019-09-27,0,I,B95,C2,C1,8,1,4
2019-09-27,1,I,C3,B97,B94,9,4,2
2019-09-27,2,I,C16,C11,C15,3,7,7
2019-09-27,3,I,C20,C12,C16,1,1,0
2019-09-28,0,I,B94,B93,C1,0,9,5
2019-09-28,1,I,B94,C1,B96,4,3,1
2019-09-28,2,I,C15,C19,C12,5,1,6
2019-09-28,3,I,C19,C20,C10,7,4,0
2019-09-30,0,I,B92,C3,B95,7,6,3
2019-09-30,1,I,C3,B91,B95,0,3,7
2019-09-30,2,I,C19,C15,C18,0,1,0
2019-09-30,3,I,C20,C12,C16,9,6,7
2019-10-01,0,J,C3,B92,B97,5,8,4
2019-10-01,1,J,B92,C1,B96,9,1,0
2019-10-01,2,J,C14,C19,C11,0,9,0
2019-10-01,3,J,C21,C18,C12,6,9,7
2019-10-02,0,J,B93,C2,B94,4,0,6
2019-10-02,1,J,B93,B97,B96,5,2,6
2019-10-02,2,J,C15,C19,C20,9,9,2
2019-10-02,3,J,C16,C11,C12,8,2,9
2019-10-03,0,J,B95,C2,B92,8,0,6
2019-10-03,1,J,B92,B95,B96,2,2,0
2019-10-03,2,J,C21,C16,C10,9,3,7
2019-10-03,3,J,C15,C11,C17,0,3,7
2019-10-04,0,J,B95,B91,B99,3,5,8
2019-10-04,1,J,B93,C3,C2,5,2,5
2019-10-04,2,J,C18,C11,C17,2,4,2
2019-10-04,3,J,C11,C16,C10,0,9,9
2019-10-05,0,J,C2,C1,B97,8,3,1
2019-10-05,1,J,B94,C2,B95,5,3,5
2019-10-05,2,J,C19,C14,C16,5,2,3
2019-10-05,3,J,C15,C10,C17,6,5,6
2019-10-07,0,J,C3,B92,B95,3,2,2
2019-10-07,1,J,B97,C2,B92,5,7,6
2019-10-07,2,J,C17,C15,C12,6,7,2
2019-10-07,3,J,C13,C14,C18,7,7,9
2019-10-08,0,J,B96,B95,B92,5,0,8
2019-10-08,1,J,C1,B97,B99,4,1,9
2019-10-08,2,J,C12,C21,C14,6,4,1
2019-10-08,3,J,C14,C21,C13,3,8,5
2019-10-09,0,J,B93,B94,C3,2,1,7
2019-10-09,1,J,B94,B99,B92,5,0,2
2019-10-09,2,J,C18,C13,C11,2,9,2
2019-10-09,3,J,C18,C15,C21,3,1,7
2019-10-10,0,J,B96,B91,B92,4,2,3
2019-10-10,1,J,B92,C2,B95,8,4,4
2019-10-10,2,J,C19,C12,C11,0,1,3
2019-10-10,3,J,C17,C18,C15,8,3,3
2019-10-11,0,J,B99,B95,B91,8,4,9
2019-10-11,1,J,C3,B99,C2,8,4,7
2019-10-11,2,J,C17,C13,C10,6,6,7
2019-10-11,3,J,C11,C16,C10,1,9,4
2019-10-12,0,J,B97,B91,B92,3,5,0
2019-10-12,1,J,B97,C1,B91,0,3,3
2019-10-12,2,J,C21,C19,C20,6,7,4
2019-10-12,3,J,C13,C18,C12,5,3,0
2019-10-14,0,J,B92,B91,B96,5,5,7
2019-10-14,1,J,B93,B94,B95,0,4,0
2019-10-14,2,J,C16,C15,C11,0,1,6
2019-10-14,3,J,C21,C12,C19,9,5,6
2019-10-15,0,J,B95,B97,B99,7,2,1
2019-10-15,1,J,B93,B99,B96,9,1,2
2019-10-15,2,J,C16,C13,C17,1,0,1
2019-10-15,3,J,C15,C13,C18,5,2,2
2019-10-16,0,J,B97,C1,C3,6,5,8
2019-10-16,1,J,B99,B92,B97,7,2,7
2019-10-16,2,J,C16,C14,C13,3,2,6
2019-10-16,3,J,C18,C17,C11,5,5,0
2019-10-17,0,J,B91,B92,B97,5,9,9
2019-10-17,1,J,C2,B92,B95,2,5,5
2019-10-17,2,J,C14,C13,C18,4,7,2
2019-10-17,3,J,C12,C11,C15,9,9,3
2019-10-18,0,J,C1,C3,B96,7,9,6
2019-10-18,1,J,B96,B99,B93,0,3,8
2019-10-18,2,J,C11,C20,C17,2,4,8
2019-10-18,3,J,C13,C10,C14,3,9,6
2019-10-19,0,J,C1,C3,B94,6,9,9
2019-10-19,1,J,B94,B93,B91,4,5,2
2019-10-19,2,J,C19,C17,C11,1,8,9
2019-10-19,3,J,C10,C14,C18,0,4,2
2019-10-21,0,J,C1,B92,B93,4,9,3
2019-10-21,1,J,C3,B92,B94,3,2,6
2019-10-21,2,J,C10,C14,C12,2,2,8
2019-10-21,3,J,C11,C14,C16,8,2,2
2019-10-22,0,J,B96,B94,B99,5,4,5
2019-10-22,1,J,B94,B91,B99,4,7,1
2019-10-22,2,J,C12,C14,C20,9,4,8
2019-10-22,3,J,C19,C16,C13,1,7,7
2019-10-23,0,J,B99,C2,B91,3,8,6
2019-10-23,1,J,B97,B91,C2,8,8,9
2019-10-23,2,J,C20,C10,C13,2,3,7
2019-10-23,3,J,C14,C19,C11,6,9,6
2019-10-24,0,J,B95,B93,C1,2,4,2
2019-10-24,1,J,B92,B94,B96,5,9,3
2019-10-24,2,J,C19,C11,C21,8,1,0
2019-10-24,3,J,C10,C11,C18,6,7,9
2019-10-25,0,J,B96,C3,B91,5,4,1
2019-10-25,1,J,B92,B97,C2,7,2,9
2019-10-25,2,J,C17,C14,C21,0,6,4
2019-10-25,3,J,C10,C15,C18,4,8,8
2019-10-26,0,J,B95,B97,C1,1,1,8
2019-10-26,1,J,B93,B99,C2,3,8,5
2019-10-26,2,J,C19,C15,C13,0,7,9
2019-10-26,3,J,C21,C12,C20,5,1,3
2019-10-28,0,J,B93,B97,B96,4,0,7
2019-10-28,1,J,C2,B94,B92,3,0,9
2019-10-28,2,J,C19,C11,C17,2,4,4
2019-10-28,3,J,C20,C14,C19,9,6,7
2019-10-29,0,J,B96,B93,C3,4,9,3
2019-10-29,1,J,B91,B92,B93,6,2,4
2019-10-29,2,J,C10,C18,C21,4,0,8
2019-10-29,3,J,C19,C12,C16,1,6,8
2019-10-30,0,J,B97,B95,B99,6,2,9
2019-10-30,1,J,B93,B96,B91,9,4,8
2019-10-30,2,J,C21,C13,C20,5,4,4
2019-10-30,3,J,C16,C19,C10,6,7,2
2019-10-31,0,J,B94,B92,B93,5,9,5
2019-10-31,1,J,B91,B99,C3,9,2,4
2019-10-31,2,J,C15,C16,C10,8,7,5
2019-10-31,3,J,C12,C19,C13,7,2,5
2019-11-01,0,K,C1,B96,B99,8,5,3
2019-11-01,1,K,B97,B94,C2,0,0,0
2019-11-01,2,K,C17,C20,C14,9,0,8
2019-11-01,3,K,C14,C11,C17,5,9,2
2019-11-02,0,K,B93,B91,B92,0,3,9
2019-11-02,1,K,B97,B99,B93,2,0,3
2019-11-02,2,K,C14,C15,C13,9,5,7
2019-11-02,3,K,C13,C20,C14,1,7,4
2019-11-04,0,K,C1,B93,B95,4,3,5
2019-11-04,1,K,B99,B92,C2,8,6,7
2019-11-04,2,K,C16,C12,C19,6,7,4
2019-11-04,3,K,C14,C16,C15,9,5,0
2019-11-05,0,K,C2,B93,B92,9,1,8
2019-11-05,1,K,B95,B94,B99,0,5,6
2019-11-05,2,K,C10,C20,C12,4,6,2
2019-11-05,3,K,C15,C17,C13,4,7,7
2019-11-06,0,K,B97,C3,C1,8,2,3
2019-11-06,1,K,B97,B91,B96,7,3,3
2019-11-06,2,K,C14,C16,C21,6,2,3
2019-11-06,3,K,C11,C10,C15,5,7,1
2019-11-07,0,K,C1,B91,B94,7,4,6
2019-11-07,1,K,B96,B93,B91,5,0,6
2019-11-07,2,K,C14,C13,C19,8,8,8
2019-11-07,3,K,C19,C17,C11,2,7,6
2019-11-08,0,K,B96,B94,C3,8,3,6
2019-11-08,1,K,B95,B92,C2,5,0,0
2019-11-08,2,K,C20,C11,C12,9,9,0
2019-11-08,3,K,C17,C21,C10,9,5,8
2019-11-09,0,K,B96,B92,B93,3,2,9
2019-11-09,1,K,B91,B94,B93,5,8,0
2019-11-09,2,K,C13,C16,C10,7,6,7
2019-11-09,3,K,C19,C13,C10,8,3,5
2019-11-11,0,K,C1,B91,B96,9,7,6
2019-11-11,1,K,B95,C2,B94,8,3,2
2019-11-11,2,K,C16,C15,C14,5,0,1
2019-11-11,3,K,C13,C10,C16,9,0,9
2019-11-12,0,K,B91,C2,B96,4,4,1
2019-11-12,1,K,B99,B94,B92,2,3,9
2019-11-12,2,K,C17,C13,C21,4,5,2
2019-11-12,3,K,C18,C14,C16,6,5,1
2019-11-13,0,K,B92,B94,B96,2,6,9
2019-11-13,1,K,B97,B92,B93,7,7,3
2019-11-13,2,K,C21,C18,C15,1,7,9
2019-11-13,3,K,C15,C19,C10,3,8,6
2019-11-14,0,K,B95,B97,B93,5,1,2
2019-11-14,1,K,B95,B97,B91,2,0,5
2019-11-14,2,K,C13,C20,C21,5,2,6
2019-11-14,3,K,C12,C15,C11,2,7,9
2019-11-15,0,K,C1,B93,C3,7,0,8
2019-11-15,1,K,B97,B92,B95,0,5,8
2019-11-15,2,K,C11,C19,C10,3,3,2
2019-11-15,3,K,C12,C14,C13,2,8,2
2019-11-16,0,K,B94,B99,C2,1,2,1
2019-11-16,1,K,B94,B93,C2,2,5,6
2019-11-16,2,K,C16,C18,C12,7,2,6
2019-11-16,3,K,C13,C15,C10,3,6,2
2019-11-18,0,K,B95,B93,B97,0,4,8
2019-11-18,1,K,C3,B92,B91,4,0,0
2019-11-18,2,K,C14,C16,C17,3,8,2
2019-11-18,3,K,C17,C11,C20,1,7,7
2019-11-19,0,K,B95,B92,B91,7,3,7
2019-11-19,1,K,C2,B96,B92,0,0,8
2019-11-19,2,K,C20,C11,C17,3,3,7
2019-11-19,3,K,C20,C12,C17,8,5,1
2019-11-20,0,K,B95,B91,B96,2,9,7
2019-11-20,1,K,C1,B92,B93,7,4,4
2019-11-20,2,K,C15,C13,C10,3,4,3
2019-11-20,3,K,C17,C18,C12,6,4,5
2019-11-21,0,K,C2,B97,B92,0,1,1
2019-11-21,1,K,C1,B95,B96,1,5,1
2019-11-21,2,K,C16,C10,C19,4,7,8
2019-11-21,3,K,C14,C11,C21,1,4,2
2019-11-22,0,K,B96,C2,B92,7,1,8
2019-11-22,1,K,C1,B99,C2,3,5,1
2019-11-22,2,K,C13,C21,C17,6,4,6
2019-11-22,3,K,C11,C15,C19,6,9,8
2019-11-23,0,K,B97,B96,B92,2,3,6
2019-11-23,1,K,B95,B99,B96,4,1,3
2019-11-23,2,K,C20,C10,C21,5,1,8
2019-11-23,3,K,C14,C17,C11,1,0,9
2019-11-25,0,K,C2,C3,B99,3,4,6
2019-11-25,1,K,C2,C1,B99,2,6,7
2019-11-25,2,K,C12,C11,C20,8,9,2
2019-11-25,3,K,C12,C14,C21,8,7,0
2019-11-26,0,K,B99,B91,B93,5,9,5
2019-11-26,1,K,B92,C1,B97,5,8,8
2019-11-26,2,K,C12,C11,C10,2,7,7
2019-11-26,3,K,C18,C11,C17,4,6,7
2019-11-27,0,K,B94,B92,B95,8,8,1
2019-11-27,1,K,C2,B99,B92,2,3,9
2019-11-27,2,K,C10,C11,C12,2,1,7
2019-11-27,3,K,C14,C15,C10,0,1,8
2019-11-28,0,K,C1,C3,B91,5,8,8
2019-11-28,1,K,B94,C2,B95,1,7,4
2019-11-28,2,K,C15,C21,C14,1,9,2
2019-11-28,3,K,C17,C12,C11,1,2,5
2019-11-29,0,K,C3,C1,B94,0,9,7
2019-11-29,1,K,B97,B95,C2,7,9,9
2019-11-29,2,K,C12,C11,C19,0,5,4
2019-11-29,3,K,C17,C21,C11,8,4,8
2019-11-30,0,K,B99,C3,B91,4,3,0
2019-11-30,1,K,C1,C2,B97,8,7,3
2019-11-30,2,K,C20,C19,C21,0,2,7
2019-11-30,3,K,C13,C15,C11,4,0,6
2019-12-02,0,G,B95,C1,B99,2,8,5
2019-12-02,1,G,C2,C3,B91,1,2,2
2019-12-02,2,G,C17,C10,C16,4,0,1
2019-12-02,3,G,C10,C16,C19,0,3,0
2019-12-03,0,G,B99,B95,B93,8,8,1
2019-12-03,1,G,B93,B92,B95,0,5,8
2019-12-03,2,G,C13,C12,C18,7,0,8
2019-12-03,3,G,C16,C11,C21,0,0,6
2019-12-04,0,G,B99,C3,B96,6,6,0
2019-12-04,1,G,C3,C2,B95,1,8,1
2019-12-04,2,G,C11,C16,C10,8,9,7
2019-12-04,3,G,C14,C18,C10,8,8,3
2019-12-05,0,G,B96,B91,B92,4,2,5
2019-12-05,1,G,C2,B95,B97,9,4,5
2019-12-05,2,G,C12,C10,C13,4,0,7
2019-12-05,3,G,C16,C12,C13,9,5,6
2019-12-06,0,G,C1,B99,C3,2,1,3
2019-12-06,1,G,B97,C2,B96,7,0,7
2019-12-06,2,G,C12,C15,C20,7,0,8
2019-12-06,3,G,C10,C11,C20,6,3,2
2019-12-07,0,G,C1,B99,B91,2,6,4
2019-12-07,1,G,B93,C3,B91,3,6,0
2019-12-07,2,G,C17,C20,C19,2,8,0
2019-12-07,3,G,C15,C21,C10,4,6,7
2019-12-09,0,G,B97,C1,B93,1,8,9
2019-12-09,1,G,B93,B94,B97,2,3,5
2019-12-09,2,G,C13,C18,C17,3,5,0
2019-12-09,3,G,C21,C14,C19,3,5,9
2019-12-10,0,G,C3,B94,B97,1,5,3
2019-12-10,1,G,B94,B97,B92,5,5,1
2019-12-10,2,G,C10,C16,C17,0,5,8
2019-12-10,3,G,C18,C12,C16,7,6,2
2019-12-11,0,G,B99,B92,B96,7,9,5
2019-12-11,1,G,B99,C1,B92,5,0,9
2019-12-11,2,G,C10,C19,C15,1,9,8
2019-12-11,3,G,C10,C18,C17,5,7,9
2019-12-12,0,G,B96,B94,B91,1,1,1
2019-12-12,1,G,B92,C3,B97,6,2,8
2019-12-12,2,G,C11,C13,C16,1,3,4
2019-12-12,3,G,C21,C19,C15,1,7,2
2019-12-13,0,G,B96,B95,C3,9,5,7
2019-12-13,1,G,C2,C1,B95,1,1,3
2019-12-13,2,G,C14,C13,C16,7,6,5
2019-12-13,3,G,C14,C10,C13,6,2,0
2019-12-14,0,G,B95,B92,B94,8,8,9
2019-12-14,1,G,B91,C2,C3,7,9,7
2019-12-14,2,G,C12,C21,C15,0,0,6
2019-12-14,3,G,C18,C17,C15,3,4,4
2019-12-16,0,G,B95,B91,B99,8,6,9
2019-12-16,1,G,B92,C3,B96,8,6,1
2019-12-16,2,G,C18,C16,C17,6,2,6
2019-12-16,3,G,C10,C14,C12,1,2,5
2019-12-17,0,G,B96,C3,C2,3,3,4
2019-12-17,1,G,B99,B91,C2,7,7,0
2019-12-17,2,G,C15,C18,C11,4,8,4
2019-12-17,3,G,C16,C11,C14,6,2,6
2019-12-18,0,G,B97,C1,B94,8,9,8
2019-12-18,1,G,B93,B95,C1,3,8,9
2019-12-18,2,G,C16,C15,C14,8,7,8
2019-12-18,3,G,C20,C21,C19,7,7,1
2019-12-19,0,G,C3,B92,B91,7,4,5
2019-12-19,1,G,C1,B96,B95,5,5,2
2019-12-19,2,G,C20,C12,C11,4,0,5
2019-12-19,3,G,C12,C14,C10,2,6,2
2019-12-20,0,G,B93,B91,B97,6,5,7
2019-12-20,1,G,B99,C2,B93,0,5,1
2019-12-20,2,G,C10,C13,C14,1,1,1
2019-12-20,3,G,C19,C11,C12,2,4,6
2019-12-21,0,G,B96,C3,B99,2,0,9
2019-12-21,1,G,B91,B94,B96,2,7,5
2019-12-21,2,G,C10,C11,C13,0,7,6
2019-12-21,3,G,C13,C12,C18,1,7,2
2019-12-23,0,G,B91,B93,B99,7,9,4
2019-12-23,1,G,B95,B93,B97,3,3,0
2019-12-23,2,G,C17,C18,C21,1,7,2
2019-12-23,3,G,C19,C13,C20,5,5,3
2019-12-24,0,G,C2,B96,C1,8,2,2
2019-12-24,1,G,B93,B95,B96,6,0,8
2019-12-24,2,G,C19,C17,C11,9,2,2
2019-12-24,3,G,C17,C14,C19,5,8,4
2019-12-25,0,G,B93,B99,B97,3,7,5
2019-12-25,1,G,B91,B93,B96,0,0,0
2019-12-25,2,G,C11,C21,C18,2,8,2
2019-12-25,3,G,C11,C10,C19,2,4,1
2019-12-26,0,G,B96,B93,C2,0,0,5
2019-12-26,1,G,B91,C3,B96,8,3,8
2019-12-26,2,G,C19,C14,C15,8,4,9
2019-12-26,3,G,C10,C18,C16,9,6,5
2019-12-27,0,G,B95,C2,B92,0,2,8
2019-12-27,1,G,B99,B91,B93,8,8,4
2019-12-27,2,G,C14,C13,C11,9,7,8
2019-12-27,3,G,C19,C13,C15,0,5,1
2019-12-28,0,G,C1,B94,B92,6,9,3
2019-12-28,1,G,B93,C2,B92,2,6,1
2019-12-28,2,G,C11,C16,C10,7,2,7
2019-12-28,3,G,C21,C18,C16,3,5,1
2019-12-30,0,G,B92,B99,B93,5,5,1
2019-12-30,1,G,B96,C2,C1,5,3,9
2019-12-30,2,G,C17,C10,C12,2,4,5
2019-12-30,3,G,C11,C17,C18,6,5,7
2019-12-31,0,G,B91,C3,B93,5,4,8
2019-12-31,1,G,B96,B94,C3,5,9,9
2019-12-31,2,G,C20,C18,C19,4,2,0
2019-12-31,3,G,C13,C11,C12,8,0,1
2020-01-01,0,H,C3,B94,B92,2,5,5
2020-01-01,1,H,B95,C3,B99,1,5,8
2020-01-01,2,H,C19,C18,C13,4,8,4
2020-01-01,3,H,C20,C18,C13,6,1,4
2020-01-02,0,H,C3,B96,B97,5,2,0
2020-01-02,1,H,B93,B92,B91,3,0,2
2020-01-02,2,H,C21,C13,C16,9,2,7
2020-01-02,3,H,C14,C13,C21,5,9,7
2020-01-03,0,H,B97,C3,B99,0,8,9
2020-01-03,1,H,C1,B95,B97,7,2,1
2020-01-03,2,H,C18,C13,C10,3,5,5
2020-01-03,3,H,C21,C18,C16,7,3,4
2020-01-04,0,H,C2,B97,B99,7,8,8
2020-01-04,1,H,B92,B91,B94,9,0,3
2020-01-04,2,H,C10,C13,C11,9,2,1
2020-01-04,3,H,C15,C12,C11,7,1,3
2020-01-06,0,H,B99,C3,C2,0,6,7
2020-01-06,1,H,C2,B91,B92,6,7,1
2020-01-06,2,H,C17,C10,C19,6,7,9
2020-01-06,3,H,C16,C17,C20,7,9,6
2020-01-07,0,H,B92,C1,C3,6,2,9
2020-01-07,1,H,B99,B94,B96,3,0,4
2020-01-07,2,H,C11,C15,C21,0,2,1
2020-01-07,3,H,C12,C10,C11,5,6,5
2020-01-08,0,H,B92,C1,B97,3,4,8
2020-01-08,1,H,B99,B93,C3,8,8,1
2020-01-08,2,H,C19,C21,C12,1,8,7
2020-01-08,3,H,C10,C17,C21,2,8,0
2020-01-09,0,H,B94,C2,B96,5,5,4
2020-01-09,1,H,C2,B99,B92,3,2,6
2020-01-09,2,H,C18,C14,C19,6,0,4
2020-01-09,3,H,C16,C21,C14,1,0,6
2020-01-10,0,H,C1,B96,B99,9,2,8
2020-01-10,1,H,C2,B97,B96,5,5,0
2020-01-10,2,H,C12,C11,C18,7,4,6
2020-01-10,3,H,C11,C19,C12,6,9,6
2020-01-11,0,H,B97,C2,B91,9,4,6
2020-01-11,1,H,B97,B96,B94,3,8,8
2020-01-11,2,H,C18,C10,C19,8,4,6
2020-01-11,3,H,C17,C15,C13,5,4,1
2020-01-13,0,H,B97,B96,C2,3,9,3
2020-01-13,1,H,B93,B99,C1,5,4,5
2020-01-13,2,H,C11,C12,C13,2,8,1
2020-01-13,3,H,C19,C21,C11,2,4,7
2020-01-14,0,H,B94,B92,C1,7,0,4
2020-01-14,1,H,C1,B95,B92,1,7,3
2020-01-14,2,H,C13,C18,C10,2,7,7
2020-01-14,3,H,C19,C14,C21,0,9,4
2020-01-15,0,H,B91,B97,C1,7,7,3
2020-01-15,1,H,B91,B94,B93,9,3,7
2020-01-15,2,H,C13,C21,C17,9,6,3
2020-01-15,3,H,C17,C15,C20,0,5,9
2020-01-16,0,H,B96,B99,B91,9,6,7
2020-01-16,1,H,B93,B96,C2,4,9,7
2020-01-16,2,H,C13,C21,C20,3,3,5
2020-01-16,3,H,C15,C13,C19,8,6,9
2020-01-17,0,H,B93,B96,C1,3,0,8
2020-01-17,1,H,B97,C2,B91,2,1,5
2020-01-17,2,H,C12,C14,C11,0,1,6
2020-01-17,3,H,C13,C14,C12,0,9,0
2020-01-18,0,H,B99,B96,B97,7,3,6
2020-01-18,1,H,B99,B96,B93,0,9,6
2020-01-18,2,H,C19,C13,C12,5,9,2
2020-01-18,3,H,C15,C17,C21,9,8,9
2020-01-20,0,H,B99,C2,B93,8,7,0
2020-01-20,1,H,B99,B96,B97,7,9,8
2020-01-20,2,H,C16,C14,C19,3,4,8
2020-01-20,3,H,C16,C18,C13,3,3,5
2020-01-21,0,H,B97,C2,B94,1,8,4
2020-01-21,1,H,B94,C1,B99,5,8,1
2020-01-21,2,H,C12,C15,C10,1,1,6
2020-01-21,3,H,C20,C10,C17,6,3,9
2020-01-22,0,H,B99,B91,C2,9,6,6
2020-01-22,1,H,B91,B96,B99,2,5,2
2020-01-22,2,H,C17,C21,C20,7,4,8
2020-01-22,3,H,C20,C21,C19,6,8,0
2020-01-23,0,H,C2,B91,C3,6,2,2
2020-01-23,1,H,B95,C1,B97,2,7,0
2020-01-23,2,H,C10,C21,C14,0,8,9
2020-01-23,3,H,C17,C11,C20,7,9,3
2020-01-24,0,H,B99,B92,B91,8,9,7
2020-01-24,1,H,B95,C1,B96,4,1,0
2020-01-24,2,H,C17,C12,C14,3,4,3
2020-01-24,3,H,C20,C17,C13,4,1,0
2020-01-25,0,H,B91,B93,B95,7,6,9
2020-01-25,1,H,C1,C2,B93,4,4,1
2020-01-25,2,H,C11,C16,C18,7,5,5
2020-01-25,3,H,C17,C12,C13,9,0,5
2020-01-27,0,H,B97,B91,B95,7,1,4
2020-01-27,1,H,B97,C2,B91,5,3,7
2020-01-27,2,H,C19,C21,C10,0,6,3
2020-01-27,3,H,C13,C17,C16,8,0,9
2020-01-28,0,H,C2,B96,B92,7,7,7
2020-01-28,1,H,C2,B96,B92,8,8,9
2020-01-28,2,H,C10,C19,C14,3,2,2
2020-01-28,3,H,C16,C12,C10,5,1,1
2020-01-29,0,H,B92,B91,B93,7,3,9
2020-01-29,1,H,B91,B97,B92,4,9,8
2020-01-29,2,H,C16,C15,C21,8,3,2
2020-01-29,3,H,C11,C12,C20,9,2,6
2020-01-30,0,H,B92,C3,B94,1,3,9
2020-01-30,1,H,B97,B92,B93,1,2,6
2020-01-30,2,H,C19,C10,C21,8,2,2
2020-01-30,3,H,C17,C14,C20,6,5,3
2020-01-31,0,H,B96,B92,B99,9,4,6
2020-01-31,1,H,B93,C1,B94,3,2,0
2020-01-31,2,H,C19,C13,C16,7,8,1
2020-01-31,3,H,C12,C11,C14,0,6,0
2020-02-01,0,I,B94,B97,B96,5,5,3
2020-02-01,1,I,B92,B97,C2,7,1,0
2020-02-01,2,I,C17,C12,C14,5,0,0
2020-02-01,3,I,C12,C17,C10,8,7,7
2020-02-03,0,I,B97,C1,C2,0,8,9
2020-02-03,1,I,C1,B95,B99,1,0,0
2020-02-03,2,I,C21,C13,C12,4,5,4
2020-02-03,3,I,C12,C20,C15,2,0,0
2020-02-04,0,I,B92,B91,C1,3,2,8
2020-02-04,1,I,B96,B99,B95,4,1,4
2020-02-04,2,I,C10,C12,C15,6,9,8
2020-02-04,3,I,C20,C18,C11,2,0,6
2020-02-05,0,I,C3,B91,B95,0,2,3
2020-02-05,1,I,B94,C3,B95,9,0,2
2020-02-05,2,I,C16,C21,C14,8,3,8
2020-02-05,3,I,C11,C16,C17,5,7,0
2020-02-06,0,I,B95,B99,C1,6,3,3
2020-02-06,1,I,C2,B99,B92,5,8,5
2020-02-06,2,I,C13,C17,C14,0,3,1
2020-02-06,3,I,C14,C21,C12,5,5,2
2020-02-07,0,I,B94,B93,B96,9,1,4
2020-02-07,1,I,B94,B93,B91,3,2,8
2020-02-07,2,I,C12,C19,C21,4,1,3
2020-02-07,3,I,C17,C12,C20,8,8,5
2020-02-08,0,I,B99,B97,B94,4,4,0
2020-02-08,1,I,B94,B97,B95,9,2,3
2020-02-08,2,I,C14,C17,C19,6,9,0
2020-02-08,3,I,C21,C17,C20,2,2,7
2020-02-10,0,I,B91,C2,C3,8,3,4
2020-02-10,1,I,B99,C2,C1,2,1,1
2020-02-10,2,I,C15,C19,C16,4,5,4
2020-02-10,3,I,C15,C12,C13,5,8,5
2020-02-11,0,I,B94,B95,C1,5,3,0
2020-02-11,1,I,C1,B94,C2,9,6,7
2020-02-11,2,I,C10,C16,C15,4,5,6
2020-02-11,3,I,C20,C13,C14,9,6,1
2020-02-12,0,I,B95,B93,B91,3,8,3
2020-02-12,1,I,B99,B92,B95,2,7,9
2020-02-12,2,I,C16,C17,C19,3,6,5
2020-02-12,3,I,C17,C16,C20,9,4,0
2020-02-13,0,I,B97,C1,B99,5,6,8
2020-02-13,1,I,B93,B96,C1,0,5,7
2020-02-13,2,I,C15,C20,C21,9,7,7
2020-02-13,3,I,C19,C11,C21,9,2,1
2020-02-14,0,I,B93,B91,B96,6,1,8
2020-02-14,1,I,B99,B96,C2,8,4,2
2020-02-14,2,I,C11,C16,C14,0,3,8
2020-02-14,3,I,C13,C18,C12,2,0,8
2020-02-15,0,I,B95,C1,C3,6,4,7
2020-02-15,1,I,C2,C3,B94,5,5,4
2020-02-15,2,I,C10,C20,C16,2,9,6
2020-02-15,3,I,C21,C14,C18,4,7,3
2020-02-17,0,I,C2,C1,B94,3,8,5
2020-02-17,1,I,B95,B91,B99,7,1,1
2020-02-17,2,I,C17,C14,C13,3,3,2
2020-02-17,3,I,C19,C18,C10,5,6,3
2020-02-18,0,I,B96,B99,B91,5,5,1
2020-02-18,1,I,B92,B99,C2,8,5,9
2020-02-18,2,I,C16,C15,C17,3,2,2
2020-02-18,3,I,C12,C14,C18,8,6,6
2020-02-19,0,I,C1,B97,B99,2,7,3
2020-02-19,1,I,C1,B99,C3,0,7,1
2020-02-19,2,I,C18,C14,C20,8,6,2
2020-02-19,3,I,C12,C16,C14,0,6,6
2020-02-20,0,I,B95,B93,B96,6,7,0
2020-02-20,1,I,C3,B97,B95,6,7,0
2020-02-20,2,I,C11,C19,C18,5,9,4
2020-02-20,3,I,C13,C21,C19,4,9,8
2020-02-21,0,I,B99,B94,B97,1,1,5
2020-02-21,1,I,C3,B94,B95,8,2,7
2020-02-21,2,I,C13,C20,C17,3,1,0
2020-02-21,3,I,C16,C14,C19,0,5,8
2020-02-22,0,I,B93,B99,B94,7,2,4
2020-02-22,1,I,C3,B91,B95,3,3,3
2020-02-22,2,I,C12,C16,C13,9,6,8
2020-02-22,3,I,C19,C16,C15,4,2,8
2020-02-24,0,I,B94,C3,B95,8,6,0
2020-02-24,1,I,B92,B94,C2,6,6,3
2020-02-24,2,I,C10,C16,C17,6,3,2
2020-02-24,3,I,C21,C11,C12,2,5,2
2020-02-25,0,I,C2,B97,B96,6,3,9
2020-02-25,1,I,B91,C3,B95,7,2,0
2020-02-25,2,I,C17,C12,C19,5,7,7
2020-02-25,3,I,C13,C21,C17,4,5,8
2020-02-26,0,I,B99,B92,B93,9,6,3
2020-02-26,1,I,B91,C2,C3,6,1,6
2020-02-26,2,I,C14,C15,C18,6,8,8
2020-02-26,3,I,C21,C12,C18,4,9,1
2020-02-27,0,I,C3,B93,B97,2,5,4
2020-02-27,1,I,B92,C1,B96,0,0,1
2020-02-27,2,I,C11,C15,C14,0,8,9
2020-02-27,3,I,C16,C12,C11,6,3,3
2020-02-28,0,I,B91,B93,B95,6,3,3
2020-02-28,1,I,C3,B95,C1,0,4,2
2020-02-28,2,I,C19,C14,C21,5,5,7
2020-02-28,3,I,C11,C14,C16,6,4,0
2020-02-29,0,I,B95,B96,B97,8,5,3
2020-02-29,1,I,B97,B94,C3,3,4,2
2020-02-29,2,I,C21,C11,C13,2,5,6
2020-02-29,3,I,C15,C21,C18,2,4,0
2020-03-02,0,J,B91,B96,B97,1,5,8
2020-03-02,1,J,B93,B97,B91,2,7,8
2020-03-02,2,J,C19,C18,C21,5,2,4
2020-03-02,3,J,C21,C14,C20,7,9,8
2020-03-03,0,J,B96,C1,B95,9,5,2
2020-03-03,1,J,B97,C3,B95,2,8,5
2020-03-03,2,J,C14,C21,C15,2,7,3
2020-03-03,3,J,C19,C13,C21,3,3,2
2020-03-04,0,J,B95,B99,C1,8,7,8
2020-03-04,1,J,B94,C3,B92,0,0,1
2020-03-04,2,J,C14,C21,C12,6,5,0
2020-03-04,3,J,C14,C12,C15,9,0,1
2020-03-05,0,J,B93,B91,B95,5,1,7
2020-03-05,1,J,B91,C2,B96,3,3,2
2020-03-05,2,J,C13,C19,C12,2,1,8
2020-03-05,3,J,C10,C13,C12,2,1,6
2020-03-06,0,J,B96,B94,C2,7,6,8
2020-03-06,1,J,C3,B96,C1,1,8,4
2020-03-06,2,J,C20,C17,C19,4,0,7
2020-03-06,3,J,C20,C12,C17,1,3,1
2020-03-07,0,J,C1,B94,B97,0,2,4
2020-03-07,1,J,B92,C1,B96,2,5,8
2020-03-07,2,J,C15,C13,C16,3,2,2
2020-03-07,3,J,C17,C10,C15,2,3,2
2020-03-09,0,J,B93,B99,C3,9,2,4
2020-03-09,1,J,C3,C1,B97,9,6,8
2020-03-09,2,J,C16,C11,C19,3,1,6
2020-03-09,3,J,C11,C16,C12,4,7,4
2020-03-10,0,J,B93,C1,C3,3,1,9
2020-03-10,1,J,C3,B99,C2,1,3,7
2020-03-10,2,J,C21,C17,C14,8,7,2
2020-03-10,3,J,C14,C11,C18,9,1,7
2020-03-11,0,J,B91,B97,B99,8,7,1
2020-03-11,1,J,B93,C1,B97,3,1,8
2020-03-11,2,J,C14,C18,C19,8,2,9
2020-03-11,3,J,C15,C20,C14,2,0,2
2020-03-12,0,J,C1,B95,C3,0,0,2
2020-03-12,1,J,B99,C1,B94,6,3,0
2020-03-12,2,J,C17,C19,C16,1,0,5
2020-03-12,3,J,C17,C19,C14,2,5,4
2020-03-13,0,J,B95,B93,B91,6,9,5
2020-03-13,1,J,B95,B99,C2,1,8,5
2020-03-13,2,J,C17,C19,C16,3,3,5
2020-03-13,3,J,C11,C17,C12,6,7,3
2020-03-14,0,J,B97,B93,B91,6,0,8
2020-03-14,1,J,B93,B91,C3,5,9,3
2020-03-14,2,J,C20,C21,C11,9,7,5
2020-03-14,3,J,C11,C14,C17,3,9,3
2020-03-16,0,J,B94,C3,B95,3,2,0
2020-03-16,1,J,B94,C3,C2,9,8,0
2020-03-16,2,J,C10,C11,C15,2,6,8
2020-03-16,3,J,C12,C15,C19,6,4,3
2020-03-17,0,J,B92,B96,B91,3,2,9
2020-03-17,1,J,B96,B92,B95,2,1,4
2020-03-17,2,J,C21,C16,C12,8,2,1
2020-03-17,3,J,C17,C21,C13,8,3,8
2020-03-18,0,J,C1,C3,B99,6,2,9
2020-03-18,1,J,B94,C3,B91,3,1,3
2020-03-18,2,J,C13,C21,C17,8,1,8
2020-03-18,3,J,C11,C19,C21,9,8,4
2020-03-19,0,J,B91,B95,C2,8,0,1
2020-03-19,1,J,B91,B94,B92,2,2,4
2020-03-19,2,J,C16,C21,C13,9,5,6
2020-03-19,3,J,C20,C16,C11,1,8,4
2020-03-20,0,J,B91,B94,C2,3,2,1
2020-03-20,1,J,B93,B94,B91,1,5,6
2020-03-20,2,J,C19,C10,C21,7,1,0
2020-03-20,3,J,C20,C15,C12,5,9,2
2020-03-21,0,J,B93,B95,C1,8,9,3
2020-03-21,1,J,C3,B97,B94,2,8,1
2020-03-21,2,J,C11,C19,C18,1,6,8
2020-03-21,3,J,C13,C17,C20,8,3,4
2020-03-23,0,J,C1,B96,C3,0,4,5
2020-03-23,1,J,B95,B97,B93,2,5,8
2020-03-23,2,J,C20,C18,C21,1,3,2
2020-03-23,3,J,C15,C17,C12,7,1,1
2020-03-24,0,J,B96,B99,C2,4,9,4
2020-03-24,1,J,B92,C1,B96,3,7,2
2020-03-24,2,J,C20,C11,C15,4,8,3
2020-03-24,3,J,C18,C10,C11,5,6,7
2020-03-25,0,J,C2,B96,B99,6,7,2
2020-03-25,1,J,B92,C2,B96,1,4,8
2020-03-25,2,J,C10,C21,C11,6,1,0
2020-03-25,3,J,C18,C20,C14,6,8,7
2020-03-26,0,J,B92,B99,B93,3,4,7
2020-03-26,1,J,C2,B91,B99,3,1,6
2020-03-26,2,J,C19,C15,C12,9,6,0
2020-03-26,3,J,C17,C19,C20,3,1,6
2020-03-27,0,J,B97,C3,B99,3,7,1
2020-03-27,1,J,B94,C1,B91,6,2,3
2020-03-27,2,J,C13,C15,C16,8,9,1
2020-03-27,3,J,C21,C18,C14,9,4,7
2020-03-28,0,J,B92,B99,B93,2,1,1
2020-03-28,1,J,B96,B92,B99,6,8,3
2020-03-28,2,J,C12,C11,C14,5,3,4
2020-03-28,3,J,C19,C20,C13,5,8,3
2020-03-30,0,J,C1,B91,B94,2,8,9
2020-03-30,1,J,C2,C1,B97,6,2,3
2020-03-30,2,J,C19,C12,C11,8,5,2
2020-03-30,3,J,C12,C14,C21,0,0,8
2020-03-31,0,J,B92,B94,B97,2,8,4
2020-03-31,1,J,B94,C1,C2,5,6,7
2020-03-31,2,J,C15,C19,C21,4,9,7
2020-03-31,3,J,C14,C18,C16,4,7,6
2020-04-01,0,K,B96,B97,B95,9,0,3
2020-04-01,1,K,B92,B97,C1,6,5,7
2020-04-01,2,K,C16,C20,C17,2,0,5
2020-04-01,3,K,C18,C13,C12,9,0,2
2020-04-02,0,K,C3,C1,C2,9,9,3
2020-04-02,1,K,B94,B96,B97,0,5,5
2020-04-02,2,K,C12,C20,C14,8,0,5
2020-04-02,3,K,C19,C16,C15,4,6,8
2020-04-03,0,K,B95,B96,C2,2,8,0
2020-04-03,1,K,C2,B96,B92,3,5,1
2020-04-03,2,K,C17,C20,C14,8,9,6
2020-04-03,3,K,C15,C13,C21,2,3,8
2020-04-04,0,K,B97,B96,C1,6,8,1
2020-04-04,1,K,B94,C2,C1,5,5,0
2020-04-04,2,K,C14,C15,C12,7,6,8
2020-04-04,3,K,C21,C15,C14,8,5,4
2020-04-06,0,K,B99,B95,B97,6,7,7
2020-04-06,1,K,B97,B94,B92,4,9,6
2020-04-06,2,K,C18,C12,C21,2,9,6
2020-04-06,3,K,C19,C15,C20,8,6,7
2020-04-07,0,K,B95,B99,B92,2,1,0
2020-04-07,1,K,B96,B97,B91,1,0,1
2020-04-07,2,K,C20,C16,C19,2,6,6
2020-04-07,3,K,C17,C21,C19,3,6,7
2020-04-08,0,K,B91,B93,C2,5,4,0
2020-04-08,1,K,B97,B92,B94,2,2,5
2020-04-08,2,K,C20,C15,C17,9,3,4
2020-04-08,3,K,C21,C11,C18,2,9,0
2020-04-09,0,K,B99,B91,B92,3,5,0
2020-04-09,1,K,B99,B92,C2,6,1,8
2020-04-09,2,K,C11,C21,C14,3,3,1
2020-04-09,3,K,C18,C17,C10,3,8,8
2020-04-10,0,K,C1,B95,C2,2,2,9
2020-04-10,1,K,C1,B93,B91,2,3,9
2020-04-10,2,K,C15,C10,C19,7,9,3
2020-04-10,3,K,C20,C13,C16,8,3,4
2020-04-11,0,K,B94,C2,B97,9,8,7
2020-04-11,1,K,B91,B99,B94,4,4,1
2020-04-11,2,K,C11,C12,C16,1,4,0
2020-04-11,3,K,C12,C15,C14,5,2,3
2020-04-13,0,K,C1,B99,C2,0,5,6
2020-04-13,1,K,B99,B97,C3,8,3,5
2020-04-13,2,K,C19,C21,C17,0,4,9
2020-04-13,3,K,C10,C21,C18,9,1,1
2020-04-14,0,K,B99,B92,C2,0,8,9
2020-04-14,1,K,C1,C3,B95,6,8,4
2020-04-14,2,K,C20,C18,C12,7,8,8
2020-04-14,3,K,C13,C21,C18,1,6,2
2020-04-15,0,K,B91,C3,C2,3,2,1
2020-04-15,1,K,B93,B94,B95,2,2,9
2020-04-15,2,K,C20,C12,C11,1,8,8
2020-04-15,3,K,C14,C16,C10,7,7,9
2020-04-16,0,K,C3,C1,B99,4,4,4
2020-04-16,1,K,B99,B92,B94,2,1,2
2020-04-16,2,K,C11,C21,C20,4,5,0
2020-04-16,3,K,C16,C14,C18,0,4,5
2020-04-17,0,K,B95,C3,C2,1,6,7
2020-04-17,1,K,B95,B99,C1,7,1,4
2020-04-17,2,K,C21,C16,C11,0,0,0
2020-04-17,3,K,C12,C20,C16,0,6,4
2020-04-18,0,K,B93,B91,B95,7,3,8
2020-04-18,1,K,B93,B97,C1,8,5,8
2020-04-18,2,K,C16,C12,C14,1,3,3
2020-04-18,3,K,C16,C14,C13,4,3,0
2020-04-20,0,K,B97,B96,B92,4,6,6
2020-04-20,1,K,B92,C1,B93,7,7,3
2020-04-20,2,K,C16,C11,C21,0,9,5
2020-04-20,3,K,C21,C20,C16,1,2,0
2020-04-21,0,K,B92,C1,B91,8,5,9
2020-04-21,1,K,B97,B96,B91,0,1,6
2020-04-21,2,K,C19,C15,C18,3,7,4
2020-04-21,3,K,C10,C19,C15,7,9,9
2020-04-22,0,K,B95,B92,C3,5,7,8
2020-04-22,1,K,B93,C3,C2,0,8,6
2020-04-22,2,K,C17,C18,C15,3,3,7
2020-04-22,3,K,C13,C20,C16,1,2,1
2020-04-23,0,K,B94,B96,B97,2,4,4
2020-04-23,1,K,C3,B96,B95,7,4,8
2020-04-23,2,K,C16,C17,C12,4,9,5
2020-04-23,3,K,C15,C19,C17,0,6,5
2020-04-24,0,K,B95,B92,B91,5,0,5
2020-04-24,1,K,B99,B93,B94,1,0,9
2020-04-24,2,K,C13,C16,C18,8,4,0
2020-04-24,3,K,C17,C18,C19,1,8,2
2020-04-25,0,K,C2,B99,C3,1,1,1
2020-04-25,1,K,C3,B97,C2,6,7,6
2020-04-25,2,K,C14,C15,C16,8,2,8
2020-04-25,3,K,C14,C17,C21,3,8,7
2020-04-27,0,K,B91,B93,B95,7,7,3
2020-04-27,1,K,B94,C3,B97,4,2,1
2020-04-27,2,K,C10,C12,C19,8,3,9
2020-04-27,3,K,C11,C20,C19,3,0,4
2020-04-28,0,K,B93,B91,B96,3,9,6
2020-04-28,1,K,B92,B95,B94,3,5,3
2020-04-28,2,K,C20,C10,C14,2,0,7
2020-04-28,3,K,C11,C18,C16,6,8,1
2020-04-29,0,K,B94,C3,B92,1,1,6
2020-04-29,1,K,B91,B92,B96,8,5,8
2020-04-29,2,K,C20,C19,C18,9,9,1
2020-04-29,3,K,C13,C10,C19,9,3,1
2020-04-30,0,K,B92,B96,C2,4,1,6
2020-04-30,1,K,B99,B94,B96,5,7,2
2020-04-30,2,K,C21,C13,C16,2,2,2
2020-04-30,3,K,C18,C11,C20,0,3,2
2020-05-01,0,G,B91,C1,B97,5,7,8
2020-05-01,1,G,B99,B95,C2,1,2,0
2020-05-01,2,G,C15,C11,C17,6,3,5
2020-05-01,3,G,C20,C13,C15,4,3,3
2020-05-02,0,G,C2,B99,B91,7,6,2
2020-05-02,1,G,B93,B92,C2,2,1,1
2020-05-02,2,G,C10,C20,C12,4,7,0
2020-05-02,3,G,C16,C10,C14,1,4,1
2020-05-04,0,G,B95,B93,B92,5,9,2
2020-05-04,1,G,B91,B92,C2,8,4,7
2020-05-04,2,G,C11,C19,C20,0,4,5
2020-05-04,3,G,C13,C19,C20,2,3,4
2020-05-05,0,G,B97,B94,C2,5,9,1
2020-05-05,1,G,C2,B95,B96,0,8,0
2020-05-05,2,G,C18,C21,C14,3,7,0
2020-05-05,3,G,C21,C10,C19,3,2,4
2020-05-06,0,G,B92,C3,B93,9,7,7
2020-05-06,1,G,B94,B91,B96,5,6,7
2020-05-06,2,G,C17,C16,C20,4,7,0
2020-05-06,3,G,C17,C15,C16,8,8,5
2020-05-07,0,G,B95,B99,C3,4,4,5
2020-05-07,1,G,B91,B99,C1,5,2,0
2020-05-07,2,G,C10,C14,C21,2,0,1
2020-05-07,3,G,C14,C11,C17,9,3,1
2020-05-08,0,G,B92,C3,B99,2,5,9
2020-05-08,1,G,B99,B95,B94,9,0,2
2020-05-08,2,G,C15,C12,C17,1,6,3
2020-05-08,3,G,C13,C15,C19,4,5,0
2020-05-09,0,G,B91,B99,C2,7,2,6
2020-05-09,1,G,C1,C2,B95,5,4,5
2020-05-09,2,G,C21,C13,C16,5,1,0
2020-05-09,3,G,C13,C16,C21,3,6,3
2020-05-11,0,G,B96,B94,B93,0,0,4
2020-05-11,1,G,B92,C2,B91,1,1,4
2020-05-11,2,G,C19,C20,C17,8,5,0
2020-05-11,3,G,C20,C15,C21,6,0,7
2020-05-12,0,G,B99,B94,B95,3,0,6
2020-05-12,1,G,B92,B95,B97,9,2,3
2020-05-12,2,G,C20,C14,C16,9,4,1
2020-05-12,3,G,C20,C13,C10,0,6,2
2020-05-13,0,G,B96,C3,B99,6,3,5
2020-05-13,1,G,B97,B93,B96,6,4,5
2020-05-13,2,G,C14,C12,C21,5,8,1
2020-05-13,3,G,C15,C10,C20,7,0,8
2020-05-14,0,G,B95,C2,B93,1,2,8
2020-05-14,1,G,C1,B94,C2,6,4,0
2020-05-14,2,G,C16,C19,C17,3,6,9
2020-05-14,3,G,C12,C13,C20,0,8,7
2020-05-15,0,G,B94,C1,B99,9,7,1
2020-05-15,1,G,B91,B94,B92,3,7,3
2020-05-15,2,G,C20,C11,C15,0,1,9
2020-05-15,3,G,C15,C14,C18,6,3,7
2020-05-16,0,G,C2,B91,B96,7,1,9
2020-05-16,1,G,B99,B91,B95,4,7,7
2020-05-16,2,G,C21,C10,C20,5,9,6
2020-05-16,3,G,C15,C11,C16,6,1,0
2020-05-18,0,G,B99,B94,B92,3,5,0
2020-05-18,1,G,C3,C2,B97,9,4,3
2020-05-18,2,G,C20,C12,C17,7,8,0
2020-05-18,3,G,C17,C20,C13,6,3,5
2020-05-19,0,G,C3,B94,B95,7,0,8
2020-05-19,1,G,B95,B93,B99,2,1,1
2020-05-19,2,G,C13,C18,C12,5,5,5
2020-05-19,3,G,C17,C13,C18,9,6,4
2020-05-20,0,G,B91,C1,C3,9,4,9
2020-05-20,1,G,B92,B99,B95,0,4,1
2020-05-20,2,G,C12,C10,C14,3,7,8
2020-05-20,3,G,C15,C21,C11,1,6,2
2020-05-21,0,G,B95,B96,B93,6,8,0
2020-05-21,1,G,B92,B96,B95,7,6,5
2020-05-21,2,G,C11,C18,C15,3,2,2
2020-05-21,3,G,C14,C10,C17,9,3,7
2020-05-22,0,G,B95,B96,C1,6,2,4
2020-05-22,1,G,B93,B96,C2,7,5,4
2020-05-22,2,G,C10,C14,C19,6,2,7
2020-05-22,3,G,C21,C16,C12,0,6,0
2020-05-23,0,G,B97,B93,C2,6,7,6
2020-05-23,1,G,B96,B97,B94,6,8,3
2020-05-23,2,G,C16,C20,C21,1,6,9
2020-05-23,3,G,C17,C11,C16,2,0,7
2020-05-25,0,G,B93,C3,B96,4,0,7
2020-05-25,1,G,B99,B95,B96,1,7,3
2020-05-25,2,G,C15,C16,C13,2,2,8
2020-05-25,3,G,C13,C15,C20,6,7,1
2020-05-26,0,G,B94,B92,B95,4,1,3
2020-05-26,1,G,B92,C3,B94,4,9,1
2020-05-26,2,G,C19,C15,C11,6,4,9
2020-05-26,3,G,C10,C11,C20,5,6,5
2020-05-27,0,G,B95,B92,B96,3,8,5
2020-05-27,1,G,B99,B96,C1,3,3,9
2020-05-27,2,G,C15,C13,C12,1,9,6
2020-05-27,3,G,C14,C18,C10,3,3,7
2020-05-28,0,G,C1,B92,C2,6,1,4
2020-05-28,1,G,C3,C2,B96,9,9,0
2020-05-28,2,G,C11,C13,C18,8,1,5
2020-05-28,3,G,C21,C19,C16,7,8,1
2020-05-29,0,G,C3,B91,C2,0,1,2
2020-05-29,1,G,B97,C1,B93,7,6,1
2020-05-29,2,G,C12,C16,C10,7,2,2
2020-05-29,3,G,C19,C12,C20,5,8,5
2020-05-30,0,G,B96,B93,B95,5,2,8
2020-05-30,1,G,C3,B99,C2,4,0,0
2020-05-30,2,G,C19,C16,C13,9,9,6
2020-05-30,3,G,C17,C10,C16,2,8,9
2020-06-01,0,H,C21,B93,C14,0,3,2
2020-06-01,1,H,C21,B99,C18,4,2,1
2020-06-01,2,H,B92,C5,B91,7,0,0
2020-06-01,3,H,C12,C5,C14,3,4,4
2020-06-02,0,H,C17,B93,C3,1,5,8
2020-06-02,1,H,C21,B93,C18,1,6,3
2020-06-02,2,H,C4,B99,C18,4,5,1
2020-06-02,3,H,C12,C19,C7,6,7,9
2020-06-03,0,H,C17,C19,C14,4,5,0
2020-06-03,1,H,C17,C11,C3,1,1,4
2020-06-03,2,E,A99,A93,A95,4,9,8
2020-06-03,3,E,A94,A95,A99,8,0,5
2020-06-04,0,E,A96,B6,A94,9,7,5
2020-06-04,1,E,A93,A94,A99,6,0,3
2020-06-04,2,E,A99,A96,A95,3,1,9
2020-06-04,3,E,A93,A94,A96,0,2,2
2020-06-05,0,E,A95,A93,B6,0,6,6
2020-06-05,1,E,A96,A94,B6,5,1,4
2020-06-05,2,E,A94,B6,A96,5,3,0
2020-06-05,3,E,A93,A96,B6,0,5,7
2020-06-06,0,E,A95,B6,A96,3,5,4
2020-06-06,1,E,A94,A99,A95,7,4,1
2020-06-06,2,E,A94,A99,A95,2,5,8
2020-06-06,3,E,A94,A99,A93,1,0,9
2020-06-08,0,E,A96,A95,B6,5,6,9
2020-06-08,1,E,A99,A96,B6,4,0,1
2020-06-08,2,E,A93,A94,A95,9,1,5
2020-06-08,3,E,B6,A99,A94,1,5,7
2020-06-09,0,E,A94,A93,A96,7,0,4
2020-06-09,1,E,A96,B6,A99,1,6,6
2020-06-09,2,E,A96,A93,A95,3,4,1
2020-06-09,3,E,A95,B6,A99,7,3,0
2020-06-10,0,E,B6,A94,A96,4,9,0
2020-06-10,1,E,A99,A94,A96,9,3,1
2020-06-10,2,E,A96,A99,A94,1,4,3
2020-06-10,3,E,A99,A96,B6,2,1,2
2020-06-11,0,E,A93,A96,A95,3,5,1
2020-06-11,1,E,A99,A96,A94,0,2,9
2020-06-11,2,E,A94,B6,A93,2,1,9
2020-06-11,3,E,A99,A93,A94,8,6,5
2020-06-12,0,E,A94,A96,A99,7,6,0
2020-06-12,1,E,A94,B6,A95,9,5,3
2020-06-12,2,E,A95,A94,B6,8,7,5
2020-06-12,3,E,A96,B6,A93,5,3,9
2020-06-13,0,E,A93,A95,A94,6,1,1
2020-06-13,1,E,A94,A99,B6,8,4,9
2020-06-13,2,E,A99,A93,A96,3,4,6
2020-06-13,3,E,A95,A93,A94,2,3,7
2020-06-15,0,H,C4,B99,C18,0,9,1
2020-06-15,1,H,B92,C19,C14,7,5,7
2020-06-15,2,H,C12,C19,B91,5,5,7
2020-06-15,3,H,C12,B93,B91,3,0,6
2020-06-16,0,H,C17,C5,C18,7,7,6
2020-06-16,1,H,C4,C19,B91,2,1,4
2020-06-16,2,H,C21,C19,B91,7,6,2
2020-06-16,3,H,C12,B99,B91,0,1,9
2020-06-17,0,H,C4,C11,B91,1,6,1
2020-06-17,1,H,C12,B99,C7,2,3,1
2020-06-17,2,H,C4,C11,C3,3,8,3
2020-06-17,3,H,C17,B99,C14,2,9,6
2020-06-18,0,H,C17,C11,C18,2,4,8
2020-06-18,1,H,C12,B93,C18,2,3,5
2020-06-18,2,H,C12,C5,C3,4,0,4
2020-06-18,3,H,C12,C5,B91,9,2,9
2020-06-19,0,H,C12,C19,C14,7,2,6
2020-06-19,1,H,C12,B93,C7,7,3,4
2020-06-19,2,H,C21,B99,C7,9,9,2
2020-06-19,3,H,B92,B93,C14,5,7,0
2020-06-20,0,H,C4,B93,B91,2,2,3
2020-06-20,1,H,C4,B93,C7,1,2,9
2020-06-20,2,H,B92,C5,C3,8,4,7
2020-06-20,3,H,C21,C11,C18,8,5,8
2020-06-22,0,H,C12,B93,C3,2,6,3
2020-06-22,1,H,C17,B93,C14,8,2,6
2020-06-22,2,H,B92,C19,B91,9,1,4
2020-06-22,3,H,B92,C19,C14,3,9,8
2020-06-23,0,H,C12,C11,C3,5,4,3
2020-06-23,1,H,B92,B93,B91,8,4,6
2020-06-23,2,H,B92,B99,C7,7,9,8
2020-06-23,3,H,C12,C5,C14,3,7,2
2020-06-24,0,H,C21,C19,C3,9,8,1
2020-06-24,1,H,B92,C19,B91,9,7,2
2020-06-24,2,H,C4,C5,C14,3,9,7
2020-06-24,3,H,C12,C11,C3,9,9,5
2020-06-25,0,H,B92,C5,C18,4,2,8
2020-06-25,1,H,B92,C11,C3,9,9,8
2020-06-25,2,H,C12,C5,B91,4,2,2
2020-06-25,3,H,B92,C5,C7,1,5,1
2020-06-26,0,H,C21,B93,C14,5,3,9
2020-06-26,1,H,B92,C5,C14,2,2,6
2020-06-26,2,H,C21,B93,C3,6,8,1
2020-06-26,3,H,C17,C19,C18,3,7,8
2020-06-27,0,H,C21,B93,C14,2,3,5
2020-06-27,1,H,C12,B93,B91,6,0,1
2020-06-27,2,H,C4,C5,C18,4,0,4
2020-06-27,3,H,C12,C11,C14,2,2,4
2020-06-29,0,H,C12,B93,C7,2,4,4
2020-06-29,1,H,C4,B99,C18,0,3,9
2020-06-29,2,H,C21,B99,C7,8,6,4
2020-06-29,3,H,C12,B93,C7,2,9,4
2020-06-30,0,H,C12,C19,C7,7,9,8
2020-06-30,1,H,C17,B93,C14,0,5,7
2020-06-30,2,H,B92,C11,C7,9,5,9
2020-06-30,3,H,C12,C5,C7,4,5,8
2020-07-01,0,I,C4,C5,C14,7,5,9
2020-07-01,1,I,C17,C19,B91,9,8,6
2020-07-01,2,I,B92,C19,C14,1,5,4
2020-07-01,3,I,C21,C19,C14,2,0,5
2020-07-02,0,I,C4,C19,C14,1,5,0
2020-07-02,1,I,B92,C5,B91,4,2,9
2020-07-02,2,I,C17,C19,C7,2,1,3
2020-07-02,3,I,C12,B99,C7,9,7,2
2020-07-03,0,I,C17,C19,C18,2,3,3
2020-07-03,1,I,C21,B93,C14,5,3,3
2020-07-03,2,I,C12,B99,C3,5,8,5
2020-07-03,3,I,B92,C11,C3,5,7,5
2020-07-04,0,I,C12,B93,C3,2,2,7
2020-07-04,1,I,C21,B93,C3,5,5,8
2020-07-04,2,I,C21,C5,C7,5,3,9
2020-07-04,3,I,C21,C11,C7,0,9,5
2020-07-06,0,I,C12,B93,B91,1,8,7
2020-07-06,1,I,C21,C19,C14,3,6,6
2020-07-06,2,I,C21,B93,C14,7,4,9
2020-07-06,3,I,C17,C5,C7,5,6,4
2020-07-07,0,I,C17,C5,B91,3,1,7
2020-07-07,1,I,C12,C11,B91,0,8,2
2020-07-07,2,I,C4,C19,C14,6,5,3
2020-07-07,3,I,C21,C11,C7,5,5,9
2020-07-08,0,I,C12,B99,B91,7,8,9
2020-07-08,1,I,C17,C5,C3,7,8,7
2020-07-08,2,I,C4,C19,C3,1,9,1
2020-07-08,3,I,C21,C19,C14,5,8,7
2020-07-09,0,I,C4,C5,C14,3,6,8
2020-07-09,1,I,C4,C5,B91,1,5,0
2020-07-09,2,I,C17,C5,C18,0,2,9
2020-07-09,3,I,C21,C5,B91,5,6,5
2020-07-10,0,I,C12,C11,C14,5,0,8
2020-07-10,1,I,C17,C19,C18,1,4,2
2020-07-10,2,I,C17,B93,C14,4,1,9
2020-07-10,3,I,C21,C11,C7,8,0,4
2020-07-11,0,I,C21,B99,C14,2,0,8
2020-07-11,1,I,C17,C19,C3,9,1,0
2020-07-11,2,I,C21,B99,C14,4,9,7
2020-07-11,3,I,B92,B99,C7,0,6,4
2020-07-13,0,I,C12,B99,C14,8,0,8
2020-07-13,1,I,B92,B99,C18,3,7,0
2020-07-13,2,I,C21,C5,B91,3,0,0
2020-07-13,3,I,C17,C11,C7,7,6,8
2020-07-14,0,I,B92,B99,C14,0,4,2
2020-07-14,1,I,C12,C11,C18,6,2,9
2020-07-14,2,I,C12,B99,C18,2,3,8
2020-07-14,3,I,C4,C11,C14,5,8,5
2020-07-15,0,I,C17,C19,C3,1,6,5
2020-07-15,1,I,C4,B93,C14,6,5,3
2020-07-15,2,I,C12,B93,C14,1,7,7
2020-07-15,3,I,C21,C5,C7,1,9,5
2020-07-16,0,I,C17,C11,C7,2,9,6
2020-07-16,1,I,C4,C19,C3,3,6,6
2020-07-16,2,I,C17,C11,B91,7,1,9
2020-07-16,3,I,C17,C5,C7,4,3,7
2020-07-17,0,I,C12,C5,B91,4,5,3
2020-07-17,1,I,C12,C11,B91,5,1,0
2020-07-17,2,I,C4,B99,C14,3,9,2
2020-07-17,3,I,C21,B93,B91,8,1,3
2020-07-18,0,I,C21,C19,C3,8,3,9
2020-07-18,1,I,C21,B99,C18,4,6,6
2020-07-18,2,I,C12,C5,C3,2,5,8
2020-07-18,3,I,B92,B99,C3,2,6,5
2020-07-20,0,I,B92,B93,C14,7,1,7
2020-07-20,1,I,C21,C11,B91,4,5,7
2020-07-20,2,I,C12,C19,C14,6,5,5
2020-07-20,3,I,C12,C11,C7,4,7,3
2020-07-21,0,I,C4,B99,B91,1,1,8
2020-07-21,1,I,C21,C19,B91,6,3,0
2020-07-21,2,I,C4,C19,C7,6,2,1
2020-07-21,3,I,C21,C11,C3,8,7,2
2020-07-22,0,I,C17,B99,C14,4,7,9
2020-07-22,1,I,C4,B93,C18,4,0,1
2020-07-22,2,I,C4,B93,C18,3,2,8
2020-07-22,3,I,B92,C11,C3,0,0,7
2020-07-23,0,I,C21,C11,C14,8,6,9
2020-07-23,1,I,C21,B99,C18,3,3,6
2020-07-23,2,I,C12,B93,C14,3,7,8
2020-07-23,3,I,C17,B99,B91,5,1,4
2020-07-24,0,I,B92,C11,C14,9,1,6
2020-07-24,1,I,C12,B93,B91,5,1,0
2020-07-24,2,I,C12,C11,C14,8,8,2
2020-07-24,3,I,C21,B99,C7,1,8,7
2020-07-25,0,I,B92,B99,B91,7,9,2
2020-07-25,1,I,C21,B99,C18,7,3,7
2020-07-25,2,I,B92,C5,C3,5,2,5
2020-07-25,3,I,C17,C5,B91,7,5,6
2020-07-27,0,I,C4,C5,C3,1,3,7
2020-07-27,1,I,C4,B93,B91,4,1,9
2020-07-27,2,I,C21,B93,C7,6,5,9
2020-07-27,3,I,C4,C19,B91,7,0,8
2020-07-28,0,I,C17,B93,B91,0,3,4
2020-07-28,1,I,C21,B99,C14,7,1,1
2020-07-28,2,I,C4,C19,C14,4,5,3
2020-07-28,3,I,C4,B99,C14,7,4,4
2020-07-29,0,I,C17,B93,C7,8,6,2
2020-07-29,1,I,C4,B99,C18,1,0,6
2020-07-29,2,I,C21,C19,C3,9,8,8
2020-07-29,3,I,C4,C19,C7,7,9,9
2020-07-30,0,I,B92,C11,C3,6,1,6
2020-07-30,1,I,C17,B99,B91,0,6,1
2020-07-30,2,I,B92,C5,C14,0,3,6
2020-07-30,3,I,C4,C5,C14,6,0,0
2020-07-31,0,I,C4,B99,B91,5,0,4
2020-07-31,1,I,C17,C11,C18,3,9,5
2020-07-31,2,I,C17,B93,B91,2,0,6
2020-07-31,3,I,C4,B99,C18,7,6,9
2020-08-01,0,J,C21,B99,C7,4,1,0
2020-08-01,1,J,C12,C5,C7,6,4,5
2020-08-01,2,J,C12,B99,B91,8,0,2
2020-08-01,3,J,C4,C11,C14,3,2,3
2020-08-03,0,J,C21,B99,C18,8,1,3
2020-08-03,1,J,C4,C19,C7,5,7,2
2020-08-03,2,J,B92,B99,C3,7,9,7
2020-08-03,3,J,C12,B93,C3,9,5,6
2020-08-04,0,J,B92,B99,C3,3,1,2
2020-08-04,1,J,C21,C11,C3,9,9,0
2020-08-04,2,J,C4,C5,B91,2,1,5
2020-08-04,3,J,B92,C19,B91,9,8,1
2020-08-05,0,J,C12,B99,C3,5,0,9
2020-08-05,1,J,B92,C5,C18,8,8,2
2020-08-05,2,J,C12,B99,C7,6,5,5
2020-08-05,3,J,B92,C5,C18,7,9,0
2020-08-06,0,J,C21,B99,C14,6,4,0
2020-08-06,1,J,B92,C5,C3,8,6,1
2020-08-06,2,J,C4,C19,C7,5,8,0
2020-08-06,3,J,C4,C5,C18,1,8,0
2020-08-07,0,J,C4,C19,C18,9,7,7
2020-08-07,1,J,B92,C11,C18,0,6,6
2020-08-07,2,J,C21,C5,C18,7,6,5
2020-08-07,3,J,C17,C5,C18,7,2,4
2020-08-08,0,J,B92,C11,B91,0,8,7
2020-08-08,1,J,C17,C11,B91,2,2,1
2020-08-08,2,J,C4,C11,C7,0,8,0
2020-08-08,3,J,C4,B93,C7,9,0,1
2020-08-10,0,J,C17,C5,B91,5,4,1
2020-08-10,1,J,C12,B93,C18,4,2,3
2020-08-10,2,J,C17,C5,C18,5,9,3
2020-08-10,3,J,B92,B99,C18,5,9,8
2020-08-11,0,J,C21,C19,C18,2,8,6
2020-08-11,1,J,C21,B93,C3,5,3,0
2020-08-11,2,J,C21,C5,C3,2,6,4
2020-08-11,3,J,C21,C5,C14,7,1,5
2020-08-12,0,J,C12,C5,B91,9,8,7
2020-08-12,1,J,C21,B93,C18,7,2,4
2020-08-12,2,J,C12,C11,C7,9,0,1
2020-08-12,3,J,C4,B99,C7,2,4,0
2020-08-13,0,J,B92,C5,B91,7,9,2
2020-08-13,1,J,C4,B93,C7,6,5,6
2020-08-13,2,J,B92,B99,C18,4,4,4
2020-08-13,3,J,C12,C19,C18,4,0,3
2020-08-14,0,J,C4,C5,C3,5,7,2
2020-08-14,1,J,C4,C19,B91,6,5,8
2020-08-14,2,J,C21,C19,C7,0,8,0
2020-08-14,3,J,C21,B99,C3,5,0,7
2020-08-15,0,J,C21,C11,C3,2,8,3
2020-08-15,1,J,C4,C19,C14,6,8,4
2020-08-15,2,J,C17,C5,C18,4,9,7
2020-08-15,3,J,C21,B99,B91,4,0,2
2020-08-17,0,J,C12,B93,C15,0,1,1
2020-08-17,1,J,C4,B93,C18,8,5,9
2020-08-17,2,J,C21,B93,C14,9,2,4
2020-08-17,3,J,C21,C11,C15,0,9,8
2020-08-18,0,J,C17,B99,C18,6,0,8
2020-08-18,1,J,B92,C19,C14,6,7,7
2020-08-18,2,J,B92,B93,C7,4,8,6
2020-08-18,3,J,C17,C5,C14,5,2,3
2020-08-19,0,J,C4,B99,C14,6,6,5
2020-08-19,1,J,C4,C11,B91,8,7,4
2020-08-19,2,J,C21,C5,B91,8,9,4
2020-08-19,3,J,C21,B93,C3,6,4,2
2020-08-20,0,J,C4,C11,C7,7,0,9
2020-08-20,1,J,B92,C11,C7,4,3,6
2020-08-20,2,J,B92,C5,C7,9,3,8
2020-08-20,3,J,C4,C19,C3,9,5,0
2020-08-21,0,J,C4,B99,C14,1,0,2
2020-08-21,1,J,C21,B93,B91,0,1,6
2020-08-21,2,J,B92,B93,C14,6,0,4
2020-08-21,3,J,B92,C19,C18,4,5,1
2020-08-22,0,J,C17,B99,C3,5,2,0
2020-08-22,1,J,C17,B99,B91,4,1,6
2020-08-22,2,J,C4,B99,C7,5,2,9
2020-08-22,3,J,C21,C19,C18,2,8,3
2020-08-24,0,J,C21,B91,C3,6,3,3
2020-08-24,1,J,C21,C11,C10,1,7,8
2020-08-24,2,J,C21,B91,C15,1,9,7
2020-08-24,3,J,C19,C18,B97,2,7,0
2020-08-25,0,J,B92,B91,B97,8,1,6
2020-08-25,1,J,C17,B93,C15,5,5,5
2020-08-25,2,J,C17,C18,C10,6,6,5
2020-08-25,3,J,C19,B93,C3,6,0,0
2020-08-26,0,J,B92,B99,B91,6,9,2
2020-08-26,1,J,C21,C19,C7,9,9,7
2020-08-26,2,J,C4,C11,C7,8,1,7
2020-08-26,3,J,C4,B99,C18,2,1,8
2020-08-27,0,J,C4,C5,C3,1,4,8
2020-08-27,1,J,B92,C5,B91,4,3,9
2020-08-27,2,J,B92,B99,B91,0,4,1
2020-08-27,3,J,C12,B99,C14,0,6,4
2020-08-28,0,J,C17,C19,C14,7,4,8
2020-08-28,1,J,C21,B93,C14,4,9,3
2020-08-28,2,J,C17,C19,C18,1,8,6
2020-08-28,3,J,C17,C11,C7,2,0,9
2020-08-29,0,J,C4,C19,C14,1,7,6
2020-08-29,1,J,C21,C5,C3,6,7,6
2020-08-29,2,J,C17,C5,B91,3,7,1
2020-08-29,3,J,C12,B99,C14,1,2,1
2020-08-31,0,J,B92,C7,C15,9,9,8
2020-08-31,1,J,C12,C7,C15,8,2,9
2020-08-31,2,J,C11,C7,C10,9,4,1
2020-08-31,3,J,B92,C14,C10,6,2,4
2020-09-01,0,K,B99,B91,C8,5,6,2
2020-09-01,1,K,B99,C14,C8,6,8,6
2020-09-01,2,K,B99,C5,C10,9,5,2
2020-09-01,3,K,C12,C14,C3,8,3,2
2020-09-02,0,K,C4,C7,C9,0,9,1
2020-09-02,1,K,C4,C5,B91,6,9,0
2020-09-02,2,K,B92,C19,C3,5,1,0
2020-09-02,3,K,B92,B93,C3,9,5,7
2020-09-03,0,K,C17,C5,C18,9,0,1
2020-09-03,1,K,C4,C5,C18,5,7,1
2020-09-03,2,K,C21,B99,C18,9,0,5
2020-09-03,3,K,B92,C19,B91,1,5,9
2020-09-04,0,K,B92,B99,C18,2,5,9
2020-09-04,1,K,C21,C11,C18,9,0,9
2020-09-04,2,K,B92,B99,C7,5,5,8
2020-09-04,3,K,C17,C19,C14,4,3,2
2020-09-05,0,K,C12,C19,C14,7,2,1
2020-09-05,1,K,B92,B99,C14,2,9,7
2020-09-05,2,K,C21,C19,C14,7,0,7
2020-09-05,3,K,C21,B93,C3,6,6,7
2020-09-07,0,K,C4,B93,C18,0,1,4
2020-09-07,1,K,C12,C5,B91,8,7,1
2020-09-07,2,K,C4,B99,B91,1,8,9
2020-09-07,3,K,C4,C11,B91,8,0,0
2020-09-08,0,K,C17,B99,C7,6,0,2
2020-09-08,1,K,B92,C11,C18,1,0,6
2020-09-08,2,K,C17,C5,C14,0,9,7
2020-09-08,3,K,B92,B99,C18,7,7,9
2020-09-09,0,K,C4,B99,C3,7,7,0
2020-09-09,1,K,C17,B99,B91,0,2,6
2020-09-09,2,K,C17,C5,B91,6,4,3
2020-09-09,3,K,C4,C11,C14,1,4,9
2020-09-10,0,K,C4,C11,C18,5,8,5
2020-09-10,1,K,C17,B93,B91,4,4,6
2020-09-10,2,K,C4,C19,C3,9,2,0
2020-09-10,3,K,C17,C19,C14,0,5,8
2020-09-11,0,K,C21,C5,C7,8,3,0
2020-09-11,1,K,C21,C19,B91,7,7,1
2020-09-11,2,K,B92,B93,C18,3,7,5
2020-09-11,3,K,C17,C19,C14,5,8,8
2020-09-12,0,K,B92,B93,C18,2,3,7
2020-09-12,1,K,C4,C11,C18,3,5,7
2020-09-12,2,K,C12,C11,C7,4,6,5
2020-09-12,3,K,C21,C5,C14,4,8,4
2020-09-14,0,K,C12,B93,B91,6,7,4
2020-09-14,1,K,C12,C19,B91,2,5,0
2020-09-14,2,K,C21,C11,C7,6,7,6
2020-09-14,3,K,C21,C5,C7,9,8,9
2020-09-15,0,K,C4,C11,C7,3,6,2
2020-09-15,1,K,C12,C19,C18,4,2,8
2020-09-15,2,K,C4,C11,B91,0,8,7
2020-09-15,3,K,B92,C5,C14,8,4,2
2020-09-16,0,K,C12,C11,C3,9,7,2
2020-09-16,1,K,C21,B93,C14,8,1,7
2020-09-16,2,K,C17,C5,B91,6,3,8
2020-09-16,3,K,B92,C19,C3,0,6,6
2020-09-17,0,K,B92,C11,C3,6,4,4
2020-09-17,1,K,B92,B99,B91,5,0,1
2020-09-17,2,K,C4,B93,C14,3,6,8
2020-09-17,3,K,C17,C11,B91,1,7,9
2020-09-18,0,K,C4,C19,C7,5,4,9
2020-09-18,1,K,C21,B99,C18,4,8,2
2020-09-18,2,K,C12,C11,C14,3,1,5
2020-09-18,3,K,C17,C11,C14,0,4,8
2020-09-19,0,K,C21,C19,C14,0,1,4
2020-09-19,1,K,C21,C5,C3,6,3,9
2020-09-19,2,K,C12,B99,C7,7,1,4
2020-09-19,3,K,C17,C19,C14,9,5,0
2020-09-21,0,K,C17,B99,C7,1,2,6
2020-09-21,1,K,C4,B93,C14,1,2,0
2020-09-21,2,K,C4,B99,C7,8,6,4
2020-09-21,3,K,B92,C19,C18,6,1,6
2020-09-22,0,K,C17,B93,B91,9,0,6
2020-09-22,1,K,C17,B93,C18,1,9,4
2020-09-22,2,K,B92,C11,C7,2,0,7
2020-09-22,3,K,C4,B99,B91,7,4,6
2020-09-23,0,K,B92,B99,B91,8,1,7
2020-09-23,1,K,C17,C5,C7,8,7,7
2020-09-23,2,K,C12,B99,B91,6,2,8
2020-09-23,3,K,C4,C19,B91,0,1,9
2020-09-24,0,K,B92,B99,B91,6,5,8
2020-09-24,1,K,B92,C11,B91,0,2,3
2020-09-24,2,K,C4,B93,C14,3,1,3
2020-09-24,3,K,C17,B99,C14,0,7,6
2020-09-25,0,K,C4,C19,C14,5,6,1
2020-09-25,1,K,C17,B93,C3,9,2,4
2020-09-25,2,K,C12,B99,C3,3,2,3
2020-09-25,3,K,C17,C11,B91,9,3,2
2020-09-26,0,K,C21,C11,C18,0,7,7
2020-09-26,1,K,B92,B93,C7,3,7,5
2020-09-26,2,K,C12,B93,C3,2,6,7
2020-09-26,3,K,B92,B93,C3,7,2,9
2020-09-28,0,K,C17,C11,B91,8,0,5
2020-09-28,1,K,C12,C11,C7,2,7,6
2020-09-28,2,K,C12,C11,B91,6,4,8
2020-09-28,3,K,C4,B93,C14,8,4,7
2020-09-29,0,K,B92,B99,C7,6,2,0
2020-09-29,1,K,C12,C11,B91,8,4,9
2020-09-29,2,K,C4,C19,C14,4,8,3
2020-09-29,3,K,B92,C19,B91,4,7,1
2020-09-30,0,K,C4,B93,C18,4,2,2
2020-09-30,1,K,B92,C19,C14,8,7,3
2020-09-30,2,K,C21,C5,C3,2,8,6
2020-09-30,3,K,C21,C11,C18,0,2,0
2020-10-01,0,G,C21,C8,C10,5,1,4
2020-10-01,1,G,C18,C7,C10,6,5,7
2020-10-01,2,G,C9,B91,C2,2,7,5
2020-10-01,3,G,B93,C8,C13,4,9,4
2020-10-02,0,G,C21,B95,C5,4,2,1
2020-10-02,1,G,B99,C6,C2,4,4,3
2020-10-02,2,G,C9,C7,C5,0,8,4
2020-10-02,3,G,C21,B91,C5,2,6,6
2020-10-03,0,G,C21,C8,C13,0,0,7
2020-10-03,1,G,C21,C6,C10,4,3,7
2020-10-03,2,G,B93,B91,C5,2,3,8
2020-10-03,3,G,C9,C7,C2,1,4,1
2020-10-05,0,G,B93,B95,C2,2,7,8
2020-10-05,1,G,C21,C8,C2,5,6,5
2020-10-05,2,G,C9,C8,C1,7,3,9
2020-10-05,3,G,B93,C6,C13,8,9,9
2020-10-06,0,G,C9,C7,C1,8,9,2
2020-10-06,1,G,C21,C7,C5,1,2,6
2020-10-06,2,G,B99,C8,C1,0,8,4
2020-10-06,3,G,C18,B91,C1,9,6,4
2020-10-07,0,G,C18,B91,C10,9,8,5
2020-10-07,1,G,B93,C8,C2,7,2,3
2020-10-07,2,G,B93,B91,C5,0,8,6
2020-10-07,3,G,C18,C7,C5,9,2,3
2020-10-08,0,G,C18,B91,C5,5,3,4
2020-10-08,1,G,B99,C8,C10,0,0,6
2020-10-08,2,G,B93,B91,C2,2,0,4
2020-10-08,3,G,C18,C8,C10,4,5,9
2020-10-09,0,G,C21,C8,C5,9,6,5
2020-10-09,1,G,B93,B95,C2,5,6,0
2020-10-09,2,G,C9,B95,C5,3,2,5
2020-10-09,3,G,C21,C6,C1,1,1,2
2020-10-10,0,G,C18,C7,C5,2,4,6
2020-10-10,1,G,C21,C7,C13,7,8,6
2020-10-10,2,G,C9,C8,C5,6,9,9
2020-10-10,3,G,B93,B95,C10,5,2,6
2020-10-12,0,G,C9,C6,C2,8,0,7
2020-10-12,1,G,B99,B91,C2,5,6,2
2020-10-12,2,G,B99,B91,C1,0,8,9
2020-10-12,3,G,C21,C8,C2,6,3,1
2020-10-13,0,G,C18,B95,C2,8,9,1
2020-10-13,1,G,C21,C7,C10,8,1,7
2020-10-13,2,G,B93,B91,C1,9,7,0
2020-10-13,3,G,B99,C8,C13,7,2,3
2020-10-14,0,G,C18,B91,C13,9,8,1
2020-10-14,1,G,C18,B95,C2,6,5,8
2020-10-14,2,G,C18,C7,C13,1,9,9
2020-10-14,3,G,B99,C8,C10,3,2,8
2020-10-15,0,G,C18,B91,C13,5,8,4
2020-10-15,1,G,B99,C6,C1,4,5,7
2020-10-15,2,G,B93,B91,C1,7,0,1
2020-10-15,3,G,C9,C8,C1,0,9,3
2020-10-16,0,G,C21,B91,C5,7,2,1
2020-10-16,1,G,C21,C6,C2,4,1,6
2020-10-16,2,G,B99,B95,C13,9,4,2
2020-10-16,3,G,B93,B91,C10,5,2,1
2020-10-17,0,G,B99,C8,C13,4,5,8
2020-10-17,1,G,C21,B95,C2,4,4,4
2020-10-17,2,G,C18,C6,C10,0,4,3
2020-10-17,3,G,C21,C8,C13,0,3,8
2020-10-19,0,G,C21,C6,C1,9,7,4
2020-10-19,1,G,C21,C6,C5,9,3,9
2020-10-19,2,G,B93,C6,C10,8,5,7
2020-10-19,3,G,B93,C8,C1,6,0,6
2020-10-20,0,G,C18,C7,C5,4,1,6
2020-10-20,1,G,C18,C8,C1,0,6,3
2020-10-20,2,G,C18,C6,C2,9,8,2
2020-10-20,3,G,B99,B95,C2,8,7,9
2020-10-21,0,G,C21,B95,C2,8,7,2
2020-10-21,1,G,B93,C7,C10,1,8,5
2020-10-21,2,G,C18,B91,C10,1,7,3
2020-10-21,3,G,C18,C7,C1,2,9,3
2020-10-22,0,G,C18,C7,C10,7,9,8
2020-10-22,1,G,B93,B91,C5,7,7,5
2020-10-22,2,G,B93,C7,C10,6,7,3
2020-10-22,3,G,C9,B91,C10,4,7,5
2020-10-23,0,G,B99,B91,C1,8,6,8
2020-10-23,1,H,B99,C7,C5,8,9,4
2020-10-23,2,H,B99,C7,C10,5,8,0
2020-10-23,3,H,C21,C7,C5,6,3,0
2020-10-24,0,H,C18,C7,C1,9,9,8
2020-10-24,1,H,C18,B91,C5,8,2,4
2020-10-24,2,H,C21,B91,C13,1,3,5
2020-10-24,3,H,B99,C8,C13,8,6,8
2020-10-26,0,H,C18,B91,C1,8,5,4
2020-10-26,1,H,C18,C8,C5,6,6,2
2020-10-26,2,H,B93,C8,C5,2,3,1
2020-10-26,3,H,C18,C7,C1,9,9,5
2020-10-27,0,H,C18,C6,C5,3,0,2
2020-10-27,1,H,B99,C7,C10,6,4,5
2020-10-27,2,H,C9,C8,C13,7,1,0
2020-10-27,3,H,C18,B91,C5,6,1,1
2020-10-28,0,H,C9,B95,C10,5,9,9
2020-10-28,1,H,B99,C6,C5,6,1,8
2020-10-28,2,H,B99,B95,C13,0,3,5
2020-10-28,3,H,B99,B95,C13,7,2,4
2020-10-29,0,H,C21,B91,C1,9,7,0
2020-10-29,1,H,B99,B95,C1,0,7,9
2020-10-29,2,H,B93,C8,C5,1,2,5
2020-10-29,3,H,B99,C8,C5,1,0,9
2020-10-30,0,H,C18,C7,C13,8,2,9
2020-10-30,1,H,B93,C7,C1,6,9,5
2020-10-30,2,H,B93,C8,C5,6,5,0
2020-10-30,3,H,B93,B95,C1,5,4,3
2020-10-31,0,H,C18,C8,C1,8,1,5
2020-10-31,1,H,B99,B91,C5,9,0,5
2020-10-31,2,H,B99,C6,C13,2,5,8
2020-10-31,3,H,C21,C6,C10,8,4,5
2020-11-02,0,E,A99,B6,A96,6,8,9
2020-11-02,1,E,A96,A99,A94,1,9,4
2020-11-02,2,E,A95,A93,A96,4,0,2
2020-11-02,3,E,A99,B6,A96,2,0,4
2020-11-03,0,E,A99,A93,B6,8,1,5
2020-11-03,1,E,A94,A95,B6,0,5,6
2020-11-03,2,E,A96,A95,A99,8,2,2
2020-11-03,3,E,A94,A95,A93,4,1,7
2020-11-04,0,E,B6,A93,A96,5,8,1
2020-11-04,1,E,A93,A96,A95,8,3,4
2020-11-04,2,E,A94,A96,A99,3,7,6
2020-11-04,3,E,A93,B6,A99,9,6,9
2020-11-05,0,E,A95,A96,B6,4,6,3
2020-11-05,1,E,B6,A95,A96,6,3,4
2020-11-05,2,E,A93,A96,A95,2,1,8
2020-11-05,3,E,A96,A94,A99,8,9,5
2020-11-06,0,E,B6,A96,A99,9,2,2
2020-11-06,1,E,A93,B6,A96,8,1,4
2020-11-06,2,E,A94,A95,A93,7,0,9
2020-11-06,3,E,A95,A93,A94,7,3,8
2020-11-07,0,E,A99,A96,A93,7,9,2
2020-11-07,1,E,A95,A96,A93,3,0,3
2020-11-07,2,E,A94,A99,A96,3,2,2
2020-11-07,3,E,B6,A99,A95,2,8,3
2020-11-09,0,H,B99,B91,C10,7,9,1
2020-11-09,1,H,C9,B95,C10,0,2,9
2020-11-09,2,H,C9,C8,C10,7,4,3
2020-11-09,3,H,C9,B91,C10,3,3,6
2020-11-10,0,H,B99,B91,C13,6,3,2
2020-11-10,1,H,B93,C8,C1,5,9,7
2020-11-10,2,H,B99,C6,C10,2,6,3
2020-11-10,3,H,C9,C8,C2,2,1,4
2020-11-11,0,H,B99,C8,C10,5,7,0
2020-11-11,1,H,C21,B91,C2,3,4,9
2020-11-11,2,H,C9,C7,C10,1,1,4
2020-11-11,3,H,C9,B95,C5,8,5,6
2020-11-12,0,H,C21,C7,C13,2,9,4
2020-11-12,1,H,C9,C6,C1,5,9,8
2020-11-12,2,H,B93,B95,C5,3,8,8
2020-11-12,3,H,C18,C6,C2,3,1,9
2020-11-13,0,H,C9,B91,C5,6,3,8
2020-11-13,1,H,C21,B91,C1,6,1,0
2020-11-13,2,H,C9,B91,C1,2,6,4
2020-11-13,3,H,C9,B95,C1,2,5,7
2020-11-14,0,H,B99,C8,C1,8,5,4
2020-11-14,1,H,B99,B95,C13,0,3,0
2020-11-14,2,H,C9,C7,C5,6,7,0
2020-11-14,3,H,C9,C6,C2,2,1,8
2020-11-16,0,H,C18,C6,C5,9,1,1
2020-11-16,1,H,B93,C8,C13,5,6,7
2020-11-16,2,H,B99,C7,C13,9,1,4
2020-11-16,3,H,C9,B95,C1,6,4,6
2020-11-17,0,H,C18,B95,C13,2,3,7
2020-11-17,1,H,C21,C7,C2,1,9,2
2020-11-17,2,H,C18,B95,C5,0,5,2
2020-11-17,3,H,B99,C6,C2,0,6,7
2020-11-18,0,H,C9,C8,C2,5,5,2
2020-11-18,1,H,B93,B91,C10,6,8,3
2020-11-18,2,H,B93,C6,C10,4,0,2
2020-11-18,3,H,B93,C7,C2,0,6,6
2020-11-19,0,H,C21,C6,C10,1,5,3
2020-11-19,1,H,B99,B91,C10,0,3,5
2020-11-19,2,H,C21,B95,C10,9,5,3
2020-11-19,3,H,B93,C7,C2,3,6,1
2020-11-20,0,H,B93,C6,C10,2,5,7
2020-11-20,1,H,B93,C8,C5,6,5,9
2020-11-20,2,H,C18,C6,C10,3,6,5
2020-11-20,3,H,C9,C7,C13,2,0,4
2020-11-21,0,H,C9,C6,C2,7,2,3
2020-11-21,1,H,B99,C6,C1,2,9,4
2020-11-21,2,H,C9,C7,C5,5,8,5
2020-11-21,3,H,C9,B95,C5,0,0,1
2020-11-23,0,H,B99,C8,C10,7,9,3
2020-11-23,1,H,C9,B91,C5,4,7,2
2020-11-23,2,H,C21,B91,C5,8,7,2
2020-11-23,3,H,B93,B95,C13,7,0,7
2020-11-24,0,H,B99,B91,C10,5,8,0
2020-11-24,1,H,C21,C7,C10,5,7,5
2020-11-24,2,H,C18,C7,C10,6,0,3
2020-11-24,3,H,B99,B95,C2,6,7,8
2020-11-25,0,H,C21,B91,C13,2,8,9
2020-11-25,1,H,C21,C7,C5,6,4,8
2020-11-25,2,H,B99,B95,C10,8,1,0
2020-11-25,3,H,B99,C7,C1,2,0,3
2020-11-26,0,H,C9,B91,C1,4,8,0
2020-11-26,1,H,B99,C6,C1,5,9,2
2020-11-26,2,H,C18,B95,C13,4,8,8
2020-11-26,3,H,C9,B95,C10,5,1,5
2020-11-27,0,H,C21,B91,C13,2,7,8
2020-11-27,1,H,C21,B91,C10,7,6,1
2020-11-27,2,H,C21,B91,C1,9,7,2
2020-11-27,3,H,C21,B95,C5,8,8,6
2020-11-28,0,H,C9,C7,C1,9,4,3
2020-11-28,1,H,B99,C7,C13,2,4,4
2020-11-28,2,H,C18,C7,C10,5,9,7
2020-11-28,3,H,C18,B91,C2,2,4,3
2020-11-30,0,H,C18,C6,C10,8,6,9
2020-11-30,1,H,C9,C6,C5,0,4,5
2020-11-30,2,H,C21,B91,C2,9,5,5
2020-11-30,3,H,C9,C6,C10,6,5,8
2020-12-01,0,I,C18,C7,C1,1,8,2
2020-12-01,1,I,B93,C6,C5,1,7,4
2020-12-01,2,I,C18,C6,C5,1,0,3
2020-12-01,3,I,B99,C6,C1,7,7,1
2020-12-02,0,I,B93,B91,C10,3,0,7
2020-12-02,1,I,B93,C7,C5,7,2,0
2020-12-02,2,I,B93,B95,C10,7,3,1
2020-12-02,3,I,B99,C7,C13,6,5,2
2020-12-03,0,I,C9,B95,C2,4,0,7
2020-12-03,1,I,B99,C8,C13,9,2,0
2020-12-03,2,I,B99,C8,C13,2,1,0
2020-12-03,3,I,B99,C6,C10,7,3,8
2020-12-04,0,I,C21,B95,C2,2,6,1
2020-12-04,1,I,C18,C8,C13,3,6,9
2020-12-04,2,I,C9,B95,C13,0,3,9
2020-12-04,3,I,B99,C8,C1,3,7,4
2020-12-05,0,I,C9,C7,C13,5,1,1
2020-12-05,1,I,C9,C7,C1,6,0,7
2020-12-05,2,I,B93,C8,C1,7,2,2
2020-12-05,3,I,C9,C7,C5,3,9,1
2020-12-07,0,I,C21,B95,C13,9,7,2
2020-12-07,1,I,B99,B95,C2,8,1,6
2020-12-07,2,I,B99,C8,C10,8,1,1
2020-12-07,3,I,C9,B91,C13,8,5,6
2020-12-08,0,I,C18,C7,C10,8,4,1
2020-12-08,1,I,C18,B95,C2,2,7,5
2020-12-08,2,I,C18,B95,C13,9,1,0
2020-12-08,3,I,C18,C6,C2,8,7,2
2020-12-09,0,I,C18,C6,C13,4,8,2
2020-12-09,1,I,C9,C7,C5,2,6,6
2020-12-09,2,I,C18,B95,C13,8,4,0
2020-12-09,3,I,C18,C7,C10,2,0,5
2020-12-10,0,I,C21,B91,C10,6,0,9
2020-12-10,1,I,C9,C7,C2,0,7,2
2020-12-10,2,I,C18,C6,C13,3,0,2
2020-12-10,3,I,C9,B95,C5,6,6,2
2020-12-11,0,I,B99,B95,C1,5,9,2
2020-12-11,1,I,B93,C7,C10,2,1,5
2020-12-11,2,I,C9,B95,C10,3,3,1
2020-12-11,3,I,B99,C7,C10,3,9,6
2020-12-12,0,I,C21,B91,C10,1,8,8
2020-12-12,1,I,C9,B95,C5,6,8,3
2020-12-12,2,I,C9,C8,C13,1,8,1
2020-12-12,3,I,C9,B91,C2,6,5,6
2020-12-14,0,I,B93,B91,C1,9,0,8
2020-12-14,1,I,B99,B91,C10,7,2,5
2020-12-14,2,I,B93,B91,C13,2,7,3
2020-12-14,3,I,B99,C6,C2,1,0,2
2020-12-15,0,I,C18,B95,C1,2,7,4
2020-12-15,1,I,B99,C8,C5,9,6,7
2020-12-15,2,I,C9,C7,C10,7,6,6
2020-12-15,3,I,B93,B95,C10,7,8,8
2020-12-16,0,I,C9,C7,C5,1,9,6
2020-12-16,1,I,C18,C7,C2,8,5,4
2020-12-16,2,I,B99,C7,C2,7,0,4
2020-12-16,3,I,B99,B91,C1,0,6,5
2020-12-17,0,I,B93,B91,C2,7,2,3
2020-12-17,1,I,C18,C6,C5,9,2,5
2020-12-17,2,I,B99,B95,C5,5,6,2
2020-12-17,3,I,B93,C7,C5,1,1,2
2020-12-18,0,I,B99,C8,C10,8,4,8
2020-12-18,1,I,C18,C8,C5,3,7,6
2020-12-18,2,I,C21,C7,C10,7,1,4
2020-12-18,3,I,B93,B95,C10,8,5,0
2020-12-19,0,I,C18,C6,C1,3,0,3
2020-12-19,1,I,C9,C7,C2,1,2,1
2020-12-19,2,I,B99,B95,C5,2,2,7
2020-12-19,3,I,C18,C6,C13,9,0,8
2020-12-21,0,I,C9,B95,C10,0,3,1
2020-12-21,1,I,B93,C8,C13,6,3,2
2020-12-21,2,I,C9,C8,C2,2,5,3
2020-12-21,3,I,C18,B95,C1,6,0,8
2020-12-22,0,I,B93,C8,C13,8,1,8
2020-12-22,1,I,B99,C8,C10,9,8,3
2020-12-22,2,I,C9,C6,C10,2,8,7
2020-12-22,3,I,B99,B95,C1,1,6,7
2020-12-23,0,I,C18,B95,C1,1,7,3
2020-12-23,1,I,C18,B91,C10,8,6,8
2020-12-23,2,I,C9,B91,C2,2,8,1
2020-12-23,3,I,B93,C7,C2,5,4,2
2020-12-24,0,I,B93,C7,C10,4,7,5
2020-12-24,1,I,C18,C7,C1,3,2,4
2020-12-24,2,I,C9,B91,C13,5,2,1
2020-12-24,3,I,C21,C6,C10,0,2,4
2020-12-25,0,I,C21,C7,C5,7,1,6
2020-12-25,1,I,C9,C8,C5,7,6,7
2020-12-25,2,I,C21,C8,C13,9,7,3
2020-12-25,3,I,B93,C8,C5,4,5,1
2020-12-26,0,I,B99,B95,C2,2,9,8
2020-12-26,1,I,B99,C7,C2,2,8,1
2020-12-26,2,I,C18,C7,C10,0,0,4
2020-12-26,3,I,C21,C6,C13,1,1,6
2020-12-28,0,I,C9,B91,C1,3,2,4
2020-12-28,1,I,C9,B91,C13,6,4,9
2020-12-28,2,I,B93,B95,C5,3,3,1
2020-12-28,3,I,B93,B95,C2,8,7,1
2020-12-29,0,I,C9,C8,C5,8,2,3
2020-12-29,1,I,B99,C6,C1,0,5,2
2020-12-29,2,I,C9,C8,C13,2,7,6
2020-12-29,3,I,C18,C7,C13,8,4,5
2020-12-30,0,I,C18,C8,C10,8,8,4
2020-12-30,1,I,B93,C6,C10,0,6,3
2020-12-30,2,I,C9,C7,C2,3,0,9
2020-12-30,3,I,C18,C6,C5,1,4,2
2020-12-31,0,I,C18,B91,C5,3,8,6
2020-12-31,1,I,B93,C7,C10,3,8,2
2020-12-31,2,I,C9,B95,C1,4,7,9
2020-12-31,3,I,B93,C6,C10,3,0,9
2021-01-01,0,J,C9,B91,C2,8,7,4
2021-01-01,1,J,C9,B91,C10,1,0,9
2021-01-01,2,J,C21,C7,C1,6,4,9
2021-01-01,3,J,C9,B95,C1,9,5,6
2021-01-02,0,J,C18,C7,C5,3,5,8
2021-01-02,1,J,B93,B95,C1,4,7,5
2021-01-02,2,J,B99,C6,C1,9,5,3
2021-01-02,3,J,C18,C6,C2,9,6,1
2021-01-04,0,J,C9,C6,C1,4,8,1
2021-01-04,1,J,C21,C7,C5,4,7,2
2021-01-04,2,J,C18,C6,C10,3,7,5
2021-01-04,3,J,C18,C7,C13,8,7,6
2021-01-05,0,J,C21,B91,C13,2,1,9
2021-01-05,1,J,C21,C7,C10,8,4,8
2021-01-05,2,J,C9,C7,C5,4,5,2
2021-01-05,3,J,C18,C7,C2,8,2,0
2021-01-06,0,J,C9,B95,C1,6,4,3
2021-01-06,1,J,C18,C6,C1,2,9,5
2021-01-06,2,J,C21,C6,C10,8,2,9
2021-01-06,3,J,C18,C8,C13,5,6,3
2021-01-07,0,J,B99,C6,C10,8,9,2
2021-01-07,1,J,C9,B91,C5,7,4,4
2021-01-07,2,J,C18,C8,C1,1,3,9
2021-01-07,3,J,C21,C7,C10,5,5,4
2021-01-08,0,J,C18,B91,C10,8,2,9
2021-01-08,1,J,B99,C6,C5,6,2,6
2021-01-08,2,J,B93,C8,C1,3,5,8
2021-01-08,3,J,C21,C6,C5,4,3,1
2021-01-09,0,J,C18,C8,C1,7,6,4
2021-01-09,1,J,B99,C8,C2,4,2,5
2021-01-09,2,J,C9,C6,C1,5,5,1
2021-01-09,3,J,C21,C8,C13,2,1,5
2021-01-11,0,J,B99,C7,C5,5,9,5
2021-01-11,1,J,C21,C8,C5,3,6,5
2021-01-11,2,J,C21,C6,C13,8,9,9
2021-01-11,3,J,C9,B95,C5,0,9,6
2021-01-12,0,J,C21,B91,C5,4,9,1
2021-01-12,1,J,C9,C7,C5,6,8,5
2021-01-12,2,J,C18,B91,C1,2,5,2
2021-01-12,3,J,B93,B91,C2,4,5,3
2021-01-13,0,J,C21,B91,C13,9,5,9
2021-01-13,1,J,B99,B91,C5,9,8,1
2021-01-13,2,J,C9,C6,C10,5,2,4
2021-01-13,3,J,C21,C6,C10,0,3,0
2021-01-14,0,J,C18,C6,C1,5,2,8
2021-01-14,1,J,C18,B91,C13,8,1,7
2021-01-14,2,J,C21,C8,C5,6,6,3
2021-01-14,3,J,B93,C8,C13,2,4,2
2021-01-15,0,J,C21,C8,C1,3,6,3
2021-01-15,1,J,C18,B95,C2,6,4,9
2021-01-15,2,J,B99,C7,C10,3,4,7
2021-01-15,3,J,C9,C6,C10,2,9,5
2021-01-16,0,J,C9,C7,C10,2,6,4
2021-01-16,1,J,B99,C6,C1,7,1,7
2021-01-16,2,J,C9,C6,C2,3,9,6
2021-01-16,3,J,C9,B91,C5,4,8,0
2021-01-18,0,J,C9,C7,C5,4,6,5
2021-01-18,1,J,B99,B95,C2,4,9,5
2021-01-18,2,J,C9,B91,C2,1,1,8
2021-01-18,3,J,C21,B91,C13,1,4,6
2021-01-19,0,J,C21,C7,C5,6,2,1
2021-01-19,1,J,C21,B91,C5,7,0,1
2021-01-19,2,J,B93,B95,C1,7,0,9
2021-01-19,3,J,B93,C6,C2,5,5,7
2021-01-20,0,J,B99,C8,C13,5,8,7
2021-01-20,1,J,B99,B95,C13,4,7,4
2021-01-20,2,J,B99,B95,C1,1,7,6
2021-01-20,3,J,C21,C6,C2,3,3,2
2021-01-21,0,J,C21,B91,C2,3,6,8
2021-01-21,1,J,C21,C7,C5,6,2,1
2021-01-21,2,J,B93,C7,C2,4,1,8
2021-01-21,3,J,C9,C8,C10,1,2,0
2021-01-22,0,J,C9,C7,C1,9,2,1
2021-01-22,1,J,B99,C8,C13,3,8,1
2021-01-22,2,J,C21,B95,C1,3,7,3
2021-01-22,3,J,B93,C8,C13,7,0,7
2021-01-23,0,J,C18,C8,C13,5,4,3
2021-01-23,1,J,C9,B91,C13,3,2,2
2021-01-23,2,J,C9,C7,C10,4,9,1
2021-01-23,3,J,B99,B95,C2,3,5,9
2021-01-25,0,J,C21,C6,C10,3,2,6
2021-01-25,1,J,C9,C8,C10,7,5,5
2021-01-25,2,J,C21,B91,C13,7,6,8
2021-01-25,3,J,C9,C6,C1,0,7,2
2021-01-26,0,J,C9,C8,C2,0,3,5
2021-01-26,1,J,B99,C6,C5,3,2,3
2021-01-26,2,J,B99,C7,C1,1,7,5
2021-01-26,3,J,B93,C7,C10,9,7,2
2021-01-27,0,J,B93,C8,C5,4,3,5
2021-01-27,1,J,C9,C8,C10,8,0,5
2021-01-27,2,J,B93,C7,C5,5,0,6
2021-01-27,3,J,C18,C7,C10,3,9,5
2021-01-28,0,J,C21,C8,C5,8,2,2
2021-01-28,1,J,C18,B95,C5,9,1,6
2021-01-28,2,J,C21,B95,C2,6,0,0
2021-01-28,3,J,C9,B91,C5,4,8,0
2021-01-29,0,J,C18,C8,C10,6,2,9
2021-01-29,1,J,C18,B95,C2,8,1,5
2021-01-29,2,J,B99,B95,C13,3,6,4
2021-01-29,3,J,C21,B91,C13,8,8,8
2021-01-30,0,J,B99,C8,C1,4,8,7
2021-01-30,1,J,C18,B95,C5,2,1,0
2021-01-30,2,J,C9,C7,C5,5,7,4
2021-01-30,3,J,C18,B91,C1,6,3,3
2021-02-01,0,K,C2,C15,C14,3,6,3
2021-02-01,1,K,C7,B97,C5,5,6,5
2021-02-01,2,K,C2,B94,C3,5,7,6
2021-02-01,3,K,C10,C11,C13,1,0,6
2021-02-02,0,K,C7,B94,C13,5,1,9
2021-02-02,1,K,C2,B94,C3,7,1,4
2021-02-02,2,K,C2,B94,C14,0,3,5
2021-02-02,3,K,B99,B97,C14,1,3,7
2021-02-03,0,K,C2,B97,C20,1,9,4
2021-02-03,1,K,C10,B97,C3,3,0,7
2021-02-03,2,K,B99,C11,C3,9,1,7
2021-02-03,3,K,B99,C11,C14,0,1,3
2021-02-04,0,K,B99,C15,C3,5,0,4
2021-02-04,1,K,C7,B97,C14,8,1,8
2021-02-04,2,K,C16,B97,C14,0,8,6
2021-02-04,3,K,B99,B97,C13,8,9,5
2021-02-05,0,K,C2,B97,C3,1,8,1
2021-02-05,1,K,C16,B97,C20,4,7,1
2021-02-05,2,K,B99,C15,C14,1,0,2
2021-02-05,3,K,C16,C15,C3,8,9,0
2021-02-06,0,K,B99,C15,C5,0,9,6
2021-02-06,1,K,C2,B94,C5,1,7,9
2021-02-06,2,K,B99,B97,C13,8,2,0
2021-02-06,3,K,C16,C15,C5,7,4,1
2021-02-08,0,K,B99,C15,C14,9,5,8
2021-02-08,1,K,B99,B94,C20,5,6,7
2021-02-08,2,K,C16,C11,C5,6,2,8
2021-02-08,3,K,C10,C17,C5,6,8,4
2021-02-09,0,K,C16,C17,C20,5,9,4
2021-02-09,1,K,C2,B94,C14,0,4,3
2021-02-09,2,K,C10,C11,C20,0,9,3
2021-02-09,3,K,C10,C15,C3,3,9,8
2021-02-10,0,K,C2,C15,C3,7,4,6
2021-02-10,1,K,B99,C17,C13,5,0,4
2021-02-10,2,K,B99,C15,C13,8,3,4
2021-02-10,3,K,C7,C15,C20,1,0,0
2021-02-11,0,K,C10,C17,C14,8,3,3
2021-02-11,1,K,C2,B97,C3,1,1,6
2021-02-11,2,K,C16,C11,C3,9,8,7
2021-02-11,3,K,B99,B97,C5,0,8,0
2021-02-12,0,K,C16,C11,C13,6,5,1
2021-02-12,1,K,B99,B97,C14,6,3,0
2021-02-12,2,K,C16,C15,C14,1,7,0
2021-02-12,3,K,B99,C15,C5,3,3,7
2021-02-13,0,K,C10,C17,C5,4,7,2
2021-02-13,1,K,C10,C11,C5,1,1,0
2021-02-13,2,K,B99,B94,C5,5,5,0
2021-02-13,3,K,C7,C11,C14,5,5,7
2021-02-15,0,K,C2,B94,C13,1,4,6
2021-02-15,1,K,B99,B97,C5,4,4,3
2021-02-15,2,K,C2,C17,C5,7,2,2
2021-02-15,3,K,C2,C17,C14,7,4,1
2021-02-16,0,K,B99,C17,C14,5,0,8
2021-02-16,1,K,C2,C17,C13,7,9,9
2021-02-16,2,K,C10,C11,C13,0,4,3
2021-02-16,3,K,C10,C17,C5,7,9,4
2021-02-17,0,K,C2,B97,C20,5,3,1
2021-02-17,1,K,C10,C15,C20,6,2,4
2021-02-17,2,K,B99,C17,C13,4,6,9
2021-02-17,3,K,C10,C15,C3,6,1,7
2021-02-18,0,K,C2,C11,C5,5,1,7
2021-02-18,1,K,C10,C11,C3,5,0,0
2021-02-18,2,K,C2,B94,C20,5,5,1
2021-02-18,3,K,C10,B97,C14,1,9,9
2021-02-19,0,K,C2,B97,C14,0,2,2
2021-02-19,1,K,C2,B97,C5,8,8,8
2021-02-19,2,K,C2,C17,C5,4,7,5
2021-02-19,3,K,B99,C15,C20,7,5,9
2021-02-20,0,K,B99,C11,C13,3,9,3
2021-02-20,1,K,C16,C15,C20,2,5,5
2021-02-20,2,K,C2,B94,C3,0,9,0
2021-02-20,3,K,C10,C17,C20,8,7,6
2021-02-22,0,K,C7,C15,C13,0,8,3
2021-02-22,1,K,C7,C17,C3,9,8,3
2021-02-22,2,K,B99,C15,C5,2,9,2
2021-02-22,3,K,C16,B94,C14,2,0,7
2021-02-23,0,K,B99,C15,C13,8,3,1
2021-02-23,1,K,C16,C15,C13,4,5,9
2021-02-23,2,K,C7,C15,C13,6,0,8
2021-02-23,3,K,C7,B97,C14,5,5,0
2021-02-24,0,K,C16,C11,C5,8,1,0
2021-02-24,1,K,C2,C17,C20,8,7,3
2021-02-24,2,K,C10,B97,C20,2,6,3
2021-02-24,3,K,C2,C17,C5,6,1,9
2021-02-25,0,K,C16,B97,C5,1,0,1
2021-02-25,1,K,C16,B94,C13,6,0,7
2021-02-25,2,K,C7,B94,C13,6,7,1
2021-02-25,3,K,C10,B97,C20,6,8,2
2021-02-26,0,K,B99,B97,C5,2,1,0
2021-02-26,1,K,C10,B97,C14,7,8,8
2021-02-26,2,K,C10,B94,C5,5,8,9
2021-02-26,3,K,C10,C15,C13,3,6,1
2021-02-27,0,K,C7,B97,C5,3,5,4
2021-02-27,1,K,C10,C15,C20,6,7,4
2021-02-27,2,K,C2,C15,C20,4,5,1
2021-02-27,3,K,C7,B94,C5,8,5,1
2021-03-01,0,G,C7,C17,C3,6,3,5
2021-03-01,1,G,C10,B94,C3,8,1,1
2021-03-01,2,G,C2,C17,C5,6,9,5
2021-03-01,3,G,C16,C17,C5,1,1,1
2021-03-02,0,G,C10,C11,C3,1,7,7
2021-03-02,1,G,C16,B97,C5,4,0,9
2021-03-02,2,G,C10,C15,C3,7,2,7
2021-03-02,3,G,B99,B97,C5,2,8,4
2021-03-03,0,G,B99,B94,C14,2,9,4
2021-03-03,1,G,C2,B97,C20,2,0,3
2021-03-03,2,G,C10,C11,C14,3,5,2
2021-03-03,3,G,C7,C15,C3,1,2,0
2021-03-04,0,G,C7,C15,C3,6,3,2
2021-03-04,1,G,C7,B97,C13,3,2,3
2021-03-04,2,G,C7,C17,C13,6,6,0
2021-03-04,3,G,B99,C11,C5,6,2,2
2021-03-05,0,G,C10,C11,C13,5,9,6
2021-03-05,1,G,C7,C11,C13,3,3,3
2021-03-05,2,G,C10,B94,C5,5,0,8
2021-03-05,3,G,C10,C11,C13,7,1,6
2021-03-06,0,G,C2,C15,C14,3,6,5
2021-03-06,1,G,C7,C11,C13,2,5,2
2021-03-06,2,G,C2,B97,C20,5,9,8
2021-03-06,3,G,C10,B97,C14,6,5,2
2021-03-08,0,G,C7,B94,C3,1,3,5
2021-03-08,1,G,C7,C17,C13,6,5,4
2021-03-08,2,G,C2,C15,C20,3,3,2
2021-03-08,3,G,C10,C17,C13,3,7,8
2021-03-09,0,G,B99,C11,C3,2,4,5
2021-03-09,1,G,C10,C17,C3,6,6,9
2021-03-09,2,G,C7,C11,C13,3,0,1
2021-03-09,3,G,C7,B94,C20,3,7,8
2021-03-10,0,G,C7,C17,C3,6,5,5
2021-03-10,1,G,C10,B94,C20,2,4,1
2021-03-10,2,G,C7,B97,C5,8,4,6
2021-03-10,3,G,C7,B94,C20,1,1,3
2021-03-11,0,G,C10,C17,C3,0,0,4
2021-03-11,1,G,C7,C17,C5,0,2,3
2021-03-11,2,G,C16,C17,C14,8,0,2
2021-03-11,3,G,B99,B97,C13,9,4,4
2021-03-12,0,G,B99,B97,C3,8,4,1
2021-03-12,1,G,B99,C11,C13,7,6,6
2021-03-12,2,G,C16,B97,C13,7,0,6
2021-03-12,3,G,C16,C17,C3,0,6,9
2021-03-13,0,G,C16,C17,C5,2,8,4
2021-03-13,1,G,C10,B94,C14,2,1,5
2021-03-13,2,G,C10,B97,C14,2,5,5
2021-03-13,3,G,B99,B94,C20,4,8,7
2021-03-15,0,G,C7,C15,C3,9,3,2
2021-03-15,1,G,C7,B97,C3,2,5,6
2021-03-15,2,G,C7,C17,C3,4,6,8
2021-03-15,3,G,C2,C15,C14,7,4,8
2021-03-16,0,G,C16,C11,C13,7,3,3
2021-03-16,1,G,C7,C17,C14,3,4,7
2021-03-16,2,G,C2,B94,C20,8,1,4
2021-03-16,3,G,C10,C17,C20,0,6,8
2021-03-17,0,G,C10,C11,C13,1,3,6
2021-03-17,1,G,C7,C17,C14,0,4,4
2021-03-17,2,G,C16,B97,C3,0,5,9
2021-03-17,3,G,B99,B94,C20,0,7,2
2021-03-18,0,G,B99,C11,C14,8,3,8
2021-03-18,1,G,B99,C17,C3,3,8,9
2021-03-18,2,G,B99,C17,C20,7,9,8
2021-03-18,3,G,B99,B94,C13,5,4,0
2021-03-19,0,G,C16,C11,C20,1,2,2
2021-03-19,1,G,C7,C15,C20,3,3,5
2021-03-19,2,G,C10,C15,C20,3,4,9
2021-03-19,3,G,C2,C17,C5,1,4,2
2021-03-20,0,G,B99,C11,C13,2,8,3
2021-03-20,1,G,C7,C11,C3,4,6,6
2021-03-20,2,G,C7,C17,C20,5,4,1
2021-03-20,3,G,B99,C17,C13,8,0,3
2021-03-22,0,G,C7,C15,C13,0,7,4
2021-03-22,1,G,C2,B94,C14,7,0,9
2021-03-22,2,G,C2,C17,C5,7,7,6
2021-03-22,3,G,C16,B97,C13,8,5,8
2021-03-23,0,G,B99,B94,C3,2,4,9
2021-03-23,1,G,C10,B97,C20,2,0,4
2021-03-23,2,G,C10,B94,C14,1,3,2
2021-03-23,3,G,C16,C17,C20,4,2,3
2021-03-24,0,G,C7,C17,C20,0,3,3
2021-03-24,1,G,C7,B97,C3,7,8,6
2021-03-24,2,G,B99,C11,C13,5,7,0
2021-03-24,3,G,C2,C11,C13,4,2,6
2021-03-25,0,G,B99,C11,C13,7,9,4
2021-03-25,1,G,C10,C15,C14,3,7,3
2021-03-25,2,G,C2,B94,C5,0,9,4
2021-03-25,3,G,C2,C11,C14,3,3,3
2021-03-26,0,G,C10,C15,C3,5,9,9
2021-03-26,1,G,C7,B94,C13,4,8,4
2021-03-26,2,G,B99,C15,C3,8,0,1
2021-03-26,3,G,C7,C11,C13,4,1,3
2021-03-27,0,G,C2,C15,C20,3,0,8
2021-03-27,1,G,C2,C15,C3,8,5,6
2021-03-27,2,G,C16,B97,C5,8,1,2
2021-03-27,3,G,C2,B97,C13,1,0,3
2021-03-29,0,G,C7,B97,C20,3,3,6
2021-03-29,1,G,C16,C17,C14,6,0,0
2021-03-29,2,G,C16,B97,C13,2,2,6
2021-03-29,3,G,B99,B97,C13,6,7,9
2021-03-30,0,G,C7,C11,C14,5,3,0
2021-03-30,1,G,C10,B97,C5,9,4,9
2021-03-30,2,G,C7,C11,C14,9,4,4
2021-03-30,3,G,C10,B94,C20,3,2,2
2021-03-31,0,G,C2,C11,C5,2,6,0
2021-03-31,1,G,C16,C17,C20,0,8,5
2021-03-31,2,G,C16,C17,C3,3,7,1
2021-03-31,3,G,C7,C11,C13,1,2,4
2021-04-01,0,H,C7,B94,C5,7,4,6
2021-04-01,1,H,B99,C15,C3,2,0,4
2021-04-01,2,H,C7,B94,C5,8,4,9
2021-04-01,3,H,B99,C11,C3,1,5,7
2021-04-02,0,H,C10,C17,C14,5,4,9
2021-04-02,1,H,C7,B97,C3,9,4,7
2021-04-02,2,H,C16,C17,C20,2,9,4
2021-04-02,3,H,B99,C17,C14,5,2,8
2021-04-03,0,H,C2,C17,C20,6,6,5
2021-04-03,1,H,C16,C17,C14,5,1,5
2021-04-03,2,H,C7,C15,C3,8,8,4
2021-04-03,3,H,C2,C11,C20,4,6,7
2021-04-05,0,H,C10,B94,C3,7,3,8
2021-04-05,1,H,C2,B97,C3,9,6,3
2021-04-05,2,H,C16,C15,C3,0,4,6
2021-04-05,3,H,C2,B94,C14,0,5,8
2021-04-06,0,H,C10,C11,C20,6,8,8
2021-04-06,1,H,C16,B94,C13,8,0,0
2021-04-06,2,H,B99,C17,C14,7,1,8
2021-04-06,3,H,B99,C17,C20,2,9,9
2021-04-07,0,H,C10,C15,C20,4,5,1
2021-04-07,1,H,C16,B97,C5,1,4,6
2021-04-07,2,H,C10,B97,C20,7,6,9
2021-04-07,3,H,C7,C15,C20,9,2,2
2021-04-08,0,H,C2,C17,C5,5,5,0
2021-04-08,1,H,B99,C17,C14,1,1,9
2021-04-08,2,H,C10,B94,C20,4,3,9
2021-04-08,3,H,C16,C11,C13,7,8,1
2021-04-09,0,H,C2,C17,C5,4,8,9
2021-04-09,1,H,B99,B97,C20,0,9,2
2021-04-09,2,H,C2,C11,C20,1,7,8
2021-04-09,3,H,C10,C15,C5,2,2,6
2021-04-10,0,H,C2,C15,C20,1,0,3
2021-04-10,1,H,B99,C15,C13,8,0,2
2021-04-10,2,H,B99,B94,C20,6,0,2
2021-04-10,3,H,C7,C11,C14,2,1,9
2021-04-12,0,H,B99,B97,C13,9,5,8
2021-04-12,1,H,C16,B97,C13,2,2,7
2021-04-12,2,H,C10,B97,C13,5,8,8
2021-04-12,3,H,C7,B97,C20,4,2,3
2021-04-13,0,H,C16,C17,C20,9,8,7
2021-04-13,1,H,C7,C11,C14,4,6,2
2021-04-13,2,H,C2,C15,C20,2,4,2
2021-04-13,3,H,C2,C11,C13,5,4,0
2021-04-14,0,H,C16,C15,C14,3,4,2
2021-04-14,1,H,C2,B94,C13,4,3,2
2021-04-14,2,H,C7,C17,C13,7,6,0
2021-04-14,3,H,C2,C17,C5,2,7,1
2021-04-15,0,H,C7,C17,C13,3,5,5
2021-04-15,1,H,C2,C11,C13,6,3,0
2021-04-15,2,H,C10,B94,C5,2,7,1
2021-04-15,3,H,C7,B94,C5,4,6,4
2021-04-16,0,H,C7,C17,C3,2,8,0
2021-04-16,1,H,C10,C11,C5,6,7,8
2021-04-16,2,H,C7,B94,C5,5,9,0
2021-04-16,3,H,C2,B94,C3,3,6,0
2021-04-17,0,H,C7,C15,C5,9,8,2
2021-04-17,1,H,C10,B94,C20,9,1,2
2021-04-17,2,H,C2,C15,C5,5,8,9
2021-04-17,3,H,C7,B94,C5,5,4,8
2021-04-19,0,H,C16,C15,C13,0,5,6
2021-04-19,1,H,C16,B97,C13,6,0,5
2021-04-19,2,H,C2,C15,C20,5,2,1
2021-04-19,3,H,C2,C17,C20,7,1,5
2021-04-20,0,H,B99,C17,C14,6,1,3
2021-04-20,1,H,C10,B97,C3,4,9,7
2021-04-20,2,H,C2,C11,C5,8,8,8
2021-04-20,3,H,C10,B97,C3,1,4,6
2021-04-21,0,H,C10,B97,C13,3,6,0
2021-04-21,1,H,C2,C15,C14,7,8,4
2021-04-21,2,H,C16,C15,C20,5,2,6
2021-04-21,3,H,B99,C17,C14,9,9,4
2021-04-22,0,H,C7,B94,C5,1,9,1
2021-04-22,1,H,C10,C15,C3,6,4,9
2021-04-22,2,H,C2,C11,C14,7,5,0
2021-04-22,3,H,C16,C15,C3,3,2,0
2021-04-23,0,H,B99,C15,C5,6,2,5
2021-04-23,1,H,C10,C17,C20,5,7,4
2021-04-23,2,H,C10,C17,C5,9,2,4
2021-04-23,3,H,C7,C11,C5,2,5,8
2021-04-24,0,H,C10,C11,C3,3,5,0
2021-04-24,1,H,C2,B94,C3,6,3,9
2021-04-24,2,H,C16,C11,C3,2,9,0
2021-04-24,3,H,C7,C17,C20,7,2,9
2021-04-26,0,H,C7,C17,C5,7,9,0
2021-04-26,1,H,C10,C11,C20,7,7,6
2021-04-26,2,H,C7,C15,C5,3,8,3
2021-04-26,3,H,C10,C11,C20,4,1,7
2021-04-27,0,H,C10,C15,C5,6,6,0
2021-04-27,1,H,C10,B94,C14,0,7,0
2021-04-27,2,H,C7,C15,C13,1,3,9
2021-04-27,3,H,C2,B97,C14,3,8,4
2021-04-28,0,H,C10,B94,C5,1,9,3
2021-04-28,1,H,B99,B94,C5,4,0,4
2021-04-28,2,H,B99,C11,C20,9,7,2
2021-04-28,3,H,C7,C15,C3,4,3,5
2021-04-29,0,H,B99,C15,C13,6,2,2
2021-04-29,1,H,C2,B97,C3,3,6,8
2021-04-29,2,H,C16,B94,C13,2,1,7
2021-04-29,3,H,C2,C11,C3,4,5,8
2021-04-30,0,H,C10,C11,C13,5,9,3
2021-04-30,1,H,C7,B94,C20,5,5,8
2021-04-30,2,H,C7,B97,C14,6,6,8
2021-04-30,3,H,C2,C17,C20,9,5,3
2021-05-01,0,I,C2,C15,C13,0,0,7
2021-05-01,1,I,C2,C17,C20,5,9,6
2021-05-01,2,I,C10,B94,C20,4,9,7
2021-05-01,3,I,C16,C17,C13,3,0,7
2021-05-03,0,I,B99,B97,C14,2,1,0
2021-05-03,1,I,C2,C15,C14,0,3,4
2021-05-03,2,I,C2,C15,C14,9,6,6
2021-05-03,3,I,C7,B97,C14,1,8,4
2021-05-04,0,I,C7,B97,C5,2,6,9
2021-05-04,1,I,B99,C11,C3,4,8,2
2021-05-04,2,I,C16,B94,C14,6,3,0
2021-05-04,3,I,B99,C15,C3,0,4,0
2021-05-05,0,I,C7,B94,C20,1,2,3
2021-05-05,1,I,C2,C15,C13,7,6,5
2021-05-05,2,I,C10,C11,C5,6,1,8
2021-05-05,3,I,B99,C17,C5,6,2,5
2021-05-06,0,I,B99,C11,C13,4,5,1
2021-05-06,1,I,C10,B94,C3,5,6,7
2021-05-06,2,I,C10,B97,C20,7,8,8
2021-05-06,3,I,C10,C11,C3,8,1,5
2021-05-07,0,I,C2,C17,C5,7,3,0
2021-05-07,1,I,C2,B94,C14,1,4,3
2021-05-07,2,I,C10,C15,C20,4,6,5
2021-05-07,3,I,C16,B97,C3,8,4,2
2021-05-08,0,I,C10,C11,C5,4,5,3
2021-05-08,1,I,B99,C17,C13,4,7,3
2021-05-08,2,I,C2,B94,C3,2,0,0
2021-05-08,3,I,C16,C17,C13,7,5,2
2021-05-10,0,I,C2,C17,C13,9,9,2
2021-05-10,1,I,C2,B94,C13,8,4,2
2021-05-10,2,I,C7,B97,C5,7,2,5
2021-05-10,3,I,C10,C17,C13,3,3,6
2021-05-11,0,I,C16,C15,C13,5,7,9
2021-05-11,1,I,C16,C17,C13,7,0,6
2021-05-11,2,I,C10,C11,C3,5,9,8
2021-05-11,3,I,C7,C11,C14,3,1,6
2021-05-12,0,I,C2,B94,C20,4,5,7
2021-05-12,1,I,C10,B97,C14,8,5,2
2021-05-12,2,I,C2,C15,C20,2,1,0
2021-05-12,3,I,C7,B97,C14,7,8,6
2021-05-13,0,I,C2,C17,C14,3,4,8
2021-05-13,1,I,C16,C17,C13,2,6,2
2021-05-13,2,I,C7,B97,C5,5,1,3
2021-05-13,3,I,C10,C15,C14,8,6,1
2021-05-14,0,I,C7,C17,C20,6,3,4
2021-05-14,1,I,C7,B94,C13,7,7,9
2021-05-14,2,I,C2,B97,C13,7,9,1
2021-05-14,3,I,C16,B94,C5,9,4,0
2021-05-15,0,I,C10,C11,C3,7,4,7
2021-05-15,1,I,C10,B94,C20,0,0,2
2021-05-15,2,I,C10,C15,C5,9,9,4
2021-05-15,3,I,C16,C17,C5,1,0,4
2021-05-17,0,I,C10,C17,C14,1,0,2
2021-05-17,1,I,B99,B97,C13,4,9,9
2021-05-17,2,I,C16,C15,C3,1,5,3
2021-05-17,3,I,B99,B97,C3,3,6,8
2021-05-18,0,I,B99,B97,C13,5,9,2
2021-05-18,1,I,C2,C15,C20,9,3,9
2021-05-18,2,I,B99,C17,C13,7,0,6
2021-05-18,3,I,C7,B94,C20,0,1,3
2021-05-19,0,I,C2,C15,C13,7,6,1
2021-05-19,1,I,C16,C11,C20,1,2,2
2021-05-19,2,I,C10,B97,C14,3,5,2
2021-05-19,3,I,B99,B97,C13,7,8,0
2021-05-20,0,I,C10,B94,C5,1,2,8
2021-05-20,1,I,B99,C11,C13,4,6,3
2021-05-20,2,I,C7,C17,C13,9,0,4
2021-05-20,3,I,C10,C15,C5,2,5,8
2021-05-21,0,I,B99,C11,C20,4,8,2
2021-05-21,1,I,C2,B94,C13,0,8,3
2021-05-21,2,I,C16,B97,C3,2,2,1
2021-05-21,3,I,C7,C17,C20,5,3,9
2021-05-22,0,I,C2,C15,C13,4,6,2
2021-05-22,1,I,B99,C15,C13,3,5,1
2021-05-22,2,I,C7,C11,C5,9,9,6
2021-05-22,3,I,C2,C11,C20,0,0,1
2021-05-24,0,I,C2,B94,C13,6,9,1
2021-05-24,1,I,C7,C17,C5,2,2,4
2021-05-24,2,I,C16,C15,C14,5,1,3
2021-05-24,3,I,B99,B97,C5,0,0,5
2021-05-25,0,I,C10,C15,C5,4,0,4
2021-05-25,1,I,C7,C11,C3,0,1,9
2021-05-25,2,I,C2,B97,C13,4,9,4
2021-05-25,3,I,B99,B97,C3,5,3,4
2021-05-26,0,I,C2,B97,C3,9,9,6
2021-05-26,1,I,B99,B97,C20,2,6,1
2021-05-26,2,I,C2,C15,C3,0,3,4
2021-05-26,3,I,C2,C11,C3,6,7,9
2021-05-27,0,I,C16,C15,C14,0,6,4
2021-05-27,1,I,C7,B94,C5,3,1,8
2021-05-27,2,I,B99,C11,C3,5,8,1
2021-05-27,3,I,C10,B94,C20,0,6,1
2021-05-28,0,I,B99,B94,C3,0,0,1
2021-05-28,1,I,C7,B97,C20,3,9,0
2021-05-28,2,I,C2,C15,C5,6,7,0
2021-05-28,3,I,B99,B94,C5,8,3,6
2021-05-29,0,I,B99,B97,C5,8,0,7
2021-05-29,1,I,C7,C15,C5,0,7,5
2021-05-29,2,I,C10,B94,C5,7,5,8
2021-05-29,3,I,C16,C11,C14,1,4,7
2021-05-31,0,I,C16,B97,C14,9,4,1
2021-05-31,1,I,B99,B94,C3,0,8,8
2021-05-31,2,I,C10,C17,C20,5,9,2
2021-05-31,3,I,B99,C17,C14,7,7,8
2021-06-01,0,J,C8,C1,B99,3,6,2
2021-06-01,1,J,C5,C18,C16,0,3,1
2021-06-01,2,J,B92,C18,B95,1,9,3
2021-06-01,3,J,B93,C6,C16,0,8,2
2021-06-02,0,J,C3,C6,B95,5,7,8
2021-06-02,1,J,C5,C22,B99,5,9,5
2021-06-02,2,J,C5,C18,B95,1,4,0
2021-06-02,3,J,C5,C18,B95,2,7,5
2021-06-03,0,J,B92,C6,C16,4,3,8
2021-06-03,1,J,B92,C18,C11,6,6,0
2021-06-03,2,J,C5,C1,B99,2,4,1
2021-06-03,3,J,C3,C6,C11,7,4,6
2021-06-04,0,J,B92,C22,C16,6,4,7
2021-06-04,1,J,B93,C6,B99,3,9,9
2021-06-04,2,J,C3,C1,B99,4,8,7
2021-06-04,3,J,B93,C1,C21,9,3,7
2021-06-05,0,J,B93,C1,C21,9,1,7
2021-06-05,1,J,C3,C18,C16,0,7,4
2021-06-05,2,J,B92,C18,C21,0,3,4
2021-06-05,3,J,C8,C22,C21,5,2,0
2021-06-07,0,J,C1,C18,C13,9,6,4
2021-06-07,1,J,C8,C22,C16,1,4,9
2021-06-07,2,J,C8,C21,C16,6,1,9
2021-06-07,3,J,C5,C21,C2,8,8,1
2021-06-08,0,J,C1,C22,C16,3,5,5
2021-06-08,1,J,C8,C6,C7,3,5,6
2021-06-08,2,J,C3,C18,C7,8,6,8
2021-06-08,3,J,C1,C11,C2,6,7,3
2021-06-09,0,J,C3,C1,C11,3,3,6
2021-06-09,1,J,C3,C1,C21,6,3,2
2021-06-09,2,J,C8,C6,C16,0,6,2
2021-06-09,3,J,B93,C6,B95,2,6,3
2021-06-10,0,J,C3,C22,C21,8,8,8
2021-06-10,1,J,B93,C22,B95,1,3,0
2021-06-10,2,J,C5,C6,B95,2,3,2
2021-06-10,3,J,C3,C6,B95,3,6,0
2021-06-11,0,J,C8,C18,C16,3,6,2
2021-06-11,1,J,C5,C22,B99,0,2,5
2021-06-11,2,J,C3,C22,B95,7,3,8
2021-06-11,3,J,C3,C6,B99,8,7,1
2021-06-12,0,J,C3,C6,B95,9,5,6
2021-06-12,1,J,C5,C22,C11,2,5,7
2021-06-12,2,J,B93,C22,C16,5,3,1
2021-06-12,3,J,C8,C6,B99,3,1,3
2021-06-14,0,J,C18,C11,C20,9,0,3
2021-06-14,1,J,C22,C11,C20,7,5,0
2021-06-14,2,J,B92,B95,C14,3,7,8
2021-06-14,3,J,C22,B99,C10,8,8,8
2021-06-15,0,J,C8,C19,B95,6,8,4
2021-06-15,1,J,B93,C1,B99,6,9,2
2021-06-15,2,J,C3,C6,C16,5,5,8
2021-06-15,3,J,C8,C18,C16,2,2,9
2021-06-16,0,J,B93,C18,C11,2,2,5
2021-06-16,1,J,B93,C18,B95,7,8,8
2021-06-16,2,J,B92,C1,C16,1,7,0
2021-06-16,3,J,C3,C22,C16,1,0,4
2021-06-17,0,J,C3,C22,C11,5,7,9
2021-06-17,1,J,B93,C18,C16,8,5,0
2021-06-17,2,J,C5,C6,B99,4,1,3
2021-06-17,3,J,C5,C19,C11,7,6,0
2021-06-18,0,J,B92,C6,C16,6,8,1
2021-06-18,1,J,C8,C1,B99,6,0,7
2021-06-18,2,J,B92,C19,B95,5,9,5
2021-06-18,3,J,B93,C6,B99,6,4,4
2021-06-19,0,J,B93,C18,B99,4,5,7
2021-06-19,1,J,B93,C19,C21,1,7,4
2021-06-19,2,J,B92,C18,C11,6,1,4
2021-06-19,3,J,B93,C1,C11,5,3,6
2021-06-21,0,J,B92,C1,C16,1,6,4
2021-06-21,1,J,C5,C6,B99,2,1,2
2021-06-21,2,J,B93,C19,B99,2,2,6
2021-06-21,3,J,B92,C22,C16,2,9,3
2021-06-22,0,J,C5,C6,C11,8,4,6
2021-06-22,1,J,C3,C19,B95,2,3,1
2021-06-22,2,J,C3,C22,C21,3,6,2
2021-06-22,3,J,C3,C18,B95,7,0,6
2021-06-23,0,J,C8,C1,C21,0,9,7
2021-06-23,1,J,C3,C22,B99,3,5,9
2021-06-23,2,J,C3,C6,B95,8,9,7
2021-06-23,3,J,B93,C19,C21,8,9,8
2021-06-24,0,J,C5,C18,C21,0,1,8
2021-06-24,1,J,C3,C1,C16,9,2,3
2021-06-24,2,J,C8,C18,C21,3,9,1
2021-06-24,3,J,C8,C18,C16,6,3,1
2021-06-25,0,J,C5,C19,C16,9,7,3
2021-06-25,1,J,C8,C22,B95,8,6,2
2021-06-25,2,J,C3,C18,B99,3,1,4
2021-06-25,3,J,B93,C22,B99,9,3,5
2021-06-26,0,J,C8,C6,B95,7,6,7
2021-06-26,1,J,C8,C6,B95,0,3,6
2021-06-26,2,J,C3,C19,C11,8,1,9
2021-06-26,3,J,C8,C22,C11,0,0,1
2021-06-28,0,J,B93,C11,C7,2,0,2
2021-06-28,1,J,C5,B95,C7,9,5,5
2021-06-28,2,J,C8,C6,C14,7,5,2
2021-06-28,3,J,C5,C6,C13,9,9,0
2021-06-29,0,J,C3,C6,C4,7,7,1
2021-06-29,1,J,C8,C1,C2,3,4,0
2021-06-29,2,J,B93,C1,C4,7,8,7
2021-06-29,3,J,C8,B99,C13,6,9,6
2021-06-30,0,J,B93,C6,B99,7,7,1
2021-06-30,1,J,C3,C1,B99,6,6,8
2021-06-30,2,J,B93,C18,C21,5,7,7
2021-06-30,3,J,B93,C18,C21,1,7,5
2021-07-01,0,K,B93,C6,B99,1,5,8
2021-07-01,1,K,B93,C6,C16,9,4,6
2021-07-01,2,K,B92,C6,C21,9,3,6
2021-07-01,3,K,C5,C6,C11,8,0,0
2021-07-02,0,K,C5,C1,C16,3,6,9
2021-07-02,1,K,C8,C1,C21,2,7,3
2021-07-02,2,K,C8,C22,C21,0,5,1
2021-07-02,3,K,C8,C19,B99,4,0,0
2021-07-03,0,K,C3,C6,C16,6,3,6
2021-07-03,1,K,C3,C6,B95,9,9,9
2021-07-03,2,K,C5,C1,B99,7,2,2
2021-07-03,3,K,B92,C19,B99,2,5,4
2021-07-05,0,K,B93,C22,C21,5,1,9
2021-07-05,1,K,C8,C18,C16,2,8,0
2021-07-05,2,K,B93,C22,B95,9,0,7
2021-07-05,3,K,C3,C1,C11,0,8,6
2021-07-06,0,K,B92,C19,C16,4,4,3
2021-07-06,1,K,C3,C18,B99,5,6,2
2021-07-06,2,K,C8,C19,C21,1,4,2
2021-07-06,3,K,C5,C18,C21,9,2,6
2021-07-07,0,K,B92,C1,B95,4,6,3
2021-07-07,1,K,B92,C6,B95,0,3,0
2021-07-07,2,K,C5,C1,B95,0,3,0
2021-07-07,3,K,C8,C22,C21,2,4,5
2021-07-08,0,K,B92,C6,B95,5,8,8
2021-07-08,1,K,C5,C22,B99,4,3,6
2021-07-08,2,K,C5,C22,B99,9,2,2
2021-07-08,3,K,C3,C1,C11,4,5,3
2021-07-09,0,K,B92,C18,C16,6,7,6
2021-07-09,1,K,B92,C22,C21,9,6,8
2021-07-09,2,K,C8,C22,B95,5,4,7
2021-07-09,3,K,B92,C1,B95,9,0,1
2021-07-10,0,K,B93,C6,C21,7,1,7
2021-07-10,1,K,C8,C6,C16,4,4,3
2021-07-10,2,K,B92,C1,C21,1,6,5
2021-07-10,3,K,C8,C19,B99,4,8,5
2021-07-12,0,K,B93,C19,C21,6,8,5
2021-07-12,1,K,B92,C1,B95,1,2,2
2021-07-12,2,K,C5,C6,C11,8,4,8
2021-07-12,3,K,B92,C18,C11,7,0,6
2021-07-13,0,K,B93,C18,C11,0,4,4
2021-07-13,1,K,C5,C22,B95,1,2,0
2021-07-13,2,K,C8,C1,C16,5,4,1
2021-07-13,3,K,B93,C19,C21,2,9,6
2021-07-14,0,K,C5,C1,C11,8,1,9
2021-07-14,1,K,C5,C22,B99,5,3,9
2021-07-14,2,K,B92,C1,B99,9,4,6
2021-07-14,3,K,C3,C18,C21,9,0,0
2021-07-15,0,K,C8,C19,C16,5,8,6
2021-07-15,1,K,B92,C22,C16,3,1,4
2021-07-15,2,K,C8,C1,C21,1,7,5
2021-07-15,3,K,C8,C19,B99,9,9,2
2021-07-16,0,K,B92,C18,C21,3,9,5
2021-07-16,1,K,C3,C19,C11,0,3,9
2021-07-16,2,K,C5,C6,C11,8,4,5
2021-07-16,3,K,C8,C18,B95,7,9,7
2021-07-17,0,K,C3,C18,C11,7,7,8
2021-07-17,1,K,C5,C22,C16,4,8,8
2021-07-17,2,K,C8,C1,C11,0,3,0
2021-07-17,3,K,B93,C18,C21,4,9,0
2021-07-19,0,K,B93,C6,C16,2,8,0
2021-07-19,1,K,B92,C18,C16,2,7,1
2021-07-19,2,K,C5,C22,B99,3,5,8
2021-07-19,3,K,B92,C18,B99,6,3,8
2021-07-20,0,K,C3,C18,B99,2,6,0
2021-07-20,1,K,C3,C6,B99,6,8,9
2021-07-20,2,K,C3,C1,C16,7,8,9
2021-07-20,3,K,B93,C22,C16,5,3,5
2021-07-21,0,K,C3,C6,B99,4,6,3
2021-07-21,1,K,B93,C18,C16,5,1,7
2021-07-21,2,K,B93,C18,C16,2,6,7
2021-07-21,3,K,B92,C22,C11,1,3,4
2021-07-22,0,K,B92,C6,B95,5,3,0
2021-07-22,1,K,B92,C19,C21,8,2,8
2021-07-22,2,K,C3,C6,C21,6,6,4
2021-07-22,3,K,C5,C22,C11,5,1,1
2021-07-23,0,K,B92,C22,B99,0,8,5
2021-07-23,1,K,C8,C22,C16,2,3,7
2021-07-23,2,K,B93,C6,C11,6,3,4
2021-07-23,3,K,B92,C19,B99,0,0,5
2021-07-24,0,K,C5,C18,C11,0,3,6
2021-07-24,1,K,C3,C22,C21,0,1,8
2021-07-24,2,K,B93,C22,C11,9,7,6
2021-07-24,3,K,C5,C19,C11,2,4,0
2021-07-26,0,K,C5,C22,C21,5,0,1
2021-07-26,1,K,C5,C19,C16,9,8,1
2021-07-26,2,K,C8,C6,C21,9,5,8
2021-07-26,3,K,C3,C1,B99,3,6,1
2021-07-27,0,K,B92,C19,B99,3,5,1
2021-07-27,1,K,C8,C18,B99,7,3,9
2021-07-27,2,K,C8,C1,C16,1,0,3
2021-07-27,3,K,C3,C6,B99,6,4,6
2021-07-28,0,K,C3,C1,B99,4,9,4
2021-07-28,1,K,B93,C22,C16,0,4,8
2021-07-28,2,K,C5,C19,B95,2,2,6
2021-07-28,3,K,B93,C1,C21,7,0,1
2021-07-29,0,K,B92,C18,C11,3,5,8
2021-07-29,1,K,C5,C1,C16,7,3,1
2021-07-29,2,K,C3,C22,C21,4,1,6
2021-07-29,3,K,B93,C19,B99,8,4,8
2021-07-30,0,K,C3,C1,C16,2,3,4
2021-07-30,1,K,B93,C22,B99,9,0,9
2021-07-30,2,K,B92,C19,C21,5,7,6
2021-07-30,3,K,C8,C1,C16,9,5,8
2021-07-31,0,K,C3,C22,C11,2,5,7
2021-07-31,1,K,C8,C19,C16,3,8,2
2021-07-31,2,K,B92,C6,C21,2,3,2
2021-07-31,3,K,C8,C1,C16,5,5,1
2021-08-02,0,G,C3,C1,C21,7,9,6
2021-08-02,1,G,C3,C18,B95,1,7,6
2021-08-02,2,G,C3,C22,B95,7,6,3
2021-08-02,3,G,B92,C1,B99,9,7,1
2021-08-03,0,G,B93,C18,C21,4,5,0
2021-08-03,1,G,C5,C6,C21,8,4,6
2021-08-03,2,G,B93,C6,B95,3,4,8
2021-08-03,3,G,C8,C6,B99,4,8,3
2021-08-04,0,G,B92,C1,B99,7,1,4
2021-08-04,1,G,C8,C1,C21,1,3,8
2021-08-04,2,G,C3,C1,C16,7,5,4
2021-08-04,3,G,B92,C18,B95,1,9,7
2021-08-05,0,G,B93,C19,C11,0,5,9
2021-08-05,1,G,C5,C22,C16,8,8,3
2021-08-05,2,G,B93,C1,C11,6,9,6
2021-08-05,3,G,C5,C18,C21,2,6,9
2021-08-06,0,G,C5,C1,C16,2,4,2
2021-08-06,1,G,C8,C18,B95,3,7,9
2021-08-06,2,G,B93,C18,C21,2,3,3
2021-08-06,3,G,C3,C6,C16,6,2,8
2021-08-07,0,G,C3,C1,B95,2,8,3
2021-08-07,1,G,C3,C6,C16,7,9,1
2021-08-07,2,G,C3,C22,B95,3,2,5
2021-08-07,3,G,B93,C22,C16,0,3,5
2021-08-09,0,G,C3,C18,B95,2,1,2
2021-08-09,1,G,B93,C18,B99,9,5,0
2021-08-09,2,G,C3,C22,C11,0,8,3
2021-08-09,3,G,C5,C22,C11,0,7,4
2021-08-10,0,G,C3,C19,B95,7,3,9
2021-08-10,1,G,C8,C1,B99,7,6,1
2021-08-10,2,G,C5,C18,B95,6,7,3
2021-08-10,3,G,C5,C6,C11,6,6,3
2021-08-11,0,G,B93,C22,C16,5,3,2
2021-08-11,1,G,B93,C6,B99,3,3,5
2021-08-11,2,G,B93,C6,B95,9,4,5
2021-08-11,3,G,B93,C6,B95,6,2,8
2021-08-12,0,G,B92,C22,B95,3,9,7
2021-08-12,1,G,C3,C22,C11,6,6,5
2021-08-12,2,G,C8,C1,C11,6,8,4
2021-08-12,3,G,B93,C22,C16,3,2,4
2021-08-13,0,G,C3,C18,C21,5,7,3
2021-08-13,1,G,B93,C6,C11,2,9,0
2021-08-13,2,G,B93,C18,C11,3,9,3
2021-08-13,3,G,C3,C22,C11,7,8,9
2021-08-14,0,G,B92,C6,B95,6,0,0
2021-08-14,1,G,C3,C18,B99,6,1,8
2021-08-14,2,G,C3,C18,B95,4,6,4
2021-08-14,3,G,B93,C18,C16,5,6,9
2021-08-16,0,G,B93,C19,B99,2,5,6
2021-08-16,1,G,B93,C19,C16,3,3,8
2021-08-16,2,G,B92,C6,C11,2,5,0
2021-08-16,3,G,B92,C6,C16,2,6,2
2021-08-17,0,G,C3,C1,C21,6,8,2
2021-08-17,1,G,C3,C22,C16,1,4,9
2021-08-17,2,G,C3,C1,B99,4,5,6
2021-08-17,3,G,C3,C6,B95,4,5,7
2021-08-18,0,G,B93,C18,B95,2,9,4
2021-08-18,1,G,C5,C1,C16,5,6,0
2021-08-18,2,G,B92,C1,C21,1,9,4
2021-08-18,3,G,B92,C1,C21,2,9,3
2021-08-19,0,G,C3,C18,C11,5,1,3
2021-08-19,1,G,B92,C6,B99,0,6,4
2021-08-19,2,G,C5,C18,C11,8,6,8
2021-08-19,3,G,C3,C18,B95,1,9,9
2021-08-20,0,G,B92,C19,B95,4,8,5
2021-08-20,1,G,C5,C6,C11,9,9,3
2021-08-20,2,G,C8,C6,C16,1,2,0
2021-08-20,3,G,C5,C18,C16,5,9,0
2021-08-21,0,G,B92,C18,C11,7,3,2
2021-08-21,1,G,C8,C18,B95,3,4,7
2021-08-21,2,G,C5,C22,B99,7,8,0
2021-08-21,3,G,B92,C18,B99,7,8,1
2021-08-23,0,G,B93,C22,B95,1,0,0
2021-08-23,1,G,C3,C1,C21,9,9,8
2021-08-23,2,G,B93,C18,B99,1,7,3
2021-08-23,3,G,B93,C18,B99,9,5,9
2021-08-24,0,G,C5,C19,B99,6,6,4
2021-08-24,1,G,C8,C18,C16,8,9,3
2021-08-24,2,G,C5,C6,B95,1,8,0
2021-08-24,3,G,C8,C1,C16,7,7,1
2021-08-25,0,G,B93,C6,C11,8,8,5
2021-08-25,1,G,C8,C18,B95,4,6,4
2021-08-25,2,G,C5,C18,B99,7,6,0
2021-08-25,3,G,B93,C6,B99,5,3,3
2021-08-26,0,G,C8,C18,C11,2,3,3
2021-08-26,1,G,B92,C6,C11,7,1,7
2021-08-26,2,G,B93,C6,B99,1,5,5
2021-08-26,3,G,B92,C22,B95,4,4,9
2021-08-27,0,G,C3,C22,B95,1,2,4
2021-08-27,1,G,B93,C19,C21,5,3,3
2021-08-27,2,G,C5,C1,C11,4,2,6
2021-08-27,3,G,B92,C1,C16,2,7,8
2021-08-28,0,G,C5,C22,C11,3,7,0
2021-08-28,1,G,B92,C22,B95,9,9,7
2021-08-28,2,G,B92,C22,C21,1,7,7
2021-08-28,3,G,C3,C6,C16,7,4,4
2021-08-30,0,G,C3,C6,B99,2,4,9
2021-08-30,1,G,C8,C18,C21,9,0,2
2021-08-30,2,G,C5,C6,C21,1,9,4
2021-08-30,3,G,B93,C1,C11,3,7,1
2021-08-31,0,G,C3,C1,C16,9,8,5
2021-08-31,1,G,C8,C19,B95,2,6,5
2021-08-31,2,G,C5,C18,C11,8,6,2
2021-08-31,3,G,C3,C6,B99,7,8,5
2021-09-01,0,H,C8,C18,C11,6,8,9
2021-09-01,1,H,C3,C6,C11,8,4,5
2021-09-01,2,H,C8,C6,B95,2,7,9
2021-09-01,3,H,B93,C18,C11,5,8,4
2021-09-02,0,H,B93,C18,C16,9,9,8
2021-09-02,1,H,C8,C1,C11,9,4,5
2021-09-02,2,H,C3,C6,C16,6,4,9
2021-09-02,3,H,B92,C18,C11,1,8,0
2021-09-03,0,H,C8,C18,C16,2,9,3
2021-09-03,1,H,C8,C1,C11,5,8,3
2021-09-03,2,H,B93,C1,C16,3,2,8
2021-09-03,3,H,C5,C18,B99,8,3,2
2021-09-04,0,H,C3,C18,B95,8,2,2
2021-09-04,1,H,B92,C18,B95,8,8,7
2021-09-04,2,H,C3,C22,C16,9,0,6
2021-09-04,3,H,C8,C22,B95,4,2,8
2021-09-06,0,H,C8,C22,B95,3,4,2
2021-09-06,1,H,C8,C18,C21,4,7,9
2021-09-06,2,H,C8,C19,C21,5,1,9
2021-09-06,3,H,B92,C22,C16,7,9,3
2021-09-07,0,H,C3,C1,B95,4,2,0
2021-09-07,1,H,B92,C6,C16,2,6,9
2021-09-07,2,H,B92,C19,C16,3,4,7
2021-09-07,3,H,B93,C18,B95,7,6,4
2021-09-08,0,H,B92,C22,B99,5,3,3
2021-09-08,1,H,C3,C6,C16,5,6,7
2021-09-08,2,H,C3,C1,C21,5,9,8
2021-09-08,3,H,B93,C6,C11,0,8,1
2021-09-09,0,H,B92,C22,B95,0,3,1
2021-09-09,1,H,B92,C6,C21,0,9,9
2021-09-09,2,H,B92,C18,C16,3,5,3
2021-09-09,3,H,C5,C18,B99,3,7,2
2021-09-10,0,H,C5,C22,B99,7,3,2
2021-09-10,1,H,C5,C18,C16,0,2,8
2021-09-10,2,H,C3,C1,B95,2,1,5
2021-09-10,3,H,C3,C6,B95,7,1,8
2021-09-11,0,H,B93,C22,B95,3,7,9
2021-09-11,1,H,C5,C22,C16,7,9,2
2021-09-11,2,H,C3,C19,C11,0,5,7
2021-09-11,3,H,B93,C19,C16,3,5,7
2021-09-13,0,H,C3,C6,C16,8,4,1
2021-09-13,1,H,B93,C18,B95,0,0,2
2021-09-13,2,H,C5,C1,C21,5,5,7
2021-09-13,3,H,C3,C1,C21,2,6,9
2021-09-14,0,H,C8,C1,B99,5,4,9
2021-09-14,1,H,C5,C19,B95,9,9,4
2021-09-14,2,H,B92,C1,C21,7,2,5
2021-09-14,3,H,C3,C6,C16,3,4,9
2021-09-15,0,H,B92,C1,C16,4,1,7
2021-09-15,1,H,C8,C18,C11,2,2,9
2021-09-15,2,H,B93,C22,C11,2,7,3
2021-09-15,3,H,C3,C1,C16,8,1,8
2021-09-16,0,H,B92,C19,C21,8,5,9
2021-09-16,1,H,C3,C22,C16,7,1,9
2021-09-16,2,H,C3,C6,B95,7,5,1
2021-09-16,3,H,C8,C19,C16,9,8,2
2021-09-17,0,H,C8,C1,C16,7,0,9
2021-09-17,1,H,B93,C19,C16,4,3,4
2021-09-17,2,H,B93,C1,B99,5,0,6
2021-09-17,3,H,C8,C18,B95,9,6,3
2021-09-18,0,H,B93,C19,C16,1,8,6
2021-09-18,1,H,B92,C22,C11,2,7,1
2021-09-18,2,H,B92,C19,C21,2,8,9
2021-09-18,3,H,C8,C6,B95,6,1,1
2021-09-20,0,H,C5,C18,C21,4,8,2
2021-09-20,1,H,C3,C6,B99,3,2,0
2021-09-20,2,H,C3,C18,C16,7,0,0
2021-09-20,3,H,B93,C19,B99,2,4,0
2021-09-21,0,H,B92,C18,B95,7,6,2
2021-09-21,1,H,C3,C22,B99,9,5,1
2021-09-21,2,H,B93,C19,B99,3,1,3
2021-09-21,3,H,C3,C1,B99,7,3,7
2021-09-22,0,H,B93,C6,B95,0,8,6
2021-09-22,1,H,C8,C1,B99,8,5,6
2021-09-22,2,H,C3,C19,B95,0,5,6
2021-09-22,3,H,B93,C22,C21,4,9,6
2021-09-23,0,H,C5,C18,C21,4,5,1
2021-09-23,1,H,C8,C1,C21,1,5,5
2021-09-23,2,H,C5,C1,C21,8,3,3
2021-09-23,3,H,B92,C18,C21,1,4,4
2021-09-24,0,H,B92,C1,B99,6,7,6
2021-09-24,1,H,C5,C1,C11,7,2,1
2021-09-24,2,H,C8,C22,B95,4,0,6
2021-09-24,3,H,C5,C1,C11,7,9,1
2021-09-25,0,H,B93,C6,C21,8,4,8
2021-09-25,1,H,B93,C22,B99,9,6,0
2021-09-25,2,H,B92,C19,C21,1,8,9
2021-09-25,3,H,B93,C18,B99,6,5,4
2021-09-27,0,H,C8,C1,C16,6,5,6
2021-09-27,1,H,C8,C6,B99,0,9,5
2021-09-27,2,H,C5,C18,C16,9,9,9
2021-09-27,3,H,B93,C1,C11,5,9,2
2021-09-28,0,H,B93,C1,C21,7,0,8
2021-09-28,1,H,C5,C18,C11,7,0,0
2021-09-28,2,H,C8,C18,C16,3,7,3
2021-09-28,3,H,B92,C18,B95,3,7,9
2021-09-29,0,H,B93,C19,C16,5,6,3
2021-09-29,1,H,B93,C19,B99,8,7,4
2021-09-29,2,H,C3,C6,B95,0,8,1
2021-09-29,3,H,C3,C6,C16,0,7,5
2021-09-30,0,H,B92,C6,B95,8,6,4
2021-09-30,1,H,C8,C6,C11,3,2,0
2021-09-30,2,H,C5,C18,B99,6,5,9
2021-09-30,3,H,C5,C6,C11,4,6,0
2021-10-01,0,I,B92,C8,B96,1,3,5
2021-10-01,1,I,C20,C11,B91,1,0,1
2021-10-01,2,I,B95,C6,C19,0,7,5
2021-10-01,3,I,C3,C8,B91,1,4,3
2021-10-02,0,I,C9,C11,B96,4,4,8
2021-10-02,1,I,C9,C5,B91,4,1,2
2021-10-02,2,I,C9,C8,B96,8,9,6
2021-10-02,3,I,C9,C6,C15,7,5,8
2021-10-04,0,I,C3,C6,C19,7,7,5
2021-10-04,1,I,C3,C5,C15,6,3,3
2021-10-04,2,I,B92,C12,C18,1,0,4
2021-10-04,3,I,B95,C6,C19,7,2,4
2021-10-05,0,I,B95,C8,B96,1,8,2
2021-10-05,1,I,B95,C11,C15,9,4,2
2021-10-05,2,I,C9,C5,B96,2,3,4
2021-10-05,3,I,B95,C11,B96,6,3,1
2021-10-06,0,I,C9,C12,C15,9,2,4
2021-10-06,1,I,B92,C6,C15,8,5,9
2021-10-06,2,I,C20,C11,B96,9,0,3
2021-10-06,3,I,B95,C11,B91,7,7,0
2021-10-07,0,I,B92,C11,B96,9,2,6
2021-10-07,1,I,B92,C6,C19,5,2,7
2021-10-07,2,I,B92,C5,C15,5,4,5
2021-10-07,3,I,B95,C8,B91,1,9,8
2021-10-08,0,I,B92,C11,C18,9,0,4
2021-10-08,1,I,C3,C11,C18,7,6,6
2021-10-08,2,I,C3,C6,B96,7,4,7
2021-10-08,3,I,C9,C12,C19,8,1,8
2021-10-09,0,I,B92,C5,B96,6,3,7
2021-10-09,1,I,B95,C8,C18,7,3,5
2021-10-09,2,I,B95,C6,C18,8,0,9
2021-10-09,3,I,B92,C5,C19,9,8,4
2021-10-11,0,I,B95,C11,C18,4,9,6
2021-10-11,1,I,B95,C11,B96,1,1,9
2021-10-11,2,I,B92,C5,C19,2,7,7
2021-10-11,3,I,B92,C12,B96,0,6,7
2021-10-12,0,I,C3,C12,C18,5,6,8
2021-10-12,1,I,C9,C5,C19,5,9,3
2021-10-12,2,I,C20,C8,C18,9,2,5
2021-10-12,3,I,C9,C8,C18,1,3,9
2021-10-13,0,I,C3,C8,C19,7,4,1
2021-10-13,1,I,C3,C12,C15,2,4,3
2021-10-13,2,I,B92,C11,B96,9,2,7
2021-10-13,3,I,C9,C11,C19,4,9,4
2021-10-14,0,I,B95,C6,B91,0,9,4
2021-10-14,1,I,C20,C6,C15,7,4,0
2021-10-14,2,I,B92,C11,C18,0,0,7
2021-10-14,3,I,C3,C12,B96,8,7,5
2021-10-15,0,I,C9,C12,B96,9,6,1
2021-10-15,1,I,B95,C6,B91,9,6,4
2021-10-15,2,I,C9,C5,C18,1,3,6
2021-10-15,3,I,B92,C8,B96,7,8,0
2021-10-16,0,I,B92,C8,B91,8,3,6
2021-10-16,1,I,B92,C8,B96,2,3,6
2021-10-16,2,I,C9,C11,C18,2,9,4
2021-10-16,3,I,B95,C12,B91,9,9,0
2021-10-18,0,I,B92,C11,C18,7,5,2
2021-10-18,1,I,C20,C11,C18,9,7,3
2021-10-18,2,I,C20,C12,B96,2,1,2
2021-10-18,3,I,B92,C12,B91,6,5,6
2021-10-19,0,I,B95,C6,C15,6,6,5
2021-10-19,1,I,B92,C8,C15,5,9,2
2021-10-19,2,I,C20,C5,C15,5,4,2
2021-10-19,3,I,B95,C6,C18,5,2,9
2021-10-20,0,I,B95,C8,B96,1,6,9
2021-10-20,1,I,C3,C12,C15,5,8,4
2021-10-20,2,I,C3,C6,C15,5,3,8
2021-10-20,3,I,C3,C11,C19,7,6,5
2021-10-21,0,I,C9,C8,C19,4,5,4
2021-10-21,1,I,C3,C12,B96,6,3,1
2021-10-21,2,I,C3,C11,C19,4,5,9
2021-10-21,3,I,B95,C8,B96,3,2,3
2021-10-22,0,I,C3,C6,B96,2,9,2
2021-10-22,1,I,B95,C11,B91,6,5,2
2021-10-22,2,I,C3,C6,C19,6,1,3
2021-10-22,3,I,C20,C11,C15,3,7,7
2021-10-23,0,I,C20,C12,C15,7,5,9
2021-10-23,1,I,B95,C6,C15,9,3,4
2021-10-23,2,I,B95,C5,C15,3,8,3
2021-10-23,3,I,C20,C8,C18,4,0,0
2021-10-25,0,I,B95,C6,C19,5,3,8
2021-10-25,1,I,B92,C11,B96,3,5,9
2021-10-25,2,I,C20,C12,C15,9,6,9
2021-10-25,3,I,C3,C5,B91,1,0,1
2021-10-26,0,I,C3,C11,C19,1,0,9
2021-10-26,1,I,C20,C6,C19,9,5,6
2021-10-26,2,I,B92,C8,C19,3,9,5
2021-10-26,3,I,C9,C5,B91,5,9,3
2021-10-27,0,I,C9,C5,C19,0,7,5
2021-10-27,1,I,B92,C6,C18,3,7,0
2021-10-27,2,I,C20,C12,B96,6,8,7
2021-10-27,3,I,C3,C12,C15,5,6,3
2021-10-28,0,I,C9,C8,B96,8,8,0
2021-10-28,1,I,C20,C8,B91,6,6,9
2021-10-28,2,I,B95,C12,C18,2,1,6
2021-10-28,3,I,C3,C8,C15,0,7,4
2021-10-29,0,I,B92,C12,B91,3,9,0
2021-10-29,1,I,B95,C8,C19,7,5,3
2021-10-29,2,I,C20,C5,C18,0,3,7
2021-10-29,3,I,C9,C8,B96,6,2,7
2021-10-30,0,I,C20,C12,B91,2,4,5
2021-10-30,1,I,B95,C6,C15,8,7,1
2021-10-30,2,I,C9,C11,C18,1,6,7
2021-10-30,3,I,B95,C11,C18,9,9,0
2021-11-01,0,J,C20,C6,B96,8,7,7
2021-11-01,1,J,B92,C8,B91,4,0,7
2021-11-01,2,J,C9,C8,C18,8,1,2
2021-11-01,3,J,B92,C12,B91,6,9,4
2021-11-02,0,J,B92,C8,C18,8,9,2
2021-11-02,1,J,C3,C5,C18,1,9,3
2021-11-02,2,J,B92,C5,C15,0,7,3
2021-11-02,3,J,B95,C12,B96,5,2,9
2021-11-03,0,J,B92,C12,C15,1,5,2
2021-11-03,1,J,C9,C12,C15,5,7,0
2021-11-03,2,J,C9,C8,C15,6,7,3
2021-11-03,3,J,C3,C11,C19,8,9,9
2021-11-04,0,J,C9,C6,C15,6,7,3
2021-11-04,1,J,C3,C8,B91,7,9,1
2021-11-04,2,J,B95,C8,C15,5,9,4
2021-11-04,3,J,B92,C12,C19,4,2,2
2021-11-05,0,J,B95,C8,C15,7,5,6
2021-11-05,1,J,B95,C12,B91,9,3,7
2021-11-05,2,J,C3,C12,B96,4,4,5
2021-11-05,3,J,C3,C11,C15,1,5,0
2021-11-06,0,J,B95,C6,C18,1,5,9
2021-11-06,1,J,B92,C11,C18,2,7,0
2021-11-06,2,J,C3,C6,B96,7,9,3
2021-11-06,3,J,C9,C6,B91,6,6,0
2021-11-08,0,J,C9,C6,C19,0,8,0
2021-11-08,1,J,C20,C8,B91,2,8,2
2021-11-08,2,J,B95,C12,C15,2,4,6
2021-11-08,3,J,B95,C8,B91,9,2,6
2021-11-09,0,J,C9,C12,B91,1,1,8
2021-11-09,1,J,C20,C12,C15,1,9,6
2021-11-09,2,J,C20,C6,C18,3,1,3
2021-11-09,3,J,B92,C11,C18,0,3,5
2021-11-10,0,J,C9,C5,C19,1,9,1
2021-11-10,1,J,C9,C12,C18,2,3,3
2021-11-10,2,J,C20,C5,C15,0,1,9
2021-11-10,3,J,C9,C11,B96,5,9,8
2021-11-11,0,J,C9,C12,B91,4,8,4
2021-11-11,1,J,C20,C11,C15,2,0,7
2021-11-11,2,J,C9,C5,C19,6,1,3
2021-11-11,3,J,C3,C12,C19,5,3,9
2021-11-12,0,J,C3,C12,B96,1,1,9
2021-11-12,1,J,C20,C5,C18,3,5,4
2021-11-12,2,J,B95,C5,C15,5,9,9
2021-11-12,3,J,C3,C11,C19,6,0,2
2021-11-13,0,J,C9,C5,C19,3,1,8
2021-11-13,1,J,C20,C6,B96,7,3,8
2021-11-13,2,J,C3,C12,C19,1,5,5
2021-11-13,3,J,B95,C5,C15,8,2,2
2021-11-15,0,J,C20,C5,C19,3,9,0
2021-11-15,1,J,B95,C11,C19,5,8,5
2021-11-15,2,J,C9,C6,B96,5,6,0
2021-11-15,3,J,B92,C11,C15,2,8,8
2021-11-16,0,J,C20,C12,B91,6,0,9
2021-11-16,1,J,C3,C12,B96,6,5,1
2021-11-16,2,J,C3,C8,B91,6,8,3
2021-11-16,3,J,C20,C12,C19,3,4,3
2021-11-17,0,J,B95,C5,C19,5,8,9
2021-11-17,1,J,B95,C6,B91,0,1,0
2021-11-17,2,J,B95,C12,C15,7,8,8
2021-11-17,3,J,C20,C6,C15,2,5,5
2021-11-18,0,J,C3,C12,C19,5,8,3
2021-11-18,1,J,C9,C5,B91,9,1,3
2021-11-18,2,J,B95,C12,C19,8,5,5
2021-11-18,3,J,C20,C6,B96,0,0,8
2021-11-19,0,J,C3,C12,C15,7,0,0
2021-11-19,1,J,B92,C5,C15,8,2,3
2021-11-19,2,J,B92,C6,B96,7,5,1
2021-11-19,3,J,C9,C5,C19,3,5,7
2021-11-20,0,J,B95,C5,B91,6,0,9
2021-11-20,1,J,B92,C11,C15,9,2,7
2021-11-20,2,J,B95,C6,B91,7,2,0
2021-11-20,3,J,C20,C6,C18,6,2,0
2021-11-22,0,J,B95,C5,C19,1,9,6
2021-11-22,1,J,B92,C11,C18,3,2,9
2021-11-22,2,J,B95,C11,B91,0,6,3
2021-11-22,3,J,B95,C11,B91,1,6,4
2021-11-23,0,J,C9,C12,C18,8,1,9
2021-11-23,1,J,C20,C11,C19,4,9,7
2021-11-23,2,J,C9,C8,C15,4,6,2
2021-11-23,3,J,C9,C8,B96,0,5,5
2021-11-24,0,J,B92,C5,C19,2,4,8
2021-11-24,1,J,C3,C12,C18,1,4,1
2021-11-24,2,J,C3,C8,C15,4,2,7
2021-11-24,3,J,C9,C6,B96,4,5,5
2021-11-25,0,J,C20,C6,C19,2,3,1
2021-11-25,1,J,C9,C6,B91,1,4,1
2021-11-25,2,J,C3,C11,C18,7,2,6
2021-11-25,3,J,C3,C6,B96,8,9,3
2021-11-26,0,J,C20,C11,B91,2,5,8
2021-11-26,1,J,C9,C6,B91,3,7,8
2021-11-26,2,J,B95,C11,C18,8,4,9
2021-11-26,3,J,B92,C12,C15,5,9,3
2021-11-27,0,J,C20,C6,C19,3,4,2
2021-11-27,1,J,C20,C8,C19,8,2,4
2021-11-27,2,J,B92,C6,C19,7,4,5
2021-11-27,3,J,C3,C12,C15,7,9,6
2021-11-29,0,J,C20,C6,C15,7,9,4
2021-11-29,1,J,B92,C11,B96,3,8,5
2021-11-29,2,J,B95,C6,B96,6,9,7
2021-11-29,3,J,B95,C12,C18,4,9,5
2021-11-30,0,J,B95,C12,B96,5,8,2
2021-11-30,1,J,C20,C12,B96,5,9,0
2021-11-30,2,J,B95,C12,C18,0,7,2
2021-11-30,3,J,C3,C12,B96,1,6,1
2021-12-01,0,K,C3,C12,C15,0,1,9
2021-12-01,1,K,C3,C12,B91,3,9,6
2021-12-01,2,K,C9,C8,C15,7,0,1
2021-12-01,3,K,C9,C8,B91,3,8,3
2021-12-02,0,K,C9,C5,C19,1,5,0
2021-12-02,1,K,C20,C12,C18,4,6,2
2021-12-02,2,K,B95,C5,B91,0,3,0
2021-12-02,3,K,C20,C12,C15,4,0,2
2021-12-03,0,K,C9,C6,B91,4,8,1
2021-12-03,1,K,C3,C8,C15,3,5,7
2021-12-03,2,K,C9,C11,B91,1,2,2
2021-12-03,3,K,C3,C5,C15,2,3,7
2021-12-04,0,K,C3,C12,B91,4,1,2
2021-12-04,1,K,C20,C6,C18,3,6,4
2021-12-04,2,K,C9,C11,C15,9,5,1
2021-12-04,3,K,C20,C11,C18,1,5,2
2021-12-06,0,K,C3,C5,C15,6,0,5
2021-12-06,1,K,C20,C8,B96,3,6,8
2021-12-06,2,K,B92,C6,B91,8,1,1
2021-12-06,3,K,C9,C6,C15,5,8,6
2021-12-07,0,K,B95,C5,B96,0,6,7
2021-12-07,1,K,C20,C8,C19,3,2,4
2021-12-07,2,K,B92,C5,B91,9,1,4
2021-12-07,3,K,C3,C12,C18,4,0,9
2021-12-08,0,K,C9,C8,C18,2,9,8
2021-12-08,1,K,C20,C11,B96,1,0,0
2021-12-08,2,K,B92,C5,B96,0,2,3
2021-12-08,3,K,C3,C5,C19,3,5,2
2021-12-09,0,K,C20,C12,C19,7,5,0
2021-12-09,1,K,C9,C5,B91,8,1,9
2021-12-09,2,K,C9,C11,C15,6,9,6
2021-12-09,3,K,C20,C6,C15,0,5,7
2021-12-10,0,K,B95,C6,B91,6,8,2
2021-12-10,1,K,B92,C5,C19,0,6,0
2021-12-10,2,K,B95,C12,C18,6,4,8
2021-12-10,3,K,C9,C6,C18,8,4,0
2021-12-11,0,K,B95,C12,C15,8,5,2
2021-12-11,1,K,C9,C8,B91,0,0,6
2021-12-11,2,K,B95,C6,C19,4,0,4
2021-12-11,3,K,B92,C6,B91,2,5,4
2021-12-13,0,K,B92,C6,C15,7,5,3
2021-12-13,1,K,C9,C5,C18,4,1,4
2021-12-13,2,K,C3,C5,B96,0,2,1
2021-12-13,3,K,C20,C6,B96,7,2,7
2021-12-14,0,K,B95,C6,C15,9,3,6
2021-12-14,1,K,C3,C5,B96,8,9,5
2021-12-14,2,K,C9,C11,B91,0,2,8
2021-12-14,3,K,B95,C11,C18,5,9,8
2021-12-15,0,K,B92,C11,C18,7,2,5
2021-12-15,1,K,B92,C12,B96,6,2,6
2021-12-15,2,K,C9,C11,C19,6,4,7
2021-12-15,3,K,C3,C12,C19,2,9,3
2021-12-16,0,K,B95,C11,B96,6,1,6
2021-12-16,1,K,B95,C11,C18,3,9,1
2021-12-16,2,K,B95,C6,C18,2,5,4
2021-12-16,3,K,C20,C12,C15,7,9,5
2021-12-17,0,K,B95,C5,C18,7,8,9
2021-12-17,1,K,C20,C12,B91,5,1,8
2021-12-17,2,K,C20,C6,B96,6,6,3
2021-12-17,3,K,B95,C12,B96,4,0,5
2021-12-18,0,K,B95,C12,C19,4,1,1
2021-12-18,1,K,C3,C5,C19,5,8,4
2021-12-18,2,K,B95,C8,C15,0,4,6
2021-12-18,3,K,C3,C5,B96,4,8,0
2021-12-20,0,K,C3,C5,B91,4,8,3
2021-12-20,1,K,C3,C12,B96,2,1,3
2021-12-20,2,K,C9,C6,C18,7,0,9
2021-12-20,3,K,C3,C12,B91,1,6,5
2021-12-21,0,K,C3,C12,C15,6,9,9
2021-12-21,1,K,C20,C5,C15,5,6,1
2021-12-21,2,K,B95,C5,C19,7,5,6
2021-12-21,3,K,C9,C8,B96,5,5,5
2021-12-22,0,K,B95,C12,C19,1,8,0
2021-12-22,1,K,C3,C8,B91,5,8,9
2021-12-22,2,K,B95,C6,C18,3,2,3
2021-12-22,3,K,C3,C6,B96,5,0,4
2021-12-23,0,K,C9,C12,B91,5,9,8
2021-12-23,1,K,C3,C12,C19,0,2,8
2021-12-23,2,K,C20,C11,C15,8,1,2
2021-12-23,3,K,C3,C5,B96,2,6,5
2021-12-24,0,K,C3,C12,C19,1,4,8
2021-12-24,1,K,C9,C11,C19,5,2,9
2021-12-24,2,K,B92,C5,C15,2,3,4
2021-12-24,3,K,C20,C8,B96,9,7,2
2021-12-25,0,K,C9,C6,C19,9,0,1
2021-12-25,1,K,C3,C11,C19,4,1,2
2021-12-25,2,K,C20,C11,B96,2,0,8
2021-12-25,3,K,B92,C8,C15,9,5,9
2021-12-27,0,K,B92,C5,B91,8,0,3
2021-12-27,1,K,C3,C5,C15,1,8,2
2021-12-27,2,K,C20,C5,C19,1,7,0
2021-12-27,3,K,B92,C6,C19,0,5,1
2021-12-28,0,K,B92,C5,C15,3,8,3
2021-12-28,1,K,C9,C12,C15,3,5,8
2021-12-28,2,K,C9,C8,B91,0,7,4
2021-12-28,3,K,C9,C6,B91,9,7,7
2021-12-29,0,K,C20,C12,C15,9,8,4
2021-12-29,1,K,C20,C6,C19,7,5,6
2021-12-29,2,K,C9,C8,B96,6,5,2
2021-12-29,3,K,B92,C8,C18,1,0,5
2021-12-30,0,K,B92,C12,B96,6,0,2
2021-12-30,1,K,B95,C6,C18,8,3,8
2021-12-30,2,K,B95,C6,C15,4,0,7
2021-12-30,3,K,C9,C5,B96,5,1,5
2021-12-31,0,K,B95,C5,C15,8,7,3
2021-12-31,1,K,B92,C11,C19,5,1,9
2021-12-31,2,K,C3,C5,C18,5,0,0
2021-12-31,3,K,C3,C5,B96,5,6,7
2022-01-01,0,L,C37,C42,C51,5,5,1
2022-01-01,1,L,C56,C54,C41,4,1,4
2022-01-01,2,L,C56,C54,C50,8,6,9
2022-01-01,3,L,C56,C42,C52,3,1,4
2022-01-03,0,L,C56,C44,C50,0,6,8
2022-01-03,1,L,C56,C54,C40,7,6,1
2022-01-03,2,L,C37,C42,C41,7,4,6
2022-01-03,3,L,C43,C54,C40,3,1,5
2022-01-04,0,L,C46,C42,C41,4,8,0
2022-01-04,1,L,C55,C42,C50,1,9,4
2022-01-04,2,L,C55,C44,C52,3,7,6
2022-01-04,3,L,C43,C54,C40,3,2,2
2022-01-05,0,L,C56,C38,C50,6,6,0
2022-01-05,1,L,C46,C38,C40,4,4,4
2022-01-05,2,L,C43,C42,C52,7,9,0
2022-01-05,3,L,C43,C47,C51,7,2,1
2022-01-06,0,L,C55,C42,C50,3,6,6
2022-01-06,1,L,C56,C44,C40,8,1,4
2022-01-06,2,L,C55,C38,C50,5,7,1
2022-01-06,3,L,C55,C47,C50,6,7,2
2022-01-07,0,L,C43,C42,C52,0,6,2
2022-01-07,1,L,C37,C54,C40,5,2,3
2022-01-07,2,L,C56,C42,C50,1,2,9
2022-01-07,3,L,C55,C42,C51,5,3,7
2022-01-08,0,L,C46,C42,C51,0,8,2
2022-01-08,1,L,C56,C47,C51,5,3,7
2022-01-08,2,L,C46,C47,C41,3,3,8
2022-01-08,3,L,C56,C47,C52,8,9,2
2022-01-10,0,L,C46,C38,C51,1,7,0
2022-01-10,1,L,C56,C47,C52,2,1,9
2022-01-10,2,L,C43,C47,C41,4,8,0
2022-01-10,3,L,C37,C38,C51,8,2,4
2022-01-11,0,L,C46,C42,C50,7,7,3
2022-01-11,1,L,C43,C54,C41,9,0,1
2022-01-11,2,L,C56,C38,C50,5,2,6
2022-01-11,3,L,C37,C47,C40,1,7,2
2022-01-12,0,L,C55,C42,C51,4,0,4
2022-01-12,1,L,C37,C54,C50,5,6,5
2022-01-12,2,L,C56,C47,C52,2,3,8
2022-01-12,3,L,C46,C42,C51,3,2,0
2022-01-13,0,L,C56,C54,C40,3,9,0
2022-01-13,1,L,C56,C42,C40,6,2,8
2022-01-13,2,L,C43,C47,C41,3,2,0
2022-01-13,3,L,C43,C47,C50,4,8,5
2022-01-14,0,L,C43,C38,C50,0,2,7
2022-01-14,1,L,C55,C47,C41,6,1,0
2022-01-14,2,L,C43,C47,C50,1,5,9
2022-01-14,3,L,C56,C38,C40,3,4,6
2022-01-15,0,L,C46,C47,C52,9,5,9
2022-01-15,1,L,C55,C54,C50,7,7,5
2022-01-15,2,L,C46,C44,C41,3,0,3
2022-01-15,3,L,C43,C44,C52,0,8,6
2022-01-17,0,L,C37,C44,C41,1,0,2
2022-01-17,1,L,C55,C42,C40,1,7,6
2022-01-17,2,L,C43,C54,C51,2,0,8
2022-01-17,3,L,C46,C38,C52,8,9,4
2022-01-18,0,L,C46,C54,C51,4,8,9
2022-01-18,1,L,C46,C42,C52,6,7,4
2022-01-18,2,L,C43,C54,C41,4,0,0
2022-01-18,3,L,C37,C38,C40,5,2,2
2022-01-19,0,L,C56,C38,C41,0,2,6
2022-01-19,1,L,C55,C42,C40,8,8,1
2022-01-19,2,L,C56,C54,C50,5,4,4
2022-01-19,3,L,C56,C47,C51,0,2,8
2022-01-20,0,L,C46,C47,C52,3,8,4
2022-01-20,1,L,C37,C38,C50,1,5,2
2022-01-20,2,L,C56,C44,C40,0,9,9
2022-01-20,3,L,C46,C47,C41,9,1,5
2022-01-21,0,L,C43,C38,C40,0,9,9
2022-01-21,1,L,C46,C44,C51,2,1,1
2022-01-21,2,L,C46,C38,C41,9,6,6
2022-01-21,3,L,C37,C54,C40,2,6,8
2022-01-22,0,L,C46,C38,C41,3,5,6
2022-01-22,1,L,C43,C54,C50,5,0,7
2022-01-22,2,L,C37,C42,C52,6,8,9
2022-01-22,3,L,C43,C42,C41,3,4,8
2022-01-24,0,L,C43,C44,C52,1,9,4
2022-01-24,1,L,C56,C54,C52,3,9,3
2022-01-24,2,L,C55,C38,C41,9,4,6
2022-01-24,3,L,C43,C44,C41,6,3,4
2022-01-25,0,L,C46,C38,C40,8,9,0
2022-01-25,1,L,C43,C38,C51,2,6,1
2022-01-25,2,L,C37,C44,C52,1,3,5
2022-01-25,3,L,C55,C47,C40,2,3,9
2022-01-26,0,L,C37,C38,C50,1,7,4
2022-01-26,1,L,C43,C42,C50,1,0,3
2022-01-26,2,L,C46,C47,C40,5,9,5
2022-01-26,3,L,C43,C47,C41,0,4,0
2022-01-27,0,L,C46,C42,C40,0,1,9
2022-01-27,1,L,C46,C54,C51,8,7,8
2022-01-27,2,L,C56,C38,C40,0,5,3
2022-01-27,3,L,C46,C44,C50,2,8,3
2022-01-28,0,L,C46,C54,C41,4,1,6
2022-01-28,1,L,C37,C42,C41,1,3,5
2022-01-28,2,L,C46,C44,C51,6,7,5
2022-01-28,3,L,C43,C38,C51,6,8,5
2022-01-29,0,L,C56,C54,C52,9,4,6
2022-01-29,1,L,C46,C47,C40,1,3,3
2022-01-29,2,L,C55,C42,C40,8,4,9
2022-01-29,3,L,C55,C38,C40,0,3,4
2022-01-31,0,L,C37,C44,C52,9,7,2
2022-01-31,1,L,C46,C47,C51,2,3,5
2022-01-31,2,L,C37,C44,C41,9,9,2
2022-01-31,3,L,C46,C47,C40,4,2,0
2022-02-01,0,M,C49,C52,C51,4,1,6
2022-02-01,1,M,C43,C58,C59,9,7,7
2022-02-01,2,M,C49,C45,C51,2,3,7
2022-02-01,3,M,C38,C58,C44,6,4,3
2022-02-02,0,M,C38,C46,C56,8,5,8
2022-02-02,1,M,C49,C52,C56,1,3,0
2022-02-02,2,M,C43,C58,C56,3,0,0
2022-02-02,3,M,C55,C33,C51,8,2,9
2022-02-03,0,M,C49,C33,C47,3,4,1
2022-02-03,1,M,C35,C58,C44,0,0,7
2022-02-03,2,M,C43,C46,C44,7,4,2
2022-02-03,3,M,C49,C58,C47,4,2,6
2022-02-04,0,M,C43,C33,C44,6,4,0
2022-02-04,1,M,C35,C46,C56,5,7,6
2022-02-04,2,M,C55,C33,C51,1,7,0
2022-02-04,3,M,C38,C58,C56,3,2,5
2022-02-05,0,M,C55,C33,C44,2,7,4
2022-02-05,1,M,C38,C52,C56,1,5,7
2022-02-05,2,M,C35,C52,C44,7,4,9
2022-02-05,3,M,C43,C58,C59,0,5,1
2022-02-07,0,M,C43,C52,C59,3,9,0
2022-02-07,1,M,C35,C33,C56,6,8,4
2022-02-07,2,M,C55,C33,C47,8,6,4
2022-02-07,3,M,C35,C33,C44,8,0,7
2022-02-08,0,M,C43,C45,C44,0,6,5
2022-02-08,1,M,C55,C45,C59,7,3,2
2022-02-08,2,M,C49,C52,C59,6,1,4
2022-02-08,3,M,C49,C46,C56,9,4,1
2022-02-09,0,M,C35,C52,C59,4,4,2
2022-02-09,1,M,C55,C58,C51,3,4,3
2022-02-09,2,M,C55,C46,C59,1,1,3
2022-02-09,3,M,C49,C33,C44,7,3,4
2022-02-10,0,M,C38,C33,C51,3,2,3
2022-02-10,1,M,C43,C33,C51,5,8,3
2022-02-10,2,M,C35,C46,C51,8,8,2
2022-02-10,3,M,C55,C58,C59,8,9,6
2022-02-11,0,M,C43,C58,C51,0,5,4
2022-02-11,1,M,C38,C45,C51,0,0,1
2022-02-11,2,M,C49,C45,C51,8,3,4
2022-02-11,3,M,C49,C45,C56,6,0,5
2022-02-12,0,M,C35,C33,C59,5,6,6
2022-02-12,1,M,C35,C46,C44,3,8,0
2022-02-12,2,M,C49,C58,C59,4,7,1
2022-02-12,3,M,C55,C46,C59,4,6,4
2022-02-14,0,M,C38,C52,C56,4,7,8
2022-02-14,1,M,C43,C45,C44,3,6,3
2022-02-14,2,M,C38,C52,C44,2,5,7
2022-02-14,3,M,C38,C52,C59,5,9,4
2022-02-15,0,M,C38,C52,C47,9,6,8
2022-02-15,1,M,C43,C52,C51,8,8,7
2022-02-15,2,M,C43,C33,C56,1,3,4
2022-02-15,3,M,C38,C45,C59,8,6,1
2022-02-16,0,M,C49,C52,C47,7,6,5
2022-02-16,1,M,C49,C45,C56,8,4,1
2022-02-16,2,M,C35,C58,C59,4,1,3
2022-02-16,3,M,C49,C52,C44,3,1,5
2022-02-17,0,M,C55,C52,C59,2,8,1
2022-02-17,1,M,C49,C33,C44,0,1,4
2022-02-17,2,M,C38,C46,C51,9,7,7
2022-02-17,3,M,C43,C46,C59,6,8,2
2022-02-18,0,M,C43,C45,C44,4,1,9
2022-02-18,1,M,C35,C46,C59,7,9,8
2022-02-18,2,M,C49,C52,C56,7,6,4
2022-02-18,3,M,C55,C45,C51,7,0,4
2022-02-19,0,M,C38,C46,C47,6,7,5
2022-02-19,1,M,C55,C45,C47,9,0,3
2022-02-19,2,M,C55,C52,C59,6,2,9
2022-02-19,3,M,C55,C46,C59,8,6,7
2022-02-21,0,M,C55,C52,C59,6,2,6
2022-02-21,1,M,C49,C46,C51,5,9,2
2022-02-21,2,M,C55,C58,C47,0,9,9
2022-02-21,3,M,C49,C52,C56,7,5,1
2022-02-22,0,M,C55,C58,C56,6,7,8
2022-02-22,1,M,C38,C45,C51,1,4,6
2022-02-22,2,M,C35,C45,C47,5,4,1
2022-02-22,3,M,C55,C33,C44,4,0,3
2022-02-23,0,M,C55,C52,C47,3,5,6
2022-02-23,1,M,C35,C33,C56,7,8,7
2022-02-23,2,M,C38,C33,C44,8,4,6
2022-02-23,3,M,C38,C46,C51,5,5,2
2022-02-24,0,M,C43,C33,C56,5,5,0
2022-02-24,1,M,C55,C45,C56,7,5,7
2022-02-24,2,M,C49,C33,C56,1,7,4
2022-02-24,3,M,C38,C33,C51,6,7,5
2022-02-25,0,M,C38,C33,C44,4,8,1
2022-02-25,1,M,C55,C33,C56,4,1,5
2022-02-25,2,M,C35,C52,C59,8,2,4
2022-02-25,3,M,C55,C52,C59,7,5,2
2022-02-26,0,M,C38,C45,C44,8,7,7
2022-02-26,1,M,C38,C46,C59,3,1,0
2022-02-26,2,M,C49,C58,C59,2,6,8
2022-02-26,3,M,C55,C33,C51,8,0,0
2022-02-28,0,M,C49,C52,C56,5,7,7
2022-02-28,1,M,C43,C46,C44,8,0,1
2022-02-28,2,M,C43,C52,C47,9,8,3
2022-02-28,3,M,C49,C46,C44,1,2,3
2022-03-01,0,N,C38,C52,C56,5,2,6
2022-03-01,1,N,C49,C46,C44,6,2,1
2022-03-01,2,N,C49,C45,C51,2,4,2
2022-03-01,3,N,C35,C58,C51,4,2,3
2022-03-02,0,N,C38,C58,C56,8,5,5
2022-03-02,1,N,C55,C58,C44,4,1,8
2022-03-02,2,N,C43,C33,C51,1,2,8
2022-03-02,3,N,C38,C58,C51,1,4,2
2022-03-03,0,N,C49,C33,C59,1,4,0
2022-03-03,1,N,C38,C46,C47,9,4,1
2022-03-03,2,N,C35,C58,C47,3,1,1
2022-03-03,3,N,C35,C33,C51,9,1,0
2022-03-04,0,N,C35,C33,C44,4,7,7
2022-03-04,1,N,C49,C33,C44,9,6,7
2022-03-04,2,N,C43,C46,C44,4,6,8
2022-03-04,3,N,C49,C46,C44,6,7,6
2022-03-05,0,N,C38,C52,C56,5,5,7
2022-03-05,1,N,C49,C52,C56,3,7,9
2022-03-05,2,N,C38,C52,C47,5,8,8
2022-03-05,3,N,C55,C52,C56,7,2,2
2022-03-07,0,N,C38,C33,C56,0,1,4
2022-03-07,1,N,C43,C52,C47,8,3,3
2022-03-07,2,N,C38,C45,C47,3,7,9
2022-03-07,3,N,C55,C58,C51,5,3,6
2022-03-08,0,N,C35,C46,C59,0,2,8
2022-03-08,1,N,C49,C58,C51,0,6,5
2022-03-08,2,N,C43,C52,C47,6,0,3
2022-03-08,3,N,C38,C58,C56,0,7,8
2022-03-09,0,N,C35,C58,C47,1,1,3
2022-03-09,1,N,C35,C52,C59,1,9,2
2022-03-09,2,N,C55,C46,C51,2,6,9
2022-03-09,3,N,C35,C52,C47,1,4,1
2022-03-10,0,N,C35,C46,C51,7,9,6
2022-03-10,1,N,C35,C45,C51,7,8,9
2022-03-10,2,N,C43,C52,C47,1,9,4
2022-03-10,3,N,C35,C33,C44,1,2,1
2022-03-11,0,N,C55,C45,C56,5,2,7
2022-03-11,1,N,C55,C45,C47,6,8,1
2022-03-11,2,N,C35,C45,C59,5,2,9
2022-03-11,3,N,C35,C58,C44,0,2,5
2022-03-12,0,N,C38,C58,C56,2,1,5
2022-03-12,1,N,C55,C45,C44,6,0,0
2022-03-12,2,N,C38,C58,C47,1,3,8
2022-03-12,3,N,C35,C58,C59,6,3,6
2022-03-14,0,N,C43,C46,C59,3,9,9
2022-03-14,1,N,C55,C46,C44,0,7,8
2022-03-14,2,N,C35,C58,C47,3,7,0
2022-03-14,3,N,C55,C58,C56,9,4,6
2022-03-15,0,N,C43,C45,C47,0,6,2
2022-03-15,1,N,C35,C52,C47,0,1,6
2022-03-15,2,N,C43,C52,C44,8,1,3
2022-03-15,3,N,C49,C33,C56,0,8,4
2022-03-16,0,N,C35,C52,C51,2,1,4
2022-03-16,1,N,C35,C46,C56,6,0,4
2022-03-16,2,N,C49,C46,C51,6,7,6
2022-03-16,3,N,C35,C45,C59,3,6,7
2022-03-17,0,N,C43,C46,C59,8,5,2
2022-03-17,1,N,C55,C46,C59,2,9,2
2022-03-17,2,N,C55,C52,C56,8,8,7
2022-03-17,3,N,C43,C52,C56,3,6,6
2022-03-18,0,N,C49,C33,C51,7,8,8
2022-03-18,1,N,C43,C45,C51,7,4,8
2022-03-18,2,N,C49,C45,C56,6,6,3
2022-03-18,3,N,C43,C52,C56,4,2,2
2022-03-19,0,N,C55,C45,C47,2,2,7
2022-03-19,1,N,C55,C33,C47,4,4,6
2022-03-19,2,N,C55,C52,C51,6,7,5
2022-03-19,3,N,C38,C58,C51,9,1,6
2022-03-21,0,N,C43,C58,C56,7,9,6
2022-03-21,1,N,C38,C33,C56,9,2,2
2022-03-21,2,N,C55,C52,C59,7,5,3
2022-03-21,3,N,C49,C46,C56,5,7,0
2022-03-22,0,N,C55,C45,C56,4,1,7
2022-03-22,1,N,C49,C58,C51,0,8,0
2022-03-22,2,N,C55,C33,C51,5,7,8
2022-03-22,3,N,C38,C52,C44,6,2,7
2022-03-23,0,N,C38,C46,C56,0,5,5
2022-03-23,1,N,C35,C45,C44,9,1,4
2022-03-23,2,N,C38,C52,C47,5,7,5
2022-03-23,3,N,C55,C58,C56,7,2,9
2022-03-24,0,N,C35,C33,C59,5,1,7
2022-03-24,1,N,C49,C46,C59,4,3,2
2022-03-24,2,N,C38,C52,C59,4,6,3
2022-03-24,3,N,C55,C58,C47,9,9,5
2022-03-25,0,N,C38,C46,C56,2,6,2
2022-03-25,1,N,C38,C58,C51,8,4,2
2022-03-25,2,N,C38,C52,C51,1,2,4
2022-03-25,3,N,C49,C45,C59,8,4,3
2022-03-26,0,N,C43,C52,C51,2,7,4
2022-03-26,1,N,C49,C33,C51,2,6,8
2022-03-26,2,N,C35,C58,C59,5,9,0
2022-03-26,3,N,C49,C33,C51,3,0,2
2022-03-28,0,N,C43,C52,C59,6,5,1
2022-03-28,1,N,C43,C52,C47,6,3,5
2022-03-28,2,N,C38,C45,C44,5,2,7
2022-03-28,3,N,C43,C46,C51,3,9,0
2022-03-29,0,N,C55,C33,C44,9,1,3
2022-03-29,1,N,C55,C58,C59,0,4,8
2022-03-29,2,N,C38,C58,C56,9,0,8
2022-03-29,3,N,C43,C45,C44,1,0,1
2022-03-30,0,N,C49,C46,C51,1,0,9
2022-03-30,1,N,C35,C33,C47,4,3,7
2022-03-30,2,N,C49,C46,C47,0,6,2
2022-03-30,3,N,C35,C46,C44,1,3,2
2022-03-31,0,N,C35,C46,C47,2,3,2
2022-03-31,1,N,C38,C58,C56,5,8,8
2022-03-31,2,N,C35,C52,C51,3,8,4
2022-03-31,3,N,C35,C58,C51,7,6,9
2022-04-01,0,O,C43,C58,C51,0,6,0
2022-04-01,1,O,C38,C45,C47,1,1,1
2022-04-01,2,O,C43,C45,C59,9,9,6
2022-04-01,3,O,C55,C52,C47,8,3,7
2022-04-02,0,O,C35,C52,C44,9,8,5
2022-04-02,1,O,C35,C46,C44,4,3,7
2022-04-02,2,O,C49,C45,C56,5,4,2
2022-04-02,3,O,C49,C58,C56,8,4,4
2022-04-04,0,O,C49,C45,C59,8,4,9
2022-04-04,1,O,C38,C58,C56,2,0,5
2022-04-04,2,O,C38,C33,C51,3,9,2
2022-04-04,3,O,C49,C33,C59,8,5,2
2022-04-05,0,O,C49,C33,C47,3,6,6
2022-04-05,1,O,C43,C46,C59,1,9,1
2022-04-05,2,O,C43,C45,C51,8,2,4
2022-04-05,3,O,C49,C33,C51,6,4,9
2022-04-06,0,O,C43,C52,C56,6,7,0
2022-04-06,1,O,C35,C45,C44,6,8,9
2022-04-06,2,O,C49,C58,C59,4,0,5
2022-04-06,3,O,C55,C33,C47,4,6,4
2022-04-07,0,O,C55,C52,C44,1,3,1
2022-04-07,1,O,C55,C45,C47,5,0,3
2022-04-07,2,O,C38,C46,C59,9,9,2
2022-04-07,3,O,C38,C52,C59,6,6,1
2022-04-08,0,O,C35,C58,C44,0,6,8
2022-04-08,1,O,C38,C46,C51,6,7,1
2022-04-08,2,O,C49,C45,C51,8,3,1
2022-04-08,3,O,C55,C52,C44,3,8,0
2022-04-09,0,O,C35,C52,C47,8,8,1
2022-04-09,1,O,C55,C52,C44,1,4,6
2022-04-09,2,O,C49,C58,C44,0,3,0
2022-04-09,3,O,C43,C45,C44,1,6,1
2022-04-11,0,O,C49,C45,C44,9,8,7
2022-04-11,1,O,C35,C33,C56,4,9,2
2022-04-11,2,O,C35,C58,C44,5,5,9
2022-04-11,3,O,C35,C52,C44,3,5,5
2022-04-12,0,O,C49,C45,C56,7,9,9
2022-04-12,1,O,C38,C45,C51,7,4,9
2022-04-12,2,O,C38,C33,C47,6,9,7
2022-04-12,3,O,C43,C33,C59,1,6,2
2022-04-13,0,O,C55,C45,C47,3,1,0
2022-04-13,1,O,C55,C33,C47,4,7,2
2022-04-13,2,O,C55,C45,C56,0,0,6
2022-04-13,3,O,C35,C52,C51,5,3,8
2022-04-14,0,O,C43,C46,C44,5,0,9
2022-04-14,1,O,C38,C52,C51,1,1,4
2022-04-14,2,O,C35,C46,C56,6,2,6
2022-04-14,3,O,C38,C58,C47,6,7,7
2022-04-15,0,O,C38,C46,C47,8,7,8
2022-04-15,1,O,C35,C46,C59,4,5,5
2022-04-15,2,O,C55,C58,C56,7,5,0
2022-04-15,3,O,C55,C52,C56,6,7,0
2022-04-16,0,O,C49,C52,C47,9,8,9
2022-04-16,1,O,C38,C33,C59,1,1,8
2022-04-16,2,O,C55,C33,C44,3,5,7
2022-04-16,3,O,C55,C52,C44,8,4,2
2022-04-18,0,O,C49,C45,C47,5,8,6
2022-04-18,1,O,C35,C46,C47,2,4,4
2022-04-18,2,O,C43,C33,C56,9,9,1
2022-04-18,3,O,C49,C33,C51,1,1,5
2022-04-19,0,O,C38,C45,C56,2,2,2
2022-04-19,1,O,C43,C33,C59,6,7,3
2022-04-19,2,O,C49,C45,C44,6,1,5
2022-04-19,3,O,C35,C46,C59,5,6,2
2022-04-20,0,O,C43,C58,C51,0,0,7
2022-04-20,1,O,C55,C52,C51,4,7,1
2022-04-20,2,O,C55,C46,C59,7,0,2
2022-04-20,3,O,C38,C52,C51,3,8,3
2022-04-21,0,O,C35,C46,C56,1,4,6
2022-04-21,1,O,C38,C52,C44,8,8,1
2022-04-21,2,O,C55,C46,C51,0,1,7
2022-04-21,3,O,C43,C45,C51,9,3,2
2022-04-22,0,O,C35,C33,C56,6,4,6
2022-04-22,1,O,C49,C45,C44,4,2,9
2022-04-22,2,O,C35,C46,C56,5,0,2
2022-04-22,3,O,C49,C58,C51,5,6,2
2022-04-23,0,O,C55,C33,C56,9,1,3
2022-04-23,1,O,C38,C58,C47,9,9,3
2022-04-23,2,O,C38,C46,C51,1,0,1
2022-04-23,3,O,C38,C52,C51,8,5,9
2022-04-25,0,O,C49,C46,C51,7,4,3
2022-04-25,1,O,C49,C45,C51,9,9,2
2022-04-25,2,O,C35,C46,C44,9,8,1
2022-04-25,3,O,C49,C33,C47,0,9,7
2022-04-26,0,O,C55,C33,C51,0,9,7
2022-04-26,1,O,C49,C45,C51,0,8,6
2022-04-26,2,O,C49,C45,C44,8,6,5
2022-04-26,3,O,C35,C45,C56,1,5,4
2022-04-27,0,O,C35,C45,C56,5,1,5
2022-04-27,1,O,C35,C45,C56,9,3,6
2022-04-27,2,O,C49,C52,C59,1,5,3
2022-04-27,3,O,C35,C33,C59,4,0,9
2022-04-28,0,O,C38,C46,C59,6,5,4
2022-04-28,1,O,C49,C58,C56,3,8,7
2022-04-28,2,O,C35,C33,C51,9,7,6
2022-04-28,3,O,C38,C46,C47,2,3,9
2022-04-29,0,O,C55,C33,C59,0,9,0
2022-04-29,1,O,C43,C45,C56,4,8,7
2022-04-29,2,O,C49,C52,C56,7,5,8
2022-04-29,3,O,C43,C58,C47,3,7,1
2022-04-30,0,O,C35,C45,C44,5,8,0
2022-04-30,1,O,C38,C45,C56,0,7,9
2022-04-30,2,O,C55,C33,C47,2,6,8
2022-04-30,3,O,C43,C52,C44,9,1,6
2022-05-02,0,P,C38,C45,C44,0,5,8
2022-05-02,1,P,C35,C52,C47,8,4,9
2022-05-02,2,P,C43,C52,C47,2,3,6
2022-05-02,3,P,C49,C46,C56,7,1,5
2022-05-03,0,P,C35,C33,C47,5,4,2
2022-05-03,1,P,C49,C33,C47,9,1,7
2022-05-03,2,P,C43,C58,C56,0,8,2
2022-05-03,3,P,C55,C46,C59,5,2,2
2022-05-04,0,P,C38,C33,C51,1,5,1
2022-05-04,1,P,C49,C46,C56,5,1,1
2022-05-04,2,P,C35,C45,C51,3,2,4
2022-05-04,3,P,C38,C58,C51,2,0,6
2022-05-05,0,P,C35,C33,C44,2,0,2
2022-05-05,1,P,C38,C46,C44,9,0,7
2022-05-05,2,P,C43,C58,C59,6,6,5
2022-05-05,3,P,C43,C46,C56,5,1,7
2022-05-06,0,P,C43,C46,C51,7,4,9
2022-05-06,1,P,C49,C46,C56,5,1,0
2022-05-06,2,P,C55,C52,C59,2,7,2
2022-05-06,3,P,C38,C46,C56,1,6,1
2022-05-07,0,P,C55,C33,C47,5,9,1
2022-05-07,1,P,C38,C46,C44,9,4,1
2022-05-07,2,P,C43,C52,C51,8,8,3
2022-05-07,3,P,C35,C52,C44,5,3,5
2022-05-09,0,P,C38,C45,C44,4,6,7
2022-05-09,1,P,C49,C33,C44,0,8,6
2022-05-09,2,P,C49,C45,C51,7,8,5
2022-05-09,3,P,C38,C58,C59,1,0,1
2022-05-10,0,P,C38,C52,C56,8,5,3
2022-05-10,1,P,C35,C45,C56,5,4,4
2022-05-10,2,P,C55,C45,C59,0,2,7
2022-05-10,3,P,C35,C46,C44,4,5,8
2022-05-11,0,P,C49,C33,C51,6,0,2
2022-05-11,1,P,C38,C33,C59,1,9,0
2022-05-11,2,P,C35,C58,C56,1,0,4
2022-05-11,3,P,C38,C33,C47,3,4,5
2022-05-12,0,P,C55,C46,C51,7,7,7
2022-05-12,1,P,C35,C45,C44,7,7,1
2022-05-12,2,P,C35,C46,C59,5,3,3
2022-05-12,3,P,C43,C33,C59,4,8,2
2022-05-13,0,H,C27,C28,C26,5,9,9
2022-05-13,1,H,C27,C24,C25,4,8,2
2022-05-13,2,H,C28,C29,C24,5,2,3
2022-05-13,3,H,C24,C26,C27,3,6,1
2022-05-14,0,H,C28,C26,C29,4,5,5
2022-05-14,1,H,C28,C25,C24,3,2,8
2022-05-14,2,H,C28,C27,C29,3,1,6
2022-05-14,3,H,C26,C25,C28,7,1,1
2022-05-16,0,P,C38,C33,C59,9,0,8
2022-05-16,1,P,C43,C58,C47,6,3,2
2022-05-16,2,P,C43,C46,C56,0,8,3
2022-05-16,3,P,C55,C46,C44,7,4,6
2022-05-17,0,P,C49,C46,C47,8,3,1
2022-05-17,1,P,C55,C58,C51,4,3,5
2022-05-17,2,P,C35,C45,C51,5,9,4
2022-05-17,3,P,C55,C33,C56,4,5,7
2022-05-18,0,P,C49,C58,C44,2,7,6
2022-05-18,1,P,C38,C58,C59,0,1,6
2022-05-18,2,P,C38,C45,C59,8,8,0
2022-05-18,3,P,C38,C33,C56,2,0,3
2022-05-19,0,P,C43,C52,C56,7,7,8
2022-05-19,1,P,C35,C46,C56,9,9,4
2022-05-19,2,P,C49,C45,C44,4,3,6
2022-05-19,3,P,C43,C46,C51,1,3,4
2022-05-20,0,P,C55,C52,C47,5,8,9
2022-05-20,1,P,C49,C45,C59,1,1,7
2022-05-20,2,P,C38,C58,C56,6,5,3
2022-05-20,3,P,C35,C58,C59,3,6,4
2022-05-21,0,P,C38,C45,C47,5,3,7
2022-05-21,1,P,C35,C46,C56,1,1,9
2022-05-21,2,P,C55,C33,C51,6,0,4
2022-05-21,3,P,C43,C52,C59,3,4,1
2022-05-23,0,P,C38,C58,C56,0,7,4
2022-05-23,1,P,C35,C46,C47,2,6,6
2022-05-23,2,P,C55,C46,C59,3,3,1
2022-05-23,3,P,C43,C33,C44,9,4,4
2022-05-24,0,P,C35,C52,C59,4,2,0
2022-05-24,1,P,C43,C52,C56,7,3,5
2022-05-24,2,P,C43,C58,C44,5,6,6
2022-05-24,3,P,C49,C33,C59,6,9,2
2022-05-25,0,P,C38,C58,C44,9,7,1
2022-05-25,1,P,C55,C58,C59,1,1,8
2022-05-25,2,P,C38,C52,C56,0,0,7
2022-05-25,3,P,C55,C45,C51,4,7,0
2022-05-26,0,P,C49,C52,C44,0,6,3
2022-05-26,1,P,C35,C46,C47,4,2,3
2022-05-26,2,P,C35,C46,C56,2,8,4
2022-05-26,3,P,C38,C52,C44,7,4,7
2022-05-27,0,P,C35,C52,C51,9,9,9
2022-05-27,1,P,C38,C58,C51,9,4,0
2022-05-27,2,P,C43,C45,C59,3,9,6
2022-05-27,3,P,C55,C33,C56,0,1,7
2022-05-28,0,P,C49,C45,C47,9,3,4
2022-05-28,1,P,C49,C33,C44,4,8,5
2022-05-28,2,P,C43,C45,C56,6,3,4
2022-05-28,3,P,C35,C46,C56,5,2,9
2022-05-30,0,P,C49,C58,C59,0,9,4
2022-05-30,1,P,C38,C45,C59,0,1,1
2022-05-30,2,P,C55,C58,C59,3,3,6
2022-05-30,3,P,C38,C58,C47,3,5,1
2022-05-31,0,P,C35,C45,C59,9,6,6
2022-05-31,1,P,C35,C46,C44,5,2,4
2022-05-31,2,P,C43,C58,C56,7,5,4
2022-05-31,3,P,C43,C33,C44,9,2,6
2022-06-01,0,L,C57,C55,C37,0,1,3
2022-06-01,1,L,C54,C44,C36,4,9,3
2022-06-01,2,L,C38,C30,C36,7,5,9
2022-06-01,3,L,C57,C44,C37,3,4,0
2022-06-02,0,L,C43,C32,C51,9,8,1
2022-06-02,1,L,C54,C59,C51,9,6,3
2022-06-02,2,L,C38,C30,C41,2,5,5
2022-06-02,3,L,C45,C30,C49,0,4,6
2022-06-03,0,L,C57,C59,C49,4,5,1
2022-06-03,1,L,C57,C55,C51,5,5,0
2022-06-03,2,L,C45,C30,C36,5,0,3
2022-06-03,3,L,C43,C30,C37,6,8,7
2022-06-04,0,L,C54,C30,C49,9,3,4
2022-06-04,1,L,C54,C30,C49,1,4,1
2022-06-04,2,L,C54,C32,C51,9,7,5
2022-06-04,3,L,C38,C59,C37,2,8,2
2022-06-06,0,L,C57,C44,C36,1,5,9
2022-06-06,1,L,C43,C30,C49,6,6,3
2022-06-06,2,L,C57,C55,C36,8,8,5
2022-06-06,3,L,C45,C59,C51,6,9,6
2022-06-07,0,L,C43,C30,C41,9,4,8
2022-06-07,1,L,C38,C55,C51,8,5,1
2022-06-07,2,L,C57,C59,C36,6,7,6
2022-06-07,3,L,C38,C59,C37,6,0,0
2022-06-08,0,L,C57,C30,C41,7,6,9
2022-06-08,1,L,C57,C30,C49,7,6,0
2022-06-08,2,L,C38,C55,C37,5,8,5
2022-06-08,3,L,C38,C32,C49,3,3,2
2022-06-09,0,L,C38,C55,C41,1,0,7
2022-06-09,1,L,C38,C55,C49,8,3,3
2022-06-09,2,L,C54,C59,C36,0,2,4
2022-06-09,3,L,C45,C44,C51,7,8,2
2022-06-10,0,L,C43,C32,C37,6,4,6
2022-06-10,1,L,C57,C44,C51,1,3,7
2022-06-10,2,L,C43,C44,C36,9,1,3
2022-06-10,3,L,C38,C59,C51,7,7,8
2022-06-11,0,L,C38,C30,C37,7,4,7
2022-06-11,1,L,C43,C44,C37,0,3,5
2022-06-11,2,L,C57,C32,C51,8,6,2
2022-06-11,3,L,C38,C55,C41,2,9,3
2022-06-13,0,L,C38,C30,C37,2,1,1
2022-06-13,1,L,C43,C44,C36,3,7,5
2022-06-13,2,L,C57,C55,C51,9,2,3
2022-06-13,3,L,C45,C59,C51,7,4,0
2022-06-14,0,L,C45,C32,C49,9,6,1
2022-06-14,1,L,C45,C55,C36,6,9,2
2022-06-14,2,L,C57,C44,C51,2,9,1
2022-06-14,3,L,C38,C30,C49,7,7,7
2022-06-15,0,L,C57,C55,C49,9,4,4
2022-06-15,1,L,C38,C59,C51,4,1,3
2022-06-15,2,L,C45,C59,C49,3,2,1
2022-06-15,3,L,C38,C55,C37,9,8,8
2022-06-16,0,L,C57,C30,C36,6,9,7
2022-06-16,1,L,C54,C32,C51,7,1,1
2022-06-16,2,L,C45,C44,C49,9,3,5
2022-06-16,3,L,C57,C59,C41,2,0,1
2022-06-17,0,L,C38,C59,C37,9,6,2
2022-06-17,1,L,C38,C32,C49,1,4,5
2022-06-17,2,L,C57,C44,C36,1,0,0
2022-06-17,3,L,C45,C32,C49,0,8,7
2022-06-18,0,L,C57,C55,C51,6,9,5
2022-06-18,1,L,C43,C30,C36,1,7,7
2022-06-18,2,L,C43,C32,C49,1,6,0
2022-06-18,3,L,C43,C59,C37,9,3,1
2022-06-20,0,L,C38,C59,C36,3,4,2
2022-06-20,1,L,C43,C55,C37,1,1,0
2022-06-20,2,L,C43,C55,C49,8,3,9
2022-06-20,3,L,C57,C44,C49,9,7,7
2022-06-21,0,L,C45,C30,C51,0,6,1
2022-06-21,1,L,C43,C32,C49,2,9,6
2022-06-21,2,L,C57,C44,C41,0,3,5
2022-06-21,3,L,C57,C55,C37,1,9,4
2022-06-22,0,L,C43,C55,C49,2,8,9
2022-06-22,1,L,C45,C59,C37,4,2,4
2022-06-22,2,L,C43,C44,C36,9,1,6
2022-06-22,3,L,C43,C59,C36,5,4,9
2022-06-23,0,L,C45,C59,C41,7,9,4
2022-06-23,1,L,C54,C44,C36,5,0,9
2022-06-23,2,L,C57,C32,C37,6,2,9
2022-06-23,3,L,C54,C30,C41,8,9,0
2022-06-24,0,L,C38,C59,C36,9,7,3
2022-06-24,1,L,C54,C32,C41,7,9,3
2022-06-24,2,L,C38,C44,C41,3,2,1
2022-06-24,3,L,C57,C59,C49,2,3,2
2022-06-25,0,L,C57,C55,C51,0,4,9
2022-06-25,1,L,C38,C59,C51,9,2,6
2022-06-25,2,L,C45,C44,C49,6,5,9
2022-06-25,3,L,C45,C44,C51,6,3,5
2022-06-27,0,L,C43,C55,C42,1,6,7
2022-06-27,1,L,C57,C49,C51,9,9,6
2022-06-27,2,L,C38,C55,C42,9,0,5
2022-06-27,3,L,C38,C49,C37,9,3,6
2022-06-28,0,L,C43,C44,C51,3,7,8
2022-06-28,1,L,C57,C36,C51,9,3,9
2022-06-28,2,L,C57,C59,C37,4,7,0
2022-06-28,3,L,C57,C49,C51,9,1,9
2022-06-29,0,L,C45,C55,C41,6,1,1
2022-06-29,1,L,C57,C44,C41,1,6,6
2022-06-29,2,L,C54,C55,C49,4,4,6
2022-06-29,3,L,C57,C32,C41,8,1,4
2022-06-30,0,L,C38,C32,C49,5,4,5
2022-06-30,1,L,C43,C55,C37,0,3,5
2022-06-30,2,L,C54,C30,C37,8,4,1
2022-06-30,3,L,C57,C32,C36,5,6,0
2022-07-01,0,M,C54,C30,C36,7,0,0
2022-07-01,1,M,C43,C44,C36,3,1,9
2022-07-01,2,M,C57,C30,C49,0,7,5
2022-07-01,3,M,C54,C55,C49,9,2,5
2022-07-02,0,M,C38,C32,C49,4,0,6
2022-07-02,1,M,C45,C32,C41,3,8,9
2022-07-02,2,M,C43,C55,C36,8,4,6
2022-07-02,3,M,C57,C44,C36,4,5,4
2022-07-04,0,M,C54,C32,C37,0,9,5
2022-07-04,1,M,C45,C59,C41,7,1,4
2022-07-04,2,M,C57,C30,C37,8,7,1
2022-07-04,3,M,C54,C30,C36,5,5,2
2022-07-05,0,M,C43,C59,C36,0,6,1
2022-07-05,1,M,C38,C32,C36,5,4,9
2022-07-05,2,M,C57,C55,C49,9,8,5
2022-07-05,3,M,C54,C30,C51,4,9,2
2022-07-06,0,M,C43,C55,C49,0,7,1
2022-07-06,1,M,C54,C30,C41,9,9,3
2022-07-06,2,M,C57,C59,C36,0,2,2
2022-07-06,3,M,C54,C59,C51,4,2,6
2022-07-07,0,M,C43,C55,C49,1,0,1
2022-07-07,1,M,C57,C59,C51,4,3,2
2022-07-07,2,M,C43,C44,C51,6,7,3
2022-07-07,3,M,C54,C44,C37,6,7,9
2022-07-08,0,M,C43,C32,C49,4,0,3
2022-07-08,1,M,C54,C44,C51,4,7,8
2022-07-08,2,M,C38,C55,C51,8,8,3
2022-07-08,3,M,C38,C55,C41,9,6,3
2022-07-09,0,M,C54,C32,C51,1,3,7
2022-07-09,1,M,C54,C55,C41,2,9,1
2022-07-09,2,M,C57,C59,C51,4,7,3
2022-07-09,3,M,C57,C55,C51,2,7,6
2022-07-11,0,M,C43,C44,C37,3,4,4
2022-07-11,1,M,C32,C41,C31,4,0,5
2022-07-11,2,M,C54,C37,C53,3,1,8
2022-07-11,3,M,C32,C37,C50,7,4,3
2022-07-12,0,M,C32,C44,C47,0,5,0
2022-07-12,1,M,C54,C49,C47,9,3,9
2022-07-12,2,M,C32,C49,C35,3,9,7
2022-07-12,3,M,C45,C44,C53,3,7,9
2022-07-13,0,M,C43,C30,C49,0,7,7
2022-07-13,1,M,C57,C44,C41,1,7,4
2022-07-13,2,M,C45,C59,C37,7,5,4
2022-07-13,3,M,C45,C55,C41,7,6,2
2022-07-14,0,M,C43,C55,C37,2,5,6
2022-07-14,1,M,C43,C55,C36,6,6,8
2022-07-14,2,M,C38,C30,C36,4,2,1
2022-07-14,3,M,C38,C55,C51,5,3,3
2022-07-15,0,M,C45,C30,C37,1,1,2
2022-07-15,1,M,C38,C55,C41,3,1,8
2022-07-15,2,M,C54,C44,C49,3,5,1
2022-07-15,3,M,C54,C44,C51,3,5,4
2022-07-16,0,M,C43,C32,C51,5,6,5
2022-07-16,1,M,C45,C32,C41,5,3,7
2022-07-16,2,M,C45,C30,C49,2,3,2
2022-07-16,3,M,C45,C30,C36,0,2,2
2022-07-18,0,M,C54,C59,C41,4,3,5
2022-07-18,1,M,C54,C37,C31,9,2,2
2022-07-18,2,M,C30,C37,C53,7,1,1
2022-07-18,3,M,C43,C37,C53,6,4,8
2022-07-19,0,M,C54,C44,C36,3,7,0
2022-07-19,1,M,C57,C44,C51,4,4,3
2022-07-19,2,M,C38,C32,C49,8,8,1
2022-07-19,3,M,C38,C30,C41,2,3,2
2022-07-20,0,M,C45,C55,C49,2,4,3
2022-07-20,1,M,C54,C30,C51,7,3,8
2022-07-20,2,M,C57,C59,C49,6,2,2
2022-07-20,3,M,C45,C44,C51,1,8,4
2022-07-21,0,M,C45,C30,C51,1,0,5
2022-07-21,1,M,C38,C44,C41,8,1,0
2022-07-21,2,M,C38,C44,C51,8,0,6
2022-07-21,3,M,C43,C59,C36,2,1,3
2022-07-22,0,M,C43,C32,C36,0,4,5
2022-07-22,1,M,C57,C32,C49,8,0,0
2022-07-22,2,M,C57,C32,C37,2,2,1
2022-07-22,3,M,C45,C32,C51,7,0,0
2022-07-23,0,M,C43,C30,C36,2,6,7
2022-07-23,1,M,C57,C32,C49,2,0,9
2022-07-23,2,M,C45,C44,C49,8,2,7
2022-07-23,3,M,C38,C32,C49,8,1,0
2022-07-25,0,M,C32,C44,C47,4,8,7
2022-07-25,1,M,C32,C59,C31,4,9,2
2022-07-25,2,M,C30,C49,C47,0,2,9
2022-07-25,3,M,C30,C59,C42,9,6,1
2022-07-26,0,M,C38,C36,C47,2,8,7
2022-07-26,1,M,C38,C36,C50,7,6,9
2022-07-26,2,M,C57,C49,C31,6,9,9
2022-07-26,3,M,C30,C44,C42,6,6,0
2022-07-27,0,M,C45,C59,C37,6,2,8
2022-07-27,1,M,C38,C55,C41,5,4,2
2022-07-27,2,M,C38,C59,C41,9,1,6
2022-07-27,3,M,C38,C55,C49,2,4,5
2022-07-28,0,M,C38,C44,C41,7,1,8
2022-07-28,1,M,C54,C30,C51,5,0,6
2022-07-28,2,M,C57,C32,C37,3,3,0
2022-07-28,3,M,C45,C30,C36,5,4,7
2022-07-29,0,M,C38,C32,C41,5,8,9
2022-07-29,1,M,C54,C32,C37,6,9,8
2022-07-29,2,M,C45,C44,C49,0,8,5
2022-07-29,3,M,C54,C30,C37,8,1,2
2022-07-30,0,M,C54,C59,C41,0,6,8
2022-07-30,1,M,C38,C59,C41,7,1,7
2022-07-30,2,M,C43,C59,C36,2,0,8
2022-07-30,3,M,C57,C32,C51,2,6,5
2022-08-01,0,O,C43,C55,C41,4,8,3
2022-08-01,1,O,C38,C32,C37,2,3,4
2022-08-01,2,O,C45,C32,C41,3,8,3
2022-08-01,3,O,C45,C55,C36,9,0,9
2022-08-02,0,O,C54,C59,C51,3,7,5
2022-08-02,1,O,C45,C44,C36,1,5,4
2022-08-02,2,O,C45,C59,C51,4,3,2
2022-08-02,3,O,C57,C32,C41,0,6,7
2022-08-03,0,O,C45,C55,C36,0,2,8
2022-08-03,1,O,C43,C30,C36,9,6,5
2022-08-03,2,O,C54,C44,C51,9,4,2
2022-08-03,3,O,C43,C55,C37,0,4,3
2022-08-04,0,O,C43,C44,C41,3,7,0
2022-08-04,1,O,C57,C55,C36,9,9,4
2022-08-04,2,O,C57,C30,C51,6,3,8
2022-08-04,3,O,C43,C30,C51,0,3,7
2022-08-05,0,O,C45,C55,C49,3,4,2
2022-08-05,1,O,C57,C59,C36,4,5,3
2022-08-05,2,O,C38,C44,C41,1,2,9
2022-08-05,3,O,C43,C44,C37,2,3,4
2022-08-06,0,O,C45,C30,C51,7,1,4
2022-08-06,1,O,C54,C30,C51,2,4,5
2022-08-06,2,O,C43,C44,C41,4,9,4
2022-08-06,3,O,C45,C44,C36,0,4,7
2022-08-08,0,O,C38,C32,C36,0,6,8
2022-08-08,1,O,C45,C30,C36,2,6,3
2022-08-08,2,O,C54,C59,C36,0,3,3
2022-08-08,3,O,C43,C30,C37,3,8,5
2022-08-09,0,O,C43,C55,C41,3,7,5
2022-08-09,1,O,C45,C55,C51,8,5,6
2022-08-09,2,O,C43,C44,C51,3,5,7
2022-08-09,3,O,C45,C59,C36,7,9,5
2022-08-10,0,O,C45,C55,C36,9,4,3
2022-08-10,1,O,C57,C30,C37,9,7,3
2022-08-10,2,O,C45,C30,C37,9,0,8
2022-08-10,3,O,C38,C59,C36,3,7,9
2022-08-11,0,O,C57,C30,C51,1,8,4
2022-08-11,1,O,C57,C55,C51,4,8,3
2022-08-11,2,O,C57,C32,C41,5,6,3
2022-08-11,3,O,C45,C55,C41,3,1,9
2022-08-12,0,O,C43,C59,C36,7,0,9
2022-08-12,1,O,C54,C59,C51,0,2,1
2022-08-12,2,H,C24,C28,C25,5,4,1
2022-08-12,3,H,C24,C25,C29,3,9,5
2022-08-13,0,H,C28,C24,C27,7,0,6
2022-08-13,1,H,C28,C27,C25,5,4,5
2022-08-13,2,H,C28,C27,C25,6,7,9
2022-08-13,3,H,C24,C27,C28,7,3,5
2022-08-15,0,O,C38,C32,C37,9,2,9
2022-08-15,1,O,C54,C30,C36,9,3,2
2022-08-15,2,O,C38,C55,C41,1,7,8
2022-08-15,3,O,C38,C44,C36,1,5,2
2022-08-16,0,O,C57,C44,C41,3,4,9
2022-08-16,1,O,C57,C44,C51,6,8,7
2022-08-16,2,O,C43,C55,C41,7,3,4
2022-08-16,3,O,C43,C30,C51,8,4,9
2022-08-17,0,O,C45,C30,C41,1,2,0
2022-08-17,1,O,C38,C59,C37,1,8,1
2022-08-17,2,O,C38,C44,C36,4,2,2
2022-08-17,3,O,C57,C30,C41,6,6,5
2022-08-18,0,O,C43,C44,C49,6,7,6
2022-08-18,1,O,C43,C59,C49,9,8,8
2022-08-18,2,O,C54,C44,C51,2,3,3
2022-08-18,3,O,C38,C55,C36,8,6,3
2022-08-19,0,O,C38,C55,C37,2,6,4
2022-08-19,1,O,C57,C59,C41,9,9,6
2022-08-19,2,O,C45,C44,C51,6,7,1
2022-08-19,3,O,C57,C55,C51,6,5,8
2022-08-20,0,O,C45,C55,C36,8,7,3
2022-08-20,1,O,C57,C59,C37,9,1,7
2022-08-20,2,O,C38,C55,C49,9,4,3
2022-08-20,3,O,C38,C30,C41,1,3,9
2022-08-22,0,O,C57,C55,C51,4,6,1
2022-08-22,1,O,C57,C32,C37,3,9,3
2022-08-22,2,O,C57,C30,C51,3,4,2
2022-08-22,3,O,C43,C44,C41,1,8,9
2022-08-23,0,O,C54,C55,C49,3,3,9
2022-08-23,1,O,C45,C59,C51,1,6,5
2022-08-23,2,O,C45,C30,C51,7,3,2
2022-08-23,3,O,C43,C59,C41,2,1,7
2022-08-24,0,O,C45,C44,C41,5,9,1
2022-08-24,1,O,C43,C55,C36,6,6,7
2022-08-24,2,O,C38,C44,C51,8,1,7
2022-08-24,3,O,C45,C32,C37,6,2,0
2022-08-25,0,O,C54,C59,C49,7,8,7
2022-08-25,1,O,C38,C55,C37,2,2,0
2022-08-25,2,O,C57,C32,C37,6,7,9
2022-08-25,3,O,C38,C44,C49,0,0,0
2022-08-26,0,O,C38,C59,C37,2,6,4
2022-08-26,1,O,C45,C44,C49,2,7,4
2022-08-26,2,O,C38,C55,C41,5,1,1
2022-08-26,3,O,C43,C32,C49,1,6,7
2022-08-27,0,O,C45,C55,C36,9,1,4
2022-08-27,1,O,C45,C55,C36,7,2,0
2022-08-27,2,O,C54,C32,C49,7,6,9
2022-08-27,3,O,C43,C55,C37,8,7,8
2022-08-29,0,O,C57,C32,C36,4,0,3
2022-08-29,1,O,C38,C44,C49,3,4,0
2022-08-29,2,O,C38,C55,C41,0,8,3
2022-08-29,3,O,C57,C55,C41,5,1,1
2022-08-30,0,O,C54,C32,C51,6,5,3
2022-08-30,1,O,C45,C30,C49,0,0,3
2022-08-30,2,O,C43,C59,C51,1,6,1
2022-08-30,3,O,C54,C32,C49,1,0,8
2022-08-31,0,O,C38,C30,C51,6,1,9
2022-08-31,1,O,C43,C32,C51,0,7,1
2022-08-31,2,O,C43,C55,C49,6,0,6
2022-08-31,3,O,C43,C32,C41,0,1,6
2022-09-01,0,P,C37,C54,C59,0,4,1
2022-09-01,1,P,C55,C36,C39,7,8,1
2022-09-01,2,P,C37,C54,C41,2,9,9
2022-09-01,3,P,C55,C54,C41,0,9,7
2022-09-02,0,P,C55,C58,C39,6,0,6
2022-09-02,1,P,C37,C32,C39,3,7,6
2022-09-02,2,P,C42,C32,C59,1,3,0
2022-09-02,3,P,C55,C32,C41,4,7,5
2022-09-03,0,P,C37,C54,C41,9,2,1
2022-09-03,1,P,C42,C36,C41,1,1,6
2022-09-03,2,P,C55,C34,C39,5,0,2
2022-09-03,3,P,C48,C36,C46,2,7,5
2022-09-05,0,P,C51,C34,C39,3,2,2
2022-09-05,1,P,C55,C54,C41,2,5,0
2022-09-05,2,P,C48,C54,C31,2,3,6
2022-09-05,3,P,C42,C36,C46,4,5,3
2022-09-06,0,P,C42,C34,C31,3,2,9
2022-09-06,1,P,C42,C58,C39,4,4,8
2022-09-06,2,P,C42,C34,C41,8,7,8
2022-09-06,3,P,C48,C58,C31,1,0,3
2022-09-07,0,P,C42,C34,C59,8,0,2
2022-09-07,1,P,C48,C58,C59,7,1,2
2022-09-07,2,P,C51,C36,C59,3,3,9
2022-09-07,3,P,C55,C54,C31,7,7,9
2022-09-08,0,P,C51,C54,C31,0,0,1
2022-09-08,1,P,C37,C54,C31,9,6,4
2022-09-08,2,P,C42,C34,C59,1,6,0
2022-09-08,3,P,C37,C36,C59,9,7,7
2022-09-09,0,P,C55,C54,C39,1,5,2
2022-09-09,1,P,C51,C36,C46,5,2,5
2022-09-09,2,P,C55,C36,C39,7,7,6
2022-09-09,3,P,C51,C36,C41,4,3,4
2022-09-10,0,P,C55,C58,C31,7,3,2
2022-09-10,1,P,C48,C34,C46,3,6,0
2022-09-10,2,P,C37,C36,C41,1,1,9
2022-09-10,3,P,C48,C34,C46,8,1,9
2022-09-12,0,P,C37,C34,C31,0,8,3
2022-09-12,1,P,C42,C36,C39,0,6,0
2022-09-12,2,P,C55,C54,C59,5,4,4
2022-09-12,3,P,C51,C54,C59,3,8,3
2022-09-13,0,P,C55,C32,C31,2,2,7
2022-09-13,1,P,C55,C36,C39,7,6,7
2022-09-13,2,P,C48,C58,C46,4,1,1
2022-09-13,3,P,C42,C32,C31,3,2,3
2022-09-14,0,P,C42,C34,C41,1,8,2
2022-09-14,1,P,C37,C36,C41,6,6,4
2022-09-14,2,P,C48,C54,C39,8,0,9
2022-09-14,3,P,C42,C34,C31,3,7,6
2022-09-15,0,P,C55,C32,C31,2,2,9
2022-09-15,1,P,C37,C36,C46,7,8,5
2022-09-15,2,P,C51,C54,C59,8,8,5
2022-09-15,3,P,C42,C36,C41,4,4,9
2022-09-16,0,P,C42,C34,C59,9,9,5
2022-09-16,1,P,C37,C32,C46,7,8,2
2022-09-16,2,P,C51,C32,C46,0,6,2
2022-09-16,3,P,C48,C58,C59,9,6,3
2022-09-17,0,P,C51,C32,C46,0,9,2
2022-09-17,1,P,C37,C32,C31,8,1,8
2022-09-17,2,P,C55,C36,C31,1,2,8
2022-09-17,3,P,C51,C36,C31,1,3,9
2022-09-19,0,P,C55,C32,C31,2,3,5
2022-09-19,1,P,C51,C54,C59,9,1,7
2022-09-19,2,P,C55,C34,C59,1,5,4
2022-09-19,3,P,C55,C34,C59,2,0,5
2022-09-20,0,P,C42,C34,C46,6,1,2
2022-09-20,1,P,C51,C54,C41,0,9,1
2022-09-20,2,P,C55,C58,C46,2,9,8
2022-09-20,3,P,C42,C54,C46,4,0,4
2022-09-21,0,P,C37,C54,C31,3,0,2
2022-09-21,1,P,C55,C32,C39,2,5,7
2022-09-21,2,P,C42,C32,C59,0,3,6
2022-09-21,3,P,C48,C54,C46,3,3,0
2022-09-22,0,P,C42,C54,C31,6,8,7
2022-09-22,1,P,C42,C58,C41,5,0,1
2022-09-22,2,P,C55,C34,C41,6,4,7
2022-09-22,3,P,C42,C34,C39,2,8,2
2022-09-23,0,P,C37,C32,C41,7,3,2
2022-09-23,1,P,C48,C54,C39,8,3,1
2022-09-23,2,P,C37,C58,C41,1,1,6
2022-09-23,3,P,C42,C32,C31,7,3,6
2022-09-24,0,P,C37,C34,C31,4,6,0
2022-09-24,1,P,C51,C34,C39,2,8,0
2022-09-24,2,P,C55,C54,C41,5,6,2
2022-09-24,3,P,C37,C34,C41,3,3,3
2022-09-26,0,P,C48,C36,C39,4,1,5
2022-09-26,1,P,C42,C32,C39,6,3,1
2022-09-26,2,P,C48,C36,C31,6,8,0
2022-09-26,3,P,C42,C34,C31,7,6,4
2022-09-27,0,P,C48,C54,C46,5,9,3
2022-09-27,1,P,C37,C34,C39,8,3,1
2022-09-27,2,P,C37,C32,C39,7,7,3
2022-09-27,3,P,C37,C36,C46,6,8,9
2022-09-28,0,P,C48,C32,C31,2,0,2
2022-09-28,1,P,C51,C34,C39,7,4,4
2022-09-28,2,P,C37,C36,C31,2,9,9
2022-09-28,3,P,C37,C32,C59,8,8,4
2022-09-29,0,P,C42,C54,C31,2,5,3
2022-09-29,1,P,C37,C58,C46,2,0,1
2022-09-29,2,P,C42,C32,C59,5,1,8
2022-09-29,3,P,C51,C32,C46,7,2,7
2022-09-30,0,P,C42,C58,C31,4,8,2
2022-09-30,1,P,C42,C54,C39,4,5,2
2022-09-30,2,P,C48,C54,C59,9,8,1
2022-09-30,3,P,C37,C34,C41,5,5,0
2022-10-01,0,L,C48,C32,C31,7,6,9
2022-10-01,1,L,C48,C58,C31,2,8,7
2022-10-01,2,L,C51,C32,C39,6,1,4
2022-10-01,3,L,C48,C58,C39,9,6,0
2022-10-03,0,L,C37,C36,C59,9,1,8
2022-10-03,1,L,C42,C32,C41,6,4,3
2022-10-03,2,L,C37,C54,C46,6,7,2
2022-10-03,3,L,C51,C36,C39,4,9,1
2022-10-04,0,L,C51,C54,C59,7,6,2
2022-10-04,1,L,C37,C58,C31,1,9,6
2022-10-04,2,L,C37,C36,C31,1,4,2
2022-10-04,3,L,C48,C32,C39,4,7,1
2022-10-05,0,L,C37,C36,C31,5,5,4
2022-10-05,1,L,C55,C32,C41,5,9,6
2022-10-05,2,L,C55,C58,C31,7,0,6
2022-10-05,3,L,C48,C36,C39,1,7,4
2022-10-06,0,L,C48,C58,C46,0,6,4
2022-10-06,1,L,C48,C32,C41,5,2,1
2022-10-06,2,L,C37,C54,C41,2,8,5
2022-10-06,3,L,C55,C36,C46,7,3,8
2022-10-07,0,L,C55,C36,C46,8,8,3
2022-10-07,1,L,C48,C34,C39,6,2,9
2022-10-07,2,L,C42,C32,C46,9,7,1
2022-10-07,3,L,C37,C34,C59,1,0,6
2022-10-08,0,L,C51,C32,C31,7,8,2
2022-10-08,1,L,C37,C34,C59,1,2,7
2022-10-08,2,L,C51,C36,C39,2,9,7
2022-10-08,3,L,C55,C54,C41,8,2,2
2022-10-10,0,L,C37,C32,C31,0,7,2
2022-10-10,1,L,C55,C34,C41,4,1,1
2022-10-10,2,L,C42,C32,C41,9,9,7
2022-10-10,3,L,C51,C34,C31,5,9,1
2022-10-11,0,L,C55,C36,C31,6,2,4
2022-10-11,1,L,C48,C54,C39,6,0,7
2022-10-11,2,L,C51,C32,C41,1,8,0
2022-10-11,3,L,C48,C32,C39,3,1,9
2022-10-12,0,L,C37,C34,C46,8,5,7
2022-10-12,1,L,C37,C54,C41,1,3,7
2022-10-12,2,L,C55,C32,C39,4,0,8
2022-10-12,3,L,C42,C54,C59,5,9,5
2022-10-13,0,L,C51,C58,C41,1,9,1
2022-10-13,1,L,C55,C34,C41,4,6,3
2022-10-13,2,L,C48,C54,C59,4,2,6
2022-10-13,3,L,C48,C32,C46,2,8,8
2022-10-14,0,L,C55,C32,C39,2,5,0
2022-10-14,1,L,C48,C36,C31,7,1,3
2022-10-14,2,L,C48,C34,C41,8,9,1
2022-10-14,3,L,C42,C32,C59,8,1,8
2022-10-15,0,L,C42,C58,C39,3,0,1
2022-10-15,1,L,C37,C54,C31,4,2,4
2022-10-15,2,L,C51,C32,C39,5,3,8
2022-10-15,3,L,C51,C54,C59,6,9,0
2022-10-17,0,L,C42,C54,C39,3,2,0
2022-10-17,1,L,C48,C34,C46,3,6,0
2022-10-17,2,L,C48,C34,C59,6,5,5
2022-10-17,3,L,C37,C32,C39,6,8,7
2022-10-18,0,L,C42,C34,C39,7,9,1
2022-10-18,1,L,C42,C36,C39,8,0,8
2022-10-18,2,L,C37,C58,C46,4,1,5
2022-10-18,3,L,C37,C32,C41,6,7,6
2022-10-19,0,L,C37,C32,C39,1,1,6
2022-10-19,1,L,C51,C54,C59,7,5,3
2022-10-19,2,L,C48,C54,C46,7,9,9
2022-10-19,3,L,C37,C36,C41,6,2,8
2022-10-20,0,L,C55,C54,C41,0,8,1
2022-10-20,1,L,C37,C58,C31,3,3,0
2022-10-20,2,L,C37,C32,C59,9,9,1
2022-10-20,3,L,C37,C34,C59,2,7,2
2022-10-21,0,L,C55,C32,C39,8,2,4
2022-10-21,1,L,C42,C34,C39,2,5,2
2022-10-21,2,L,C51,C32,C39,3,5,6
2022-10-21,3,L,C42,C36,C31,1,3,0
2022-10-22,0,L,C51,C34,C46,8,2,1
2022-10-22,1,L,C42,C58,C31,4,5,2
2022-10-22,2,L,C42,C58,C41,6,2,0
2022-10-22,3,L,C55,C34,C39,0,4,1
2022-10-24,0,L,C51,C34,C39,3,1,4
2022-10-24,1,L,C48,C58,C31,3,8,5
2022-10-24,2,L,C37,C34,C39,5,4,4
2022-10-24,3,L,C55,C58,C39,1,0,8
2022-10-25,0,L,C42,C54,C46,7,3,2
2022-10-25,1,L,C42,C32,C46,1,6,5
2022-10-25,2,L,C48,C58,C46,7,4,3
2022-10-25,3,L,C55,C54,C59,7,8,1
2022-10-26,0,L,C37,C34,C31,5,1,7
2022-10-26,1,L,C55,C36,C46,7,6,1
2022-10-26,2,L,C37,C58,C31,9,2,2
2022-10-26,3,L,C37,C32,C39,7,2,3
2022-10-27,0,L,C48,C54,C41,8,6,6
2022-10-27,1,L,C37,C36,C39,1,6,3
2022-10-27,2,L,C51,C34,C31,0,4,6
2022-10-27,3,L,C37,C34,C31,9,7,8
2022-10-28,0,L,C51,C36,C41,2,0,6
2022-10-28,1,L,C55,C36,C31,6,8,7
2022-10-28,2,L,C55,C58,C41,2,6,0
2022-10-28,3,L,C51,C36,C59,6,7,4
2022-10-29,0,L,C42,C54,C41,2,3,5
2022-10-29,1,L,C37,C32,C41,0,1,8
2022-10-29,2,L,C42,C36,C39,5,7,7
2022-10-29,3,L,C37,C36,C46,0,0,4
2022-10-31,0,L,C42,C34,C46,5,7,1
2022-10-31,1,L,C55,C54,C59,5,6,1
2022-10-31,2,L,C48,C36,C41,8,8,3
2022-10-31,3,L,C55,C54,C46,4,5,4
2022-11-01,0,M,C48,C36,C39,7,3,9
2022-11-01,1,M,C48,C36,C39,2,3,9
2022-11-01,2,M,C51,C32,C31,5,5,8
2022-11-01,3,M,C48,C58,C46,7,0,2
2022-11-02,0,M,C37,C34,C59,2,4,0
2022-11-02,1,M,C42,C34,C59,2,1,5
2022-11-02,2,M,C48,C58,C59,6,4,5
2022-11-02,3,M,C37,C54,C31,0,2,9
2022-11-03,0,M,C42,C58,C39,5,8,3
2022-11-03,1,M,C42,C54,C46,2,5,9
2022-11-03,2,M,C37,C58,C46,0,6,3
2022-11-03,3,M,C55,C34,C59,5,7,5
2022-11-04,0,M,C48,C32,C31,9,0,1
2022-11-04,1,M,C42,C58,C59,7,0,5
2022-11-04,2,M,C55,C36,C31,6,5,1
2022-11-04,3,M,C48,C36,C46,8,4,4
2022-11-05,0,M,C51,C54,C39,6,5,4
2022-11-05,1,M,C37,C54,C46,8,6,3
2022-11-05,2,M,C37,C58,C39,3,9,6
2022-11-05,3,M,C51,C58,C46,2,2,2
2022-11-07,0,M,C37,C58,C46,0,8,3
2022-11-07,1,M,C51,C36,C31,9,0,5
2022-11-07,2,M,C42,C32,C41,4,6,0
2022-11-07,3,M,C42,C34,C31,5,4,3
2022-11-08,0,M,C55,C32,C31,3,8,7
2022-11-08,1,M,C51,C54,C46,1,7,2
2022-11-08,2,M,C48,C36,C39,6,9,9
2022-11-08,3,M,C48,C58,C31,6,7,1
2022-11-09,0,M,C42,C32,C41,5,4,0
2022-11-09,1,M,C55,C36,C31,5,9,6
2022-11-09,2,M,C37,C32,C59,9,6,4
2022-11-09,3,M,C37,C36,C39,6,2,0
2022-11-10,0,M,C48,C58,C39,0,1,1
2022-11-10,1,M,C48,C32,C41,3,9,0
2022-11-10,2,M,C51,C36,C46,3,2,1
2022-11-10,3,M,C37,C34,C39,7,0,3
2022-11-11,0,M,C55,C54,C39,3,6,4
2022-11-11,1,M,C42,C32,C39,3,9,8
2022-11-11,2,M,C42,C34,C39,7,7,9
2022-11-11,3,M,C37,C54,C31,5,2,4
2022-11-12,0,M,C42,C36,C46,1,9,5
2022-11-12,1,M,C42,C32,C59,8,5,6
2022-11-12,2,M,C37,C36,C59,7,7,5
2022-11-12,3,M,C48,C34,C46,7,8,9
2022-11-14,0,M,C55,C32,C46,8,3,9
2022-11-14,1,M,C51,C58,C41,7,6,1
2022-11-14,2,M,C37,C36,C46,6,9,5
2022-11-14,3,M,C37,C32,C59,2,0,9
2022-11-15,0,M,C51,C34,C59,2,0,8
2022-11-15,1,M,C37,C36,C39,9,9,0
2022-11-15,2,M,C37,C32,C46,5,0,9
2022-11-15,3,M,C42,C54,C59,3,0,0
2022-11-16,0,M,C42,C54,C59,3,1,1
2022-11-16,1,M,C51,C32,C39,1,3,2
2022-11-16,2,M,C48,C54,C59,4,1,8
2022-11-16,3,M,C42,C54,C39,5,3,8
2022-11-17,0,M,C42,C54,C39,3,4,6
2022-11-17,1,M,C55,C34,C31,1,1,4
2022-11-17,2,M,C48,C54,C59,5,8,5
2022-11-17,3,M,C48,C34,C59,2,4,8
2022-11-18,0,M,C42,C58,C41,1,2,5
2022-11-18,1,M,C55,C54,C46,9,8,0
2022-11-18,2,M,C48,C32,C46,8,6,7
2022-11-18,3,M,C42,C58,C59,1,2,4
2022-11-19,0,M,C55,C34,C46,0,1,1
2022-11-19,1,M,C51,C32,C39,8,9,7
2022-11-19,2,M,C51,C36,C41,0,2,9
2022-11-19,3,M,C55,C34,C46,7,6,9
2022-11-21,0,M,C55,C54,C39,2,2,4
2022-11-21,1,M,C51,C32,C41,6,3,8
2022-11-21,2,M,C55,C34,C59,2,5,5
2022-11-21,3,M,C37,C36,C59,5,1,9
2022-11-22,0,M,C42,C34,C46,2,3,8
2022-11-22,1,M,C37,C34,C59,0,7,0
2022-11-22,2,M,C42,C58,C46,3,0,4
2022-11-22,3,M,C48,C54,C59,2,0,0
2022-11-23,0,M,C42,C34,C59,2,6,1
2022-11-23,1,M,C55,C36,C39,4,7,2
2022-11-23,2,M,C42,C54,C46,0,6,4
2022-11-23,3,M,C42,C54,C39,2,5,6
2022-11-24,0,M,C42,C36,C39,5,3,4
2022-11-24,1,M,C48,C36,C31,8,2,5
2022-11-24,2,M,C55,C36,C46,3,4,1
2022-11-24,3,M,C42,C58,C41,5,5,7
2022-11-25,0,M,C48,C34,C46,9,5,0
2022-11-25,1,M,C51,C34,C46,8,2,8
2022-11-25,2,M,C42,C58,C39,8,3,3
2022-11-25,3,M,C48,C58,C41,2,6,1
2022-11-26,0,M,C51,C58,C39,2,4,6
2022-11-26,1,M,C51,C34,C59,5,8,0
2022-11-26,2,M,C51,C34,C31,6,3,3
2022-11-26,3,M,C42,C36,C39,1,2,6
2022-11-28,0,M,C42,C58,C41,2,6,5
2022-11-28,1,M,C48,C32,C39,2,5,0
2022-11-28,2,M,C37,C34,C31,2,8,1
2022-11-28,3,M,C55,C34,C41,7,1,5
2022-11-29,0,M,C42,C36,C46,6,6,6
2022-11-29,1,M,C42,C58,C39,2,8,4
2022-11-29,2,M,C42,C32,C39,1,4,7
2022-11-29,3,M,C37,C54,C46,0,5,8
2022-11-30,0,M,C37,C36,C41,2,7,2
2022-11-30,1,M,C42,C32,C46,3,7,8
2022-11-30,2,M,C55,C58,C41,9,0,6
2022-11-30,3,M,C55,C58,C59,1,5,5
2022-12-01,0,N,C42,C49,C50,3,5,9
2022-12-01,1,N,C42,C49,C48,9,1,2
2022-12-01,2,N,C47,C51,C37,7,6,0
2022-12-01,3,N,C34,C30,C40,7,9,7
2022-12-02,0,N,C42,C30,C50,0,8,8
2022-12-02,1,N,C47,C51,C36,9,1,8
2022-12-02,2,N,C31,C49,C45,9,7,1
2022-12-02,3,N,C31,C35,C48,7,4,8
2022-12-03,0,N,C34,C35,C50,9,2,4
2022-12-03,1,N,C47,C51,C50,3,0,8
2022-12-03,2,N,C47,C49,C45,4,9,9
2022-12-03,3,N,C31,C30,C50,8,1,4
2022-12-05,0,N,C47,C44,C40,9,5,0
2022-12-05,1,N,C42,C51,C50,6,8,9
2022-12-05,2,N,C52,C35,C50,2,2,2
2022-12-05,3,N,C47,C51,C40,3,5,0
2022-12-06,0,N,C47,C30,C45,5,7,1
2022-12-06,1,N,C31,C35,C50,3,1,2
2022-12-06,2,N,C42,C44,C36,3,8,0
2022-12-06,3,N,C42,C30,C45,9,5,1
2022-12-07,0,N,C52,C49,C45,3,4,1
2022-12-07,1,N,C42,C51,C36,8,8,0
2022-12-07,2,N,C42,C35,C45,1,7,5
2022-12-07,3,N,C47,C30,C45,2,8,2
2022-12-08,0,N,C42,C30,C45,1,7,8
2022-12-08,1,N,C47,C35,C45,3,9,2
2022-12-08,2,N,C34,C49,C40,2,1,8
2022-12-08,3,N,C42,C35,C36,1,0,4
2022-12-09,0,N,C34,C49,C50,2,0,6
2022-12-09,1,N,C42,C35,C36,7,0,2
2022-12-09,2,N,C42,C51,C50,2,5,8
2022-12-09,3,N,C34,C51,C40,1,7,2
2022-12-10,0,N,C42,C51,C48,9,0,9
2022-12-10,1,N,C31,C51,C36,4,6,2
2022-12-10,2,N,C42,C30,C50,2,9,4
2022-12-10,3,N,C34,C49,C36,5,7,2
2022-12-12,0,N,C47,C51,C50,0,1,7
2022-12-12,1,N,C52,C49,C36,3,0,7
2022-12-12,2,N,C42,C35,C40,5,5,8
2022-12-12,3,N,C52,C49,C36,1,0,5
2022-12-13,0,N,C34,C51,C48,2,3,5
2022-12-13,1,N,C42,C51,C48,6,8,8
2022-12-13,2,N,C52,C30,C50,0,9,4
2022-12-13,3,N,C34,C51,C40,4,4,7
2022-12-14,0,N,C42,C44,C40,6,3,5
2022-12-14,1,N,C31,C35,C50,9,9,3
2022-12-14,2,N,C34,C35,C40,1,8,4
2022-12-14,3,N,C52,C30,C48,5,2,1
2022-12-15,0,N,C31,C44,C40,5,2,9
2022-12-15,1,N,C47,C35,C36,0,5,7
2022-12-15,2,N,C34,C35,C40,6,0,5
2022-12-15,3,N,C52,C44,C45,7,5,7
2022-12-16,0,N,C52,C44,C50,8,2,1
2022-12-16,1,N,C34,C30,C48,0,3,9
2022-12-16,2,N,C31,C51,C40,9,2,0
2022-12-16,3,N,C31,C30,C48,8,5,3
2022-12-17,0,N,C47,C44,C45,5,6,5
2022-12-17,1,N,C34,C44,C50,0,3,4
2022-12-17,2,N,C47,C44,C45,6,9,3
2022-12-17,3,N,C47,C30,C36,1,9,5
2022-12-19,0,N,C52,C49,C40,3,0,5
2022-12-19,1,N,C34,C44,C40,2,5,5
2022-12-19,2,N,C31,C35,C36,5,0,6
2022-12-19,3,N,C34,C35,C40,5,2,8
2022-12-20,0,N,C42,C51,C40,3,2,5
2022-12-20,1,N,C42,C30,C40,5,9,1
2022-12-20,2,N,C52,C51,C48,2,7,2
2022-12-20,3,N,C52,C44,C50,0,7,0
2022-12-21,0,N,C42,C44,C40,3,2,7
2022-12-21,1,N,C52,C35,C45,7,9,6
2022-12-21,2,N,C42,C49,C36,4,9,9
2022-12-21,3,N,C34,C49,C45,0,5,6
2022-12-22,0,N,C42,C44,C48,0,4,5
2022-12-22,1,N,C31,C35,C48,0,3,0
2022-12-22,2,N,C52,C35,C50,2,0,0
2022-12-22,3,N,C34,C30,C48,1,0,6
2022-12-23,0,N,C34,C30,C40,8,0,4
2022-12-23,1,N,C34,C44,C45,5,5,5
2022-12-23,2,N,C42,C51,C45,2,5,3
2022-12-23,3,N,C34,C51,C48,2,2,3
2022-12-24,0,N,C47,C51,C40,3,5,6
2022-12-24,1,N,C52,C30,C40,0,6,2
2022-12-24,2,N,C42,C30,C36,4,4,4
2022-12-24,3,N,C42,C44,C36,7,7,0
2022-12-26,0,N,C42,C30,C48,3,3,9
2022-12-26,1,N,C34,C49,C36,2,7,2
2022-12-26,2,N,C52,C30,C40,0,2,4
2022-12-26,3,N,C31,C49,C45,7,5,1
2022-12-27,0,N,C42,C44,C50,6,8,2
2022-12-27,1,N,C42,C49,C36,0,2,0
2022-12-27,2,N,C34,C44,C40,3,5,2
2022-12-27,3,N,C31,C30,C45,9,5,3
2022-12-28,0,N,C31,C35,C36,4,5,8
2022-12-28,1,N,C34,C44,C45,6,9,8
2022-12-28,2,N,C42,C30,C36,2,5,0
2022-12-28,3,N,C47,C30,C36,0,8,1
2022-12-29,0,N,C52,C30,C50,2,8,0
2022-12-29,1,N,C31,C35,C50,3,5,2
2022-12-29,2,N,C42,C30,C45,3,0,0
2022-12-29,3,N,C34,C35,C45,7,4,3
2022-12-30,0,N,C42,C35,C45,5,8,7
2022-12-30,1,N,C42,C30,C36,2,6,0
2022-12-30,2,N,C42,C51,C45,1,2,9
2022-12-30,3,N,C31,C30,C36,6,0,9
2022-12-31,0,N,C52,C35,C48,5,6,0
2022-12-31,1,N,C42,C49,C45,8,7,2
2022-12-31,2,N,C34,C44,C50,0,9,0
2022-12-31,3,N,C31,C51,C50,2,8,5
2023-01-02,0,O,C52,C49,C45,6,2,1
2023-01-02,1,O,C47,C49,C36,8,0,2
2023-01-02,2,O,C34,C35,C45,2,4,8
2023-01-02,3,O,C42,C35,C40,3,8,9
2023-01-03,0,O,C31,C44,C45,5,8,0
2023-01-03,1,O,C47,C51,C36,3,4,0
2023-01-03,2,O,C42,C30,C50,9,0,8
2023-01-03,3,O,C42,C35,C50,5,5,7
2023-01-04,0,O,C52,C35,C45,4,9,9
2023-01-04,1,O,C42,C30,C45,7,5,5
2023-01-04,2,O,C47,C51,C50,2,3,8
2023-01-04,3,O,C52,C30,C48,8,6,9
2023-01-05,0,O,C52,C35,C50,4,1,0
2023-01-05,1,O,C31,C30,C40,9,5,1
2023-01-05,2,O,C42,C44,C50,1,0,2
2023-01-05,3,O,C47,C49,C50,2,9,1
2023-01-06,0,O,C52,C51,C45,3,7,3
2023-01-06,1,O,C47,C30,C45,9,1,2
2023-01-06,2,O,C34,C51,C36,8,6,8
2023-01-06,3,O,C42,C35,C45,8,2,1
2023-01-07,0,O,C42,C49,C36,2,5,3
2023-01-07,1,O,C47,C51,C36,3,4,7
2023-01-07,2,O,C47,C49,C50,5,5,9
2023-01-07,3,O,C47,C44,C45,8,7,6
2023-01-09,0,O,C42,C30,C36,5,8,7
2023-01-09,1,O,C42,C30,C48,6,9,9
2023-01-09,2,O,C52,C30,C50,7,1,0
2023-01-09,3,O,C47,C49,C48,7,8,1
2023-01-10,0,O,C52,C35,C48,4,2,7
2023-01-10,1,O,C31,C35,C50,2,9,3
2023-01-10,2,O,C31,C51,C45,1,5,7
2023-01-10,3,O,C31,C35,C45,9,2,7
2023-01-11,0,O,C52,C44,C48,4,8,8
2023-01-11,1,O,C42,C35,C36,1,1,1
2023-01-11,2,O,C34,C30,C48,1,4,6
2023-01-11,3,O,C47,C44,C48,8,2,0
2023-01-12,0,O,C52,C35,C50,0,7,3
2023-01-12,1,O,C34,C51,C45,1,6,3
2023-01-12,2,O,C34,C30,C48,9,4,4
2023-01-12,3,O,C47,C44,C45,0,9,0
2023-01-13,0,O,C34,C49,C36,6,7,7
2023-01-13,1,O,C34,C49,C36,7,0,8
2023-01-13,2,O,C47,C30,C40,2,6,3
2023-01-13,3,O,C34,C35,C45,9,9,2
2023-01-14,0,O,C31,C49,C48,6,7,6
2023-01-14,1,O,C31,C51,C50,8,4,1
2023-01-14,2,O,C42,C49,C36,7,1,1
2023-01-14,3,O,C47,C35,C36,8,4,5
2023-01-16,0,O,C31,C49,C48,0,9,2
2023-01-16,1,O,C47,C30,C45,6,1,0
2023-01-16,2,O,C31,C51,C45,3,3,1
2023-01-16,3,O,C47,C30,C40,3,0,8
2023-01-17,0,O,C34,C35,C36,0,3,8
2023-01-17,1,O,C31,C51,C45,3,6,2
2023-01-17,2,O,C42,C44,C45,0,2,7
2023-01-17,3,O,C42,C51,C50,0,9,7
2023-01-18,0,O,C34,C44,C50,7,1,3
2023-01-18,1,O,C42,C49,C36,2,6,2
2023-01-18,2,O,C34,C44,C48,2,5,7
2023-01-18,3,O,C34,C35,C48,3,6,4
2023-01-19,0,O,C31,C51,C36,2,7,5
2023-01-19,1,O,C42,C49,C36,6,6,6
2023-01-19,2,O,C42,C30,C48,9,3,6
2023-01-19,3,O,C42,C49,C40,7,5,2
2023-01-20,0,O,C42,C49,C40,3,9,8
2023-01-20,1,O,C31,C49,C48,1,6,1
2023-01-20,2,O,C47,C44,C48,5,4,5
2023-01-20,3,O,C31,C30,C36,2,4,6
2023-01-21,0,O,C42,C35,C50,4,2,6
2023-01-21,1,O,C34,C49,C45,6,9,8
2023-01-21,2,O,C52,C30,C40,0,7,8
2023-01-21,3,O,C42,C30,C48,9,6,8
2023-01-23,0,O,C52,C44,C48,7,5,7
2023-01-23,1,O,C31,C35,C50,0,0,7
2023-01-23,2,O,C34,C49,C50,9,5,2
2023-01-23,3,O,C47,C49,C50,1,3,8
2023-01-24,0,O,C31,C30,C48,0,6,5
2023-01-24,1,O,C34,C51,C48,4,2,5
2023-01-24,2,O,C47,C30,C36,2,0,5
2023-01-24,3,O,C34,C44,C50,2,2,1
2023-01-25,0,O,C34,C49,C40,4,2,1
2023-01-25,1,O,C52,C44,C40,1,7,4
2023-01-25,2,O,C42,C51,C40,5,1,9
2023-01-25,3,O,C42,C44,C45,7,8,7
2023-01-26,0,O,C52,C44,C45,5,1,3
2023-01-26,1,O,C34,C49,C40,9,2,7
2023-01-26,2,O,C52,C51,C50,2,5,3
2023-01-26,3,O,C31,C35,C48,8,5,1
2023-01-27,0,O,C52,C51,C36,9,6,2
2023-01-27,1,O,C47,C44,C48,4,0,6
2023-01-27,2,O,C42,C30,C36,3,7,2
2023-01-27,3,O,C47,C30,C45,7,9,6
2023-01-28,0,O,C47,C49,C36,2,7,4
2023-01-28,1,O,C52,C51,C48,8,5,1
2023-01-28,2,O,C42,C49,C36,0,8,1
2023-01-28,3,O,C31,C35,C48,4,4,0
2023-01-30,0,O,C42,C49,C40,5,0,8
2023-01-30,1,O,C47,C30,C45,1,2,7
2023-01-30,2,O,C34,C35,C45,6,1,2
2023-01-30,3,O,C52,C30,C45,1,4,2
2023-01-31,0,O,C52,C51,C50,8,3,6
2023-01-31,1,O,C34,C44,C48,7,2,9
2023-01-31,2,O,C31,C51,C36,1,1,1
2023-01-31,3,O,C34,C30,C36,6,0,7
2023-02-01,0,P,C47,C44,C48,7,2,2
2023-02-01,1,P,C31,C44,C50,7,8,6
2023-02-01,2,P,C34,C51,C45,0,6,2
2023-02-01,3,P,C31,C51,C48,2,4,8
2023-02-02,0,P,C31,C44,C36,3,7,0
2023-02-02,1,P,C31,C35,C48,0,3,0
2023-02-02,2,P,C34,C49,C36,0,4,8
2023-02-02,3,P,C42,C30,C50,0,3,2
2023-02-03,0,P,C42,C49,C45,0,2,5
2023-02-03,1,P,C34,C44,C45,1,1,6
2023-02-03,2,P,C34,C30,C50,4,2,0
2023-02-03,3,P,C34,C44,C36,0,1,1
2023-02-04,0,P,C34,C44,C40,7,9,2
2023-02-04,1,P,C34,C51,C48,0,6,9
2023-02-04,2,P,C52,C44,C45,6,4,1
2023-02-04,3,P,C34,C51,C45,5,0,1
2023-02-06,0,P,C31,C35,C36,4,3,6
2023-02-06,1,P,C34,C49,C50,0,0,6
2023-02-06,2,P,C31,C30,C45,0,2,3
2023-02-06,3,P,C52,C51,C45,8,5,3
2023-02-07,0,P,C52,C44,C48,9,2,8
2023-02-07,1,P,C34,C51,C48,4,3,5
2023-02-07,2,P,C34,C44,C36,6,8,2
2023-02-07,3,P,C47,C30,C36,4,3,4
2023-02-08,0,P,C47,C44,C50,2,2,8
2023-02-08,1,P,C52,C44,C40,9,4,3
2023-02-08,2,P,C31,C35,C36,7,8,1
2023-02-08,3,P,C52,C44,C40,9,8,6
2023-02-09,0,P,C42,C44,C50,3,5,8
2023-02-09,1,P,C47,C30,C36,7,5,1
2023-02-09,2,P,C31,C35,C45,6,7,9
2023-02-09,3,P,C47,C35,C48,6,0,4
2023-02-10,0,P,C42,C30,C50,0,9,5
2023-02-10,1,P,C31,C30,C45,7,2,9
2023-02-10,2,P,C31,C49,C50,5,1,8
2023-02-10,3,P,C31,C51,C40,2,0,5
2023-02-11,0,P,C34,C35,C40,6,7,7
2023-02-11,1,P,C31,C44,C50,6,7,3
2023-02-11,2,P,C52,C51,C50,6,6,2
2023-02-11,3,P,C42,C51,C40,7,8,3
2023-02-13,0,P,C31,C49,C48,5,7,2
2023-02-13,1,P,C31,C49,C36,0,2,3
2023-02-13,2,P,C31,C49,C36,4,0,9
2023-02-13,3,P,C31,C35,C36,4,4,3
2023-02-14,0,P,C52,C49,C36,8,0,0
2023-02-14,1,P,C34,C44,C36,8,3,7
2023-02-14,2,P,C52,C51,C50,9,0,1
2023-02-14,3,P,C52,C30,C36,1,2,9
2023-02-15,0,P,C47,C51,C45,4,6,7
2023-02-15,1,P,C47,C44,C48,8,8,7
2023-02-15,2,P,C47,C51,C45,9,2,2
2023-02-15,3,P,C34,C44,C50,8,4,4
2023-02-16,0,P,C52,C49,C48,4,7,7
2023-02-16,1,P,C47,C35,C48,2,5,3
2023-02-16,2,P,C47,C44,C36,0,8,0
2023-02-16,3,P,C47,C30,C40,8,8,0
2023-02-17,0,P,C52,C49,C48,3,6,3
2023-02-17,1,P,C42,C30,C36,6,5,2
2023-02-17,2,P,C34,C35,C45,6,0,6
2023-02-17,3,P,C47,C35,C45,8,6,6
2023-02-18,0,P,C42,C49,C36,8,3,7
2023-02-18,1,P,C31,C30,C36,8,6,0
2023-02-18,2,P,C31,C51,C48,7,9,6
2023-02-18,3,P,C47,C49,C48,4,1,2
2023-02-20,0,P,C47,C44,C48,9,0,9
2023-02-20,1,P,C47,C49,C45,8,2,1
2023-02-20,2,P,C31,C35,C48,6,8,0
2023-02-20,3,P,C52,C51,C36,1,9,8
2023-02-21,0,P,C47,C51,C50,9,9,5
2023-02-21,1,P,C47,C44,C45,1,1,9
2023-02-21,2,P,C31,C35,C45,2,4,2
2023-02-21,3,P,C34,C35,C50,0,4,6
2023-02-22,0,P,C47,C35,C40,2,6,5
2023-02-22,1,P,C34,C51,C50,7,2,3
2023-02-22,2,P,C42,C30,C36,4,4,5
2023-02-22,3,P,C34,C30,C48,7,0,9
2023-02-23,0,P,C42,C49,C40,9,5,7
2023-02-23,1,P,C31,C44,C36,6,7,1
2023-02-23,2,P,C52,C30,C40,2,1,4
2023-02-23,3,P,C31,C51,C50,5,8,7
2023-02-24,0,P,C47,C30,C48,2,2,2
2023-02-24,1,P,C31,C49,C45,4,6,5
2023-02-24,2,P,C42,C51,C40,8,9,4
2023-02-24,3,P,C52,C35,C48,4,8,7
2023-02-25,0,P,C42,C44,C36,6,4,2
2023-02-25,1,P,C52,C49,C40,8,6,3
2023-02-25,2,P,C47,C35,C40,6,3,1
2023-02-25,3,P,C52,C35,C48,9,4,1
2023-02-27,0,P,C31,C30,C36,9,7,2
2023-02-27,1,P,C47,C49,C36,3,1,2
2023-02-27,2,P,C31,C44,C45,1,1,4
2023-02-27,3,P,C47,C30,C45,4,9,4
2023-02-28,0,P,C47,C49,C36,0,0,2
2023-02-28,1,P,C42,C51,C36,5,8,4
2023-02-28,2,P,C34,C51,C40,4,7,5
2023-02-28,3,P,C52,C35,C40,3,4,6
2023-03-01,0,L,C48,C49,C41,8,7,4
2023-03-01,1,L,C51,C55,C50,8,4,4
2023-03-01,2,L,C51,C31,C50,0,8,6
2023-03-01,3,L,C42,C36,C47,4,0,2
2023-03-02,0,L,C40,C31,C50,9,7,6
2023-03-02,1,L,C40,C36,C50,9,5,6
2023-03-02,2,L,C48,C55,C47,0,9,4
2023-03-02,3,L,C51,C49,C41,8,7,2
2023-03-03,0,L,C40,C31,C47,4,1,5
2023-03-03,1,L,C40,C36,C47,0,5,7
2023-03-03,2,L,C48,C55,C50,8,0,3
2023-03-03,3,L,C40,C31,C41,3,3,7
2023-03-04,0,L,C51,C49,C50,8,3,5
2023-03-04,1,L,C48,C36,C47,6,9,7
2023-03-04,2,L,C40,C49,C41,4,9,7
2023-03-04,3,L,C42,C44,C47,1,9,5
2023-03-06,0,L,C40,C44,C50,8,4,7
2023-03-06,1,L,C46,C55,C47,0,6,9
2023-03-06,2,L,C51,C55,C47,2,6,7
2023-03-06,3,L,C48,C55,C50,5,8,3
2023-03-07,0,L,C40,C36,C47,8,8,4
2023-03-07,1,L,C48,C31,C58,4,4,3
2023-03-07,2,L,C42,C31,C47,9,1,4
2023-03-07,3,L,C51,C55,C41,9,7,7
2023-03-08,0,L,C40,C55,C50,2,5,3
2023-03-08,1,L,C51,C36,C41,6,4,1
2023-03-08,2,L,C40,C49,C50,0,6,4
2023-03-08,3,L,C40,C31,C47,5,4,3
2023-03-09,0,L,C42,C36,C41,0,3,7
2023-03-09,1,L,C46,C36,C54,7,6,4
2023-03-09,2,L,C48,C31,C50,7,6,9
2023-03-09,3,L,C51,C36,C41,1,4,1
2023-03-10,0,L,C48,C44,C47,9,0,9
2023-03-10,1,L,C46,C31,C50,9,7,3
2023-03-10,2,L,C46,C31,C58,6,3,2
2023-03-10,3,L,C48,C36,C54,1,3,0
2023-03-11,0,L,C40,C49,C58,3,0,6
2023-03-11,1,L,C40,C31,C41,4,8,2
2023-03-11,2,L,C46,C44,C41,2,8,3
2023-03-11,3,L,C48,C44,C54,2,8,3
2023-03-13,0,L,C42,C49,C47,0,4,4
2023-03-13,1,L,C51,C55,C41,5,6,5
2023-03-13,2,L,C42,C55,C41,8,7,3
2023-03-13,3,L,C42,C55,C41,6,3,1
2023-03-14,0,L,C48,C36,C50,0,3,4
2023-03-14,1,L,C51,C31,C50,0,6,6
2023-03-14,2,L,C40,C31,C41,6,6,5
2023-03-14,3,L,C46,C44,C54,2,4,6
2023-03-15,0,L,C48,C44,C50,5,5,5
2023-03-15,1,L,C48,C31,C47,1,9,2
2023-03-15,2,L,C46,C31,C50,0,5,0
2023-03-15,3,L,C42,C36,C47,7,9,8
2023-03-16,0,L,C51,C36,C50,0,9,5
2023-03-16,1,L,C48,C55,C41,3,3,3
2023-03-16,2,L,C48,C36,C54,6,6,6
2023-03-16,3,L,C46,C55,C58,4,7,9
2023-03-17,0,L,C48,C55,C50,9,0,0
2023-03-17,1,L,C42,C44,C41,9,3,4
2023-03-17,2,L,C46,C31,C47,1,3,7
2023-03-17,3,L,C51,C31,C58,4,9,8
2023-03-18,0,L,C40,C49,C54,6,1,9
2023-03-18,1,L,C40,C44,C50,6,0,8
2023-03-18,2,L,C48,C44,C47,5,8,8
2023-03-18,3,L,C51,C55,C58,9,0,2
2023-03-20,0,L,C46,C49,C58,5,7,3
2023-03-20,1,L,C46,C49,C58,6,2,2
2023-03-20,2,L,C51,C55,C58,2,2,0
2023-03-20,3,L,C40,C49,C41,3,7,3
2023-03-21,0,L,C51,C31,C41,3,5,1
2023-03-21,1,L,C46,C44,C41,5,9,0
2023-03-21,2,L,C42,C44,C54,0,8,7
2023-03-21,3,L,C42,C31,C41,4,5,2
2023-03-22,0,L,C42,C36,C54,1,4,0
2023-03-22,1,L,C51,C55,C54,4,3,4
2023-03-22,2,L,C48,C55,C47,4,6,3
2023-03-22,3,L,C51,C36,C41,9,1,5
2023-03-23,0,L,C48,C36,C54,7,7,2
2023-03-23,1,L,C51,C44,C50,0,0,7
2023-03-23,2,L,C51,C31,C41,6,3,4
2023-03-23,3,L,C40,C49,C50,0,7,0
2023-03-24,0,L,C46,C31,C41,9,8,7
2023-03-24,1,L,C48,C49,C47,0,0,5
2023-03-24,2,L,C46,C44,C50,2,9,1
2023-03-24,3,L,C48,C31,C54,0,4,8
2023-03-25,0,L,C40,C55,C47,9,0,7
2023-03-25,1,L,C48,C49,C50,0,1,0
2023-03-25,2,L,C42,C55,C54,4,0,8
2023-03-25,3,L,C48,C36,C58,0,3,4
2023-03-27,0,L,C40,C49,C47,1,3,1
2023-03-27,1,L,C48,C49,C54,6,8,2
2023-03-27,2,L,C51,C49,C58,8,1,3
2023-03-27,3,L,C48,C44,C50,4,2,7
2023-03-28,0,L,C48,C44,C54,2,0,1
2023-03-28,1,L,C46,C55,C41,8,8,5
2023-03-28,2,L,C40,C49,C41,8,1,5
2023-03-28,3,L,C51,C44,C47,2,8,1
2023-03-29,0,L,C42,C49,C54,0,3,5
2023-03-29,1,L,C40,C55,C50,9,1,8
2023-03-29,2,L,C40,C49,C50,9,5,6
2023-03-29,3,L,C42,C55,C54,9,5,2
2023-03-30,0,L,C48,C44,C50,9,7,1
2023-03-30,1,L,C40,C49,C58,8,7,8
2023-03-30,2,L,C40,C36,C47,5,8,6
2023-03-30,3,L,C40,C36,C41,1,4,9
2023-03-31,0,L,C40,C31,C54,2,4,1
2023-03-31,1,L,C40,C31,C58,4,1,5
2023-03-31,2,L,C51,C55,C47,8,9,3
2023-03-31,3,L,C48,C36,C58,4,6,0
2023-04-01,0,M,C42,C36,C54,4,7,2
2023-04-01,1,M,C51,C49,C50,8,1,5
2023-04-01,2,M,C40,C55,C41,2,0,1
2023-04-01,3,M,C51,C31,C54,1,1,7
2023-04-03,0,M,C51,C31,C41,7,3,3
2023-04-03,1,M,C40,C49,C50,1,8,3
2023-04-03,2,M,C42,C49,C54,4,6,6
2023-04-03,3,M,C48,C49,C47,1,8,2
2023-04-04,0,M,C46,C44,C41,4,8,9
2023-04-04,1,M,C48,C55,C41,0,9,3
2023-04-04,2,M,C51,C31,C47,7,6,2
2023-04-04,3,M,C48,C55,C41,5,1,2
2023-04-05,0,M,C51,C55,C58,8,7,3
2023-04-05,1,M,C48,C55,C41,9,0,2
2023-04-05,2,M,C46,C31,C41,7,9,1
2023-04-05,3,M,C51,C49,C41,2,7,6
2023-04-06,0,M,C40,C31,C41,8,5,1
2023-04-06,1,M,C40,C49,C41,8,5,9
2023-04-06,2,M,C46,C55,C54,1,8,5
2023-04-06,3,M,C42,C31,C47,5,4,4
2023-04-07,0,M,C40,C36,C54,1,2,9
2023-04-07,1,M,C40,C36,C58,7,3,9
2023-04-07,2,M,C48,C55,C50,7,0,4
2023-04-07,3,M,C51,C36,C50,3,5,8
2023-04-08,0,M,C48,C44,C58,4,1,5
2023-04-08,1,M,C46,C44,C58,0,9,3
2023-04-08,2,M,C46,C49,C50,1,3,9
2023-04-08,3,M,C42,C36,C58,4,5,1
2023-04-10,0,M,C51,C49,C50,2,9,5
2023-04-10,1,M,C48,C55,C41,6,2,8
2023-04-10,2,M,C48,C44,C58,4,9,4
2023-04-10,3,M,C51,C36,C54,1,9,9
2023-04-11,0,M,C42,C55,C50,4,9,1
2023-04-11,1,M,C46,C44,C58,8,4,2
2023-04-11,2,M,C51,C55,C50,6,0,8
2023-04-11,3,M,C48,C55,C58,8,8,9
2023-04-12,0,M,C51,C55,C54,6,9,7
2023-04-12,1,M,C40,C36,C41,0,7,3
2023-04-12,2,M,C46,C49,C58,0,1,7
2023-04-12,3,M,C40,C55,C58,2,3,2
2023-04-13,0,M,C46,C55,C47,4,1,6
2023-04-13,1,M,C48,C31,C41,0,9,0
2023-04-13,2,M,C48,C49,C47,9,0,8
2023-04-13,3,M,C42,C44,C41,4,1,5
2023-04-14,0,M,C51,C49,C47,5,1,6
2023-04-14,1,M,C48,C55,C54,4,9,4
2023-04-14,2,M,C40,C49,C58,9,3,5
2023-04-14,3,M,C51,C49,C50,6,0,2
2023-04-15,0,M,C51,C49,C47,8,1,3
2023-04-15,1,M,C51,C55,C50,5,2,8
2023-04-15,2,M,C40,C44,C50,5,4,1
2023-04-15,3,M,C46,C49,C41,3,7,9
2023-04-17,0,M,C40,C49,C41,6,8,2
2023-04-17,1,M,C51,C44,C58,6,3,8
2023-04-17,2,M,C51,C36,C54,2,8,5
2023-04-17,3,M,C42,C31,C58,4,3,2
2023-04-18,0,M,C46,C55,C41,7,0,5
2023-04-18,1,M,C46,C44,C58,7,8,9
2023-04-18,2,M,C42,C55,C50,5,4,1
2023-04-18,3,M,C51,C44,C41,1,1,3
2023-04-19,0,M,C46,C49,C50,8,7,5
2023-04-19,1,M,C46,C55,C58,8,6,6
2023-04-19,2,M,C51,C36,C54,7,2,0
2023-04-19,3,M,C48,C49,C41,8,0,1
2023-04-20,0,M,C40,C31,C50,3,1,0
2023-04-20,1,M,C40,C31,C47,3,7,8
2023-04-20,2,M,C46,C44,C54,6,7,9
2023-04-20,3,M,C40,C49,C54,2,7,2
2023-04-21,0,M,C42,C49,C54,5,7,3
2023-04-21,1,M,C42,C31,C58,4,4,7
2023-04-21,2,M,C46,C31,C58,7,0,3
2023-04-21,3,M,C42,C31,C41,5,8,8
2023-04-22,0,M,C51,C31,C41,5,0,4
2023-04-22,1,M,C51,C36,C47,3,2,8
2023-04-22,2,M,C46,C49,C41,7,4,8
2023-04-22,3,M,C51,C55,C58,1,3,5
2023-04-24,0,M,C51,C49,C50,9,1,3
2023-04-24,1,M,C42,C44,C58,7,0,7
2023-04-24,2,M,C46,C36,C58,1,7,4
2023-04-24,3,M,C48,C44,C50,4,1,6
2023-04-25,0,M,C40,C49,C41,1,6,1
2023-04-25,1,M,C46,C49,C47,9,6,3
2023-04-25,2,M,C48,C31,C50,1,2,8
2023-04-25,3,M,C51,C49,C47,4,7,5
2023-04-26,0,M,C48,C31,C54,8,7,1
2023-04-26,1,M,C40,C31,C41,6,2,2
2023-04-26,2,M,C48,C44,C58,4,3,9
2023-04-26,3,M,C51,C31,C50,6,9,7
2023-04-27,0,M,C40,C31,C54,9,3,1
2023-04-27,1,M,C46,C44,C41,7,6,5
2023-04-27,2,M,C51,C44,C58,4,2,0
2023-04-27,3,M,C46,C55,C47,9,5,2
2023-04-28,0,M,C40,C44,C54,6,4,2
2023-04-28,1,M,C46,C31,C50,4,8,5
2023-04-28,2,M,C51,C44,C54,9,1,1
2023-04-28,3,M,C40,C36,C41,2,3,4
2023-04-29,0,M,C46,C36,C41,1,8,9
2023-04-29,1,M,C51,C55,C50,0,4,9
2023-04-29,2,M,C40,C49,C54,1,2,2
2023-04-29,3,M,C42,C44,C50,9,8,0
2023-05-01,0,N,C48,C55,C58,7,7,3
2023-05-01,1,N,C48,C36,C58,5,9,5
2023-05-01,2,N,C48,C44,C41,8,6,0
2023-05-01,3,N,C40,C55,C54,7,9,4
2023-05-02,0,N,C46,C31,C41,3,4,3
2023-05-02,1,N,C51,C55,C50,8,1,1
2023-05-02,2,N,C40,C31,C54,4,0,4
2023-05-02,3,N,C46,C55,C50,9,6,9
2023-05-03,0,N,C42,C36,C41,2,8,2
2023-05-03,1,N,C40,C49,C54,3,3,7
2023-05-03,2,N,C51,C49,C50,6,6,3
2023-05-03,3,N,C40,C31,C58,4,9,3
2023-05-04,0,N,C42,C55,C41,7,6,4
2023-05-04,1,N,C42,C44,C47,1,1,8
2023-05-04,2,N,C46,C31,C41,7,9,3
2023-05-04,3,N,C51,C55,C41,7,4,9
2023-05-05,0,N,C46,C31,C50,5,0,6
2023-05-05,1,N,C48,C49,C58,6,8,5
2023-05-05,2,N,C46,C55,C41,4,9,8
2023-05-05,3,N,C46,C36,C58,3,8,0
2023-05-06,0,N,C51,C49,C47,7,7,9
2023-05-06,1,N,C46,C55,C50,7,0,7
2023-05-06,2,N,C51,C55,C58,1,7,5
2023-05-06,3,N,C42,C55,C54,9,5,1
2023-05-08,0,N,C46,C31,C58,7,1,4
2023-05-08,1,N,C46,C49,C47,1,8,2
2023-05-08,2,N,C48,C31,C50,7,0,9
2023-05-08,3,N,C40,C36,C54,7,2,5
2023-05-09,0,N,C46,C49,C50,9,7,0
2023-05-09,1,N,C48,C55,C41,8,8,1
2023-05-09,2,N,C46,C49,C58,5,2,6
2023-05-09,3,N,C46,C44,C50,6,0,8
2023-05-10,0,N,C40,C31,C54,9,0,3
2023-05-10,1,N,C40,C55,C54,3,3,4
2023-05-10,2,N,C51,C44,C47,3,4,1
2023-05-10,3,N,C46,C49,C58,2,3,4
2023-05-11,0,N,C40,C49,C41,3,2,6
2023-05-11,1,N,C42,C44,C50,7,2,6
2023-05-11,2,N,C42,C36,C54,3,5,7
2023-05-11,3,N,C42,C44,C50,9,6,0
2023-05-12,0,N,C42,C44,C47,1,2,1
2023-05-12,1,N,C46,C44,C47,5,4,8
2023-05-12,2,N,C42,C36,C47,9,8,6
2023-05-12,3,N,C40,C31,C54,0,7,8
2023-05-13,0,N,C48,C44,C54,7,9,4
2023-05-13,1,N,C51,C36,C58,8,1,6
2023-05-13,2,N,C40,C55,C47,1,6,3
2023-05-13,3,N,C48,C31,C58,7,2,4
2023-05-15,0,N,C46,C55,C50,3,0,2
2023-05-15,1,N,C40,C49,C47,7,8,4
2023-05-15,2,N,C48,C31,C41,4,6,4
2023-05-15,3,N,C46,C44,C50,0,0,8
2023-05-16,0,N,C42,C49,C41,6,3,5
2023-05-16,1,N,C46,C55,C50,6,2,1
2023-05-16,2,N,C51,C31,C50,2,7,1
2023-05-16,3,N,C48,C49,C58,4,4,2
2023-05-17,0,N,C46,C44,C50,3,6,4
2023-05-17,1,N,C46,C44,C54,7,5,7
2023-05-17,2,N,C42,C31,C54,5,6,3
2023-05-17,3,N,C51,C36,C38,9,4,8
2023-05-18,0,N,C42,C55,C54,1,7,6
2023-05-18,1,N,C46,C36,C58,0,8,7
2023-05-18,2,N,C51,C55,C38,2,9,0
2023-05-18,3,N,C40,C36,C41,6,4,5
2023-05-19,0,N,C48,C55,C58,1,4,3
2023-05-19,1,N,C48,C44,C58,0,4,7
2023-05-19,2,N,C42,C44,C47,3,1,0
2023-05-19,3,N,C46,C36,C54,7,2,9
2023-05-20,0,N,C48,C36,C38,2,6,1
2023-05-20,1,N,C48,C36,C58,5,4,5
2023-05-20,2,N,C42,C49,C47,3,0,8
2023-05-20,3,N,C46,C50,C41,7,4,1
2023-05-22,0,N,C42,C55,C47,4,7,4
2023-05-22,1,N,C51,C36,C54,1,3,0
2023-05-22,2,N,C42,C49,C41,6,0,9
2023-05-22,3,N,C46,C36,C47,7,1,0
2023-05-23,0,N,C51,C31,C50,9,1,0
2023-05-23,1,N,C48,C44,C54,8,4,1
2023-05-23,2,N,C46,C49,C58,4,8,9
2023-05-23,3,N,C46,C49,C54,1,2,8
2023-05-24,0,N,C40,C49,C54,8,0,6
2023-05-24,1,N,C40,C36,C54,3,7,5
2023-05-24,2,N,C51,C55,C58,3,5,0
2023-05-24,3,N,C48,C44,C58,7,5,5
2023-05-25,0,N,C40,C49,C47,6,0,5
2023-05-25,1,N,C42,C31,C50,0,8,2
2023-05-25,2,N,C42,C36,C54,7,3,7
2023-05-25,3,N,C46,C36,C50,6,7,9
2023-05-26,0,N,C46,C49,C50,7,2,8
2023-05-26,1,N,C48,C55,C41,8,7,5
2023-05-26,2,N,C46,C44,C47,3,7,1
2023-05-26,3,N,C46,C31,C58,6,3,0
2023-05-27,0,N,C46,C44,C58,0,8,6
2023-05-27,1,N,C40,C31,C50,9,9,0
2023-05-27,2,N,C42,C31,C54,7,3,1
2023-05-27,3,N,C46,C44,C54,5,1,7
2023-05-29,0,N,C48,C55,C47,9,8,7
2023-05-29,1,N,C40,C55,C54,2,7,7
2023-05-29,2,N,C46,C44,C54,5,4,4
2023-05-29,3,N,C51,C49,C47,3,5,7
2023-05-30,0,N,C40,C55,C47,3,9,6
2023-05-30,1,N,C42,C31,C47,5,2,9
2023-05-30,2,N,C51,C36,C50,1,1,8
2023-05-30,3,N,C42,C36,C47,8,8,6
2023-05-31,0,N,C42,C55,C47,3,1,4
2023-05-31,1,N,C51,C44,C58,6,7,9
2023-05-31,2,N,C48,C49,C58,1,6,6
2023-05-31,3,N,C40,C55,C47,0,7,9
2023-06-01,0,O,C50,C45,C59,8,3,2
2023-06-01,1,O,C39,C43,C51,1,0,0
2023-06-01,2,O,C46,C43,C41,8,3,7
2023-06-01,3,O,C46,C43,C51,2,3,7
2023-06-02,0,O,C58,C44,C57,6,0,3
2023-06-02,1,O,C46,C45,C34,0,4,1
2023-06-02,2,O,C58,C44,C41,3,8,6
2023-06-02,3,O,C50,C44,C41,2,6,8
2023-06-03,0,O,C39,C45,C57,2,9,8
2023-06-03,1,O,C46,C32,C34,0,1,0
2023-06-03,2,O,C50,C35,C41,0,1,2
2023-06-03,3,O,C50,C43,C51,0,0,6
2023-06-05,0,O,C43,C51,C40,7,3,1
2023-06-05,1,O,C58,C59,C52,9,2,6
2023-06-05,2,O,C58,C59,C55,3,7,6
2023-06-05,3,O,C58,C59,C48,5,2,9
2023-06-06,0,O,C39,C44,C34,3,5,8
2023-06-06,1,O,C58,C44,C41,2,3,9
2023-06-06,2,O,C50,C43,C41,1,6,6
2023-06-06,3,O,C30,C44,C51,5,6,0
2023-06-07,0,O,C50,C32,C51,9,2,5
2023-06-07,1,O,C50,C44,C51,9,8,1
2023-06-07,2,O,C46,C43,C41,7,1,7
2023-06-07,3,O,C30,C43,C34,3,9,5
2023-06-08,0,O,C58,C44,C59,4,4,2
2023-06-08,1,O,C58,C35,C34,8,7,5
2023-06-08,2,O,C39,C45,C41,1,4,7
2023-06-08,3,O,C50,C35,C59,3,4,5
2023-06-09,0,O,C30,C32,C57,7,0,7
2023-06-09,1,O,C58,C43,C59,2,5,5
2023-06-09,2,O,C46,C32,C41,2,9,9
2023-06-09,3,O,C50,C32,C59,2,2,3
2023-06-10,0,O,C39,C45,C41,5,9,8
2023-06-10,1,O,C50,C32,C59,8,4,0
2023-06-10,2,O,C50,C35,C51,1,9,2
2023-06-10,3,O,C50,C44,C57,6,5,6
2023-06-12,0,O,C30,C51,C33,9,9,3
2023-06-12,1,O,C50,C35,C56,7,7,0
2023-06-12,2,O,C39,C51,C31,1,1,2
2023-06-12,3,O,C58,C35,C52,9,0,5
2023-06-13,0,O,C58,C35,C57,8,2,2
2023-06-13,1,O,C39,C43,C34,1,0,4
2023-06-13,2,O,C46,C45,C57,1,1,1
2023-06-13,3,O,C58,C45,C59,6,1,9
2023-06-14,0,O,C58,C44,C57,4,4,7
2023-06-14,1,O,C46,C45,C59,6,7,5
2023-06-14,2,O,C46,C45,C34,8,2,5
2023-06-14,3,O,C39,C45,C51,3,1,5
2023-06-15,0,O,C30,C32,C41,9,6,3
2023-06-15,1,O,C39,C43,C59,4,6,9
2023-06-15,2,O,C58,C44,C59,7,9,6
2023-06-15,3,O,C50,C45,C59,9,6,1
2023-06-16,0,O,C58,C43,C57,9,5,6
2023-06-16,1,O,C30,C43,C51,7,7,3
2023-06-16,2,O,C39,C35,C41,0,4,6
2023-06-16,3,O,C58,C43,C34,8,8,0
2023-06-17,0,O,C58,C32,C41,4,5,6
2023-06-17,1,O,C39,C43,C57,5,2,1
2023-06-17,2,O,C46,C32,C41,3,6,3
2023-06-17,3,O,C58,C35,C34,8,0,5
2023-06-19,0,O,C30,C32,C41,0,0,2
2023-06-19,1,O,C30,C44,C34,9,7,3
2023-06-19,2,O,C50,C43,C57,2,9,3
2023-06-19,3,O,C58,C45,C59,2,9,6
2023-06-20,0,O,C46,C45,C57,9,5,4
2023-06-20,1,O,C58,C43,C57,1,9,0
2023-06-20,2,O,C50,C35,C57,2,3,3
2023-06-20,3,O,C50,C35,C41,0,0,3
2023-06-21,0,O,C58,C32,C59,4,3,4
2023-06-21,1,O,C46,C35,C34,3,9,9
2023-06-21,2,O,C50,C44,C57,1,6,0
2023-06-21,3,O,C46,C45,C57,3,9,3
2023-06-22,0,O,C30,C44,C59,6,7,9
2023-06-22,1,O,C50,C35,C51,7,8,9
2023-06-22,2,O,C46,C43,C34,2,0,2
2023-06-22,3,O,C50,C35,C57,1,3,0
2023-06-23,0,O,C39,C43,C51,9,9,3
2023-06-23,1,O,C39,C35,C51,0,5,0
2023-06-23,2,O,C50,C45,C57,7,0,9
2023-06-23,3,O,C46,C44,C34,9,3,8
2023-06-24,0,O,C58,C35,C57,7,2,8
2023-06-24,1,O,C46,C32,C34,4,0,3
2023-06-24,2,O,C39,C45,C51,1,1,8
2023-06-24,3,O,C58,C44,C51,4,0,8
2023-06-26,0,O,C39,C41,C48,2,6,6
2023-06-26,1,O,C30,C35,C40,5,3,3
2023-06-26,2,O,C46,C35,C48,6,4,8
2023-06-26,3,O,C30,C35,C48,3,7,9
2023-06-27,0,O,C50,C43,C41,1,4,5
2023-06-27,1,O,C30,C44,C57,4,0,8
2023-06-27,2,O,C39,C32,C51,5,0,7
2023-06-27,3,O,C50,C43,C51,6,2,8
2023-06-28,0,O,C46,C32,C59,8,0,9
2023-06-28,1,O,C30,C45,C51,0,2,7
2023-06-28,2,O,C30,C45,C41,0,2,7
2023-06-28,3,O,C39,C44,C51,2,0,6
2023-06-29,0,O,C58,C45,C51,1,3,3
2023-06-29,1,O,C46,C44,C41,8,8,2
2023-06-29,2,O,C46,C44,C41,1,9,8
2023-06-29,3,O,C50,C45,C41,6,1,9
2023-06-30,0,O,C46,C44,C57,5,6,0
2023-06-30,1,O,C58,C35,C57,2,3,7
2023-06-30,2,O,C46,C35,C51,0,3,8
2023-06-30,3,O,C39,C45,C51,4,9,9
2023-07-01,0,P,C30,C43,C34,7,1,6
2023-07-01,1,P,C50,C44,C41,9,4,5
2023-07-01,2,P,C46,C44,C51,4,4,5
2023-07-01,3,P,C30,C35,C51,7,8,4
2023-07-03,0,P,C39,C45,C41,8,9,0
2023-07-03,1,P,C58,C32,C59,8,2,1
2023-07-03,2,P,C30,C32,C59,6,3,9
2023-07-03,3,P,C39,C35,C59,1,7,4
2023-07-04,0,P,C58,C35,C34,3,2,4
2023-07-04,1,P,C58,C44,C34,3,6,6
2023-07-04,2,P,C39,C44,C51,6,7,4
2023-07-04,3,P,C46,C43,C59,9,5,9
2023-07-05,0,P,C50,C44,C59,9,8,3
2023-07-05,1,P,C50,C43,C41,5,9,8
2023-07-05,2,P,C39,C43,C59,0,9,3
2023-07-05,3,P,C58,C32,C51,7,8,2
2023-07-06,0,P,C58,C35,C57,7,0,0
2023-07-06,1,P,C30,C35,C51,8,8,4
2023-07-06,2,P,C46,C35,C57,7,0,6
2023-07-06,3,P,C39,C35,C57,9,6,2
2023-07-07,0,P,C39,C45,C34,7,1,7
2023-07-07,1,P,C58,C35,C59,0,2,8
2023-07-07,2,P,C39,C45,C41,5,9,3
2023-07-07,3,P,C58,C43,C57,8,8,8
2023-07-08,0,P,C39,C45,C41,1,4,7
2023-07-08,1,P,C46,C44,C51,1,5,5
2023-07-08,2,P,C30,C35,C57,2,2,9
2023-07-08,3,P,C58,C35,C51,8,7,1
2023-07-10,0,P,C46,C32,C41,6,0,5
2023-07-10,1,P,C46,C32,C59,8,9,0
2023-07-10,2,P,C50,C44,C51,2,3,0
2023-07-10,3,P,C58,C43,C34,1,1,7
2023-07-11,0,P,C39,C45,C59,5,3,0
2023-07-11,1,P,C58,C35,C34,1,7,2
2023-07-11,2,P,C50,C44,C34,8,7,1
2023-07-11,3,P,C46,C45,C41,9,1,0
2023-07-12,0,P,C30,C44,C34,9,1,1
2023-07-12,1,P,C46,C43,C57,3,9,7
2023-07-12,2,P,C58,C43,C34,1,3,9
2023-07-12,3,P,C58,C45,C34,7,6,0
2023-07-13,0,P,C58,C45,C34,1,0,2
2023-07-13,1,P,C50,C35,C41,0,3,5
2023-07-13,2,P,C46,C44,C51,9,7,6
2023-07-13,3,P,C39,C43,C34,5,4,7
2023-07-14,0,P,C46,C45,C57,3,5,3
2023-07-14,1,P,C46,C44,C59,7,9,8
2023-07-14,2,P,C58,C43,C41,5,7,0
2023-07-14,3,P,C30,C32,C41,1,6,8
2023-07-15,0,P,C50,C32,C57,5,2,9
2023-07-15,1,P,C39,C35,C51,2,8,8
2023-07-15,2,P,C30,C43,C34,2,5,2
2023-07-15,3,P,C46,C43,C51,2,8,8
2023-07-17,0,P,C30,C44,C51,4,2,6
2023-07-17,1,P,C50,C35,C51,1,9,1
2023-07-17,2,P,C50,C32,C57,8,6,4
2023-07-17,3,P,C50,C35,C51,1,2,4
2023-07-18,0,P,C30,C44,C41,6,3,2
2023-07-18,1,P,C46,C35,C34,2,3,7
2023-07-18,2,P,C58,C43,C59,6,8,1
2023-07-18,3,P,C46,C44,C59,3,8,4
2023-07-19,0,P,C39,C44,C57,9,4,0
2023-07-19,1,P,C50,C44,C41,6,1,6
2023-07-19,2,P,C39,C35,C34,8,0,5
2023-07-19,3,P,C50,C35,C59,2,1,2
2023-07-20,0,P,C58,C32,C34,4,5,0
2023-07-20,1,P,C39,C45,C41,7,1,3
2023-07-20,2,P,C58,C45,C59,1,1,9
2023-07-20,3,P,C50,C45,C57,5,5,1
2023-07-21,0,P,C30,C32,C34,7,5,9
2023-07-21,1,P,C39,C45,C57,4,5,9
2023-07-21,2,P,C46,C45,C51,9,8,1
2023-07-21,3,P,C30,C32,C34,0,4,2
2023-07-22,0,P,C39,C32,C51,8,2,2
2023-07-22,1,P,C30,C32,C51,4,1,5
2023-07-22,2,P,C58,C35,C34,1,3,6
2023-07-22,3,P,C46,C32,C57,3,4,5
2023-07-24,0,P,C58,C44,C57,7,2,5
2023-07-24,1,P,C30,C45,C59,9,7,9
2023-07-24,2,P,C46,C44,C41,8,2,1
2023-07-24,3,P,C50,C32,C59,2,5,8
2023-07-25,0,P,C39,C44,C59,1,5,7
2023-07-25,1,P,C58,C43,C51,2,1,2
2023-07-25,2,P,C58,C44,C34,4,0,6
2023-07-25,3,P,C50,C32,C51,3,2,3
2023-07-26,0,P,C46,C32,C41,1,0,9
2023-07-26,1,P,C50,C45,C57,5,8,9
2023-07-26,2,P,C30,C45,C41,2,3,3
2023-07-26,3,P,C50,C44,C57,4,3,3
2023-07-27,0,P,C46,C45,C51,2,7,3
2023-07-27,1,P,C30,C35,C51,0,3,6
2023-07-27,2,P,C50,C44,C57,8,1,0
2023-07-27,3,P,C30,C44,C57,8,9,3
2023-07-28,0,P,C50,C43,C57,6,0,7
2023-07-28,1,P,C46,C44,C41,6,1,3
2023-07-28,2,P,C58,C45,C34,8,4,1
2023-07-28,3,P,C58,C35,C57,4,8,5
2023-07-29,0,P,C39,C45,C41,4,9,7
2023-07-29,1,P,C39,C45,C57,9,8,3
2023-07-29,2,P,C58,C32,C34,5,1,4
2023-07-29,3,P,C30,C35,C59,7,1,0
2023-07-31,0,P,C30,C35,C41,9,3,4
2023-07-31,1,P,C58,C35,C57,0,3,3
2023-07-31,2,P,C30,C45,C59,9,3,8
2023-07-31,3,P,C39,C45,C34,3,0,7
2023-08-01,0,L,C58,C44,C59,2,7,0
2023-08-01,1,L,C46,C44,C57,2,9,7
2023-08-01,2,L,C58,C44,C51,8,5,9
2023-08-01,3,L,C50,C45,C41,0,5,3
2023-08-02,0,L,C50,C43,C34,8,7,5
2023-08-02,1,L,C50,C35,C41,0,9,7
2023-08-02,2,L,C58,C32,C51,9,5,3
2023-08-02,3,L,C46,C32,C57,0,5,7
2023-08-03,0,L,C58,C43,C59,4,0,5
2023-08-03,1,L,C46,C35,C41,9,5,2
2023-08-03,2,L,C58,C32,C57,9,0,9
2023-08-03,3,L,C46,C32,C41,9,7,2
2023-08-04,0,L,C30,C45,C59,2,9,0
2023-08-04,1,L,C58,C32,C57,1,0,3
2023-08-04,2,L,C58,C45,C51,2,8,0
2023-08-04,3,L,C58,C43,C57,5,6,7
2023-08-05,0,H,C27,C25,C24,7,5,6
2023-08-05,1,H,C28,C24,C25,6,9,0
2023-08-05,2,H,C28,C27,C24,9,3,3
2023-08-05,3,H,C28,C24,C25,2,4,5
2023-08-07,0,L,C39,C32,C41,5,1,0
2023-08-07,1,L,C39,C35,C34,4,0,0
2023-08-07,2,L,C58,C44,C57,8,3,9
2023-08-07,3,L,C50,C32,C59,4,9,8
2023-08-08,0,L,C30,C45,C34,5,6,1
2023-08-08,1,L,C30,C45,C34,9,9,1
2023-08-08,2,L,C58,C44,C51,0,9,0
2023-08-08,3,L,C30,C35,C51,4,9,3
2023-08-09,0,L,C30,C43,C34,8,8,7
2023-08-09,1,L,C58,C35,C34,1,3,2
2023-08-09,2,L,C46,C35,C34,1,0,8
2023-08-09,3,L,C30,C35,C57,5,3,9
2023-08-10,0,L,C58,C35,C41,8,1,7
2023-08-10,1,L,C46,C44,C57,2,1,9
2023-08-10,2,L,C46,C45,C51,7,1,2
2023-08-10,3,L,C30,C44,C51,7,9,1
2023-08-11,0,L,C58,C45,C41,8,9,9
2023-08-11,1,L,C50,C45,C51,6,6,0
2023-08-11,2,L,C39,C45,C57,9,9,4
2023-08-11,3,L,C39,C35,C34,1,2,8
2023-08-12,0,L,C58,C35,C51,4,5,5
2023-08-12,1,L,C39,C43,C34,0,2,9
2023-08-12,2,L,C58,C35,C59,9,8,2
2023-08-12,3,L,C46,C44,C51,0,4,6
2023-08-14,0,L,C30,C32,C59,2,8,1
2023-08-14,1,L,C46,C44,C51,5,1,5
2023-08-14,2,L,C58,C35,C57,5,7,6
2023-08-14,3,L,C46,C32,C41,6,1,9
2023-08-15,0,L,C50,C35,C34,1,6,9
2023-08-15,1,L,C30,C45,C59,8,9,7
2023-08-15,2,L,C30,C43,C41,7,5,0
2023-08-15,3,L,C39,C45,C51,0,2,4
2023-08-16,0,L,C46,C43,C51,1,9,7
2023-08-16,1,L,C58,C35,C41,4,4,1
2023-08-16,2,L,C39,C32,C34,3,9,0
2023-08-16,3,L,C46,C44,C59,0,6,7
2023-08-17,0,L,C46,C35,C41,2,2,2
2023-08-17,1,L,C30,C32,C34,8,6,9
2023-08-17,2,L,C50,C35,C34,6,6,0
2023-08-17,3,L,C46,C43,C41,2,4,1
2023-08-18,0,L,C50,C44,C57,6,7,8
2023-08-18,1,L,C58,C43,C51,5,6,2
2023-08-18,2,L,C39,C43,C34,9,6,3
2023-08-18,3,L,C50,C32,C34,2,5,1
2023-08-19,0,L,C39,C43,C51,6,2,0
2023-08-19,1,L,C30,C43,C57,8,0,5
2023-08-19,2,L,C58,C43,C57,0,6,0
2023-08-19,3,L,C50,C32,C34,5,8,6
2023-08-21,0,L,C39,C44,C34,4,8,5
2023-08-21,1,L,C58,C45,C59,7,5,0
2023-08-21,2,L,C46,C43,C34,0,4,1
2023-08-21,3,L,C30,C35,C41,2,0,1
2023-08-22,0,L,C30,C35,C59,2,2,0
2023-08-22,1,L,C39,C32,C34,9,0,7
2023-08-22,2,L,C46,C32,C34,4,9,5
2023-08-22,3,L,C50,C45,C34,5,3,4
2023-08-23,0,L,C50,C44,C34,3,8,6
2023-08-23,1,L,C58,C45,C41,1,6,6
2023-08-23,2,L,C30,C35,C59,2,5,8
2023-08-23,3,L,C30,C44,C59,0,5,9
2023-08-24,0,L,C50,C35,C41,4,5,3
2023-08-24,1,L,C46,C43,C41,1,4,2
2023-08-24,2,L,C50,C32,C51,0,7,6
2023-08-24,3,L,C46,C32,C51,8,2,0
2023-08-25,0,L,C30,C32,C57,4,7,6
2023-08-25,1,L,C46,C32,C57,3,2,7
2023-08-25,2,L,C46,C43,C41,0,1,1
2023-08-25,3,L,C58,C44,C34,2,9,7
2023-08-26,0,L,C30,C43,C41,3,0,9
2023-08-26,1,L,C50,C44,C41,5,3,3
2023-08-26,2,L,C46,C45,C34,7,9,7
2023-08-26,3,L,C50,C35,C41,5,6,3
2023-08-28,0,L,C50,C45,C51,5,4,5
2023-08-28,1,L,C30,C44,C57,4,9,1
2023-08-28,2,L,C39,C35,C41,1,8,1
2023-08-28,3,L,C30,C43,C57,9,8,2
2023-08-29,0,L,C30,C32,C59,8,8,5
2023-08-29,1,L,C30,C35,C34,9,3,0
2023-08-29,2,L,C46,C35,C34,9,1,9
2023-08-29,3,L,C58,C35,C57,4,2,3
2023-08-30,0,L,C58,C35,C59,2,8,4
2023-08-30,1,L,C58,C44,C34,4,9,1
2023-08-30,2,L,C58,C45,C51,1,4,1
2023-08-30,3,L,C30,C44,C57,4,7,8
2023-08-31,0,L,C50,C35,C59,8,4,7
2023-08-31,1,L,C30,C35,C34,1,0,2
2023-08-31,2,L,C46,C32,C34,8,1,5
2023-08-31,3,L,C30,C43,C51,9,6,2
2023-09-01,0,M,C58,C52,C39,6,8,1
2023-09-01,1,M,C44,C42,C41,3,1,5
2023-09-01,2,M,C58,C42,C37,5,3,9
2023-09-01,3,M,C58,C33,C41,9,6,2
2023-09-02,0,M,C31,C30,C57,1,9,9
2023-09-02,1,M,C51,C42,C37,6,7,4
2023-09-02,2,M,C47,C49,C34,9,0,9
2023-09-02,3,M,C58,C33,C41,5,7,1
2023-09-04,0,M,C44,C30,C34,2,4,6
2023-09-04,1,M,C31,C33,C37,7,5,9
2023-09-04,2,M,C58,C42,C34,1,0,2
2023-09-04,3,M,C47,C33,C57,3,4,4
2023-09-05,0,M,C51,C52,C39,1,9,3
2023-09-05,1,M,C31,C52,C34,4,0,5
2023-09-05,2,M,C44,C42,C41,7,5,7
2023-09-05,3,M,C51,C52,C37,6,2,3
2023-09-06,0,M,C44,C30,C41,6,3,6
2023-09-06,1,M,C47,C42,C37,4,1,9
2023-09-06,2,M,C31,C52,C39,3,5,4
2023-09-06,3,M,C31,C49,C41,1,7,6
2023-09-07,0,M,C31,C49,C39,9,4,6
2023-09-07,1,M,C47,C42,C34,9,1,7
2023-09-07,2,M,C51,C52,C37,2,4,7
2023-09-07,3,M,C44,C33,C39,5,1,6
2023-09-08,0,M,C58,C52,C39,6,4,9
2023-09-08,1,M,C58,C42,C39,3,7,5
2023-09-08,2,M,C51,C52,C39,5,3,4
2023-09-08,3,M,C47,C42,C39,7,2,1
2023-09-09,0,M,C31,C52,C34,1,7,7
2023-09-09,1,M,C51,C33,C37,1,2,2
2023-09-09,2,M,C47,C49,C37,5,9,9
2023-09-09,3,M,C31,C49,C57,5,1,4
2023-09-11,0,M,C44,C33,C39,5,3,4
2023-09-11,1,M,C44,C49,C41,2,0,0
2023-09-11,2,M,C47,C30,C34,4,5,5
2023-09-11,3,M,C47,C42,C37,7,6,1
2023-09-12,0,M,C47,C49,C37,3,2,9
2023-09-12,1,M,C51,C42,C57,9,2,9
2023-09-12,2,M,C47,C52,C37,4,7,2
2023-09-12,3,M,C31,C33,C57,8,4,9
2023-09-13,0,M,C51,C49,C34,6,0,3
2023-09-13,1,M,C58,C49,C34,5,4,8
2023-09-13,2,M,C47,C33,C41,5,3,9
2023-09-13,3,M,C58,C52,C34,0,8,6
2023-09-14,0,M,C31,C42,C41,2,1,7
2023-09-14,1,M,C47,C52,C34,9,7,3
2023-09-14,2,M,C47,C49,C34,7,8,2
2023-09-14,3,M,C44,C30,C39,4,7,7
2023-09-15,0,M,C51,C42,C39,8,7,1
2023-09-15,1,M,C58,C33,C41,7,6,3
2023-09-15,2,M,C31,C30,C41,6,5,4
2023-09-15,3,M,C47,C33,C39,1,0,4
2023-09-16,0,M,C58,C33,C57,4,1,2
2023-09-16,1,M,C31,C33,C41,2,8,6
2023-09-16,2,M,C31,C52,C37,8,3,2
2023-09-16,3,M,C44,C42,C37,4,5,5
2023-09-18,0,M,C47,C42,C41,6,7,5
2023-09-18,1,M,C51,C30,C39,4,5,9
2023-09-18,2,M,C58,C49,C41,5,8,1
2023-09-18,3,M,C47,C52,C37,0,8,9
2023-09-19,0,M,C31,C33,C37,1,7,9
2023-09-19,1,M,C47,C52,C34,6,2,8
2023-09-19,2,M,C47,C30,C57,4,1,8
2023-09-19,3,M,C44,C30,C34,1,0,3
2023-09-20,0,M,C44,C33,C34,6,2,9
2023-09-20,1,M,C31,C49,C34,8,4,3
2023-09-20,2,M,C47,C42,C34,7,4,5
2023-09-20,3,M,C44,C42,C41,9,4,8
2023-09-21,0,M,C31,C49,C34,2,8,4
2023-09-21,1,M,C58,C52,C41,2,6,2
2023-09-21,2,M,C31,C52,C37,4,0,6
2023-09-21,3,M,C58,C52,C34,7,6,8
2023-09-22,0,M,C51,C30,C37,6,8,1
2023-09-22,1,M,C51,C33,C41,7,2,7
2023-09-22,2,M,C47,C42,C39,0,3,8
2023-09-22,3,M,C31,C33,C34,8,5,4
2023-09-23,0,M,C31,C30,C57,3,4,8
2023-09-23,1,M,C31,C49,C39,8,6,8
2023-09-23,2,M,C44,C49,C34,8,0,0
2023-09-23,3,M,C58,C52,C37,2,5,6
2023-09-25,0,M,C51,C52,C34,8,3,0
2023-09-25,1,M,C58,C33,C34,3,3,6
2023-09-25,2,M,C58,C42,C57,0,0,2
2023-09-25,3,M,C51,C52,C39,1,2,2
2023-09-26,0,M,C58,C49,C57,7,0,4
2023-09-26,1,M,C51,C49,C39,8,5,0
2023-09-26,2,M,C44,C42,C41,9,7,5
2023-09-26,3,M,C44,C49,C41,8,9,3
2023-09-27,0,M,C31,C42,C37,8,7,0
2023-09-27,1,M,C58,C52,C57,1,6,8
2023-09-27,2,M,C58,C33,C37,0,0,7
2023-09-27,3,M,C58,C30,C41,1,6,9
2023-09-28,0,M,C58,C33,C57,9,0,4
2023-09-28,1,M,C44,C33,C34,8,4,8
2023-09-28,2,M,C44,C42,C39,9,6,1
2023-09-28,3,M,C44,C33,C34,1,6,1
2023-09-29,0,M,C58,C42,C37,9,1,8
2023-09-29,1,M,C58,C52,C34,7,9,9
2023-09-29,2,M,C58,C33,C57,4,4,2
2023-09-29,3,M,C44,C33,C57,2,1,6
2023-09-30,0,M,C58,C42,C34,4,8,3
2023-09-30,1,M,C31,C30,C34,9,1,4
2023-09-30,2,M,C47,C52,C41,2,2,3
2023-09-30,3,M,C51,C42,C39,0,0,1
2023-10-02,0,N,C47,C30,C41,1,1,5
2023-10-02,1,N,C58,C42,C37,5,6,5
2023-10-02,2,N,C51,C49,C41,9,0,8
2023-10-02,3,N,C44,C42,C57,5,4,3
2023-10-03,0,N,C44,C42,C37,8,2,4
2023-10-03,1,N,C47,C33,C37,1,6,5
2023-10-03,2,N,C58,C42,C34,0,5,6
2023-10-03,3,N,C47,C52,C41,5,6,7
2023-10-04,0,N,C58,C49,C37,1,1,4
2023-10-04,1,N,C44,C33,C37,1,7,8
2023-10-04,2,N,C44,C52,C39,0,7,2
2023-10-04,3,N,C47,C33,C39,1,1,9
2023-10-05,0,N,C44,C42,C37,4,8,8
2023-10-05,1,N,C44,C33,C34,7,3,6
2023-10-05,2,N,C44,C33,C41,6,2,1
2023-10-05,3,N,C44,C42,C34,4,1,7
2023-10-06,0,N,C47,C30,C34,9,3,6
2023-10-06,1,N,C31,C49,C39,6,8,0
2023-10-06,2,N,C31,C49,C57,7,5,5
2023-10-06,3,N,C47,C42,C39,4,1,6
2023-10-07,0,N,C58,C49,C39,6,5,8
2023-10-07,1,N,C31,C30,C57,5,8,7
2023-10-07,2,N,C31,C52,C37,3,5,6
2023-10-07,3,N,C47,C42,C39,3,7,9
2023-10-09,0,N,C31,C52,C34,7,6,6
2023-10-09,1,N,C47,C30,C39,0,6,2
2023-10-09,2,N,C51,C52,C39,2,2,6
2023-10-09,3,N,C51,C33,C34,9,3,5
2023-10-10,0,N,C31,C33,C39,6,1,1
2023-10-10,1,N,C44,C33,C41,5,1,2
2023-10-10,2,N,C51,C49,C39,0,4,0
2023-10-10,3,N,C58,C49,C37,6,4,1
2023-10-11,0,N,C31,C42,C57,0,1,8
2023-10-11,1,N,C47,C42,C41,1,1,5
2023-10-11,2,N,C44,C52,C57,7,1,9
2023-10-11,3,N,C31,C52,C57,7,6,6
2023-10-12,0,N,C44,C42,C34,0,4,8
2023-10-12,1,N,C44,C42,C37,5,6,4
2023-10-12,2,N,C31,C42,C34,0,3,0
2023-10-12,3,N,C31,C33,C39,5,3,0
2023-10-13,0,N,C44,C52,C34,5,3,6
2023-10-13,1,N,C47,C33,C37,3,9,8
2023-10-13,2,N,C44,C49,C57,8,4,6
2023-10-13,3,N,C47,C49,C57,1,9,1
2023-10-14,0,N,C47,C49,C39,0,6,7
2023-10-14,1,N,C51,C30,C34,8,8,5
2023-10-14,2,N,C58,C52,C39,3,0,4
2023-10-14,3,N,C44,C30,C57,5,0,0
2023-10-16,0,N,C44,C33,C39,7,7,0
2023-10-16,1,N,C58,C30,C37,3,4,3
2023-10-16,2,N,C51,C42,C37,9,8,3
2023-10-16,3,N,C47,C42,C57,9,9,6
2023-10-17,0,N,C31,C33,C57,8,9,7
2023-10-17,1,N,C51,C52,C41,9,8,4
2023-10-17,2,N,C58,C30,C41,1,1,5
2023-10-17,3,N,C58,C30,C39,3,9,9
2023-10-18,0,N,C58,C30,C39,8,5,4
2023-10-18,1,N,C58,C30,C37,2,8,3
2023-10-18,2,N,C44,C42,C37,2,8,0
2023-10-18,3,N,C51,C30,C34,2,2,9
2023-10-19,0,N,C58,C52,C37,4,8,2
2023-10-19,1,N,C51,C30,C41,0,1,6
2023-10-19,2,N,C51,C30,C57,0,1,7
2023-10-19,3,N,C51,C49,C34,7,5,6
2023-10-20,0,N,C47,C30,C41,8,4,4
2023-10-20,1,N,C44,C42,C39,2,2,6
2023-10-20,2,N,C44,C42,C39,8,3,1
2023-10-20,3,N,C31,C52,C39,8,5,7
2023-10-21,0,N,C58,C52,C37,1,5,0
2023-10-21,1,N,C51,C49,C39,0,9,1
2023-10-21,2,N,C58,C49,C57,3,4,0
2023-10-21,3,N,C58,C52,C39,6,0,3
2023-10-23,0,N,C44,C52,C57,4,2,3
2023-10-23,1,N,C44,C30,C57,7,0,4
2023-10-23,2,N,C51,C52,C57,4,8,0
2023-10-23,3,N,C31,C42,C41,3,0,8
2023-10-24,0,N,C47,C49,C41,8,2,2
2023-10-24,1,N,C31,C42,C37,2,1,4
2023-10-24,2,N,C47,C30,C57,5,9,4
2023-10-24,3,N,C51,C42,C34,7,5,5
2023-10-25,0,N,C58,C49,C41,0,2,2
2023-10-25,1,N,C51,C42,C37,7,1,5
2023-10-25,2,N,C47,C30,C37,2,1,4
2023-10-25,3,N,C31,C52,C37,1,9,5
2023-10-26,0,N,C44,C49,C41,0,8,1
2023-10-26,1,N,C31,C42,C37,8,1,2
2023-10-26,2,N,C51,C42,C37,5,2,8
2023-10-26,3,N,C44,C30,C37,6,1,7
2023-10-27,0,N,C44,C30,C57,9,1,1
2023-10-27,1,N,C58,C42,C41,1,0,0
2023-10-27,2,N,C47,C49,C34,1,0,2
2023-10-27,3,N,C31,C42,C39,8,8,7
2023-10-28,0,N,C58,C42,C57,9,9,3
2023-10-28,1,N,C44,C42,C57,8,0,7
2023-10-28,2,N,C44,C42,C41,6,0,2
2023-10-28,3,N,C58,C30,C39,9,0,6
2023-10-30,0,N,C58,C30,C41,5,9,8
2023-10-30,1,N,C58,C42,C39,5,0,6
2023-10-30,2,N,C31,C42,C41,1,8,4
2023-10-30,3,N,C58,C42,C39,6,3,6
2023-10-31,0,N,C47,C30,C34,0,0,6
2023-10-31,1,N,C47,C42,C39,0,2,7
2023-10-31,2,N,C44,C30,C37,0,1,7
2023-10-31,3,N,C31,C49,C39,5,8,2
2023-11-01,0,O,C44,C42,C39,4,6,1
2023-11-01,1,O,C44,C49,C39,0,4,0
2023-11-01,2,O,C44,C42,C39,6,5,6
2023-11-01,3,O,C47,C30,C41,1,6,8
2023-11-02,0,O,C47,C33,C57,2,7,4
2023-11-02,1,O,C44,C52,C57,2,8,1
2023-11-02,2,O,C31,C52,C39,3,9,3
2023-11-02,3,O,C44,C33,C34,8,1,3
2023-11-03,0,O,C51,C33,C37,6,2,8
2023-11-03,1,O,C51,C30,C57,5,5,9
2023-11-03,2,O,C51,C30,C41,0,9,7
2023-11-03,3,O,C58,C42,C41,3,1,0
2023-11-04,0,O,C31,C49,C34,2,9,9
2023-11-04,1,O,C47,C52,C34,1,0,4
2023-11-04,2,O,C44,C30,C39,6,1,1
2023-11-04,3,O,C51,C42,C57,5,3,8
2023-11-06,0,O,C51,C30,C34,5,9,0
2023-11-06,1,O,C44,C42,C37,9,6,9
2023-11-06,2,O,C31,C42,C57,7,0,9
2023-11-06,3,O,C47,C49,C34,0,5,9
2023-11-07,0,O,C47,C30,C57,1,6,2
2023-11-07,1,O,C58,C33,C34,7,6,0
2023-11-07,2,O,C31,C42,C34,5,7,7
2023-11-07,3,O,C44,C52,C34,7,7,0
2023-11-08,0,O,C44,C33,C41,0,2,5
2023-11-08,1,O,C31,C33,C57,7,5,9
2023-11-08,2,O,C47,C33,C39,4,9,9
2023-11-08,3,O,C31,C33,C57,7,1,9
2023-11-09,0,O,C44,C49,C37,2,6,7
2023-11-09,1,O,C31,C52,C34,6,0,3
2023-11-09,2,O,C47,C30,C34,2,5,2
2023-11-09,3,O,C31,C42,C34,3,5,3
2023-11-10,0,O,C51,C33,C39,0,8,4
2023-11-10,1,O,C31,C42,C41,1,7,1
2023-11-10,2,O,C51,C52,C41,1,2,2
2023-11-10,3,O,C51,C52,C41,9,3,5
2023-11-11,0,O,C44,C30,C37,4,3,5
2023-11-11,1,O,C44,C33,C57,1,9,0
2023-11-11,2,O,C44,C49,C41,2,9,3
2023-11-11,3,O,C58,C49,C37,4,8,6
2023-11-13,0,O,C47,C49,C37,0,1,7
2023-11-13,1,O,C44,C30,C57,0,6,9
2023-11-13,2,O,C51,C30,C41,3,0,2
2023-11-13,3,O,C47,C30,C39,3,3,1
2023-11-14,0,O,C44,C42,C39,7,5,3
2023-11-14,1,O,C44,C33,C34,3,4,5
2023-11-14,2,O,C51,C42,C41,7,4,1
2023-11-14,3,O,C51,C49,C57,6,4,8
2023-11-15,0,O,C31,C52,C41,1,5,4
2023-11-15,1,O,C51,C52,C37,4,0,1
2023-11-15,2,O,C31,C52,C57,0,2,3
2023-11-15,3,O,C31,C52,C34,2,3,1
2023-11-16,0,O,C44,C52,C37,0,9,6
2023-11-16,1,O,C47,C42,C57,2,4,4
2023-11-16,2,O,C44,C49,C41,5,1,7
2023-11-16,3,O,C51,C49,C57,3,1,8
2023-11-17,0,O,C44,C30,C39,0,1,5
2023-11-17,1,O,C51,C52,C37,1,3,3
2023-11-17,2,O,C47,C42,C39,8,1,5
2023-11-17,3,O,C51,C42,C34,8,1,1
2023-11-18,0,O,C44,C42,C37,4,1,4
2023-11-18,1,O,C44,C49,C41,9,1,0
2023-11-18,2,O,C58,C42,C37,0,6,7
2023-11-18,3,O,C58,C42,C57,2,3,6
2023-11-20,0,O,C47,C42,C37,8,2,0
2023-11-20,1,O,C58,C42,C57,5,5,3
2023-11-20,2,O,C44,C33,C39,4,8,5
2023-11-20,3,O,C51,C49,C39,5,1,3
2023-11-21,0,O,C58,C49,C57,0,4,5
2023-11-21,1,O,C47,C52,C41,9,6,8
2023-11-21,2,O,C47,C30,C37,3,4,3
2023-11-21,3,O,C47,C42,C41,6,2,9
2023-11-22,0,O,C44,C52,C37,5,9,9
2023-11-22,1,O,C58,C33,C34,6,7,3
2023-11-22,2,O,C51,C52,C41,3,8,5
2023-11-22,3,O,C31,C49,C34,1,6,2
2023-11-23,0,O,C47,C30,C34,6,3,6
2023-11-23,1,O,C31,C33,C41,0,0,3
2023-11-23,2,O,C51,C30,C37,9,8,1
2023-11-23,3,O,C44,C33,C41,2,0,0
2023-11-24,0,O,C31,C49,C39,5,5,4
2023-11-24,1,O,C44,C42,C41,7,2,9
2023-11-24,2,O,C58,C30,C57,7,4,2
2023-11-24,3,O,C51,C42,C57,4,3,3
2023-11-25,0,O,C47,C52,C37,4,5,4
2023-11-25,1,O,C31,C49,C34,4,2,8
2023-11-25,2,O,C31,C52,C41,8,9,7
2023-11-25,3,O,C47,C49,C41,4,1,1
2023-11-27,0,O,C47,C52,C37,6,2,0
2023-11-27,1,O,C47,C49,C34,1,6,1
2023-11-27,2,O,C58,C30,C39,3,3,7
2023-11-27,3,O,C47,C42,C57,5,7,3
2023-11-28,0,O,C31,C49,C57,2,3,9
2023-11-28,1,O,C44,C33,C57,6,1,4
2023-11-28,2,O,C51,C49,C39,7,8,0
2023-11-28,3,O,C47,C33,C41,3,5,3
2023-11-29,0,O,C51,C49,C34,1,2,0
2023-11-29,1,O,C31,C42,C37,1,6,5
2023-11-29,2,O,C31,C30,C57,0,9,0
2023-11-29,3,O,C51,C52,C41,2,4,3
2023-11-30,0,O,C44,C49,C57,4,9,3
2023-11-30,1,O,C44,C33,C37,0,9,4
2023-11-30,2,O,C44,C30,C57,7,6,7
2023-11-30,3,O,C51,C52,C41,5,7,6
2023-12-01,0,P,C56,C57,C38,2,0,1
2023-12-01,1,P,C30,C57,C37,9,2,6
2023-12-01,2,P,C40,C43,C45,3,6,0
2023-12-01,3,P,C56,C43,C45,3,2,0
2023-12-02,0,P,C33,C42,C47,4,7,2
2023-12-02,1,P,C36,C35,C45,0,5,0
2023-12-02,2,P,C33,C43,C47,4,5,0
2023-12-02,3,P,C33,C35,C47,8,8,8
2023-12-04,0,P,C56,C43,C38,8,0,2
2023-12-04,1,P,C30,C58,C47,3,9,4
2023-12-04,2,P,C56,C58,C47,2,6,1
2023-12-04,3,P,C36,C57,C34,3,6,0
2023-12-05,0,P,C36,C42,C38,1,8,4
2023-12-05,1,P,C33,C57,C37,5,5,6
2023-12-05,2,P,C33,C43,C47,0,5,7
2023-12-05,3,P,C33,C43,C47,8,6,5
2023-12-06,0,P,C30,C57,C37,0,3,2
2023-12-06,1,P,C56,C58,C45,0,7,5
2023-12-06,2,P,C30,C58,C45,7,9,2
2023-12-06,3,P,C36,C43,C37,0,9,1
2023-12-07,0,P,C30,C35,C38,4,1,4
2023-12-07,1,P,C30,C43,C37,5,2,7
2023-12-07,2,P,C40,C57,C38,1,9,5
2023-12-07,3,P,C30,C57,C47,7,5,1
2023-12-08,0,P,C56,C42,C37,6,9,9
2023-12-08,1,P,C56,C35,C45,1,4,6
2023-12-08,2,P,C30,C57,C37,4,7,9
2023-12-08,3,P,C40,C58,C47,6,2,5
2023-12-09,0,P,C40,C57,C34,3,6,9
2023-12-09,1,P,C30,C58,C45,6,1,6
2023-12-09,2,P,C56,C43,C34,1,1,3
2023-12-09,3,P,C40,C35,C37,1,8,3
2023-12-11,0,P,C33,C43,C34,8,5,8
2023-12-11,1,P,C40,C42,C45,0,1,3
2023-12-11,2,P,C30,C42,C38,1,5,5
2023-12-11,3,P,C30,C57,C38,1,4,8
2023-12-12,0,P,C36,C58,C34,5,7,3
2023-12-12,1,P,C30,C42,C38,8,4,9
2023-12-12,2,P,C30,C58,C37,8,3,8
2023-12-12,3,P,C30,C58,C34,1,4,6
2023-12-13,0,P,C56,C43,C38,9,2,2
2023-12-13,1,P,C36,C58,C34,1,4,6
2023-12-13,2,P,C36,C35,C34,4,9,0
2023-12-13,3,P,C30,C58,C45,6,0,2
2023-12-14,0,P,C36,C35,C38,7,7,1
2023-12-14,1,P,C30,C58,C45,4,4,7
2023-12-14,2,P,C56,C57,C47,4,3,5
2023-12-14,3,P,C40,C42,C38,4,7,4
2023-12-15,0,P,C40,C43,C47,5,7,3
2023-12-15,1,P,C56,C58,C45,5,1,7
2023-12-15,2,P,C56,C35,C37,0,9,9
2023-12-15,3,P,C56,C43,C37,9,8,2
2023-12-16,0,P,C56,C43,C38,8,5,9
2023-12-16,1,P,C56,C42,C45,5,6,6
2023-12-16,2,P,C30,C57,C34,5,4,9
2023-12-16,3,P,C36,C57,C38,7,6,5
2023-12-18,0,P,C36,C58,C34,6,6,6
2023-12-18,1,P,C56,C43,C45,7,1,5
2023-12-18,2,P,C56,C58,C34,0,2,5
2023-12-18,3,P,C40,C43,C37,3,0,4
2023-12-19,0,P,C40,C43,C45,7,6,0
2023-12-19,1,P,C40,C42,C37,8,3,7
2023-12-19,2,P,C30,C35,C37,1,0,8
2023-12-19,3,P,C33,C42,C37,2,7,1
2023-12-20,0,P,C40,C43,C47,9,8,7
2023-12-20,1,P,C36,C35,C45,7,1,9
2023-12-20,2,P,C30,C42,C34,8,2,9
2023-12-20,3,P,C33,C43,C47,5,9,3
2023-12-21,0,P,C36,C57,C45,9,3,8
2023-12-21,1,P,C40,C42,C34,8,4,7
2023-12-21,2,P,C36,C35,C34,5,9,5
2023-12-21,3,P,C56,C57,C38,0,0,4
2023-12-22,0,P,C36,C35,C34,5,1,3
2023-12-22,1,P,C36,C58,C45,6,7,2
2023-12-22,2,P,C56,C57,C37,3,5,8
2023-12-22,3,P,C30,C42,C37,8,3,4
2023-12-23,0,P,C56,C42,C38,6,5,1
2023-12-23,1,P,C40,C43,C38,5,4,5
2023-12-23,2,P,C33,C58,C34,3,4,2
2023-12-23,3,P,C36,C35,C37,3,7,5
2023-12-25,0,P,C40,C58,C47,6,6,3
2023-12-25,1,P,C56,C58,C37,3,7,0
2023-12-25,2,P,C33,C58,C38,8,1,6
2023-12-25,3,P,C33,C43,C37,8,7,7
2023-12-26,0,P,C40,C43,C38,1,3,3
2023-12-26,1,P,C33,C43,C47,1,0,6
2023-12-26,2,P,C36,C42,C45,3,5,0
2023-12-26,3,P,C36,C43,C45,7,6,0
2023-12-27,0,P,C30,C35,C38,8,4,5
2023-12-27,1,P,C30,C42,C45,0,9,3
2023-12-27,2,P,C33,C58,C47,1,1,1
2023-12-27,3,P,C40,C43,C47,6,4,1
2023-12-28,0,P,C36,C58,C37,1,7,8
2023-12-28,1,P,C30,C57,C38,2,6,3
2023-12-28,2,P,C30,C42,C47,9,7,3
2023-12-28,3,P,C40,C58,C47,1,1,9
2023-12-29,0,P,C30,C43,C34,4,7,3
2023-12-29,1,P,C33,C43,C38,8,0,7
2023-12-29,2,P,C36,C43,C38,8,7,6
2023-12-29,3,P,C30,C42,C34,9,1,1
2023-12-30,0,P,C56,C43,C38,9,7,7
2023-12-30,1,P,C36,C42,C45,7,8,1
2023-12-30,2,P,C36,C43,C45,9,7,8
2023-12-30,3,P,C36,C42,C47,2,3,0
2024-01-01,0,L,C36,C43,C45,1,7,4
2024-01-01,1,L,C40,C57,C47,7,1,2
2024-01-01,2,L,C36,C43,C34,3,9,1
2024-01-01,3,L,C33,C35,C47,7,7,7
2024-01-02,0,L,C30,C43,C37,8,1,8
2024-01-02,1,L,C40,C42,C38,6,3,6
2024-01-02,2,L,C33,C57,C47,9,6,2
2024-01-02,3,L,C40,C43,C45,8,7,3
2024-01-03,0,L,C36,C42,C34,4,8,5
2024-01-03,1,L,C40,C35,C45,1,1,2
2024-01-03,2,L,C36,C43,C38,6,0,1
2024-01-03,3,L,C36,C43,C38,3,4,0
2024-01-04,0,L,C56,C57,C37,1,9,4
2024-01-04,1,L,C30,C42,C38,4,3,7
2024-01-04,2,L,C40,C42,C47,4,8,8
2024-01-04,3,L,C33,C58,C47,9,6,7
2024-01-05,0,L,C30,C57,C37,0,8,7
2024-01-05,1,L,C56,C35,C45,7,3,7
2024-01-05,2,L,C56,C57,C34,0,7,3
2024-01-05,3,L,C36,C43,C45,7,2,0
2024-01-06,0,L,C30,C57,C45,0,8,0
2024-01-06,1,L,C40,C35,C45,3,2,2
2024-01-06,2,L,C30,C43,C38,1,1,3
2024-01-06,3,L,C40,C35,C47,6,7,6
2024-01-08,0,L,C30,C57,C47,2,8,2
2024-01-08,1,L,C33,C35,C38,5,1,8
2024-01-08,2,L,C30,C42,C38,1,9,3
2024-01-08,3,L,C40,C43,C45,9,2,9
2024-01-09,0,L,C33,C57,C38,6,2,1
2024-01-09,1,L,C56,C42,C34,0,3,3
2024-01-09,2,L,C30,C57,C38,3,6,0
2024-01-09,3,L,C36,C35,C34,3,8,8
2024-01-10,0,L,C40,C35,C47,9,3,6
2024-01-10,1,L,C30,C35,C38,1,8,5
2024-01-10,2,L,C33,C43,C47,0,5,9
2024-01-10,3,L,C33,C57,C34,2,0,7
2024-01-11,0,L,C36,C35,C45,6,5,0
2024-01-11,1,L,C30,C57,C37,4,3,2
2024-01-11,2,L,C30,C58,C34,3,3,7
2024-01-11,3,L,C33,C42,C45,4,4,2
2024-01-12,0,L,C40,C58,C47,3,4,7
2024-01-12,1,L,C56,C35,C38,6,6,8
2024-01-12,2,L,C33,C35,C45,3,4,1
2024-01-12,3,L,C56,C58,C38,1,8,5
2024-01-13,0,L,C33,C58,C45,2,2,5
2024-01-13,1,L,C40,C43,C34,1,1,0
2024-01-13,2,L,C33,C58,C47,0,2,2
2024-01-13,3,L,C30,C57,C37,7,7,5
2024-01-15,0,L,C33,C35,C37,2,0,8
2024-01-15,1,L,C30,C42,C47,4,0,5
2024-01-15,2,L,C30,C35,C38,1,9,5
2024-01-15,3,L,C40,C43,C37,6,8,5
2024-01-16,0,L,C33,C42,C34,3,4,6
2024-01-16,1,L,C56,C42,C37,8,4,7
2024-01-16,2,L,C30,C57,C37,7,6,7
2024-01-16,3,L,C40,C57,C37,6,0,1
2024-01-17,0,L,C33,C58,C45,2,0,1
2024-01-17,1,L,C36,C58,C45,2,5,3
2024-01-17,2,L,C40,C43,C45,9,0,1
2024-01-17,3,L,C40,C42,C47,4,6,7
2024-01-18,0,L,C33,C42,C47,8,3,8
2024-01-18,1,L,C33,C58,C38,1,6,1
2024-01-18,2,L,C36,C42,C47,4,0,6
2024-01-18,3,L,C56,C43,C45,6,6,5
2024-01-19,0,L,C36,C35,C34,6,7,9
2024-01-19,1,L,C30,C43,C47,7,4,8
2024-01-19,2,L,C56,C42,C45,0,0,4
2024-01-19,3,L,C40,C43,C37,3,0,8
2024-01-20,0,L,C40,C43,C34,1,8,5
2024-01-20,1,L,C40,C58,C34,5,2,3
2024-01-20,2,L,C30,C42,C37,0,1,2
2024-01-20,3,L,C33,C42,C34,7,0,9
2024-01-22,0,L,C30,C57,C37,1,9,2
2024-01-22,1,L,C56,C35,C38,5,9,2
2024-01-22,2,L,C30,C42,C38,4,8,6
2024-01-22,3,L,C40,C42,C34,2,2,3
2024-01-23,0,L,C30,C57,C38,7,1,8
2024-01-23,1,L,C56,C57,C38,0,3,3
2024-01-23,2,L,C56,C57,C45,7,3,7
2024-01-23,3,L,C33,C35,C38,3,2,5
2024-01-24,0,L,C40,C42,C34,4,9,2
2024-01-24,1,L,C30,C35,C38,0,7,9
2024-01-24,2,L,C40,C35,C45,5,4,6
2024-01-24,3,L,C33,C35,C37,6,0,6
2024-01-25,0,L,C56,C57,C38,6,3,5
2024-01-25,1,L,C30,C43,C34,1,3,6
2024-01-25,2,L,C56,C58,C45,3,0,6
2024-01-25,3,L,C40,C42,C45,6,6,8
2024-01-26,0,L,C40,C35,C37,4,9,6
2024-01-26,1,L,C30,C35,C45,5,3,4
2024-01-26,2,L,C33,C42,C45,3,9,3
2024-01-26,3,L,C40,C43,C34,3,0,4
2024-01-27,0,L,C56,C57,C45,3,9,8
2024-01-27,1,L,C56,C35,C37,1,1,1
2024-01-27,2,L,C33,C57,C38,7,2,0
2024-01-27,3,L,C33,C42,C37,4,9,3
2024-01-29,0,L,C33,C57,C34,8,5,2
2024-01-29,1,L,C30,C42,C47,2,9,7
2024-01-29,2,L,C40,C35,C47,3,9,1
2024-01-29,3,L,C56,C57,C38,8,2,2
2024-01-30,0,L,C36,C58,C38,6,3,8
2024-01-30,1,L,C33,C57,C45,7,1,0
2024-01-30,2,L,C33,C57,C47,0,5,1
2024-01-30,3,L,C36,C35,C38,8,9,6
2024-01-31,0,L,C40,C35,C34,8,3,1
2024-01-31,1,L,C40,C42,C47,5,3,9
2024-01-31,2,L,C30,C58,C47,5,6,4
2024-01-31,3,L,C36,C57,C45,8,3,7
2024-02-01,0,M,C36,C35,C47,0,0,5
2024-02-01,1,M,C56,C35,C34,3,3,3
2024-02-01,2,M,C56,C43,C37,2,7,2
2024-02-01,3,M,C36,C35,C45,2,8,6
2024-02-02,0,M,C30,C42,C37,6,1,0
2024-02-02,1,M,C33,C35,C38,7,1,0
2024-02-02,2,M,C33,C43,C38,2,8,6
2024-02-02,3,M,C33,C57,C45,6,4,0
2024-02-03,0,M,C40,C42,C47,1,8,3
2024-02-03,1,M,C40,C42,C47,7,9,2
2024-02-03,2,M,C33,C57,C45,0,8,1
2024-02-03,3,M,C40,C58,C47,4,0,8
2024-02-05,0,M,C30,C57,C38,9,7,1
2024-02-05,1,M,C40,C57,C38,4,9,0
2024-02-05,2,M,C30,C57,C47,3,5,2
2024-02-05,3,M,C56,C42,C34,2,0,5
2024-02-06,0,M,C36,C43,C47,8,2,4
2024-02-06,1,M,C56,C57,C47,2,5,4
2024-02-06,2,M,C33,C58,C38,2,9,0
2024-02-06,3,M,C33,C42,C37,5,4,8
2024-02-07,0,M,C36,C35,C37,4,9,1
2024-02-07,1,M,C33,C58,C37,7,7,2
2024-02-07,2,M,C33,C57,C47,9,1,9
2024-02-07,3,M,C56,C58,C34,0,5,9
2024-02-08,0,M,C56,C57,C47,1,3,9
2024-02-08,1,M,C40,C43,C38,1,5,3
2024-02-08,2,M,C36,C42,C34,4,9,9
2024-02-08,3,M,C30,C58,C34,1,9,6
2024-02-09,0,M,C30,C35,C34,9,0,9
2024-02-09,1,M,C30,C58,C38,7,1,8
2024-02-09,2,M,C56,C57,C34,5,0,2
2024-02-09,3,M,C30,C57,C45,9,7,5
2024-02-10,0,M,C36,C42,C34,3,4,8
2024-02-10,1,M,C40,C42,C34,0,6,5
2024-02-10,2,M,C56,C42,C38,7,9,1
2024-02-10,3,M,C36,C43,C37,0,9,1
2024-02-12,0,M,C33,C58,C34,8,3,5
2024-02-12,1,M,C30,C43,C37,3,5,6
2024-02-12,2,M,C40,C57,C47,0,3,0
2024-02-12,3,M,C30,C57,C47,7,1,8
2024-02-13,0,M,C36,C35,C37,3,9,4
2024-02-13,1,M,C33,C58,C45,2,2,6
2024-02-13,2,M,C30,C35,C47,1,1,5
2024-02-13,3,M,C40,C42,C34,7,1,7
2024-02-14,0,M,C33,C57,C37,0,4,5
2024-02-14,1,M,C33,C35,C45,3,3,1
2024-02-14,2,M,C30,C42,C37,5,6,2
2024-02-14,3,M,C40,C42,C45,4,0,4
2024-02-15,0,M,C30,C58,C37,0,8,2
2024-02-15,1,M,C33,C35,C47,6,1,1
2024-02-15,2,M,C56,C43,C38,9,9,9
2024-02-15,3,M,C56,C42,C37,3,6,4
2024-02-16,0,M,C30,C57,C38,9,6,5
2024-02-16,1,M,C40,C42,C47,3,2,5
2024-02-16,2,M,C36,C57,C34,8,2,6
2024-02-16,3,M,C33,C43,C37,0,8,0
2024-02-17,0,M,C36,C43,C37,2,6,5
2024-02-17,1,M,C33,C35,C37,9,0,6
2024-02-17,2,M,C36,C35,C45,0,4,4
2024-02-17,3,M,C30,C57,C47,9,8,3
2024-02-19,0,M,C33,C43,C37,0,7,1
2024-02-19,1,M,C36,C42,C45,0,0,8
2024-02-19,2,M,C30,C58,C37,8,6,0
2024-02-19,3,M,C36,C57,C38,0,2,6
2024-02-20,0,M,C30,C43,C47,5,3,7
2024-02-20,1,M,C30,C42,C34,7,5,7
2024-02-20,2,M,C36,C43,C47,2,9,5
2024-02-20,3,M,C30,C35,C45,4,3,7
2024-02-21,0,M,C56,C35,C45,7,1,5
2024-02-21,1,M,C40,C58,C45,9,7,1
2024-02-21,2,M,C33,C57,C37,3,7,0
2024-02-21,3,M,C56,C35,C45,0,7,9
2024-02-22,0,M,C40,C42,C37,2,9,7
2024-02-22,1,M,C36,C43,C47,0,2,0
2024-02-22,2,M,C33,C43,C47,3,0,7
2024-02-22,3,M,C30,C43,C34,8,5,6
2024-02-23,0,M,C33,C57,C45,5,2,2
2024-02-23,1,M,C30,C35,C47,9,9,5
2024-02-23,2,M,C33,C42,C45,5,8,5
2024-02-23,3,M,C36,C58,C45,5,4,1
2024-02-24,0,M,C56,C35,C38,2,1,9
2024-02-24,1,M,C36,C57,C37,7,9,2
2024-02-24,2,M,C56,C57,C37,5,0,0
2024-02-24,3,M,C56,C58,C47,3,4,8
2024-02-26,0,M,C33,C42,C34,1,3,0
2024-02-26,1,M,C40,C57,C38,9,5,9
2024-02-26,2,M,C56,C42,C47,4,7,5
2024-02-26,3,M,C33,C58,C34,2,6,8
2024-02-27,0,M,C30,C35,C47,0,3,4
2024-02-27,1,M,C36,C58,C34,2,6,7
2024-02-27,2,M,C56,C43,C37,5,2,1
2024-02-27,3,M,C33,C43,C34,7,8,5
2024-02-28,0,M,C30,C35,C37,8,6,9
2024-02-28,1,M,C33,C43,C45,4,3,8
2024-02-28,2,M,C56,C35,C47,3,2,2
2024-02-28,3,M,C40,C57,C37,4,4,0
2024-02-29,0,M,C36,C43,C34,5,2,2
2024-02-29,1,M,C56,C35,C34,2,9,0
2024-02-29,2,M,C33,C35,C38,8,6,1
2024-02-29,3,M,C56,C58,C47,5,8,1
2024-03-01,0,N,C48,C57,C30,5,5,1
2024-03-01,1,N,C45,C49,C52,1,0,8
2024-03-01,2,N,C38,C46,C52,7,8,2
2024-03-01,3,N,C48,C49,C52,0,5,4
2024-03-02,0,N,C48,C32,C52,7,5,6
2024-03-02,1,N,C35,C43,C33,0,6,9
2024-03-02,2,N,C54,C49,C30,7,5,2
2024-03-02,3,N,C35,C32,C55,0,1,7
2024-03-04,0,N,C54,C32,C51,8,3,1
2024-03-04,1,N,C35,C46,C33,5,6,4
2024-03-04,2,N,C54,C32,C30,9,7,6
2024-03-04,3,N,C35,C43,C51,7,7,9
2024-03-05,0,N,C38,C57,C52,3,7,0
2024-03-05,1,N,C48,C46,C55,2,6,5
2024-03-05,2,N,C38,C46,C51,2,0,9
2024-03-05,3,N,C54,C46,C33,4,2,6
2024-03-06,0,N,C45,C46,C52,0,5,0
2024-03-06,1,N,C45,C46,C55,3,3,9
2024-03-06,2,N,C45,C43,C33,9,1,6
2024-03-06,3,N,C48,C57,C51,2,6,9
2024-03-07,0,N,C35,C32,C52,4,2,6
2024-03-07,1,N,C45,C57,C33,2,2,6
2024-03-07,2,N,C38,C43,C51,9,9,9
2024-03-07,3,N,C45,C46,C33,3,9,6
2024-03-08,0,N,C48,C57,C51,7,3,0
2024-03-08,1,N,C45,C57,C51,8,6,8
2024-03-08,2,N,C38,C49,C33,9,8,0
2024-03-08,3,N,C45,C49,C51,8,3,5
2024-03-09,0,N,C54,C57,C52,2,2,5
2024-03-09,1,N,C38,C46,C33,5,5,9
2024-03-09,2,N,C38,C49,C52,4,0,0
2024-03-09,3,N,C38,C57,C55,2,0,0
2024-03-11,0,N,C45,C57,C55,4,2,7
2024-03-11,1,N,C48,C32,C33,8,9,1
2024-03-11,2,N,C48,C43,C52,3,8,2
2024-03-11,3,N,C45,C43,C52,0,8,3
2024-03-12,0,N,C48,C57,C51,6,0,0
2024-03-12,1,N,C38,C49,C52,3,1,6
2024-03-12,2,N,C45,C49,C30,3,9,6
2024-03-12,3,N,C35,C49,C30,6,2,6
2024-03-13,0,N,C54,C43,C52,8,8,3
2024-03-13,1,N,C45,C43,C51,2,5,6
2024-03-13,2,N,C45,C49,C51,1,0,8
2024-03-13,3,N,C54,C57,C51,5,2,7
2024-03-14,0,N,C38,C49,C30,5,0,4
2024-03-14,1,N,C45,C32,C51,3,0,2
2024-03-14,2,N,C35,C43,C33,2,0,0
2024-03-14,3,N,C48,C57,C51,3,4,9
2024-03-15,0,N,C48,C43,C55,7,5,2
2024-03-15,1,N,C45,C43,C30,1,8,8
2024-03-15,2,N,C45,C43,C52,2,7,3
2024-03-15,3,N,C45,C32,C33,3,5,5
2024-03-16,0,N,C54,C32,C30,2,4,7
2024-03-16,1,N,C35,C49,C33,3,6,6
2024-03-16,2,N,C45,C46,C30,3,2,4
2024-03-16,3,N,C45,C32,C55,6,3,7
2024-03-18,0,N,C45,C32,C51,8,0,8
2024-03-18,1,N,C45,C46,C51,1,1,5
2024-03-18,2,N,C45,C57,C55,5,5,4
2024-03-18,3,N,C54,C57,C51,5,3,0
2024-03-19,0,N,C38,C43,C33,0,8,0
2024-03-19,1,N,C35,C43,C55,1,2,3
2024-03-19,2,N,C48,C32,C55,0,6,3
2024-03-19,3,N,C48,C57,C52,1,4,6
2024-03-20,0,N,C35,C49,C52,3,7,9
2024-03-20,1,N,C35,C57,C30,8,9,5
2024-03-20,2,N,C35,C46,C30,5,3,7
2024-03-20,3,N,C35,C32,C51,7,9,6
2024-03-21,0,N,C45,C46,C33,9,1,5
2024-03-21,1,N,C38,C49,C55,8,8,5
2024-03-21,2,N,C48,C57,C51,3,6,2
2024-03-21,3,N,C54,C49,C51,1,6,9
2024-03-22,0,N,C38,C43,C55,5,0,4
2024-03-22,1,N,C38,C49,C55,9,4,7
2024-03-22,2,N,C45,C46,C30,9,2,4
2024-03-22,3,N,C35,C46,C33,1,7,5
2024-03-23,0,N,C48,C43,C55,0,8,4
2024-03-23,1,N,C38,C32,C51,1,8,5
2024-03-23,2,N,C38,C57,C55,7,0,8
2024-03-23,3,N,C35,C46,C55,6,8,5
2024-03-25,0,N,C35,C49,C55,9,1,3
2024-03-25,1,N,C35,C49,C55,1,8,7
2024-03-25,2,N,C54,C43,C33,2,6,2
2024-03-25,3,N,C54,C49,C55,5,3,1
2024-03-26,0,N,C38,C43,C30,6,9,2
2024-03-26,1,N,C35,C49,C51,3,5,7
2024-03-26,2,N,C45,C46,C30,8,9,5
2024-03-26,3,N,C48,C57,C52,3,6,4
2024-03-27,0,N,C54,C49,C30,0,5,1
2024-03-27,1,N,C45,C32,C51,6,8,8
2024-03-27,2,N,C38,C49,C55,2,8,6
2024-03-27,3,N,C45,C46,C55,6,6,9
2024-03-28,0,N,C35,C32,C52,3,6,6
2024-03-28,1,N,C54,C49,C33,1,4,9
2024-03-28,2,N,C45,C49,C51,3,0,5
2024-03-28,3,N,C54,C46,C33,4,5,4
2024-03-29,0,N,C45,C46,C51,9,1,3
2024-03-29,1,N,C35,C32,C33,6,3,6
2024-03-29,2,N,C45,C43,C55,8,6,1
2024-03-29,3,N,C48,C32,C55,8,2,5
2024-03-30,0,N,C38,C43,C30,7,9,6
2024-03-30,1,N,C54,C57,C51,9,2,4
2024-03-30,2,N,C38,C46,C52,1,8,2
2024-03-30,3,N,C38,C57,C55,4,9,3
2024-04-01,0,O,C54,C49,C51,7,7,3
2024-04-01,1,O,C38,C57,C55,0,0,3
2024-04-01,2,O,C35,C49,C30,9,1,6
2024-04-01,3,O,C48,C49,C30,1,8,5
2024-04-02,0,O,C54,C46,C30,3,1,6
2024-04-02,1,O,C35,C43,C30,4,0,5
2024-04-02,2,O,C38,C43,C51,9,5,1
2024-04-02,3,O,C35,C49,C55,0,0,8
2024-04-03,0,O,C45,C43,C51,7,6,1
2024-04-03,1,O,C48,C43,C55,6,3,0
2024-04-03,2,O,C38,C32,C52,9,3,8
2024-04-03,3,O,C35,C43,C33,8,7,2
2024-04-04,0,O,C54,C46,C52,6,1,3
2024-04-04,1,O,C54,C57,C52,7,7,7
2024-04-04,2,O,C38,C57,C33,8,7,0
2024-04-04,3,O,C38,C46,C30,8,1,1
2024-04-05,0,O,C54,C43,C30,5,4,5
2024-04-05,1,O,C54,C46,C51,9,7,3
2024-04-05,2,O,C38,C46,C52,8,1,0
2024-04-05,3,O,C38,C43,C52,1,7,9
2024-04-06,0,O,C48,C32,C55,4,1,0
2024-04-06,1,O,C38,C46,C30,6,7,1
2024-04-06,2,O,C38,C43,C52,5,5,2
2024-04-06,3,O,C35,C46,C33,1,4,6
2024-04-08,0,O,C48,C43,C52,1,7,6
2024-04-08,1,O,C54,C46,C52,2,3,0
2024-04-08,2,O,C48,C32,C30,0,5,9
2024-04-08,3,O,C35,C32,C51,2,7,6
2024-04-09,0,O,C35,C46,C51,9,3,0
2024-04-09,1,O,C45,C57,C52,0,6,8
2024-04-09,2,O,C35,C32,C33,4,4,9
2024-04-09,3,O,C45,C46,C51,3,6,1
2024-04-10,0,O,C38,C57,C52,7,0,0
2024-04-10,1,O,C35,C46,C33,5,7,9
2024-04-10,2,O,C48,C32,C33,3,8,2
2024-04-10,3,O,C45,C46,C52,3,7,9
2024-04-11,0,O,C54,C43,C52,0,4,6
2024-04-11,1,O,C48,C46,C33,7,4,1
2024-04-11,2,O,C45,C49,C30,9,9,9
2024-04-11,3,O,C45,C46,C33,8,4,8
2024-04-12,0,O,C35,C32,C51,4,3,7
2024-04-12,1,O,C54,C32,C52,0,8,1
2024-04-12,2,O,C38,C49,C33,5,1,3
2024-04-12,3,O,C38,C32,C33,7,0,2
2024-04-13,0,O,C48,C57,C51,5,3,2
2024-04-13,1,O,C35,C49,C52,2,9,4
2024-04-13,2,O,C48,C43,C30,5,5,1
2024-04-13,3,O,C54,C43,C30,5,4,3
2024-04-15,0,O,C48,C57,C30,0,3,4
2024-04-15,1,O,C45,C49,C55,2,0,9
2024-04-15,2,O,C48,C32,C52,2,4,7
2024-04-15,3,O,C48,C32,C30,7,9,2
2024-04-16,0,O,C35,C57,C55,3,4,8
2024-04-16,1,O,C45,C43,C33,3,5,4
2024-04-16,2,O,C45,C32,C51,1,7,9
2024-04-16,3,O,C54,C49,C30,3,2,9
2024-04-17,0,O,C45,C32,C33,9,3,5
2024-04-17,1,O,C45,C32,C55,1,3,6
2024-04-17,2,O,C35,C46,C33,9,5,7
2024-04-17,3,O,C45,C57,C33,5,1,8
2024-04-18,0,O,C38,C57,C55,4,9,8
2024-04-18,1,O,C35,C57,C51,6,0,3
2024-04-18,2,O,C38,C32,C51,1,4,1
2024-04-18,3,O,C48,C43,C33,3,5,7
2024-04-19,0,O,C48,C49,C33,5,8,0
2024-04-19,1,O,C54,C43,C30,1,8,6
2024-04-19,2,O,C35,C32,C52,9,7,3
2024-04-19,3,O,C45,C32,C51,4,8,1
2024-04-20,0,O,C48,C49,C52,9,5,3
2024-04-20,1,O,C35,C49,C51,1,2,7
2024-04-20,2,O,C38,C46,C30,7,1,5
2024-04-20,3,O,C48,C49,C52,8,3,1
2024-04-22,0,O,C38,C32,C30,4,0,4
2024-04-22,1,O,C35,C57,C51,9,9,3
2024-04-22,2,O,C54,C43,C55,7,1,7
2024-04-22,3,O,C38,C57,C52,8,1,4
2024-04-23,0,O,C48,C43,C55,0,6,9
2024-04-23,1,O,C38,C49,C30,8,3,6
2024-04-23,2,P,C54,C43,C51,7,5,6
2024-04-23,3,P,C38,C43,C55,6,3,6
2024-04-24,0,P,C35,C46,C33,1,6,2
2024-04-24,1,P,C38,C57,C51,6,0,0
2024-04-24,2,P,C54,C32,C51,4,1,3
2024-04-24,3,P,C54,C57,C51,0,7,2
2024-04-25,0,P,C35,C46,C30,8,8,8
2024-04-25,1,P,C54,C43,C52,2,8,2
2024-04-25,2,P,C48,C43,C30,3,3,0
2024-04-25,3,P,C35,C46,C30,5,8,4
2024-04-26,0,P,C38,C49,C33,4,5,3
2024-04-26,1,P,C45,C49,C30,5,1,2
2024-04-26,2,P,C45,C57,C52,2,0,5
2024-04-26,3,P,C48,C49,C55,7,7,4
2024-04-27,0,P,C48,C32,C30,7,7,0
2024-04-27,1,P,C48,C43,C30,6,7,6
2024-04-27,2,P,C45,C43,C55,1,8,3
2024-04-27,3,P,C54,C46,C55,0,1,4
2024-04-29,0,P,C54,C46,C52,1,0,5
2024-04-29,1,P,C54,C46,C51,2,8,3
2024-04-29,2,P,C35,C49,C30,7,7,4
2024-04-29,3,P,C35,C43,C55,4,7,2
2024-04-30,0,P,C35,C43,C55,2,0,5
2024-04-30,1,P,C45,C49,C30,3,3,7
2024-04-30,2,P,C54,C46,C55,4,7,0
2024-04-30,3,P,C48,C46,C30,3,7,1
2024-05-01,0,P,C45,C43,C55,0,6,0
2024-05-01,1,P,C45,C57,C51,1,5,8
2024-05-01,2,P,C48,C46,C52,8,9,4
2024-05-01,3,P,C45,C46,C52,5,7,3
2024-05-02,0,P,C35,C46,C52,2,2,3
2024-05-02,1,P,C35,C32,C33,7,9,8
2024-05-02,2,P,C38,C49,C55,1,0,7
2024-05-02,3,P,C48,C46,C30,9,7,3
2024-05-03,0,P,C45,C57,C30,4,1,5
2024-05-03,1,P,C54,C49,C33,3,4,6
2024-05-03,2,P,C35,C43,C51,9,9,4
2024-05-03,3,P,C38,C46,C30,1,1,0
2024-05-04,0,P,C48,C43,C55,2,7,4
2024-05-04,1,P,C45,C32,C51,1,8,4
2024-05-04,2,P,C38,C49,C55,8,5,2
2024-05-04,3,P,C35,C43,C52,0,9,8
2024-05-06,0,P,C45,C46,C55,8,8,9
2024-05-06,1,P,C35,C49,C55,8,4,6
2024-05-06,2,P,C38,C32,C30,0,8,7
2024-05-06,3,P,C35,C49,C33,9,7,1
2024-05-07,0,P,C38,C49,C33,8,5,2
2024-05-07,1,P,C38,C32,C51,4,8,8
2024-05-07,2,P,C35,C49,C51,0,8,3
2024-05-07,3,P,C38,C46,C52,5,5,5
2024-05-08,0,P,C38,C32,C30,4,1,7
2024-05-08,1,P,C48,C49,C33,8,6,5
2024-05-08,2,P,C35,C49,C30,7,8,5
2024-05-08,3,P,C48,C32,C55,9,5,5
2024-05-09,0,P,C48,C43,C51,4,7,8
2024-05-09,1,P,C38,C46,C55,8,5,4
2024-05-09,2,P,C54,C49,C55,2,0,8
2024-05-09,3,P,C38,C32,C55,9,0,8
2024-05-10,0,P,C48,C46,C33,5,0,0
2024-05-10,1,P,C38,C32,C55,7,2,5
2024-05-10,2,P,C45,C43,C33,1,9,9
2024-05-10,3,P,C38,C43,C33,9,4,6
2024-05-11,0,P,C48,C43,C52,0,9,8
2024-05-11,1,P,C54,C57,C55,1,2,5
2024-05-11,2,P,C35,C49,C33,5,1,4
2024-05-11,3,P,C38,C32,C51,4,3,8
2024-05-13,0,P,C35,C49,C33,7,5,1
2024-05-13,1,P,C35,C57,C55,6,0,0
2024-05-13,2,P,C48,C43,C55,6,6,6
2024-05-13,3,P,C48,C57,C33,1,6,8
2024-05-14,0,P,C54,C32,C52,1,5,7
2024-05-14,1,P,C54,C43,C52,5,4,7
2024-05-14,2,P,C54,C46,C51,4,2,2
2024-05-14,3,P,C35,C46,C33,3,5,3
2024-05-15,0,P,C35,C32,C51,2,4,5
2024-05-15,1,P,C48,C32,C51,6,4,8
2024-05-15,2,P,C48,C57,C30,7,6,5
2024-05-15,3,P,C45,C32,C30,8,1,4
2024-05-16,0,P,C45,C32,C55,2,8,8
2024-05-16,1,P,C54,C32,C33,5,8,3
2024-05-16,2,P,C54,C46,C55,8,0,7
2024-05-16,3,P,C38,C43,C55,6,3,4
2024-05-17,0,P,C45,C49,C33,0,1,4
2024-05-17,1,P,C48,C49,C30,3,2,1
2024-05-17,2,P,C38,C43,C51,3,9,8
2024-05-17,3,P,C54,C57,C55,2,3,8
2024-05-18,0,P,C35,C43,C55,0,8,1
2024-05-18,1,P,C45,C57,C52,3,1,8
2024-05-18,2,P,C45,C49,C33,4,3,2
2024-05-18,3,P,C45,C57,C33,7,0,5
2024-05-20,0,P,C35,C49,C52,9,2,3
2024-05-20,1,P,C45,C43,C33,9,2,8
2024-05-20,2,P,C48,C57,C30,2,3,1
2024-05-20,3,P,C54,C43,C55,4,4,4
2024-05-21,0,P,C38,C57,C30,9,0,5
2024-05-21,1,P,C38,C57,C33,2,9,5
2024-05-21,2,P,C45,C57,C52,5,4,0
2024-05-21,3,P,C48,C32,C55,7,0,4
2024-05-22,0,P,C38,C43,C55,8,9,0
2024-05-22,1,P,C45,C49,C55,0,9,8
2024-05-22,2,P,C48,C32,C52,4,7,1
2024-05-22,3,P,C54,C43,C55,8,5,8
2024-05-23,0,P,C38,C49,C52,5,2,1
2024-05-23,1,P,C35,C49,C33,0,0,7
2024-05-23,2,P,C48,C46,C52,6,9,6
2024-05-23,3,P,C38,C32,C33,7,1,2
2024-05-24,0,P,C48,C57,C52,9,3,9
2024-05-24,1,P,C35,C43,C51,3,3,2
2024-05-24,2,P,C54,C49,C51,9,0,1
2024-05-24,3,P,C54,C43,C30,9,5,9
2024-05-25,0,P,C38,C57,C33,4,7,8
2024-05-25,1,P,C45,C57,C30,6,7,3
2024-05-25,2,P,C38,C43,C52,9,7,3
2024-05-25,3,P,C38,C32,C33,6,3,8
2024-05-27,0,P,C48,C46,C33,2,9,0
2024-05-27,1,P,C54,C46,C30,7,8,4
2024-05-27,2,P,C38,C46,C30,3,1,7
2024-05-27,3,P,C54,C57,C33,3,4,6
2024-05-28,0,P,C45,C49,C52,3,6,5
2024-05-28,1,P,C54,C49,C55,9,1,1
2024-05-28,2,P,C45,C43,C51,7,2,1
2024-05-28,3,P,C45,C32,C51,0,4,1
2024-05-29,0,P,C45,C46,C55,0,1,6
2024-05-29,1,P,C38,C43,C52,0,9,8
2024-05-29,2,P,C54,C57,C52,4,0,3
2024-05-29,3,P,C35,C32,C52,0,3,4
2024-05-30,0,P,C35,C43,C51,8,0,7
2024-05-30,1,P,C35,C49,C33,3,7,9
2024-05-30,2,P,C48,C43,C30,0,9,4
2024-05-30,3,P,C35,C57,C55,7,6,0
2024-05-31,0,P,C38,C43,C51,1,2,4
2024-05-31,1,P,C45,C46,C33,9,0,5
2024-05-31,2,P,C35,C49,C55,6,7,0
2024-05-31,3,P,C54,C46,C52,3,6,9
2024-06-01,0,L,C45,C53,C41,4,9,2
2024-06-01,1,L,C37,C36,C41,6,4,2
2024-06-01,2,L,C52,C44,C48,3,0,3
2024-06-01,3,L,C32,C44,C39,2,8,3
2024-06-03,0,L,C58,C35,C34,8,8,7
2024-06-03,1,L,C52,C42,C34,4,9,4
2024-06-03,2,L,C32,C36,C34,6,5,8
2024-06-03,3,L,C32,C35,C34,4,8,7
2024-06-04,0,L,C37,C35,C59,9,3,0
2024-06-04,1,L,C58,C35,C41,6,2,6
2024-06-04,2,L,C52,C42,C39,8,4,5
2024-06-04,3,L,C58,C35,C59,9,1,5
2024-06-05,0,L,C37,C53,C48,9,4,7
2024-06-05,1,L,C52,C53,C59,7,1,5
2024-06-05,2,L,C37,C42,C41,8,9,8
2024-06-05,3,L,C37,C36,C41,6,2,5
2024-06-06,0,L,C37,C42,C59,7,3,4
2024-06-06,1,L,C52,C36,C41,3,3,7
2024-06-06,2,L,C37,C35,C39,2,7,3
2024-06-06,3,L,C52,C53,C41,1,6,7
2024-06-07,0,L,C52,C53,C41,3,7,6
2024-06-07,1,L,C32,C53,C59,7,4,0
2024-06-07,2,L,C32,C44,C34,6,0,4
2024-06-07,3,L,C45,C44,C59,8,5,0
2024-06-08,0,L,C32,C44,C59,5,3,8
2024-06-08,1,L,C52,C42,C48,0,2,3
2024-06-08,2,L,C52,C36,C41,4,6,0
2024-06-08,3,L,C37,C42,C48,4,0,6
2024-06-10,0,L,C58,C53,C39,5,7,6
2024-06-10,1,L,C45,C53,C34,4,0,6
2024-06-10,2,L,C58,C44,C48,9,9,8
2024-06-10,3,L,C58,C36,C59,1,8,0
2024-06-11,0,L,C58,C44,C59,4,8,3
2024-06-11,1,L,C58,C36,C59,4,8,7
2024-06-11,2,L,C37,C35,C39,8,6,6
2024-06-11,3,L,C45,C35,C48,2,8,4
2024-06-12,0,L,C58,C35,C34,8,2,8
2024-06-12,1,L,C58,C35,C59,0,1,4
2024-06-12,2,L,C37,C44,C59,8,7,5
2024-06-12,3,L,C32,C35,C41,5,3,1
2024-06-13,0,L,C37,C53,C39,1,4,5
2024-06-13,1,L,C45,C36,C41,4,1,1
2024-06-13,2,L,C37,C44,C41,4,8,4
2024-06-13,3,L,C58,C53,C48,6,8,8
2024-06-14,0,L,C45,C42,C41,0,0,1
2024-06-14,1,L,C58,C36,C48,2,1,2
2024-06-14,2,L,C58,C35,C41,3,8,5
2024-06-14,3,L,C52,C35,C39,8,4,2
2024-06-15,0,L,C45,C36,C48,8,0,6
2024-06-15,1,L,C32,C36,C34,7,7,4
2024-06-15,2,L,C32,C35,C41,5,4,5
2024-06-15,3,L,C37,C42,C34,5,2,0
2024-06-17,0,L,C37,C36,C59,5,3,4
2024-06-17,1,L,C52,C44,C41,8,6,5
2024-06-17,2,L,C58,C42,C41,3,5,0
2024-06-17,3,L,C58,C53,C48,7,1,3
2024-06-18,0,L,C58,C53,C41,3,5,0
2024-06-18,1,L,C37,C44,C41,2,3,2
2024-06-18,2,L,C32,C42,C48,0,2,7
2024-06-18,3,L,C52,C36,C34,0,5,3
2024-06-19,0,L,C32,C42,C48,0,3,5
2024-06-19,1,L,C32,C53,C34,4,1,7
2024-06-19,2,L,C45,C53,C59,6,5,2
2024-06-19,3,L,C45,C42,C34,8,1,9
2024-06-20,0,L,C45,C53,C41,6,0,5
2024-06-20,1,L,C58,C36,C59,2,0,9
2024-06-20,2,L,C52,C42,C34,7,1,2
2024-06-20,3,L,C37,C36,C39,5,5,9
2024-06-21,0,L,C52,C36,C41,5,5,5
2024-06-21,1,L,C32,C36,C39,7,8,3
2024-06-21,2,L,C52,C36,C34,7,3,5
2024-06-21,3,L,C58,C42,C39,9,3,6
2024-06-22,0,L,C58,C42,C41,4,3,5
2024-06-22,1,L,C52,C35,C34,8,7,0
2024-06-22,2,L,C52,C53,C41,2,3,2
2024-06-22,3,L,C37,C53,C59,0,3,7
2024-06-24,0,L,C58,C53,C41,0,6,0
2024-06-24,1,L,C37,C44,C48,6,0,5
2024-06-24,2,L,C32,C53,C34,6,3,3
2024-06-24,3,L,C45,C53,C59,2,1,7
2024-06-25,0,L,C45,C44,C48,1,0,5
2024-06-25,1,L,C52,C36,C41,0,3,0
2024-06-25,2,L,C52,C53,C34,8,3,2
2024-06-25,3,L,C32,C36,C59,7,6,4
2024-06-26,0,L,C45,C36,C41,8,8,6
2024-06-26,1,L,C45,C53,C48,2,2,9
2024-06-26,2,L,C37,C53,C34,8,5,6
2024-06-26,3,L,C52,C44,C41,8,3,8
2024-06-27,0,L,C37,C35,C59,0,6,3
2024-06-27,1,L,C32,C53,C39,1,9,4
2024-06-27,2,L,C37,C42,C59,0,2,0
2024-06-27,3,L,C37,C53,C39,2,5,7
2024-06-28,0,L,C45,C44,C34,8,5,8
2024-06-28,1,L,C45,C35,C41,8,5,4
2024-06-28,2,L,C45,C53,C48,7,2,1
2024-06-28,3,L,C32,C42,C59,9,0,4
2024-06-29,0,L,C37,C42,C39,7,7,4
2024-06-29,1,L,C37,C42,C41,5,4,9
2024-06-29,2,L,C52,C53,C48,5,6,5
2024-06-29,3,L,C37,C36,C41,6,0,4
2024-07-01,0,M,C52,C44,C41,2,8,8
2024-07-01,1,M,C58,C42,C39,0,3,8
2024-07-01,2,M,C58,C44,C41,5,4,4
2024-07-01,3,M,C52,C36,C41,7,7,1
2024-07-02,0,M,C32,C35,C39,1,0,9
2024-07-02,1,M,C45,C53,C39,0,3,3
2024-07-02,2,M,C58,C42,C41,3,5,5
2024-07-02,3,M,C52,C44,C48,8,2,9
2024-07-03,0,M,C45,C36,C39,0,3,0
2024-07-03,1,M,C45,C53,C34,9,6,5
2024-07-03,2,M,C32,C42,C41,4,6,2
2024-07-03,3,M,C37,C53,C39,4,9,0
2024-07-04,0,M,C45,C53,C48,9,1,9
2024-07-04,1,M,C37,C44,C41,3,9,9
2024-07-04,2,M,C58,C44,C34,7,7,0
2024-07-04,3,M,C58,C35,C48,7,8,7
2024-07-05,0,M,C37,C36,C39,3,5,0
2024-07-05,1,M,C32,C35,C39,6,4,2
2024-07-05,2,M,C52,C44,C48,2,8,3
2024-07-05,3,M,C52,C35,C59,8,2,2
2024-07-06,0,M,C32,C42,C48,1,2,2
2024-07-06,1,M,C52,C42,C34,6,1,7
2024-07-06,2,M,C32,C35,C34,2,5,0
2024-07-06,3,M,C37,C53,C34,5,8,8
2024-07-08,0,M,C45,C53,C34,6,3,2
2024-07-08,1,M,C52,C36,C59,3,4,5
2024-07-08,2,M,C32,C42,C48,8,2,2
2024-07-08,3,M,C58,C35,C39,3,1,9
2024-07-09,0,M,C52,C53,C34,2,0,2
2024-07-09,1,M,C32,C42,C41,2,6,9
2024-07-09,2,M,C37,C53,C34,8,7,8
2024-07-09,3,M,C32,C36,C39,9,7,3
2024-07-10,0,M,C32,C36,C34,4,0,5
2024-07-10,1,M,C32,C44,C39,9,5,8
2024-07-10,2,M,C37,C44,C39,3,0,8
2024-07-10,3,M,C37,C44,C34,4,2,0
2024-07-11,0,M,C58,C36,C41,4,9,4
2024-07-11,1,M,C37,C42,C39,0,4,1
2024-07-11,2,M,C32,C36,C39,4,4,3
2024-07-11,3,M,C58,C53,C48,3,5,7
2024-07-12,0,M,C58,C35,C41,6,2,4
2024-07-12,1,M,C45,C42,C48,0,4,0
2024-07-12,2,M,C58,C42,C34,2,8,9
2024-07-12,3,M,C32,C42,C59,6,0,0
2024-07-13,0,M,C52,C53,C41,2,6,5
2024-07-13,1,M,C45,C42,C48,9,7,1
2024-07-13,2,M,C32,C35,C39,1,6,1
2024-07-13,3,M,C52,C36,C48,5,4,6
2024-07-15,0,M,C32,C44,C41,6,5,8
2024-07-15,1,M,C37,C44,C48,0,4,3
2024-07-15,2,M,C45,C44,C48,1,8,9
2024-07-15,3,M,C58,C42,C59,3,9,7
2024-07-16,0,M,C52,C42,C39,2,5,7
2024-07-16,1,M,C45,C42,C34,7,7,7
2024-07-16,2,M,C45,C35,C39,5,7,8
2024-07-16,3,M,C32,C35,C59,4,0,7
2024-07-17,0,M,C32,C42,C59,5,1,4
2024-07-17,1,M,C52,C44,C59,1,4,7
2024-07-17,2,M,C58,C44,C39,9,3,6
2024-07-17,3,M,C58,C36,C59,1,5,7
2024-07-18,0,M,C58,C36,C41,7,6,7
2024-07-18,1,M,C45,C42,C59,4,8,3
2024-07-18,2,M,C37,C53,C59,6,3,7
2024-07-18,3,M,C45,C42,C59,5,0,2
2024-07-19,0,M,C52,C44,C59,7,6,9
2024-07-19,1,M,C58,C35,C34,6,2,9
2024-07-19,2,M,C52,C53,C59,2,9,1
2024-07-19,3,M,C58,C36,C34,3,8,3
2024-07-20,0,M,C52,C44,C39,6,1,2
2024-07-20,1,M,C52,C53,C39,6,1,4
2024-07-20,2,M,C32,C35,C48,3,0,5
2024-07-20,3,M,C32,C35,C34,9,1,1
2024-07-22,0,M,C52,C36,C34,9,3,6
2024-07-22,1,M,C52,C36,C41,8,3,1
2024-07-22,2,M,C32,C36,C41,0,0,2
2024-07-22,3,M,C37,C36,C48,5,0,5
2024-07-23,0,M,C37,C53,C59,4,0,3
2024-07-23,1,M,C37,C53,C48,6,3,4
2024-07-23,2,M,C45,C36,C34,7,7,8
2024-07-23,3,M,C58,C36,C41,0,0,8
2024-07-24,0,M,C58,C36,C34,2,0,9
2024-07-24,1,M,C52,C53,C41,7,4,0
2024-07-24,2,M,C52,C44,C39,2,7,6
2024-07-24,3,M,C45,C36,C39,8,7,6
2024-07-25,0,M,C32,C36,C39,0,8,2
2024-07-25,1,M,C52,C42,C48,6,0,0
2024-07-25,2,M,C32,C44,C59,1,3,4
2024-07-25,3,M,C37,C44,C59,9,2,8
2024-07-26,0,M,C45,C35,C34,3,4,0
2024-07-26,1,M,C52,C36,C48,5,3,2
2024-07-26,2,M,C45,C53,C41,7,1,7
2024-07-26,3,M,C37,C53,C39,7,1,3
2024-07-27,0,M,C32,C42,C48,2,4,7
2024-07-27,1,M,C58,C53,C34,0,8,2
2024-07-27,2,M,C52,C36,C59,4,0,0
2024-07-27,3,M,C52,C36,C34,9,6,4
2024-07-29,0,M,C32,C42,C59,9,9,0
2024-07-29,1,M,C45,C35,C34,7,3,7
2024-07-29,2,M,C58,C36,C48,7,1,2
2024-07-29,3,M,C37,C44,C41,1,5,4
2024-07-30,0,M,C37,C35,C48,2,9,9
2024-07-30,1,M,C52,C53,C59,8,3,5
2024-07-30,2,M,C52,C36,C34,5,0,6
2024-07-30,3,M,C45,C42,C41,2,2,8
2024-07-31,0,M,C32,C35,C39,1,8,4
2024-07-31,1,M,C37,C53,C41,8,9,7
2024-07-31,2,M,C58,C36,C59,8,9,1
2024-07-31,3,M,C32,C53,C39,3,2,8
2024-08-01,0,N,C90,C85,C75,8,2,2
2024-08-01,1,N,C76,C85,C78,5,3,3
2024-08-01,2,N,C76,C85,C89,7,9,6
2024-08-01,3,N,C95,C84,C72,3,2,4
2024-08-02,0,N,C76,C84,C70,2,6,5
2024-08-02,1,N,C74,C84,C70,7,0,5
2024-08-02,2,N,C91,C85,C78,8,4,7
2024-08-02,3,N,C95,C84,C75,9,6,1
2024-08-03,0,N,C95,C68,C75,9,8,5
2024-08-03,1,N,C91,C79,C75,1,9,2
2024-08-03,2,N,C76,C82,C78,2,7,2
2024-08-03,3,N,C76,C68,C89,9,7,5
2024-08-05,0,N,C76,C85,C75,3,3,7
2024-08-05,1,N,C90,C85,C70,8,1,1
2024-08-05,2,N,C95,C68,C70,1,4,7
2024-08-05,3,N,C76,C68,C75,3,3,2
2024-08-06,0,N,C95,C84,C78,4,8,3
2024-08-06,1,N,C76,C79,C89,3,0,5
2024-08-06,2,N,C90,C82,C78,1,2,3
2024-08-06,3,N,C95,C84,C70,8,5,1
2024-08-07,0,N,C74,C85,C70,0,9,8
2024-08-07,1,N,C95,C79,C75,8,6,5
2024-08-07,2,N,C90,C84,C70,5,0,6
2024-08-07,3,N,C76,C82,C89,9,3,6
2024-08-08,0,N,C90,C85,C72,7,9,9
2024-08-08,1,N,C76,C68,C75,3,9,2
2024-08-08,2,N,C74,C79,C78,4,4,4
2024-08-08,3,N,C76,C84,C78,3,1,4
2024-08-09,0,N,C91,C85,C72,5,9,8
2024-08-09,1,N,C95,C85,C70,8,4,2
2024-08-09,2,N,C74,C82,C75,2,0,6
2024-08-09,3,N,C95,C79,C75,1,8,2
2024-08-10,0,N,C74,C85,C72,4,7,2
2024-08-10,1,N,C76,C82,C70,3,9,6
2024-08-10,2,N,C95,C79,C78,0,3,6
2024-08-10,3,N,C90,C85,C70,4,2,6
2024-08-12,0,N,C74,C68,C70,1,0,4
2024-08-12,1,N,C95,C85,C78,7,1,9
2024-08-12,2,N,C90,C84,C78,6,9,7
2024-08-12,3,O,C74,C84,C78,5,5,4
2024-08-13,0,O,C90,C79,C75,5,5,7
2024-08-13,1,O,C91,C79,C72,3,8,2
2024-08-13,2,O,C91,C85,C78,5,8,7
2024-08-13,3,O,C74,C82,C75,0,8,7
2024-08-14,0,O,C74,C82,C78,2,2,4
2024-08-14,1,O,C95,C85,C70,9,5,3
2024-08-14,2,O,C74,C85,C78,1,7,9
2024-08-14,3,O,C90,C85,C78,1,5,4
2024-08-15,0,O,C95,C84,C75,2,0,9
2024-08-15,1,O,C76,C82,C70,2,8,6
2024-08-15,2,O,C90,C68,C72,2,9,8
2024-08-15,3,O,C90,C82,C75,6,1,2
2024-08-16,0,O,C95,C79,C72,3,0,6
2024-08-16,1,O,C95,C85,C78,7,0,7
2024-08-16,2,O,C95,C85,C72,4,1,9
2024-08-16,3,O,C91,C79,C70,0,6,1
2024-08-17,0,O,C95,C79,C78,7,1,1
2024-08-17,1,O,C91,C79,C78,6,3,5
2024-08-17,2,O,C74,C79,C72,0,6,3
2024-08-17,3,O,C90,C68,C89,7,0,1
2024-08-19,0,O,C91,C79,C89,7,9,5
2024-08-19,1,O,C91,C84,C75,1,2,3
2024-08-19,2,O,C90,C68,C70,6,4,6
2024-08-19,3,O,C91,C79,C89,1,1,7
2024-08-20,0,O,C91,C85,C75,4,6,5
2024-08-20,1,O,C90,C84,C70,5,9,9
2024-08-20,2,O,C91,C82,C78,4,2,4
2024-08-20,3,O,C90,C79,C78,2,0,4
2024-08-21,0,O,C74,C68,C75,9,0,3
2024-08-21,1,O,C74,C85,C72,2,8,5
2024-08-21,2,O,C74,C84,C75,3,1,6
2024-08-21,3,O,C95,C79,C75,6,2,0
2024-08-22,0,O,C76,C79,C70,5,3,7
2024-08-22,1,O,C95,C85,C75,4,4,5
2024-08-22,2,O,C95,C79,C78,3,6,9
2024-08-22,3,O,C91,C84,C89,0,6,4
2024-08-23,0,O,C74,C84,C78,1,4,7
2024-08-23,1,O,C74,C82,C75,6,3,5
2024-08-23,2,O,C95,C68,C72,8,1,6
2024-08-23,3,O,C90,C68,C75,4,8,9
2024-08-24,0,O,C90,C82,C78,1,2,0
2024-08-24,1,O,C91,C84,C75,8,9,5
2024-08-24,2,O,C76,C79,C78,5,0,0
2024-08-24,3,O,C74,C85,C72,3,6,6
2024-08-26,0,O,C90,C84,C89,8,4,7
2024-08-26,1,O,C76,C85,C75,9,5,9
2024-08-26,2,O,C74,C79,C89,7,2,0
2024-08-26,3,O,C95,C68,C78,4,9,9
2024-08-27,0,O,C76,C82,C78,4,0,4
2024-08-27,1,O,C76,C82,C72,8,0,4
2024-08-27,2,O,C91,C84,C89,7,8,6
2024-08-27,3,O,C74,C85,C72,0,6,9
2024-08-28,0,O,C74,C79,C75,7,1,3
2024-08-28,1,O,C76,C79,C75,7,0,4
2024-08-28,2,O,C91,C85,C78,1,6,9
2024-08-28,3,O,C90,C68,C72,7,5,5
2024-08-29,0,O,C91,C79,C70,1,2,5
2024-08-29,1,O,C91,C79,C75,8,7,4
2024-08-29,2,O,C90,C68,C72,4,0,1
2024-08-29,3,O,C91,C82,C75,4,0,8
2024-08-30,0,O,C90,C84,C75,9,1,6
2024-08-30,1,O,C76,C68,C75,5,2,3
2024-08-30,2,O,C74,C79,C89,2,8,9
2024-08-30,3,O,C74,C79,C72,2,4,2
2024-08-31,0,O,C76,C79,C78,3,8,2
2024-08-31,1,O,C74,C84,C70,2,5,5
2024-08-31,2,O,C95,C85,C72,8,5,4
2024-08-31,3,O,C95,C82,C70,8,3,8
2024-09-02,0,O,C89,C75,C84,1,1,7
2024-09-02,1,O,C89,C83,C72,6,6,5
2024-09-02,2,O,C86,C83,C72,8,5,7
2024-09-02,3,O,C86,C79,C94,3,4,9
2024-09-03,0,O,C81,C82,C74,2,8,6
2024-09-03,1,O,C92,C87,C72,7,6,5
2024-09-03,2,O,C86,C83,C74,4,7,6
2024-09-03,3,O,C89,C83,C94,9,3,8
2024-09-04,0,O,C89,C75,C74,8,4,5
2024-09-04,1,O,C92,C87,C72,4,6,2
2024-09-04,2,O,C71,C87,C74,9,0,9
2024-09-04,3,O,C86,C79,C94,9,3,3
2024-09-05,0,O,C86,C83,C72,7,4,8
2024-09-05,1,O,C71,C87,C84,8,7,9
2024-09-05,2,O,C86,C82,C94,6,5,0
2024-09-05,3,O,C86,C79,C84,5,0,4
2024-09-06,0,O,C92,C83,C94,9,7,9
2024-09-06,1,O,C86,C87,C94,6,7,8
2024-09-06,2,O,C92,C83,C77,3,6,6
2024-09-06,3,O,C71,C82,C72,0,7,7
2024-09-07,0,O,C86,C87,C94,2,6,6
2024-09-07,1,O,C92,C87,C94,7,0,5
2024-09-07,2,O,C89,C87,C74,4,1,8
2024-09-07,3,O,C81,C87,C74,9,7,0
2024-09-09,0,O,C89,C87,C74,6,1,8
2024-09-09,1,O,C92,C82,C72,7,4,6
2024-09-09,2,O,C71,C82,C94,5,6,5
2024-09-09,3,O,C86,C87,C77,3,2,2
2024-09-10,0,O,C92,C82,C94,0,7,1
2024-09-10,1,O,C92,C83,C74,7,6,9
2024-09-10,2,O,C71,C87,C72,1,1,0
2024-09-10,3,O,C89,C79,C84,7,4,4
2024-09-11,0,O,C81,C87,C77,3,0,2
2024-09-11,1,O,C92,C87,C94,6,3,8
2024-09-11,2,O,C81,C82,C77,6,0,9
2024-09-11,3,O,C92,C83,C72,4,4,7
2024-09-12,0,O,C89,C82,C84,6,2,4
2024-09-12,1,O,C92,C79,C94,2,5,1
2024-09-12,2,O,C92,C82,C94,4,2,5
2024-09-12,3,O,C71,C83,C74,0,4,5
2024-09-13,0,O,C92,C79,C72,0,0,8
2024-09-13,1,O,C89,C83,C77,3,9,3
2024-09-13,2,O,C71,C79,C72,0,8,7
2024-09-13,3,O,C81,C83,C72,0,5,2
2024-09-14,0,O,C81,C82,C94,8,2,9
2024-09-14,1,O,C89,C75,C84,4,3,6
2024-09-14,2,O,C81,C75,C74,2,1,5
2024-09-14,3,O,C81,C83,C84,9,1,0
2024-09-16,0,O,C86,C79,C94,0,9,8
2024-09-16,1,O,C71,C79,C74,4,8,7
2024-09-16,2,O,C89,C82,C72,9,4,8
2024-09-16,3,O,C86,C82,C77,8,6,1
2024-09-17,0,O,C81,C75,C94,3,1,9
2024-09-17,1,O,C71,C75,C74,3,9,8
2024-09-17,2,O,C86,C83,C94,8,5,3
2024-09-17,3,O,C86,C87,C77,8,2,3
2024-09-18,0,O,C89,C82,C94,2,5,0
2024-09-18,1,O,C89,C75,C94,1,7,5
2024-09-18,2,O,C86,C83,C84,5,9,8
2024-09-18,3,O,C86,C79,C84,2,3,9
2024-09-19,0,O,C89,C83,C77,7,0,4
2024-09-19,1,O,C81,C87,C72,6,0,0
2024-09-19,2,O,C71,C75,C94,8,6,0
2024-09-19,3,O,C89,C79,C94,9,5,8
2024-09-20,0,O,C92,C82,C72,8,4,2
2024-09-20,1,O,C92,C82,C77,5,1,5
2024-09-20,2,O,C86,C87,C77,0,8,8
2024-09-20,3,O,C86,C83,C94,2,8,1
2024-09-21,0,O,C86,C83,C84,4,9,0
2024-09-21,1,O,C71,C82,C72,0,5,5
2024-09-21,2,O,C81,C75,C94,8,5,0
2024-09-21,3,O,C89,C75,C77,8,0,5
2024-09-23,0,O,C71,C75,C77,9,9,6
2024-09-23,1,O,C81,C83,C72,4,1,7
2024-09-23,2,O,C86,C83,C77,2,0,2
2024-09-23,3,O,C86,C82,C72,4,3,8
2024-09-24,0,O,C86,C75,C74,3,2,8
2024-09-24,1,O,C71,C82,C74,7,4,0
2024-09-24,2,O,C89,C82,C84,7,6,0
2024-09-24,3,O,C71,C79,C94,2,0,7
2024-09-25,0,O,C89,C79,C94,2,1,6
2024-09-25,1,O,C92,C83,C77,6,7,1
2024-09-25,2,O,C92,C87,C77,3,5,0
2024-09-25,3,O,C89,C82,C74,1,0,2
2024-09-26,0,O,C89,C82,C74,9,2,0
2024-09-26,1,O,C92,C87,C77,0,2,5
2024-09-26,2,O,C89,C83,C77,3,3,5
2024-09-26,3,O,C81,C82,C84,0,1,2
2024-09-27,0,O,C86,C79,C77,2,4,5
2024-09-27,1,O,C81,C79,C72,2,9,6
2024-09-27,2,O,C89,C79,C72,2,3,4
2024-09-27,3,O,C81,C82,C84,1,6,4
2024-09-28,0,O,C89,C83,C72,1,6,8
2024-09-28,1,O,C89,C75,C74,0,3,4
2024-09-28,2,O,C89,C79,C72,9,4,0
2024-09-28,3,O,C81,C87,C72,1,1,5
2024-09-30,0,O,C81,C87,C94,4,6,0
2024-09-30,1,O,C81,C79,C72,5,6,9
2024-09-30,2,O,C86,C83,C77,0,9,4
2024-09-30,3,O,C81,C82,C72,8,8,1
2024-10-01,0,P,C71,C87,C77,1,0,2
2024-10-01,1,P,C71,C87,C94,6,2,7
2024-10-01,2,P,C81,C75,C72,3,1,8
2024-10-01,3,P,C86,C75,C77,8,6,7
2024-10-02,0,P,C81,C82,C84,4,7,2
2024-10-02,1,P,C92,C79,C74,2,8,8
2024-10-02,2,P,C89,C82,C94,5,0,5
2024-10-02,3,P,C86,C87,C74,1,7,2
2024-10-03,0,P,C71,C87,C84,7,7,5
2024-10-03,1,P,C89,C75,C94,0,3,9
2024-10-03,2,P,C71,C82,C72,9,1,4
2024-10-03,3,P,C81,C87,C84,4,5,7
2024-10-04,0,P,C92,C87,C72,2,7,6
2024-10-04,1,P,C81,C79,C94,3,3,7
2024-10-04,2,P,C86,C82,C72,9,5,8
2024-10-04,3,P,C71,C83,C74,2,1,7
2024-10-05,0,P,C89,C87,C74,6,6,8
2024-10-05,1,P,C89,C79,C74,2,6,1
2024-10-05,2,P,C86,C83,C94,0,9,2
2024-10-05,3,P,C89,C82,C74,5,6,4
2024-10-07,0,P,C92,C87,C94,0,7,5
2024-10-07,1,P,C89,C87,C77,0,5,8
2024-10-07,2,P,C81,C75,C84,0,5,9
2024-10-07,3,P,C71,C87,C72,9,0,4
2024-10-08,0,P,C81,C87,C72,5,1,4
2024-10-08,1,P,C81,C83,C94,9,4,6
2024-10-08,2,P,C81,C83,C94,3,5,1
2024-10-08,3,P,C86,C82,C72,1,6,3
2024-10-09,0,P,C71,C82,C72,5,2,1
2024-10-09,1,P,C86,C83,C74,0,7,7
2024-10-09,2,P,C89,C83,C77,8,7,5
2024-10-09,3,P,C81,C87,C84,9,1,9
2024-10-10,0,P,C71,C79,C77,6,9,0
2024-10-10,1,P,C81,C87,C74,8,3,3
2024-10-10,2,P,C86,C87,C72,9,3,6
2024-10-10,3,P,C86,C82,C94,7,8,2
2024-10-11,0,P,C92,C75,C77,6,0,9
2024-10-11,1,P,C86,C79,C84,2,3,2
2024-10-11,2,P,C86,C79,C74,0,2,1
2024-10-11,3,P,C92,C75,C84,3,0,7
2024-10-12,0,P,C92,C82,C94,3,3,5
2024-10-12,1,P,C89,C79,C84,6,5,8
2024-10-12,2,P,C81,C79,C77,5,4,0
2024-10-12,3,P,C89,C82,C74,3,7,6
2024-10-14,0,P,C89,C79,C72,5,9,2
2024-10-14,1,P,C92,C83,C94,9,8,5
2024-10-14,2,P,C71,C83,C77,0,0,3
2024-10-14,3,P,C89,C87,C74,7,7,3
2024-10-15,0,P,C71,C75,C84,4,8,3
2024-10-15,1,P,C86,C75,C72,8,6,0
2024-10-15,2,P,C81,C82,C84,6,3,4
2024-10-15,3,P,C92,C87,C84,7,5,3
2024-10-16,0,P,C71,C75,C84,7,6,0
2024-10-16,1,P,C86,C87,C77,9,1,0
2024-10-16,2,P,C92,C79,C72,7,5,6
2024-10-16,3,P,C92,C83,C84,2,7,9
2024-10-17,0,P,C92,C87,C77,9,8,6
2024-10-17,1,P,C86,C82,C77,3,6,1
2024-10-17,2,P,C92,C83,C74,6,9,7
2024-10-17,3,P,C89,C87,C94,6,8,2
2024-10-18,0,P,C86,C75,C74,1,8,5
2024-10-18,1,P,C89,C87,C77,1,5,0
2024-10-18,2,P,C92,C75,C74,8,8,8
2024-10-18,3,P,C92,C75,C84,9,5,4
2024-10-19,0,P,C81,C75,C72,1,7,1
2024-10-19,1,P,C81,C83,C77,2,0,0
2024-10-19,2,P,C86,C75,C94,8,5,4
2024-10-19,3,P,C86,C83,C72,3,8,9
2024-10-21,0,P,C81,C87,C77,8,6,4
2024-10-21,1,P,C89,C82,C77,7,8,2
2024-10-21,2,P,C86,C83,C72,2,9,3
2024-10-21,3,P,C89,C75,C94,2,1,2
2024-10-22,0,P,C86,C87,C72,2,0,3
2024-10-22,1,P,C92,C75,C84,4,7,5
2024-10-22,2,P,C89,C75,C84,1,4,5
2024-10-22,3,P,C89,C82,C84,0,3,6
2024-10-23,0,P,C89,C82,C84,3,6,4
2024-10-23,1,P,C71,C87,C72,5,6,4
2024-10-23,2,P,C81,C83,C72,0,8,4
2024-10-23,3,P,C81,C79,C74,1,0,9
2024-10-24,0,P,C89,C87,C72,1,7,3
2024-10-24,1,P,C71,C87,C72,8,5,4
2024-10-24,2,P,C81,C75,C72,6,2,4
2024-10-24,3,P,C81,C82,C94,9,5,6
2024-10-25,0,P,C81,C87,C84,1,4,7
2024-10-25,1,P,C86,C83,C72,7,0,2
2024-10-25,2,P,C92,C79,C72,6,5,8
2024-10-25,3,P,C86,C83,C74,1,4,3
2024-10-26,0,P,C81,C83,C74,4,4,8
2024-10-26,1,P,C92,C82,C84,2,0,6
2024-10-26,2,P,C92,C83,C94,2,6,3
2024-10-26,3,P,C81,C83,C84,2,0,2
2024-10-28,0,P,C71,C83,C94,9,0,3
2024-10-28,1,P,C89,C82,C74,7,3,7
2024-10-28,2,P,C89,C87,C84,5,7,1
2024-10-28,3,P,C89,C82,C84,4,2,1
2024-10-29,0,P,C86,C82,C84,8,3,8
2024-10-29,1,P,C92,C79,C74,3,8,4
2024-10-29,2,P,C71,C87,C77,1,5,7
2024-10-29,3,P,C71,C79,C77,7,4,6
2024-10-30,0,P,C86,C79,C94,6,0,9
2024-10-30,1,P,C89,C75,C72,7,3,6
2024-10-30,2,P,C81,C83,C74,8,7,8
2024-10-30,3,P,C92,C83,C74,4,0,6
2024-10-31,0,P,C92,C82,C94,2,3,0
2024-10-31,1,P,C92,C79,C74,8,5,9
2024-10-31,2,P,C86,C87,C94,8,1,7
2024-10-31,3,P,C71,C82,C74,3,7,5
2024-11-01,0,L,C89,C79,C77,3,9,5
2024-11-01,1,L,C86,C83,C94,6,1,1
2024-11-01,2,L,C86,C82,C74,0,6,1
2024-11-01,3,L,C89,C87,C72,6,7,1
2024-11-02,0,L,C89,C75,C72,0,1,4
2024-11-02,1,L,C92,C82,C77,1,0,9
2024-11-02,2,L,C81,C87,C77,7,3,6
2024-11-02,3,L,C92,C87,C77,2,3,2
2024-11-04,0,L,C81,C82,C72,7,8,3
2024-11-04,1,L,C81,C82,C94,9,2,5
2024-11-04,2,L,C92,C79,C74,0,2,1
2024-11-04,3,L,C89,C79,C84,1,6,6
2024-11-05,0,L,C92,C75,C84,4,6,5
2024-11-05,1,L,C86,C79,C72,2,0,2
2024-11-05,2,L,C81,C79,C77,6,1,3
2024-11-05,3,L,C81,C87,C74,5,0,9
2024-11-06,0,L,C71,C87,C72,9,2,4
2024-11-06,1,L,C89,C82,C84,4,5,1
2024-11-06,2,L,C92,C82,C84,7,4,1
2024-11-06,3,L,C71,C82,C94,3,3,6
2024-11-07,0,L,C86,C79,C72,0,2,1
2024-11-07,1,L,C71,C83,C77,8,7,7
2024-11-07,2,L,C92,C83,C77,9,0,8
2024-11-07,3,L,C89,C79,C74,9,4,6
2024-11-08,0,L,C81,C79,C77,1,4,1
2024-11-08,1,L,C86,C87,C74,3,0,1
2024-11-08,2,L,C86,C82,C94,7,1,8
2024-11-08,3,L,C86,C83,C74,5,6,9
2024-11-09,0,L,C81,C83,C77,5,0,7
2024-11-09,1,L,C89,C82,C77,0,0,9
2024-11-09,2,L,C92,C82,C94,9,6,0
2024-11-09,3,L,C71,C87,C94,2,8,6
2024-11-11,0,L,C71,C82,C74,6,6,7
2024-11-11,1,L,C81,C82,C94,9,5,2
2024-11-11,2,L,C86,C87,C77,3,9,4
2024-11-11,3,L,C89,C75,C74,2,4,4
2024-11-12,0,L,C92,C87,C74,7,4,2
2024-11-12,1,L,C86,C83,C84,1,3,2
2024-11-12,2,L,C89,C75,C72,5,0,3
2024-11-12,3,L,C89,C83,C72,1,8,9
2024-11-13,0,L,C92,C83,C84,3,6,4
2024-11-13,1,L,C81,C79,C84,6,3,3
2024-11-13,2,L,C71,C82,C84,1,5,4
2024-11-13,3,L,C81,C75,C94,8,5,0
2024-11-14,0,L,C89,C87,C72,0,8,0
2024-11-14,1,L,C92,C79,C84,8,2,2
2024-11-14,2,L,C81,C83,C72,7,7,1
2024-11-14,3,L,C86,C83,C77,0,1,1
2024-11-15,0,L,C81,C75,C77,1,5,0
2024-11-15,1,L,C86,C79,C84,7,5,8
2024-11-15,2,L,C92,C87,C77,7,1,7
2024-11-15,3,L,C81,C82,C77,2,8,7
2024-11-16,0,L,C81,C83,C77,7,9,7
2024-11-16,1,L,C92,C83,C94,0,6,8
2024-11-16,2,L,C92,C82,C74,5,6,4
2024-11-16,3,L,C89,C75,C74,6,8,2
2024-11-18,0,L,C92,C75,C74,8,3,4
2024-11-18,1,L,C81,C87,C94,7,3,1
2024-11-18,2,L,C71,C87,C72,1,1,8
2024-11-18,3,L,C92,C75,C84,2,8,2
2024-11-19,0,L,C86,C79,C72,1,2,8
2024-11-19,1,L,C92,C79,C77,2,8,1
2024-11-19,2,L,C81,C82,C94,5,0,9
2024-11-19,3,L,C89,C75,C84,3,1,2
2024-11-20,0,L,C81,C79,C94,2,2,4
2024-11-20,1,L,C89,C75,C77,5,7,4
2024-11-20,2,L,C71,C82,C94,2,6,4
2024-11-20,3,L,C89,C82,C84,5,9,3
2024-11-21,0,L,C89,C79,C72,7,7,2
2024-11-21,1,L,C71,C87,C72,1,0,5
2024-11-21,2,L,C89,C87,C72,2,1,5
2024-11-21,3,L,C71,C75,C84,7,2,1
2024-11-22,0,L,C92,C87,C84,3,4,8
2024-11-22,1,L,C81,C82,C72,4,6,2
2024-11-22,2,L,C89,C82,C72,9,9,2
2024-11-22,3,L,C92,C79,C77,3,2,7
2024-11-23,0,L,C89,C83,C94,6,8,1
2024-11-23,1,L,C71,C87,C84,7,2,7
2024-11-23,2,L,C86,C75,C84,1,1,9
2024-11-23,3,L,C89,C79,C74,3,2,3
2024-11-25,0,L,C92,C75,C77,2,9,2
2024-11-25,1,L,C92,C79,C74,0,2,9
2024-11-25,2,L,C81,C82,C94,0,2,7
2024-11-25,3,L,C89,C79,C84,6,9,3
2024-11-26,0,L,C89,C75,C84,8,8,3
2024-11-26,1,L,C81,C79,C94,4,9,0
2024-11-26,2,L,C81,C79,C74,4,9,8
2024-11-26,3,L,C92,C75,C84,5,6,0
2024-11-27,0,L,C86,C75,C84,5,1,7
2024-11-27,1,L,C71,C75,C77,2,5,1
2024-11-27,2,L,C71,C75,C94,2,1,2
2024-11-27,3,L,C71,C87,C77,9,6,9
2024-11-28,0,L,C71,C82,C74,3,5,3
2024-11-28,1,L,C89,C83,C77,0,7,6
2024-11-28,2,L,C89,C82,C84,3,3,8
2024-11-28,3,L,C86,C87,C94,8,6,8
2024-11-29,0,L,C89,C83,C84,2,1,8
2024-11-29,1,L,C81,C87,C74,7,1,1
2024-11-29,2,L,C89,C79,C94,7,7,3
2024-11-29,3,L,C86,C87,C94,9,1,6
2024-11-30,0,L,C89,C82,C94,6,2,9
2024-11-30,1,L,C92,C82,C77,8,6,9
2024-11-30,2,L,C92,C87,C84,5,7,2
2024-11-30,3,L,C86,C82,C74,0,6,8
2024-12-02,0,M,C89,C69,C72,0,6,1
2024-12-02,1,M,C91,C81,C72,4,3,6
2024-12-02,2,M,C87,C81,C95,5,3,7
2024-12-02,3,M,C67,C81,C72,5,0,4
2024-12-03,0,M,C67,C81,C90,6,9,8
2024-12-03,1,M,C87,C69,C84,5,0,4
2024-12-03,2,M,C87,C69,C84,3,2,2
2024-12-03,3,M,C87,C74,C78,8,5,5
2024-12-04,0,M,C89,C85,C72,0,0,2
2024-12-04,1,M,C87,C74,C78,1,9,7
2024-12-04,2,M,C93,C69,C95,8,9,6
2024-12-04,3,M,C91,C86,C78,9,0,0
2024-12-05,0,M,C67,C74,C95,7,2,2
2024-12-05,1,M,C67,C85,C84,8,4,0
2024-12-05,2,M,C91,C85,C84,4,5,4
2024-12-05,3,M,C91,C74,C90,0,3,4
2024-12-06,0,M,C89,C69,C95,4,4,1
2024-12-06,1,M,C91,C86,C90,3,0,9
2024-12-06,2,M,C87,C86,C78,2,0,1
2024-12-06,3,M,C67,C69,C78,9,4,0
2024-12-07,0,M,C87,C86,C90,5,0,0
2024-12-07,1,M,C93,C74,C72,8,5,5
2024-12-07,2,M,C93,C74,C90,5,4,3
2024-12-07,3,M,C91,C86,C90,9,3,1
2024-12-09,0,M,C87,C74,C90,8,1,7
2024-12-09,1,M,C91,C86,C78,7,0,1
2024-12-09,2,M,C87,C86,C95,5,7,8
2024-12-09,3,M,C91,C69,C90,9,2,5
2024-12-10,0,M,C91,C74,C84,5,7,5
2024-12-10,1,M,C89,C74,C90,0,8,8
2024-12-10,2,M,C87,C81,C72,1,2,1
2024-12-10,3,M,C91,C69,C78,5,2,3
2024-12-11,0,M,C87,C81,C78,4,5,1
2024-12-11,1,M,C67,C85,C72,4,3,0
2024-12-11,2,M,C67,C69,C90,5,4,5
2024-12-11,3,M,C87,C69,C95,6,3,6
2024-12-12,0,M,C87,C86,C90,9,5,0
2024-12-12,1,M,C87,C69,C90,0,4,7
2024-12-12,2,M,C87,C86,C78,3,6,4
2024-12-12,3,M,C89,C69,C84,6,4,2
2024-12-13,0,M,C91,C86,C90,5,5,2
2024-12-13,1,M,C67,C86,C84,6,0,7
2024-12-13,2,M,C93,C81,C78,9,8,4
2024-12-13,3,M,C89,C86,C95,0,9,5
2024-12-14,0,M,C87,C86,C95,5,3,4
2024-12-14,1,M,C89,C74,C84,9,2,5
2024-12-14,2,M,C91,C85,C78,6,8,8
2024-12-14,3,M,C67,C85,C78,3,3,1
2024-12-16,0,M,C87,C69,C78,6,3,2
2024-12-16,1,M,C91,C69,C78,3,0,4
2024-12-16,2,M,C89,C85,C72,6,6,0
2024-12-16,3,M,C93,C69,C90,1,9,0
2024-12-17,0,M,C89,C69,C95,9,1,1
2024-12-17,1,M,C93,C74,C78,1,8,4
2024-12-17,2,M,C89,C81,C90,6,9,3
2024-12-17,3,M,C67,C85,C90,3,0,2
2024-12-18,0,M,C91,C74,C90,5,4,4
2024-12-18,1,M,C67,C85,C78,9,3,2
2024-12-18,2,M,C89,C85,C95,8,5,9
2024-12-18,3,M,C93,C74,C95,2,9,4
2024-12-19,0,M,C87,C86,C78,8,2,6
2024-12-19,1,M,C91,C69,C95,7,6,2
2024-12-19,2,M,C91,C86,C72,8,4,2
2024-12-19,3,M,C93,C85,C78,6,1,6
2024-12-20,0,M,C91,C69,C84,9,3,8
2024-12-20,1,M,C89,C81,C95,6,9,9
2024-12-20,2,M,C91,C86,C95,7,9,1
2024-12-20,3,M,C89,C74,C84,8,7,5
2024-12-21,0,M,C91,C69,C72,2,0,8
2024-12-21,1,M,C89,C85,C72,9,8,2
2024-12-21,2,M,C89,C85,C90,7,2,7
2024-12-21,3,M,C91,C81,C78,4,2,4
2024-12-23,0,M,C93,C74,C72,9,9,9
2024-12-23,1,M,C91,C85,C95,9,3,5
2024-12-23,2,M,C89,C69,C84,4,5,5
2024-12-23,3,M,C87,C69,C78,4,9,9
2024-12-24,0,M,C91,C85,C72,4,8,9
2024-12-24,1,M,C91,C69,C78,7,5,1
2024-12-24,2,M,C87,C86,C78,1,9,5
2024-12-24,3,M,C87,C85,C72,8,3,5
2024-12-25,0,M,C87,C85,C72,4,2,4
2024-12-25,1,M,C89,C86,C90,7,6,4
2024-12-25,2,M,C67,C85,C78,6,3,3
2024-12-25,3,M,C91,C69,C78,3,2,5
2024-12-26,0,M,C87,C69,C78,4,1,6
2024-12-26,1,M,C89,C81,C78,5,8,3
2024-12-26,2,M,C89,C69,C95,0,7,8
2024-12-26,3,M,C93,C69,C78,5,0,4
2024-12-27,0,M,C87,C74,C84,3,5,2
2024-12-27,1,M,C87,C85,C95,8,3,4
2024-12-27,2,M,C67,C81,C72,3,0,5
2024-12-27,3,M,C87,C74,C78,3,4,7
2024-12-28,0,M,C93,C86,C95,9,9,4
2024-12-28,1,M,C91,C69,C78,4,7,5
2024-12-28,2,M,C93,C74,C78,6,4,4
2024-12-28,3,M,C93,C86,C84,8,6,9
2024-12-30,0,M,C91,C85,C78,4,0,4
2024-12-30,1,M,C87,C81,C78,7,0,8
2024-12-30,2,M,C89,C86,C78,3,9,2
2024-12-30,3,M,C91,C81,C72,9,5,6
2024-12-31,0,M,C87,C74,C78,3,6,7
2024-12-31,1,M,C89,C74,C72,6,3,3
2024-12-31,2,M,C93,C85,C95,5,7,1
2024-12-31,3,M,C91,C86,C84,4,2,1
2025-01-01,0,N,C93,C81,C84,5,0,4
2025-01-01,1,N,C89,C69,C95,7,6,6
2025-01-01,2,N,C87,C81,C90,4,7,4
2025-01-01,3,N,C87,C69,C90,5,1,2
2025-01-02,0,N,C87,C74,C78,0,2,4
2025-01-02,1,N,C89,C81,C84,7,3,7
2025-01-02,2,N,C87,C81,C78,0,6,0
2025-01-02,3,N,C87,C74,C95,7,6,4
2025-01-03,0,N,C67,C69,C78,0,6,2
2025-01-03,1,N,C89,C69,C84,0,2,8
2025-01-03,2,N,C67,C81,C90,5,7,3
2025-01-03,3,N,C89,C81,C78,6,0,1
2025-01-04,0,N,C67,C81,C95,0,1,0
2025-01-04,1,N,C67,C69,C72,8,4,4
2025-01-04,2,N,C87,C81,C95,2,2,7
2025-01-04,3,N,C89,C74,C90,6,7,9
2025-01-06,0,N,C67,C74,C90,0,6,2
2025-01-06,1,N,C91,C86,C78,2,7,7
2025-01-06,2,N,C93,C69,C84,1,0,8
2025-01-06,3,N,C89,C81,C72,3,2,4
2025-01-07,0,N,C67,C81,C95,5,4,3
2025-01-07,1,N,C93,C81,C84,3,5,5
2025-01-07,2,N,C67,C74,C72,6,7,2
2025-01-07,3,N,C93,C69,C78,3,4,8
2025-01-08,0,N,C87,C86,C95,1,2,4
2025-01-08,1,N,C93,C86,C78,8,6,1
2025-01-08,2,N,C89,C81,C95,9,5,5
2025-01-08,3,N,C93,C86,C72,9,9,8
2025-01-09,0,N,C67,C69,C78,7,3,2
2025-01-09,1,N,C91,C81,C90,2,6,1
2025-01-09,2,N,C91,C86,C78,8,7,7
2025-01-09,3,N,C91,C85,C72,2,8,2
2025-01-10,0,N,C89,C69,C95,9,6,4
2025-01-10,1,N,C93,C81,C90,1,8,2
2025-01-10,2,N,C91,C81,C84,9,9,8
2025-01-10,3,N,C93,C85,C95,4,7,5
2025-01-11,0,H,C25,C24,C26,9,9,9
2025-01-11,1,H,C28,C26,C29,0,8,0
2025-01-11,2,N,C91,C85,C72,0,8,9
2025-01-11,3,N,C87,C81,C78,3,6,0
2025-01-13,0,N,C91,C85,C72,9,5,9
2025-01-13,1,N,C67,C85,C90,3,8,8
2025-01-13,2,N,C67,C85,C72,5,9,6
2025-01-13,3,N,C93,C81,C90,7,3,0
2025-01-14,0,N,C91,C86,C72,1,4,9
2025-01-14,1,N,C93,C85,C72,1,9,9
2025-01-14,2,N,C87,C85,C84,7,3,6
2025-01-14,3,N,C89,C69,C90,7,2,9
2025-01-15,0,N,C67,C86,C72,0,0,0
2025-01-15,1,N,C67,C85,C72,9,6,1
2025-01-15,2,N,C89,C69,C84,7,3,1
2025-01-15,3,N,C89,C69,C72,4,7,6
2025-01-16,0,N,C67,C74,C90,2,3,6
2025-01-16,1,N,C91,C81,C90,3,8,1
2025-01-16,2,N,C89,C69,C90,0,1,9
2025-01-16,3,N,C87,C81,C84,1,8,7
2025-01-17,0,N,C93,C69,C84,3,3,4
2025-01-17,1,N,C93,C85,C90,7,4,3
2025-01-17,2,N,C67,C74,C72,5,9,5
2025-01-17,3,N,C67,C85,C84,3,8,1
2025-01-18,0,N,C93,C69,C78,4,2,2
2025-01-18,1,N,C89,C86,C95,6,1,2
2025-01-18,2,N,C87,C85,C78,1,4,9
2025-01-18,3,N,C93,C85,C90,2,7,8
2025-01-20,0,N,C87,C69,C95,2,5,0
2025-01-20,1,N,C89,C74,C95,9,3,0
2025-01-20,2,N,C67,C86,C72,9,6,1
2025-01-20,3,N,C93,C81,C72,3,8,5
2025-01-21,0,N,C93,C86,C90,8,9,1
2025-01-21,1,N,C91,C69,C90,1,5,4
2025-01-21,2,N,C91,C81,C90,1,5,4
2025-01-21,3,N,C93,C85,C78,1,9,2
2025-01-22,0,N,C91,C85,C90,7,2,9
2025-01-22,1,N,C67,C86,C78,9,1,8
2025-01-22,2,N,C67,C86,C78,4,3,0
2025-01-22,3,N,C67,C85,C95,1,1,6
2025-01-23,0,N,C89,C69,C72,1,5,9
2025-01-23,1,N,C91,C74,C72,0,1,9
2025-01-23,2,N,C87,C69,C90,1,4,3
2025-01-23,3,N,C67,C74,C84,4,6,2
2025-01-24,0,N,C67,C86,C72,2,1,6
2025-01-24,1,N,C67,C74,C72,4,2,9
2025-01-24,2,N,C67,C86,C95,2,9,7
2025-01-24,3,N,C87,C81,C95,6,7,6
2025-01-25,0,N,C93,C74,C84,3,0,7
2025-01-25,1,N,C87,C69,C72,6,0,4
2025-01-25,2,N,C93,C85,C84,7,2,1
2025-01-25,3,N,C89,C81,C84,3,6,9
2025-01-27,0,N,C93,C74,C84,9,8,9
2025-01-27,1,N,C89,C74,C78,7,7,0
2025-01-27,2,N,C89,C69,C90,8,4,5
2025-01-27,3,N,C93,C81,C72,4,5,4
2025-01-28,0,N,C91,C85,C72,3,5,6
2025-01-28,1,N,C89,C81,C90,7,2,9
2025-01-28,2,N,C91,C86,C78,7,5,3
2025-01-28,3,N,C87,C86,C78,8,8,7
2025-01-29,0,N,C93,C86,C84,1,8,6
2025-01-29,1,N,C89,C69,C72,3,3,5
2025-01-29,2,N,C89,C86,C95,5,8,8
2025-01-29,3,N,C91,C85,C84,5,7,2
2025-01-30,0,N,C67,C85,C84,2,6,6
2025-01-30,1,N,C93,C69,C78,8,6,6
2025-01-30,2,N,C87,C85,C72,3,8,5
2025-01-30,3,N,C87,C81,C95,8,7,1
2025-01-31,0,N,C93,C81,C84,7,9,4
2025-01-31,1,N,C91,C81,C84,5,0,8
2025-01-31,2,N,C93,C85,C78,1,2,8
2025-01-31,3,N,C91,C81,C90,7,7,6
2025-02-01,0,O,C89,C85,C78,5,2,2
2025-02-01,1,O,C87,C74,C72,5,6,8
2025-02-01,2,O,C67,C69,C72,1,7,9
2025-02-01,3,O,C89,C81,C84,5,1,2
2025-02-03,0,O,C87,C95,C68,9,2,5
2025-02-03,1,O,C87,C90,C70,5,8,2
2025-02-03,2,O,C67,C90,C70,5,4,3
2025-02-03,3,O,C87,C69,C68,3,5,0
2025-02-04,0,O,C91,C95,C94,2,7,3
2025-02-04,1,O,C87,C72,C68,7,4,7
2025-02-04,2,O,C87,C74,C68,6,6,0
2025-02-04,3,O,C93,C74,C73,5,7,8
2025-02-05,0,O,C93,C81,C95,9,8,4
2025-02-05,1,O,C89,C86,C84,1,0,5
2025-02-05,2,O,C89,C81,C90,9,2,3
2025-02-05,3,O,C87,C81,C72,6,4,7
2025-02-06,0,O,C91,C85,C78,5,1,9
2025-02-06,1,O,C67,C74,C78,8,0,7
2025-02-06,2,O,C91,C69,C95,8,7,8
2025-02-06,3,O,C89,C86,C84,0,1,4
2025-02-07,0,O,C87,C74,C72,2,7,7
2025-02-07,1,O,C91,C74,C84,5,4,9
2025-02-07,2,O,C91,C81,C72,9,1,9
2025-02-07,3,O,C67,C74,C78,7,3,5
2025-02-08,0,O,C93,C81,C84,6,0,9
2025-02-08,1,O,C87,C86,C72,0,8,3
2025-02-08,2,O,C91,C74,C72,9,7,0
2025-02-08,3,O,C89,C69,C78,2,5,6
2025-02-10,0,O,C74,C78,C77,7,5,8
2025-02-10,1,O,C86,C72,C76,6,7,1
2025-02-10,2,O,C81,C84,C70,1,9,8
2025-02-10,3,O,C85,C69,C68,8,5,5
2025-02-11,0,O,C74,C69,C77,9,1,1
2025-02-11,1,O,C74,C84,C70,9,9,1
2025-02-11,2,O,C86,C72,C77,3,5,8
2025-02-11,3,O,C81,C69,C79,7,2,3
2025-02-12,0,O,C81,C78,C70,9,0,7
2025-02-12,1,O,C81,C72,C70,9,1,5
2025-02-12,2,O,C85,C69,C77,6,7,7
2025-02-12,3,O,C74,C73,C76,8,5,3
2025-02-13,0,O,C91,C74,C84,1,1,4
2025-02-13,1,O,C91,C74,C78,6,2,3
2025-02-13,2,O,C89,C81,C84,7,2,0
2025-02-13,3,O,C91,C86,C95,4,8,7
2025-02-14,0,O,C67,C74,C78,0,6,3
2025-02-14,1,O,C89,C69,C95,7,4,5
2025-02-14,2,O,C89,C69,C90,0,1,9
2025-02-14,3,O,C87,C85,C84,0,7,7
2025-02-15,0,O,C67,C81,C95,6,5,3
2025-02-15,1,O,C89,C86,C78,6,4,5
2025-02-15,2,O,C67,C74,C72,0,9,7
2025-02-15,3,O,C67,C81,C84,2,6,3
2025-02-17,0,O,C89,C86,C95,0,1,1
2025-02-17,1,O,C89,C86,C78,4,6,3
2025-02-17,2,O,C67,C85,C84,1,4,4
2025-02-17,3,O,C93,C81,C95,9,7,2
2025-02-18,0,O,C67,C74,C90,7,2,2
2025-02-18,1,O,C87,C81,C95,8,1,0
2025-02-18,2,O,C67,C86,C78,6,0,3
2025-02-18,3,O,C91,C81,C95,5,3,9
2025-02-19,0,O,C89,C69,C95,6,0,1
2025-02-19,1,O,C91,C74,C90,9,6,1
2025-02-19,2,O,C89,C74,C95,1,7,6
2025-02-19,3,O,C87,C69,C72,6,2,0
2025-02-20,0,O,C89,C74,C90,7,3,4
2025-02-20,1,O,C91,C81,C90,9,0,5
2025-02-20,2,O,C67,C81,C84,0,7,3
2025-02-20,3,O,C89,C69,C90,3,7,0
2025-02-21,0,O,C89,C69,C78,0,2,3
2025-02-21,1,O,C91,C74,C78,9,0,3
2025-02-21,2,O,C67,C81,C95,5,3,9
2025-02-21,3,O,C93,C81,C90,7,2,2
2025-02-22,0,O,C67,C69,C95,8,7,4
2025-02-22,1,O,C91,C74,C95,4,5,6
2025-02-22,2,O,C87,C69,C72,9,4,2
2025-02-22,3,O,C89,C69,C95,7,6,8
2025-02-24,0,O,C93,C78,C95,3,8,0
2025-02-24,1,O,C87,C81,C79,7,9,8
2025-02-24,2,O,C93,C81,C96,1,6,7
2025-02-24,3,O,C91,C78,C92,9,4,6
2025-02-25,0,O,C86,C90,C94,9,6,3
2025-02-25,1,O,C91,C90,C92,1,1,8
2025-02-25,2,O,C89,C78,C79,6,0,6
2025-02-25,3,O,C93,C81,C79,1,7,9
2025-02-26,0,O,C93,C78,C96,1,0,9
2025-02-26,1,O,C89,C85,C92,7,6,9
2025-02-26,2,O,C91,C85,C79,4,5,4
2025-02-26,3,O,C89,C78,C92,9,5,8
2025-02-27,0,O,C67,C74,C72,2,7,2
2025-02-27,1,O,C89,C81,C72,0,3,2
2025-02-27,2,O,C87,C86,C78,9,9,7
2025-02-27,3,O,C91,C86,C72,1,4,3
2025-02-28,0,O,C93,C81,C95,2,6,4
2025-02-28,1,O,C67,C69,C95,3,2,3
2025-02-28,2,O,C91,C85,C84,3,6,3
2025-02-28,3,O,C67,C86,C95,5,4,5
2025-03-01,0,P,C79,C89,C96,7,1,1
2025-03-01,1,P,C79,C91,C72,3,8,6
2025-03-01,2,P,C79,C89,C72,9,7,5
2025-03-01,3,P,C68,C82,C96,8,9,5
2025-03-03,0,P,C80,C87,C93,2,5,5
2025-03-03,1,P,C79,C81,C77,5,8,8
2025-03-03,2,P,C78,C89,C96,0,1,0
2025-03-03,3,P,C78,C81,C96,5,3,4
2025-03-04,0,P,C79,C82,C96,7,9,2
2025-03-04,1,P,C68,C81,C88,0,9,9
2025-03-04,2,P,C92,C87,C93,9,0,7
2025-03-04,3,P,C68,C91,C96,5,1,8
2025-03-05,0,P,C80,C81,C72,0,3,9
2025-03-05,1,P,C92,C81,C88,3,5,4
2025-03-05,2,P,C78,C87,C77,5,5,3
2025-03-05,3,P,C68,C87,C88,0,2,3
2025-03-06,0,P,C92,C91,C88,7,4,3
2025-03-06,1,P,C79,C82,C96,1,6,3
2025-03-06,2,P,C68,C82,C72,7,9,7
2025-03-06,3,P,C92,C91,C72,4,4,6
2025-03-07,0,P,C80,C82,C72,9,8,5
2025-03-07,1,P,C92,C89,C72,7,1,2
2025-03-07,2,P,C80,C81,C77,8,1,0
2025-03-07,3,P,C68,C82,C77,6,9,0
2025-03-08,0,P,C78,C81,C96,5,4,2
2025-03-08,1,P,C80,C87,C72,5,8,4
2025-03-08,2,P,C78,C87,C93,2,2,7
2025-03-08,3,P,C80,C81,C93,2,2,6
2025-03-10,0,P,C68,C82,C72,1,5,4
2025-03-10,1,P,C68,C81,C96,9,2,2
2025-03-10,2,P,C79,C91,C77,4,3,3
2025-03-10,3,P,C79,C91,C77,6,5,5
2025-03-11,0,P,C92,C82,C96,3,7,1
2025-03-11,1,P,C78,C91,C72,4,3,5
2025-03-11,2,P,C68,C91,C72,8,9,9
2025-03-11,3,P,C80,C82,C96,5,9,3
2025-03-12,0,P,C79,C89,C93,6,8,8
2025-03-12,1,P,C68,C91,C96,8,1,9
2025-03-12,2,P,C78,C81,C88,4,3,7
2025-03-12,3,P,C68,C81,C72,0,4,6
2025-03-13,0,P,C80,C81,C88,0,0,9
2025-03-13,1,P,C78,C87,C88,6,6,5
2025-03-13,2,P,C68,C91,C77,0,3,5
2025-03-13,3,P,C92,C82,C77,1,0,9
2025-03-14,0,P,C92,C87,C88,1,2,7
2025-03-14,1,P,C80,C89,C96,1,6,4
2025-03-14,2,P,C92,C91,C96,3,4,9
2025-03-14,3,P,C92,C87,C88,8,4,8
2025-03-15,0,P,C92,C91,C77,5,3,7
2025-03-15,1,P,C92,C89,C96,1,8,1
2025-03-15,2,P,C79,C82,C88,6,4,4
2025-03-15,3,P,C78,C82,C88,9,5,4
2025-03-17,0,P,C68,C91,C77,1,4,1
2025-03-17,1,P,C92,C81,C93,5,2,2
2025-03-17,2,P,C80,C82,C96,3,8,2
2025-03-17,3,P,C78,C82,C96,6,6,0
2025-03-18,0,P,C92,C82,C93,7,2,3
2025-03-18,1,P,C68,C91,C72,0,2,0
2025-03-18,2,P,C79,C81,C72,5,3,3
2025-03-18,3,P,C80,C89,C93,4,9,4
2025-03-19,0,P,C80,C91,C72,5,3,3
2025-03-19,1,P,C92,C91,C93,9,9,9
2025-03-19,2,P,C68,C91,C72,1,8,0
2025-03-19,3,P,C68,C81,C96,3,8,2
2025-03-20,0,P,C68,C91,C94,1,5,0
2025-03-20,1,P,C78,C81,C72,8,4,0
2025-03-20,2,P,C92,C81,C77,1,9,6
2025-03-20,3,P,C79,C81,C94,0,5,6
2025-03-21,0,P,C92,C82,C77,0,3,4
2025-03-21,1,P,C78,C82,C77,3,2,0
2025-03-21,2,P,C92,C81,C88,9,0,7
2025-03-21,3,P,C92,C82,C88,6,6,9
2025-03-22,0,P,C92,C91,C93,1,5,8
2025-03-22,1,P,C79,C91,C77,4,4,9
2025-03-22,2,P,C78,C87,C88,5,5,9
2025-03-22,3,P,C80,C89,C72,2,4,0
2025-03-24,0,P,C92,C82,C72,8,6,0
2025-03-24,1,P,C68,C82,C72,8,2,0
2025-03-24,2,P,C68,C82,C72,6,5,2
2025-03-24,3,P,C79,C82,C77,1,8,7
2025-03-25,0,P,C78,C89,C77,7,6,1
2025-03-25,1,P,C78,C91,C77,1,4,8
2025-03-25,2,P,C80,C82,C94,7,5,7
2025-03-25,3,P,C92,C81,C88,5,2,2
2025-03-26,0,P,C80,C89,C77,9,3,3
2025-03-26,1,P,C92,C82,C72,0,0,8
2025-03-26,2,P,C80,C82,C88,2,3,7
2025-03-26,3,P,C68,C91,C94,0,8,7
2025-03-27,0,P,C78,C91,C94,0,6,8
2025-03-27,1,P,C92,C87,C72,7,9,9
2025-03-27,2,P,C79,C91,C88,5,5,7
2025-03-27,3,P,C92,C81,C88,8,4,4
2025-03-28,0,P,C92,C89,C72,1,6,4
2025-03-28,1,P,C80,C81,C72,5,0,2
2025-03-28,2,P,C68,C82,C88,1,3,7
2025-03-28,3,P,C78,C82,C93,9,1,0
2025-03-29,0,P,C92,C89,C93,0,7,8
2025-03-29,1,P,C68,C87,C94,4,2,6
2025-03-29,2,P,C92,C91,C88,2,6,7
2025-03-29,3,P,C78,C87,C77,2,8,3
2025-03-31,0,P,C92,C89,C72,1,9,5
2025-03-31,1,P,C68,C91,C88,5,0,4
2025-03-31,2,P,C79,C89,C88,5,7,3
2025-03-31,3,P,C79,C81,C94,9,3,9
2025-04-01,0,L,C92,C81,C93,5,7,4
2025-04-01,1,L,C68,C87,C93,3,4,2
2025-04-01,2,L,C68,C89,C94,8,2,4
2025-04-01,3,L,C78,C91,C72,6,4,1
2025-04-02,0,L,C68,C89,C93,7,7,8
2025-04-02,1,L,C79,C82,C94,1,4,6
2025-04-02,2,L,C78,C91,C93,4,6,9
2025-04-02,3,L,C80,C82,C77,3,3,1
2025-04-03,0,L,C80,C89,C72,2,1,5
2025-04-03,1,L,C92,C82,C88,2,8,1
2025-04-03,2,L,C68,C89,C72,9,3,9
2025-04-03,3,L,C79,C91,C77,8,9,4
2025-04-04,0,L,C79,C87,C93,7,4,1
2025-04-04,1,L,C79,C81,C77,0,1,1
2025-04-04,2,L,C78,C91,C72,4,1,8
2025-04-04,3,L,C78,C81,C93,9,6,2
2025-04-05,0,L,C80,C82,C77,7,9,6
2025-04-05,1,L,C92,C87,C77,1,5,1
2025-04-05,2,L,C68,C87,C72,8,4,9
2025-04-05,3,L,C78,C89,C94,4,5,0
2025-04-07,0,L,C80,C81,C88,9,0,6
2025-04-07,1,L,C92,C82,C77,2,3,3
2025-04-07,2,L,C78,C82,C72,4,5,3
2025-04-07,3,L,C68,C82,C77,4,7,7
2025-04-08,0,L,C78,C87,C88,6,5,2
2025-04-08,1,L,C79,C91,C94,4,9,8
2025-04-08,2,L,C68,C82,C72,6,0,0
2025-04-08,3,L,C68,C89,C77,8,6,4
2025-04-09,0,L,C80,C82,C72,5,9,1
2025-04-09,1,L,C68,C81,C88,3,2,6
2025-04-09,2,L,C80,C87,C93,2,0,8
2025-04-09,3,L,C78,C89,C96,1,8,1
2025-04-10,0,L,C68,C81,C93,3,2,9
2025-04-10,1,L,C79,C91,C77,0,7,7
2025-04-10,2,L,C79,C87,C88,7,1,2
2025-04-10,3,L,C92,C81,C93,5,9,9
2025-04-11,0,L,C79,C91,C88,9,8,8
2025-04-11,1,L,C92,C89,C77,7,5,8
2025-04-11,2,L,C80,C87,C72,8,2,7
2025-04-11,3,L,C68,C81,C88,8,1,5
2025-04-12,0,L,C78,C81,C88,3,9,1
2025-04-12,1,L,C80,C82,C88,4,8,5
2025-04-12,2,L,C78,C91,C77,3,0,8
2025-04-12,3,L,C78,C87,C96,0,1,7
2025-04-14,0,L,C79,C81,C93,3,6,7
2025-04-14,1,L,C68,C81,C96,1,5,1
2025-04-14,2,L,C79,C87,C88,8,8,2
2025-04-14,3,L,C92,C87,C77,2,8,6
2025-04-15,0,L,C79,C89,C77,9,0,9
2025-04-15,1,L,C92,C82,C93,5,6,2
2025-04-15,2,L,C78,C81,C72,0,2,8
2025-04-15,3,L,C79,C81,C77,9,6,0
2025-04-16,0,L,C78,C87,C88,4,0,2
2025-04-16,1,L,C68,C89,C72,6,0,3
2025-04-16,2,L,C92,C91,C88,7,1,0
2025-04-16,3,L,C78,C89,C93,0,7,7
2025-04-17,0,L,C68,C87,C72,6,4,9
2025-04-17,1,L,C80,C87,C72,1,8,1
2025-04-17,2,L,C80,C87,C93,2,6,0
2025-04-17,3,L,C92,C89,C77,0,3,5
2025-04-18,0,L,C80,C82,C88,3,1,2
2025-04-18,1,L,C92,C81,C93,2,9,4
2025-04-18,2,L,C79,C89,C93,3,4,0
2025-04-18,3,L,C92,C91,C96,5,1,6
2025-04-19,0,L,C79,C87,C72,5,5,1
2025-04-19,1,L,C79,C81,C96,1,5,8
2025-04-19,2,L,C79,C82,C93,1,4,5
2025-04-19,3,L,C68,C87,C77,4,5,3
2025-04-21,0,L,C68,C82,C93,7,3,6
2025-04-21,1,L,C92,C82,C88,1,0,8
2025-04-21,2,L,C92,C82,C96,5,1,2
2025-04-21,3,L,C68,C82,C72,6,9,2
2025-04-22,0,L,C80,C91,C77,7,0,6
2025-04-22,1,L,C92,C87,C88,9,8,9
2025-04-22,2,L,C68,C87,C72,6,5,7
2025-04-22,3,L,C80,C81,C72,4,7,9
2025-04-23,0,L,C80,C87,C77,4,6,1
2025-04-23,1,L,C78,C81,C88,6,9,2
2025-04-23,2,L,C80,C82,C77,7,3,4
2025-04-23,3,L,C68,C89,C88,5,7,1
2025-04-24,0,L,C68,C89,C93,1,1,8
2025-04-24,1,L,C80,C81,C72,4,9,8
2025-04-24,2,L,C80,C91,C96,4,1,7
2025-04-24,3,L,C68,C89,C93,2,6,2
2025-04-25,0,L,C92,C87,C88,6,0,2
2025-04-25,1,L,C68,C81,C88,1,5,5
2025-04-25,2,L,C68,C87,C77,2,3,6
2025-04-25,3,L,C79,C89,C72,1,4,0
2025-04-26,0,L,C80,C87,C72,6,6,3
2025-04-26,1,L,C92,C82,C96,5,5,3
2025-04-26,2,L,C79,C91,C77,7,3,7
2025-04-26,3,L,C92,C82,C93,7,4,5
2025-04-28,0,L,C80,C89,C72,4,0,9
2025-04-28,1,L,C68,C82,C72,3,7,6
2025-04-28,2,L,C80,C91,C77,7,1,5
2025-04-28,3,L,C80,C82,C96,6,1,6
2025-04-29,0,L,C68,C87,C88,7,5,1
2025-04-29,1,L,C79,C89,C77,1,4,0
2025-04-29,2,L,C80,C87,C96,1,3,8
2025-04-29,3,L,C80,C87,C77,4,1,0
2025-04-30,0,L,C80,C82,C93,3,6,5
2025-04-30,1,L,C92,C82,C93,4,3,3
2025-04-30,2,L,C92,C91,C88,4,0,6
2025-04-30,3,L,C68,C87,C93,3,9,6
2025-05-01,0,M,C79,C89,C96,7,0,1
2025-05-01,1,M,C68,C91,C72,8,7,6
2025-05-01,2,M,C68,C87,C77,7,0,2
2025-05-01,3,M,C79,C81,C77,8,8,0
2025-05-02,0,M,C80,C87,C93,6,5,8
2025-05-02,1,M,C78,C89,C77,4,2,2
2025-05-02,2,M,C80,C87,C72,2,9,4
2025-05-02,3,M,C78,C81,C93,3,3,2
2025-05-03,0,M,C80,C82,C88,7,8,9
2025-05-03,1,M,C68,C91,C72,0,7,6
2025-05-03,2,M,C79,C81,C96,8,6,4
2025-05-03,3,M,C79,C91,C72,1,5,0
2025-05-05,0,M,C80,C81,C88,1,5,7
2025-05-05,1,M,C92,C89,C77,7,5,6
2025-05-05,2,M,C78,C89,C96,8,4,7
2025-05-05,3,M,C92,C82,C93,0,8,7
2025-05-06,0,M,C92,C82,C77,3,9,4
2025-05-06,1,M,C80,C82,C77,7,7,2
2025-05-06,2,M,C78,C82,C77,2,9,7
2025-05-06,3,M,C92,C81,C77,0,5,9
2025-05-07,0,M,C79,C81,C96,0,6,6
2025-05-07,1,M,C80,C89,C72,7,1,4
2025-05-07,2,M,C79,C81,C77,2,1,4
2025-05-07,3,M,C92,C82,C88,2,6,0
2025-05-08,0,M,C92,C89,C77,3,7,8
2025-05-08,1,M,C80,C87,C96,5,9,7
2025-05-08,2,M,C79,C87,C96,8,9,2
2025-05-08,3,M,C79,C89,C93,9,8,3
2025-05-09,0,M,C79,C89,C88,4,7,8
2025-05-09,1,M,C68,C81,C77,3,5,5
2025-05-09,2,M,C78,C81,C72,4,5,9
2025-05-09,3,M,C78,C81,C72,1,7,3
2025-05-10,0,M,C68,C89,C88,4,0,4
2025-05-10,1,M,C79,C82,C96,9,8,4
2025-05-10,2,M,C68,C82,C88,6,5,2
2025-05-10,3,M,C92,C89,C72,3,5,1
2025-05-12,0,M,C68,C87,C96,6,0,8
2025-05-12,1,M,C78,C81,C96,3,2,0
2025-05-12,2,M,C80,C82,C72,0,5,1
2025-05-12,3,M,C79,C82,C93,9,4,8
2025-05-13,0,M,C80,C87,C88,4,1,0
2025-05-13,1,M,C79,C91,C93,9,2,1
2025-05-13,2,M,C92,C82,C93,2,3,9
2025-05-13,3,M,C78,C82,C88,9,9,6
2025-05-14,0,M,C68,C87,C93,6,0,5
2025-05-14,1,M,C78,C91,C93,7,2,6
2025-05-14,2,M,C79,C91,C88,3,7,8
2025-05-14,3,M,C78,C81,C77,9,8,1
2025-05-15,0,M,C80,C87,C96,7,4,0
2025-05-15,1,M,C80,C91,C77,4,6,5
2025-05-15,2,M,C79,C89,C88,2,8,5
2025-05-15,3,M,C78,C81,C93,7,6,9
2025-05-16,0,M,C80,C82,C93,8,2,0
2025-05-16,1,M,C68,C89,C96,2,0,3
2025-05-16,2,M,C79,C81,C96,8,2,6
2025-05-16,3,M,C80,C89,C88,5,1,2
2025-05-17,0,M,C78,C91,C93,1,9,5
2025-05-17,1,M,C79,C87,C72,9,0,3
2025-05-17,2,M,C78,C91,C77,1,7,9
2025-05-17,3,M,C68,C87,C72,1,3,8
2025-05-19,0,M,C92,C81,C96,3,3,3
2025-05-19,1,M,C78,C87,C72,6,4,3
2025-05-19,2,M,C92,C89,C88,5,2,4
2025-05-19,3,M,C92,C91,C88,3,1,5
2025-05-20,0,M,C79,C91,C72,4,4,5
2025-05-20,1,M,C80,C82,C72,1,5,9
2025-05-20,2,M,C68,C91,C96,9,1,5
2025-05-20,3,M,C79,C87,C96,8,1,5
2025-05-21,0,M,C68,C82,C96,8,3,3
2025-05-21,1,M,C92,C82,C88,3,8,3
2025-05-21,2,M,C78,C87,C96,4,3,5
2025-05-21,3,M,C78,C87,C96,8,0,5
2025-05-22,0,M,C78,C91,C72,2,9,7
2025-05-22,1,M,C79,C81,C72,0,5,0
2025-05-22,2,M,C68,C91,C96,2,1,9
2025-05-22,3,M,C78,C87,C96,3,0,0
2025-05-23,0,M,C79,C81,C77,9,4,1
2025-05-23,1,M,C92,C82,C93,4,5,8
2025-05-23,2,M,C79,C87,C88,9,7,5
2025-05-23,3,M,C79,C87,C93,5,8,3
2025-05-24,0,M,C78,C82,C93,8,7,3
2025-05-24,1,M,C68,C82,C88,2,7,2
2025-05-24,2,M,C78,C89,C96,7,3,2
2025-05-24,3,M,C68,C81,C72,9,9,4
2025-05-26,0,M,C78,C89,C72,3,1,8
2025-05-26,1,M,C79,C89,C72,5,3,9
2025-05-26,2,M,C80,C91,C72,5,4,9
2025-05-26,3,M,C78,C81,C96,1,1,2
2025-05-27,0,M,C79,C87,C88,8,9,8
2025-05-27,1,M,C68,C91,C88,4,7,8
2025-05-27,2,M,C68,C82,C88,0,3,6
2025-05-27,3,M,C92,C87,C72,3,2,2
2025-05-28,0,M,C78,C81,C88,7,8,6
2025-05-28,1,M,C68,C89,C88,6,8,5
2025-05-28,2,M,C92,C91,C77,7,0,3
2025-05-28,3,M,C79,C91,C72,7,5,0
2025-05-29,0,M,C80,C81,C77,2,2,0
2025-05-29,1,M,C80,C81,C96,7,6,9
2025-05-29,2,M,C80,C87,C72,1,4,9
2025-05-29,3,M,C80,C82,C93,8,3,1
2025-05-30,0,M,C79,C91,C93,3,8,3
2025-05-30,1,M,C80,C89,C88,1,0,7
2025-05-30,2,M,C92,C82,C88,8,2,9
2025-05-30,3,M,C78,C91,C93,4,2,4
2025-05-31,0,M,C79,C81,C72,9,6,9
2025-05-31,1,M,C92,C87,C77,4,6,9
2025-05-31,2,M,C78,C91,C88,4,7,9
2025-05-31,3,M,C68,C91,C96,5,1,0
2025-06-02,0,N,C90,C68,C93,3,7,8
2025-06-02,1,N,C95,C68,C93,5,8,5
2025-06-02,2,N,C95,C68,C93,5,1,2
2025-06-02,3,N,C95,C80,C72,1,1,5
2025-06-03,0,N,C96,C68,C93,1,6,7
2025-06-03,1,N,C95,C76,C88,0,2,4
2025-06-03,2,N,C95,C80,C71,0,4,3
2025-06-03,3,N,C70,C80,C88,0,3,4
2025-06-04,0,N,C70,C68,C87,2,1,5
2025-06-04,1,N,C70,C74,C88,4,5,3
2025-06-04,2,N,C70,C92,C71,4,0,5
2025-06-04,3,N,C70,C74,C88,6,3,9
2025-06-05,0,N,C96,C80,C88,6,2,4
2025-06-05,1,N,C95,C92,C71,0,8,7
2025-06-05,2,N,C95,C80,C88,5,4,9
2025-06-05,3,N,C94,C74,C93,0,2,2
2025-06-06,0,N,C94,C74,C88,4,0,6
2025-06-06,1,N,C70,C76,C87,1,0,0
2025-06-06,2,N,C95,C92,C93,5,7,6
2025-06-06,3,N,C70,C74,C71,5,1,1
2025-06-07,0,N,C95,C80,C87,6,9,2
2025-06-07,1,N,C70,C80,C72,4,1,3
2025-06-07,2,N,C95,C68,C87,1,4,5
2025-06-07,3,N,C95,C80,C72,7,4,1
2025-06-09,0,N,C94,C76,C71,0,5,9
2025-06-09,1,N,C95,C80,C71,0,2,5
2025-06-09,2,N,C70,C92,C88,5,6,5
2025-06-09,3,N,C94,C92,C72,8,9,9
2025-06-10,0,N,C70,C92,C93,7,2,5
2025-06-10,1,N,C70,C74,C88,4,8,8
2025-06-10,2,N,C95,C68,C88,7,9,4
2025-06-10,3,N,C90,C76,C93,2,7,3
2025-06-11,0,N,C94,C74,C88,2,2,7
2025-06-11,1,N,C95,C76,C93,6,7,3
2025-06-11,2,N,C94,C76,C88,7,2,0
2025-06-11,3,N,C96,C68,C71,9,1,5
2025-06-12,0,N,C96,C74,C87,8,8,1
2025-06-12,1,N,C94,C68,C71,5,8,0
2025-06-12,2,N,C94,C74,C72,9,8,7
2025-06-12,3,N,C90,C80,C88,3,7,9
2025-06-13,0,N,C90,C76,C72,7,6,8
2025-06-13,1,N,C95,C76,C72,8,4,6
2025-06-13,2,N,C90,C76,C87,5,4,8
2025-06-13,3,N,C96,C68,C93,1,4,2
2025-06-14,0,N,C94,C68,C93,6,1,1
2025-06-14,1,N,C90,C92,C87,1,0,4
2025-06-14,2,N,C95,C92,C93,9,4,0
2025-06-14,3,N,C70,C92,C71,1,4,8
2025-06-16,0,N,C94,C80,C72,8,6,5
2025-06-16,1,N,C70,C80,C88,8,9,8
2025-06-16,2,N,C90,C92,C72,7,3,1
2025-06-16,3,N,C70,C92,C93,5,0,6
2025-06-17,0,N,C90,C68,C88,6,8,0
2025-06-17,1,N,C90,C76,C93,7,0,4
2025-06-17,2,N,C94,C74,C72,6,3,3
2025-06-17,3,N,C95,C80,C87,2,5,0
2025-06-18,0,N,C94,C76,C72,0,5,8
2025-06-18,1,N,C94,C80,C88,1,7,9
2025-06-18,2,N,C94,C74,C71,7,5,9
2025-06-18,3,N,C96,C92,C72,9,7,4
2025-06-19,0,N,C70,C92,C93,1,4,6
2025-06-19,1,N,C70,C68,C93,4,8,7
2025-06-19,2,N,C94,C92,C93,3,1,8
2025-06-19,3,N,C90,C68,C88,8,7,1
2025-06-20,0,N,C70,C92,C87,2,5,3
2025-06-20,1,N,C95,C76,C87,2,0,7
2025-06-20,2,N,C96,C80,C93,1,2,4
2025-06-20,3,N,C90,C68,C72,9,0,6
2025-06-21,0,N,C96,C92,C71,8,3,7
2025-06-21,1,N,C96,C80,C87,6,9,5
2025-06-21,2,N,C70,C74,C88,4,8,8
2025-06-21,3,N,C90,C80,C87,0,9,3
2025-06-23,0,N,C90,C74,C87,7,0,3
2025-06-23,1,N,C94,C76,C88,0,6,5
2025-06-23,2,N,C95,C76,C93,3,8,4
2025-06-23,3,N,C70,C76,C71,9,1,7
2025-06-24,0,N,C94,C80,C71,7,4,0
2025-06-24,1,N,C70,C68,C88,6,8,4
2025-06-24,2,N,C96,C76,C88,3,5,0
2025-06-24,3,N,C90,C80,C87,5,7,0
2025-06-25,0,N,C94,C92,C72,6,8,0
2025-06-25,1,N,C94,C76,C88,9,6,8
2025-06-25,2,N,C96,C92,C72,7,3,7
2025-06-25,3,N,C95,C68,C72,4,2,8
2025-06-26,0,N,C94,C76,C72,7,3,4
2025-06-26,1,N,C90,C68,C93,3,4,2
2025-06-26,2,N,C94,C74,C87,7,2,1
2025-06-26,3,N,C95,C74,C93,3,5,7
2025-06-27,0,N,C94,C74,C88,7,2,5
2025-06-27,1,N,C96,C92,C71,9,5,1
2025-06-27,2,N,C94,C74,C72,6,4,5
2025-06-27,3,N,C96,C92,C87,0,9,2
2025-06-28,0,N,C94,C74,C88,8,9,6
2025-06-28,1,N,C90,C92,C72,6,4,8
2025-06-28,2,N,C94,C92,C88,3,2,7
2025-06-28,3,N,C70,C76,C71,8,8,5
2025-06-30,0,N,C90,C76,C87,3,8,7
2025-06-30,1,N,C94,C92,C93,0,6,1
2025-06-30,2,N,C96,C74,C87,6,8,8
2025-06-30,3,N,C90,C76,C88,7,3,8
2025-07-01,0,O,C96,C76,C87,6,9,8
2025-07-01,1,O,C70,C68,C72,1,7,6
2025-07-01,2,O,C94,C76,C93,1,9,6
2025-07-01,3,O,C94,C74,C93,3,5,3
2025-07-02,0,O,C94,C76,C93,4,5,0
2025-07-02,1,O,C70,C68,C87,6,1,7
2025-07-02,2,O,C70,C76,C87,5,9,8
2025-07-02,3,O,C96,C92,C71,2,5,4
2025-07-03,0,O,C95,C92,C72,5,0,6
2025-07-03,1,O,C94,C80,C87,5,1,7
2025-07-03,2,O,C95,C76,C93,6,9,6
2025-07-03,3,O,C96,C92,C88,1,8,0
2025-07-04,0,O,C95,C80,C87,8,5,7
2025-07-04,1,O,C95,C80,C87,7,7,4
2025-07-04,2,O,C94,C76,C87,2,0,7
2025-07-04,3,O,C70,C76,C72,4,3,1
2025-07-05,0,O,C90,C92,C87,0,7,7
2025-07-05,1,O,C94,C68,C88,5,2,2
2025-07-05,2,O,C96,C80,C87,0,5,4
2025-07-05,3,O,C95,C74,C72,3,4,5
2025-07-07,0,O,C70,C68,C87,7,9,2
2025-07-07,1,O,C95,C74,C71,3,2,5
2025-07-07,2,O,C70,C92,C88,7,9,7
2025-07-07,3,O,C96,C92,C88,5,6,5
2025-07-08,0,O,C94,C76,C71,7,4,0
2025-07-08,1,O,C96,C74,C88,5,0,4
2025-07-08,2,O,C94,C76,C87,9,1,8
2025-07-08,3,O,C95,C68,C88,6,0,3
2025-07-09,0,O,C94,C92,C72,7,4,3
2025-07-09,1,O,C95,C80,C88,4,7,2
2025-07-09,2,O,C90,C80,C93,8,4,4
2025-07-09,3,O,C94,C80,C71,1,7,0
2025-07-10,0,O,C94,C92,C71,6,1,3
2025-07-10,1,O,C95,C68,C71,8,1,8
2025-07-10,2,O,C90,C92,C88,0,2,5
2025-07-10,3,O,C70,C68,C72,0,8,7
2025-07-11,0,O,C94,C80,C71,2,0,9
2025-07-11,1,O,C90,C80,C93,7,7,3
2025-07-11,2,O,C70,C74,C88,2,9,7
2025-07-11,3,O,C70,C76,C87,0,2,6
2025-07-12,0,O,C96,C80,C93,8,1,2
2025-07-12,1,O,C94,C68,C71,8,0,5
2025-07-12,2,O,C96,C76,C87,0,3,4
2025-07-12,3,O,C70,C74,C87,0,0,0
2025-07-14,0,O,C90,C80,C71,0,2,9
2025-07-14,1,O,C90,C80,C88,0,2,3
2025-07-14,2,O,C70,C74,C88,6,6,4
2025-07-14,3,O,C70,C80,C72,3,2,2
2025-07-15,0,O,C70,C74,C93,1,7,3
2025-07-15,1,O,C70,C74,C71,3,4,1
2025-07-15,2,O,C94,C68,C88,5,5,7
2025-07-15,3,O,C96,C74,C71,7,8,1
2025-07-16,0,O,C70,C68,C71,8,6,2
2025-07-16,1,O,C96,C92,C72,6,1,4
2025-07-16,2,O,C95,C92,C87,3,4,5
2025-07-16,3,O,C94,C76,C72,3,5,1
2025-07-17,0,O,C90,C68,C71,7,6,4
2025-07-17,1,O,C94,C80,C88,4,6,9
2025-07-17,2,O,C96,C92,C88,8,8,1
2025-07-17,3,O,C96,C92,C72,0,2,4
2025-07-18,0,O,C94,C68,C88,4,8,2
2025-07-18,1,O,C95,C68,C93,8,7,0
2025-07-18,2,O,C90,C76,C72,6,0,5
2025-07-18,3,O,C70,C74,C88,9,5,5
2025-07-19,0,O,C95,C76,C71,9,2,7
2025-07-19,1,O,C90,C68,C72,2,2,1
2025-07-19,2,O,C94,C80,C88,0,6,1
2025-07-19,3,O,C90,C92,C88,5,8,8
2025-07-21,0,O,C90,C74,C87,8,3,3
2025-07-21,1,O,C96,C74,C72,5,9,6
2025-07-21,2,O,C70,C68,C72,9,9,3
2025-07-21,3,O,C95,C76,C93,9,2,4
2025-07-22,0,O,C90,C74,C71,7,8,3
2025-07-22,1,O,C95,C76,C87,5,8,0
2025-07-22,2,O,C90,C76,C71,3,5,3
2025-07-22,3,O,C90,C74,C88,0,7,2
2025-07-23,0,O,C94,C76,C71,9,0,0
2025-07-23,1,O,C95,C76,C72,8,3,2
2025-07-23,2,O,C96,C92,C71,7,5,1
2025-07-23,3,O,C70,C68,C71,6,0,7
2025-07-24,0,O,C90,C80,C72,7,2,3
2025-07-24,1,O,C90,C74,C71,3,7,6
2025-07-24,2,O,C94,C92,C72,7,1,7
2025-07-24,3,O,C94,C80,C87,7,4,7
2025-07-25,0,O,C94,C74,C71,5,6,2
2025-07-25,1,O,C96,C68,C87,1,3,2
2025-07-25,2,O,C94,C80,C87,6,1,6
2025-07-25,3,O,C94,C92,C87,8,7,2
2025-07-26,0,O,C95,C68,C71,7,9,1
2025-07-26,1,O,C70,C74,C71,1,2,8
2025-07-26,2,O,C94,C80,C87,6,8,1
2025-07-26,3,O,C90,C68,C71,9,3,2
2025-07-28,0,O,C94,C76,C72,1,7,1
2025-07-28,1,O,C70,C74,C93,0,2,4
2025-07-28,2,O,C94,C76,C72,4,3,7
2025-07-28,3,O,C90,C74,C71,1,6,8
2025-07-29,0,O,C70,C68,C72,0,6,7
2025-07-29,1,O,C70,C74,C88,8,9,1
2025-07-29,2,O,C95,C74,C87,2,1,7
2025-07-29,3,O,C70,C68,C93,9,3,6
2025-07-30,0,O,C70,C68,C87,1,4,4
2025-07-30,1,O,C90,C76,C72,0,0,0
2025-07-30,2,O,C96,C80,C87,3,6,4
2025-07-30,3,O,C90,C74,C87,5,0,1
2025-07-31,0,O,C70,C92,C88,6,4,2
2025-07-31,1,O,C70,C80,C72,1,7,7
2025-07-31,2,O,C96,C68,C88,6,1,6
2025-07-31,3,O,C95,C80,C72,7,7,7
2025-08-01,0,P,C94,C92,C71,0,0,4
2025-08-01,1,P,C70,C68,C87,4,2,0
2025-08-01,2,P,C94,C80,C87,8,5,5
2025-08-01,3,P,C94,C68,C87,6,0,5
2025-08-02,0,P,C70,C80,C88,9,6,0
2025-08-02,1,P,C95,C74,C72,9,4,2
2025-08-02,2,P,C90,C92,C88,6,5,1
2025-08-02,3,P,C94,C80,C88,0,3,8
2025-08-04,0,P,C90,C68,C72,7,9,0
2025-08-04,1,P,C90,C92,C71,2,7,4
2025-08-04,2,P,C94,C92,C72,9,1,5
2025-08-04,3,P,C70,C74,C93,4,7,3
2025-08-05,0,P,C94,C76,C72,9,4,8
2025-08-05,1,P,C96,C68,C88,6,3,5
2025-08-05,2,P,C90,C80,C88,7,1,8
2025-08-05,3,P,C95,C68,C71,1,7,9
2025-08-06,0,P,C90,C92,C93,3,8,7
2025-08-06,1,P,C94,C74,C88,4,5,0
2025-08-06,2,P,C94,C80,C93,7,9,7
2025-08-06,3,P,C70,C68,C93,8,4,5
2025-08-07,0,P,C96,C76,C87,8,7,2
2025-08-07,1,P,C95,C92,C72,0,0,6
2025-08-07,2,P,C94,C76,C87,9,7,1
2025-08-07,3,P,C90,C92,C88,9,6,4
2025-08-08,0,P,C90,C68,C71,4,1,0
2025-08-08,1,P,C70,C80,C87,4,3,3
2025-08-08,2,P,C90,C68,C72,6,0,9
2025-08-08,3,P,C90,C68,C88,0,1,1
2025-08-09,0,P,C95,C80,C72,7,5,8
2025-08-09,1,P,C95,C74,C71,9,2,2
2025-08-09,2,P,C94,C80,C93,8,7,3
2025-08-09,3,P,C70,C80,C72,3,4,4
2025-08-11,0,P,C94,C92,C93,1,0,2
2025-08-11,1,P,C90,C74,C71,0,2,3
2025-08-11,2,P,C90,C68,C71,3,1,0
2025-08-11,3,P,C96,C92,C88,0,5,2
2025-08-12,0,P,C70,C80,C71,0,8,0
2025-08-12,1,P,C70,C74,C71,8,9,2
2025-08-12,2,P,C96,C80,C72,8,8,2
2025-08-12,3,P,C70,C92,C71,0,4,1
2025-08-13,0,P,C70,C76,C72,0,0,9
2025-08-13,1,P,C90,C76,C71,8,9,5
2025-08-13,2,P,C90,C76,C71,7,6,4
2025-08-13,3,P,C70,C92,C72,6,4,0
2025-08-14,0,P,C70,C80,C93,8,3,0
2025-08-14,1,P,C90,C76,C88,4,9,7
2025-08-14,2,P,C94,C68,C88,1,8,1
2025-08-14,3,P,C94,C92,C72,2,5,1
2025-08-15,0,P,C90,C74,C72,1,3,5
2025-08-15,1,P,C95,C76,C87,2,6,3
2025-08-15,2,P,C70,C76,C72,9,5,1
2025-08-15,3,P,C96,C92,C72,5,4,6
2025-08-16,0,P,C70,C74,C88,1,4,1
2025-08-16,1,P,C96,C68,C71,7,5,0
2025-08-16,2,P,C90,C92,C72,5,8,9
2025-08-16,3,P,C95,C92,C87,1,4,7
2025-08-18,0,P,C70,C92,C72,1,3,4
2025-08-18,1,P,C94,C92,C72,2,4,0
2025-08-18,2,P,C95,C76,C93,5,3,4
2025-08-18,3,P,C70,C92,C87,8,1,2
2025-08-19,0,P,C70,C74,C88,0,6,1
2025-08-19,1,P,C96,C92,C72,2,9,1
2025-08-19,2,P,C95,C74,C88,2,1,0
2025-08-19,3,P,C90,C80,C71,9,2,7
2025-08-20,0,P,C70,C68,C72,2,9,3
2025-08-20,1,P,C96,C76,C72,1,6,3
2025-08-20,2,P,C96,C80,C72,8,2,3
2025-08-20,3,P,C90,C74,C87,7,6,5
2025-08-21,0,P,C96,C76,C71,5,1,7
2025-08-21,1,P,C70,C68,C71,7,2,5
2025-08-21,2,P,C90,C74,C71,4,8,5
2025-08-21,3,P,C94,C68,C88,6,8,1
2025-08-22,0,P,C95,C80,C87,1,0,0
2025-08-22,1,P,C94,C74,C88,5,6,9
2025-08-22,2,P,C95,C76,C88,3,0,1
2025-08-22,3,P,C94,C76,C72,3,9,7
2025-08-23,0,P,C70,C80,C72,7,7,8
2025-08-23,1,P,C95,C68,C93,4,3,4
2025-08-23,2,P,C96,C80,C72,5,1,0
2025-08-23,3,P,C96,C76,C87,7,0,1
2025-08-25,0,P,C94,C68,C93,5,3,6
2025-08-25,1,P,C95,C74,C88,1,2,8
2025-08-25,2,P,C95,C80,C72,4,6,1
2025-08-25,3,P,C94,C80,C72,1,7,0
2025-08-26,0,P,C95,C74,C87,3,9,7
2025-08-26,1,P,C70,C74,C93,4,2,9
2025-08-26,2,P,C95,C68,C72,1,7,4
2025-08-26,3,P,C70,C68,C72,7,7,9
2025-08-27,0,P,C96,C76,C87,6,7,3
2025-08-27,1,P,C95,C74,C93,9,9,3
2025-08-27,2,P,C70,C68,C88,5,1,9
2025-08-27,3,P,C94,C68,C93,4,7,2
2025-08-28,0,P,C94,C68,C71,2,0,3
2025-08-28,1,P,C90,C76,C71,2,2,7
2025-08-28,2,P,C95,C80,C93,9,7,7
2025-08-28,3,P,C95,C68,C71,7,4,3
2025-08-29,0,P,C96,C80,C71,8,0,2
2025-08-29,1,P,C96,C74,C87,3,2,4
2025-08-29,2,P,C90,C68,C87,5,0,1
2025-08-29,3,P,C94,C92,C71,5,0,3
2025-08-30,0,P,C90,C80,C71,2,0,9
2025-08-30,1,P,C96,C74,C88,1,1,5
2025-08-30,2,P,C95,C80,C72,1,8,3
2025-08-30,3,P,C95,C80,C71,9,8,8
2025-09-01,0,L,C94,C74,C68,9,2,0
2025-09-01,1,L,C88,C74,C95,7,5,5
2025-09-01,2,L,C88,C78,C79,4,6,0
2025-09-01,3,L,C75,C78,C68,8,6,8
2025-09-02,0,L,C75,C92,C77,5,3,5
2025-09-02,1,L,C76,C70,C95,8,7,9
2025-09-02,2,L,C96,C87,C77,7,4,9
2025-09-02,3,L,C75,C87,C68,0,0,3
2025-09-03,0,L,C96,C92,C95,9,6,9
2025-09-03,1,L,C75,C87,C68,6,2,9
2025-09-03,2,L,C76,C70,C68,8,3,1
2025-09-03,3,L,C88,C74,C79,2,4,2
2025-09-04,0,L,C75,C87,C68,4,0,8
2025-09-04,1,L,C76,C92,C68,7,1,2
2025-09-04,2,L,C75,C92,C77,8,1,6
2025-09-04,3,L,C94,C70,C79,9,2,6
2025-09-05,0,L,C96,C74,C68,7,2,9
2025-09-05,1,L,C76,C74,C79,6,9,0
2025-09-05,2,L,C75,C74,C81,5,7,0
2025-09-05,3,L,C75,C92,C81,1,4,0
2025-09-06,0,L,C76,C92,C68,6,3,7
2025-09-06,1,L,C76,C78,C77,8,4,4
2025-09-06,2,L,C96,C87,C77,4,6,5
2025-09-06,3,L,C88,C70,C77,3,0,2
2025-09-08,0,L,C76,C92,C81,4,7,5
2025-09-08,1,L,C75,C70,C95,9,8,0
2025-09-08,2,L,C96,C87,C95,0,8,0
2025-09-08,3,L,C94,C74,C79,9,5,8
2025-09-09,0,L,C96,C87,C95,4,0,1
2025-09-09,1,L,C75,C78,C77,0,3,3
2025-09-09,2,L,C88,C78,C77,2,2,6
2025-09-09,3,L,C75,C70,C68,3,0,5
2025-09-10,0,L,C96,C74,C77,3,5,4
2025-09-10,1,L,C88,C92,C79,7,7,9
2025-09-10,2,L,C94,C92,C81,7,3,5
2025-09-10,3,L,C94,C74,C95,5,0,3
2025-09-11,0,L,C94,C70,C95,4,8,5
2025-09-11,1,L,C76,C87,C68,7,9,4
2025-09-11,2,L,C76,C92,C95,2,6,2
2025-09-11,3,L,C96,C74,C79,3,0,2
2025-09-12,0,L,C96,C78,C95,7,6,9
2025-09-12,1,L,C76,C78,C95,9,5,9
2025-09-12,2,L,C94,C87,C79,9,3,3
2025-09-12,3,L,C94,C74,C79,7,4,7
2025-09-13,0,L,C76,C87,C68,2,4,1
2025-09-13,1,L,C75,C70,C68,8,9,7
2025-09-13,2,L,C75,C92,C79,4,7,3
2025-09-13,3,L,C76,C70,C81,5,7,6
2025-09-15,0,L,C94,C70,C77,8,5,3
2025-09-15,1,L,C75,C78,C81,9,8,9
2025-09-15,2,L,C96,C87,C79,1,3,7
2025-09-15,3,L,C96,C87,C81,9,8,0
2025-09-16,0,L,C75,C70,C79,7,3,1
2025-09-16,1,L,C75,C78,C68,3,5,6
2025-09-16,2,L,C88,C92,C81,5,1,2
2025-09-16,3,L,C75,C78,C77,3,7,6
2025-09-17,0,L,C76,C92,C77,4,3,5
2025-09-17,1,L,C94,C70,C81,5,2,0
2025-09-17,2,L,C96,C74,C79,1,6,1
2025-09-17,3,L,C94,C87,C81,6,3,7
2025-09-18,0,L,C96,C92,C95,8,3,2
2025-09-18,1,L,C96,C92,C77,4,7,7
2025-09-18,2,L,C88,C87,C77,5,9,8
2025-09-18,3,L,C76,C92,C81,9,8,4
2025-09-19,0,L,C75,C92,C79,0,2,8
2025-09-19,1,L,C96,C87,C81,8,9,6
2025-09-19,2,L,C96,C78,C68,9,1,0
2025-09-19,3,L,C75,C78,C95,7,1,3
2025-09-20,0,L,C88,C92,C68,1,6,0
2025-09-20,1,L,C75,C78,C81,4,6,5
2025-09-20,2,L,C75,C74,C77,3,8,3
2025-09-20,3,L,C76,C74,C79,8,2,7
2025-09-22,0,L,C88,C87,C77,2,0,5
2025-09-22,1,L,C96,C87,C95,9,8,5
2025-09-22,2,L,C94,C78,C79,6,8,1
2025-09-22,3,L,C75,C92,C81,8,4,1
2025-09-23,0,L,C94,C74,C95,7,6,2
2025-09-23,1,L,C75,C78,C95,1,5,1
2025-09-23,2,L,C76,C78,C77,9,8,5
2025-09-23,3,L,C75,C70,C77,1,4,5
2025-09-24,0,L,C76,C87,C79,9,0,7
2025-09-24,1,L,C88,C70,C77,8,1,5
2025-09-24,2,L,C75,C78,C95,6,8,4
2025-09-24,3,L,C88,C70,C95,3,8,9
2025-09-25,0,L,C75,C74,C81,5,8,3
2025-09-25,1,L,C75,C74,C95,9,9,3
2025-09-25,2,L,C76,C78,C95,0,6,7
2025-09-25,3,L,C94,C78,C68,0,7,0
2025-09-26,0,L,C96,C78,C79,2,5,6
2025-09-26,1,L,C75,C78,C79,4,6,9
2025-09-26,2,L,C88,C87,C81,6,7,6
2025-09-26,3,L,C88,C87,C77,9,0,4
2025-09-27,0,L,C94,C70,C81,3,5,5
2025-09-27,1,L,C96,C87,C68,8,5,9
2025-09-27,2,L,C76,C87,C81,6,8,6
2025-09-27,3,L,C75,C74,C95,2,9,4
2025-09-29,0,L,C94,C70,C95,8,9,2
2025-09-29,1,L,C75,C70,C68,4,2,2
2025-09-29,2,L,C76,C78,C81,8,7,7
2025-09-29,3,L,C94,C78,C95,9,1,6
2025-09-30,0,L,C75,C78,C79,8,9,1
2025-09-30,1,L,C96,C92,C79,4,1,6
2025-09-30,2,L,C75,C87,C81,9,3,8
2025-09-30,3,L,C75,C74,C81,6,7,4
2025-10-01,0,M,C75,C78,C77,8,9,1
2025-10-01,1,M,C96,C74,C81,0,0,7
2025-10-01,2,M,C75,C92,C68,3,0,2
2025-10-01,3,M,C76,C87,C95,2,8,1
2025-10-02,0,M,C75,C78,C77,3,2,9
2025-10-02,1,M,C88,C74,C81,1,5,0
2025-10-02,2,M,C94,C74,C79,8,1,9
2025-10-02,3,M,C94,C78,C77,6,4,4
2025-10-03,0,M,C94,C92,C68,7,9,5
2025-10-03,1,M,C88,C70,C77,6,8,9
2025-10-03,2,M,C75,C74,C68,2,4,9
2025-10-03,3,M,C76,C70,C95,4,0,6
2025-10-04,0,M,C76,C78,C95,1,4,7
2025-10-04,1,M,C76,C78,C68,4,9,0
2025-10-04,2,M,C94,C70,C68,2,1,1
2025-10-04,3,M,C96,C74,C81,1,3,3
2025-10-06,0,M,C88,C70,C81,7,3,6
2025-10-06,1,M,C96,C78,C77,8,8,0
2025-10-06,2,M,C94,C74,C77,1,2,0
2025-10-06,3,M,C88,C92,C79,9,8,2
2025-10-07,0,M,C76,C92,C81,5,5,7
2025-10-07,1,M,C75,C78,C77,6,0,0
2025-10-07,2,M,C88,C92,C77,0,9,6
2025-10-07,3,M,C75,C78,C79,4,9,3
2025-10-08,0,M,C96,C70,C81,7,3,1
2025-10-08,1,M,C76,C74,C77,1,3,5
2025-10-08,2,M,C88,C78,C81,6,1,6
2025-10-08,3,M,C96,C78,C79,9,9,9
2025-10-09,0,M,C76,C92,C77,5,6,8
2025-10-09,1,M,C88,C92,C95,0,1,3
2025-10-09,2,M,C76,C74,C81,9,4,9
2025-10-09,3,M,C75,C78,C68,9,0,7
2025-10-10,0,M,C96,C87,C68,6,2,5
2025-10-10,1,M,C88,C74,C79,6,9,1
2025-10-10,2,M,C75,C70,C68,7,7,6
2025-10-10,3,M,C75,C74,C81,9,7,1
2025-10-11,0,M,C76,C92,C95,4,2,1
2025-10-11,1,M,C76,C78,C77,6,1,8
2025-10-11,2,M,C76,C87,C81,5,2,1
2025-10-11,3,M,C75,C87,C77,7,8,7
2025-10-13,0,M,C96,C92,C77,1,2,9
2025-10-13,1,M,C76,C74,C68,3,2,5
2025-10-13,2,M,C96,C92,C77,9,9,0
2025-10-13,3,M,C76,C78,C81,0,5,3
2025-10-14,0,M,C88,C92,C68,3,1,1
2025-10-14,1,M,C94,C92,C95,5,8,5
2025-10-14,2,M,C75,C78,C77,5,5,0
2025-10-14,3,M,C88,C70,C79,7,8,5
2025-10-15,0,M,C94,C74,C77,1,8,2
2025-10-15,1,M,C96,C78,C95,7,7,2
2025-10-15,2,M,C96,C70,C77,9,1,2
2025-10-15,3,M,C76,C78,C95,8,6,2
2025-10-16,0,M,C88,C78,C79,6,0,6
2025-10-16,1,M,C76,C87,C79,8,7,3
2025-10-16,2,M,C75,C74,C79,1,9,0
2025-10-16,3,M,C75,C87,C79,5,0,2
2025-10-17,0,M,C76,C74,C81,2,2,5
2025-10-17,1,M,C75,C87,C79,8,1,4
2025-10-17,2,M,C88,C78,C77,3,2,5
2025-10-17,3,M,C96,C74,C79,8,0,7
2025-10-18,0,M,C94,C92,C95,6,0,4
2025-10-18,1,M,C75,C74,C95,2,2,2
2025-10-18,2,M,C94,C92,C95,7,5,3
2025-10-18,3,M,C75,C74,C81,0,0,7
2025-10-20,0,M,C76,C74,C95,5,9,8
2025-10-20,1,M,C94,C92,C79,5,2,8
2025-10-20,2,M,C76,C70,C79,8,3,5
2025-10-20,3,M,C88,C74,C81,0,7,5
2025-10-21,0,M,C96,C78,C68,5,2,7
2025-10-21,1,M,C96,C92,C68,9,4,9
2025-10-21,2,M,C75,C92,C95,4,1,2
2025-10-21,3,M,C88,C87,C95,2,4,7
2025-10-22,0,M,C96,C92,C81,7,0,9
2025-10-22,1,M,C75,C70,C68,2,9,7
2025-10-22,2,M,C96,C74,C79,4,3,0
2025-10-22,3,M,C94,C70,C81,2,3,5
2025-10-23,0,M,C76,C74,C68,2,5,3
2025-10-23,1,M,C94,C78,C81,2,4,5
2025-10-23,2,M,C96,C92,C77,5,0,3
2025-10-23,3,M,C94,C92,C95,0,9,0
2025-10-24,0,M,C94,C70,C79,4,4,8
2025-10-24,1,M,C94,C70,C95,0,0,0
2025-10-24,2,M,C96,C74,C79,4,1,3
2025-10-24,3,M,C88,C78,C77,6,9,4
2025-10-25,0,M,C96,C70,C68,9,7,8
2025-10-25,1,M,C88,C74,C77,4,6,9
2025-10-25,2,M,C96,C74,C79,7,0,3
2025-10-25,3,M,C76,C78,C95,3,7,3
2025-10-27,0,M,C75,C87,C68,0,3,3
2025-10-27,1,M,C96,C87,C68,1,7,0
2025-10-27,2,M,C76,C74,C79,1,0,8
2025-10-27,3,M,C94,C87,C79,1,4,7
2025-10-28,0,M,C88,C92,C79,2,6,3
2025-10-28,1,M,C88,C87,C77,3,5,9
2025-10-28,2,M,C88,C74,C68,0,8,5
2025-10-28,3,M,C88,C70,C81,3,7,7
2025-10-29,0,M,C94,C87,C79,3,9,4
2025-10-29,1,M,C94,C70,C68,3,6,1
2025-10-29,2,M,C88,C78,C95,1,5,9
2025-10-29,3,M,C94,C87,C81,3,4,7
2025-10-30,0,M,C94,C78,C95,6,7,7
2025-10-30,1,M,C94,C87,C77,6,2,3
2025-10-30,2,M,C88,C70,C68,4,6,3
2025-10-30,3,M,C94,C70,C81,3,6,6
2025-10-31,0,M,C76,C87,C81,2,2,7
2025-10-31,1,M,C76,C92,C79,6,6,0
2025-10-31,2,M,C96,C87,C79,5,8,7
2025-10-31,3,M,C94,C87,C81,7,8,0
2025-11-01,0,N,C94,C92,C81,4,1,6
2025-11-01,1,N,C76,C87,C77,1,6,0
2025-11-01,2,N,C96,C78,C81,5,8,2
2025-11-01,3,N,C76,C78,C77,2,4,8
2025-11-03,0,N,C96,C74,C81,7,3,0
2025-11-03,1,N,C88,C87,C77,9,7,5
2025-11-03,2,N,C96,C78,C79,6,1,6
2025-11-03,3,N,C94,C70,C68,8,6,8
2025-11-04,0,N,C76,C92,C77,5,9,2
2025-11-04,1,N,C75,C87,C95,3,4,5
2025-11-04,2,N,C76,C74,C81,4,2,1
2025-11-04,3,N,C75,C87,C68,6,8,3
2025-11-05,0,N,C96,C78,C79,2,7,1
2025-11-05,1,N,C94,C70,C95,6,2,6
2025-11-05,2,N,C96,C92,C77,9,4,0
2025-11-05,3,N,C76,C78,C79,9,7,6
2025-11-06,0,N,C94,C87,C77,1,9,4
2025-11-06,1,N,C76,C92,C81,6,6,8
2025-11-06,2,N,C75,C70,C77,6,8,6
2025-11-06,3,N,C75,C87,C81,2,6,5
2025-11-07,0,N,C88,C78,C95,9,3,1
2025-11-07,1,N,C76,C87,C68,4,7,4
2025-11-07,2,N,C76,C78,C81,5,9,6
2025-11-07,3,N,C94,C87,C95,9,9,5
2025-11-08,0,N,C75,C92,C77,8,9,8
2025-11-08,1,N,C96,C87,C95,0,1,4
2025-11-08,2,N,C96,C78,C81,9,6,2
2025-11-08,3,N,C75,C78,C95,8,3,8
2025-11-10,0,N,C75,C78,C68,9,4,4
2025-11-10,1,N,C88,C74,C95,7,9,1
2025-11-10,2,N,C75,C87,C79,6,1,8
2025-11-10,3,N,C75,C92,C68,5,8,6
2025-11-11,0,N,C75,C70,C95,0,4,9
2025-11-11,1,N,C76,C78,C77,3,5,0
2025-11-11,2,N,C76,C74,C68,0,3,6
2025-11-11,3,N,C96,C78,C81,8,0,3
2025-11-12,0,N,C88,C70,C68,3,2,7
2025-11-12,1,N,C94,C70,C77,1,5,8
2025-11-12,2,N,C88,C92,C81,2,3,5
2025-11-12,3,N,C75,C74,C79,2,5,1
2025-11-13,0,N,C94,C92,C81,1,7,8
2025-11-13,1,N,C88,C70,C68,3,4,1
2025-11-13,2,N,C94,C92,C95,0,0,6
2025-11-13,3,N,C94,C70,C77,3,3,1
2025-11-14,0,N,C88,C87,C68,4,3,2
2025-11-14,1,N,C94,C70,C77,3,3,7
2025-11-14,2,N,C88,C74,C81,3,5,4
2025-11-14,3,N,C94,C92,C77,0,0,2
2025-11-15,0,N,C96,C92,C79,0,7,1
2025-11-15,1,N,C94,C92,C81,0,4,5
2025-11-15,2,N,C94,C70,C95,0,6,9
2025-11-15,3,N,C88,C74,C79,9,5,0
2025-11-17,0,N,C88,C87,C77,7,9,9
2025-11-17,1,N,C88,C70,C95,0,6,1
2025-11-17,2,N,C88,C87,C68,2,9,5
2025-11-17,3,N,C75,C70,C77,5,6,2
2025-11-18,0,N,C76,C78,C68,5,5,3
2025-11-18,1,N,C88,C87,C77,4,6,0
2025-11-18,2,N,C94,C78,C95,9,3,9
2025-11-18,3,N,C96,C87,C79,3,5,5
2025-11-19,0,N,C96,C70,C79,0,8,0
2025-11-19,1,N,C96,C87,C77,5,4,6
2025-11-19,2,N,C75,C92,C68,6,0,7
2025-11-19,3,N,C94,C70,C95,5,9,1
2025-11-20,0,N,C88,C78,C77,0,2,8
2025-11-20,1,N,C96,C70,C81,5,6,8
2025-11-20,2,N,C76,C74,C81,0,8,3
2025-11-20,3,N,C96,C78,C77,0,2,8
2025-11-21,0,N,C88,C92,C68,4,1,5
2025-11-21,1,N,C96,C87,C68,7,0,5
2025-11-21,2,N,C88,C78,C79,0,4,3
2025-11-21,3,N,C88,C92,C68,0,9,0
2025-11-22,0,N,C96,C74,C95,6,4,0
2025-11-22,1,N,C76,C74,C95,0,4,8
2025-11-22,2,N,C88,C70,C79,6,3,6
2025-11-22,3,N,C88,C78,C77,6,4,9
2025-11-24,0,N,C76,C70,C77,9,6,2
2025-11-24,1,N,C88,C70,C68,0,8,0
2025-11-24,2,N,C76,C92,C81,0,6,7
2025-11-24,3,N,C76,C70,C68,4,0,5
2025-11-25,0,N,C75,C87,C79,2,4,3
2025-11-25,1,N,C88,C78,C77,8,7,7
2025-11-25,2,N,C88,C87,C81,3,9,2
2025-11-25,3,N,C96,C74,C95,1,6,0
2025-11-26,0,N,C94,C70,C79,1,9,0
2025-11-26,1,N,C75,C87,C81,5,4,5
2025-11-26,2,N,C94,C78,C79,3,7,6
2025-11-26,3,N,C88,C87,C77,7,2,1
2025-11-27,0,N,C88,C78,C77,3,7,1
2025-11-27,1,N,C96,C70,C95,4,6,7
2025-11-27,2,N,C94,C87,C81,3,1,1
2025-11-27,3,N,C76,C92,C77,9,6,4
2025-11-28,0,N,C94,C87,C77,7,9,5
2025-11-28,1,N,C96,C87,C81,4,2,1
2025-11-28,2,N,C94,C74,C77,8,5,3
2025-11-28,3,N,C75,C87,C95,2,4,9
2025-11-29,0,N,C76,C78,C95,6,2,5
2025-11-29,1,N,C96,C92,C77,8,0,9
2025-11-29,2,N,C75,C70,C79,7,3,2
2025-11-29,3,N,C94,C70,C68,9,1,6
2025-12-01,0,O,C69,C86,C82,6,1,4
2025-12-01,1,O,C77,C79,C74,1,8,1
2025-12-01,2,O,C69,C86,C80,9,6,3
2025-12-01,3,O,C77,C79,C92,9,4,7
2025-12-02,0,O,C69,C79,C82,5,6,0
2025-12-02,1,O,C75,C83,C68,6,3,8
2025-12-02,2,O,C77,C93,C80,5,2,6
2025-12-02,3,O,C77,C70,C92,2,0,1
2025-12-03,0,O,C71,C93,C68,6,7,5
2025-12-03,1,O,C69,C86,C74,3,7,0
2025-12-03,2,O,C71,C86,C92,2,3,8
2025-12-03,3,O,C91,C79,C68,6,8,3
2025-12-04,0,O,C69,C93,C82,3,9,4
2025-12-04,1,O,C91,C93,C68,5,5,8
2025-12-04,2,O,C91,C86,C74,1,2,6
2025-12-04,3,O,C69,C83,C80,9,8,8
2025-12-05,0,O,C91,C83,C82,6,8,6
2025-12-05,1,O,C71,C70,C74,0,3,1
2025-12-05,2,O,C75,C86,C92,6,3,7
2025-12-05,3,O,C77,C83,C74,5,9,9
2025-12-06,0,O,C69,C83,C92,2,2,5
2025-12-06,1,O,C75,C86,C68,8,4,9
2025-12-06,2,O,C69,C86,C92,9,7,8
2025-12-06,3,O,C71,C83,C74,3,4,5
2025-12-08,0,O,C91,C86,C82,2,5,4
2025-12-08,1,O,C77,C70,C74,4,0,1
2025-12-08,2,O,C77,C93,C74,2,2,3
2025-12-08,3,O,C91,C70,C82,6,7,3
2025-12-09,0,O,C91,C70,C82,7,4,6
2025-12-09,1,O,C71,C79,C68,9,0,7
2025-12-09,2,O,C91,C86,C80,7,1,5
2025-12-09,3,O,C69,C93,C80,1,5,4
2025-12-10,0,O,C69,C70,C92,6,7,6
2025-12-10,1,O,C77,C79,C92,0,1,5
2025-12-10,2,O,C69,C79,C82,0,9,4
2025-12-10,3,O,C75,C70,C82,7,1,4
2025-12-11,0,O,C69,C93,C92,0,8,4
2025-12-11,1,O,C75,C79,C82,4,9,8
2025-12-11,2,O,C75,C83,C82,8,5,0
2025-12-11,3,O,C69,C79,C82,9,4,3
2025-12-12,0,O,C75,C83,C82,0,4,3
2025-12-12,1,O,C71,C83,C74,2,5,3
2025-12-12,2,O,C77,C70,C68,1,9,4
2025-12-12,3,O,C77,C70,C80,5,1,1
2025-12-13,0,O,C75,C70,C80,2,7,8
2025-12-13,1,O,C91,C70,C80,5,7,4
2025-12-13,2,O,C75,C83,C82,3,1,0
2025-12-13,3,O,C71,C79,C68,4,1,6
2025-12-15,0,O,C91,C93,C74,1,2,9
2025-12-15,1,O,C71,C93,C82,2,5,0
2025-12-15,2,O,C91,C79,C68,4,5,0
2025-12-15,3,O,C71,C79,C92,3,3,8
2025-12-16,0,O,C75,C86,C74,2,0,7
2025-12-16,1,O,C91,C70,C68,1,6,8
2025-12-16,2,O,C71,C70,C68,4,7,7
2025-12-16,3,O,C91,C86,C74,9,9,6
2025-12-17,0,O,C91,C79,C92,1,9,3
2025-12-17,1,O,C75,C93,C74,4,8,7
2025-12-17,2,O,C71,C93,C92,6,3,0
2025-12-17,3,O,C77,C83,C92,7,7,4
2025-12-18,0,O,C75,C83,C80,8,6,7
2025-12-18,1,O,C71,C83,C92,5,2,7
2025-12-18,2,O,C69,C86,C68,3,0,7
2025-12-18,3,O,C69,C93,C82,1,8,5
2025-12-19,0,O,C77,C93,C92,9,2,3
2025-12-19,1,O,C71,C86,C92,5,8,8
2025-12-19,2,O,C91,C79,C92,7,6,8
2025-12-19,3,O,C75,C83,C82,0,1,6
2025-12-20,0,O,C77,C86,C80,6,5,1
2025-12-20,1,O,C71,C83,C74,9,7,2
2025-12-20,2,O,C69,C93,C74,3,7,2
2025-12-20,3,O,C75,C79,C92,1,9,8
2025-12-22,0,O,C69,C70,C68,0,6,0
2025-12-22,1,O,C77,C93,C80,9,1,9
2025-12-22,2,O,C91,C93,C80,9,6,9
2025-12-22,3,O,C75,C83,C74,0,3,6
2025-12-23,0,O,C75,C93,C68,4,0,0
2025-12-23,1,O,C77,C79,C74,6,4,0
2025-12-23,2,O,C77,C93,C74,3,3,3
2025-12-23,3,O,C75,C86,C92,7,4,2
2025-12-24,0,O,C71,C79,C68,0,2,5
2025-12-24,1,O,C69,C70,C68,9,8,2
2025-12-24,2,O,C91,C86,C80,9,4,5
2025-12-24,3,O,C69,C70,C80,0,8,2
2025-12-25,0,O,C75,C86,C82,9,0,0
2025-12-25,1,O,C77,C83,C80,0,8,6
2025-12-25,2,O,C77,C70,C82,5,7,5
2025-12-25,3,O,C75,C83,C80,8,5,4
2025-12-26,0,O,C77,C79,C68,3,1,9
2025-12-26,1,O,C75,C83,C92,3,6,9
2025-12-26,2,O,C71,C93,C82,1,7,0
2025-12-26,3,O,C77,C70,C82,5,6,4
2025-12-27,0,O,C91,C79,C74,1,5,3
2025-12-27,1,O,C91,C93,C74,5,6,8
2025-12-27,2,O,C75,C93,C68,2,3,4
2025-12-27,3,O,C71,C93,C82,1,8,8
2025-12-29,0,O,C75,C70,C80,9,1,5
2025-12-29,1,O,C71,C93,C74,4,7,9
2025-12-29,2,O,C91,C86,C82,7,0,8
2025-12-29,3,O,C75,C83,C74,7,3,8
2025-12-30,0,O,C77,C79,C82,2,0,9
2025-12-30,1,O,C71,C93,C74,6,7,1
2025-12-30,2,O,C69,C79,C74,9,9,3
2025-12-30,3,O,C69,C86,C74,9,1,3
2025-12-31,0,O,C91,C79,C74,3,1,7
2025-12-31,1,O,C69,C93,C68,1,3,4
2025-12-31,2,O,C77,C83,C80,3,3,2
2025-12-31,3,O,C77,C79,C80,0,0,0
2026-01-01,0,P,C91,C79,C92,8,6,6
2026-01-01,1,P,C75,C86,C82,1,9,5
2026-01-01,2,P,C91,C86,C80,8,7,7
2026-01-01,3,P,C75,C79,C68,8,7,4
2026-01-02,0,P,C77,C93,C92,8,7,1
2026-01-02,1,P,C75,C83,C82,0,1,4
2026-01-02,2,P,C77,C93,C92,9,9,5
2026-01-02,3,P,C77,C93,C82,0,9,6
2026-01-03,0,P,C77,C93,C68,6,1,8
2026-01-03,1,P,C75,C79,C82,3,8,7
2026-01-03,2,P,C77,C83,C82,8,2,0
2026-01-03,3,P,C75,C83,C92,2,9,9
2026-01-05,0,P,C69,C79,C74,9,5,8
2026-01-05,1,P,C91,C83,C92,5,7,2
2026-01-05,2,P,C77,C86,C68,9,7,6
2026-01-05,3,P,C91,C83,C74,6,9,9
2026-01-06,0,P,C77,C70,C74,1,2,1
2026-01-06,1,P,C71,C93,C80,7,2,3
2026-01-06,2,P,C77,C93,C92,2,0,3
2026-01-06,3,P,C69,C83,C74,0,8,6
2026-01-07,0,P,C75,C86,C68,7,6,5
2026-01-07,1,P,C69,C86,C80,1,1,8
2026-01-07,2,P,C91,C79,C80,2,8,7
2026-01-07,3,P,C75,C83,C92,8,8,1
2026-01-08,0,P,C69,C93,C82,4,4,4
2026-01-08,1,P,C75,C79,C74,4,7,3
2026-01-08,2,P,C91,C83,C92,0,2,5
2026-01-08,3,P,C77,C83,C68,1,8,8
2026-01-09,0,P,C71,C70,C82,5,5,6
2026-01-09,1,P,C71,C93,C80,9,4,0
2026-01-09,2,P,C75,C86,C82,4,1,3
2026-01-09,3,P,C75,C83,C74,1,9,2
2026-01-10,0,P,C71,C70,C92,7,7,4
2026-01-10,1,P,C77,C70,C68,3,6,2
2026-01-10,2,P,C71,C79,C80,8,5,8
2026-01-10,3,P,C75,C83,C80,0,1,4
2026-01-12,0,P,C69,C93,C82,5,8,2
2026-01-12,1,P,C91,C93,C80,2,3,5
2026-01-12,2,P,C77,C70,C74,0,8,9
2026-01-12,3,P,C75,C79,C82,0,8,4
2026-01-13,0,P,C71,C83,C80,0,2,6
2026-01-13,1,P,C91,C86,C82,6,3,5
2026-01-13,2,P,C75,C83,C74,1,7,7
2026-01-13,3,P,C75,C83,C82,1,2,0
2026-01-14,0,P,C75,C86,C92,1,3,9
2026-01-14,1,P,C69,C86,C82,6,5,9
2026-01-14,2,P,C75,C93,C92,0,3,7
2026-01-14,3,P,C75,C86,C68,3,9,8
2026-01-15,0,P,C75,C86,C74,1,1,5
2026-01-15,1,P,C69,C70,C74,5,5,8
2026-01-15,2,P,C75,C86,C92,9,4,3
2026-01-15,3,P,C91,C83,C74,0,7,3
2026-01-16,0,P,C75,C79,C82,8,4,1
2026-01-16,1,P,C71,C70,C74,0,0,7
2026-01-16,2,P,C77,C70,C80,4,1,9
2026-01-16,3,P,C75,C93,C80,8,9,0
2026-01-17,0,P,C77,C70,C68,9,5,7
2026-01-17,1,P,C75,C79,C92,1,2,4
2026-01-17,2,P,C71,C79,C74,1,9,3
2026-01-17,3,P,C77,C83,C68,9,9,4
2026-01-19,0,P,C77,C70,C92,6,0,8
2026-01-19,1,P,C75,C86,C82,1,8,5
2026-01-19,2,P,C75,C83,C80,7,1,6
2026-01-19,3,P,C77,C83,C82,4,8,2
2026-01-20,0,P,C69,C79,C74,3,1,8
2026-01-20,1,P,C75,C83,C82,2,3,1
2026-01-20,2,P,C69,C79,C92,3,4,5
2026-01-20,3,P,C71,C83,C80,3,9,4
2026-01-21,0,P,C91,C79,C74,2,7,3
2026-01-21,1,P,C91,C86,C68,7,0,9
2026-01-21,2,P,C91,C70,C82,6,4,3
2026-01-21,3,P,C91,C83,C82,5,0,1
2026-01-22,0,P,C91,C93,C80,3,2,5
2026-01-22,1,P,C69,C79,C74,9,2,0
2026-01-22,2,P,C69,C70,C80,3,7,1
2026-01-22,3,P,C71,C79,C68,9,7,2
2026-01-23,0,P,C91,C86,C82,0,8,3
2026-01-23,1,P,C77,C86,C68,5,3,3
2026-01-23,2,P,C91,C93,C68,7,9,9
2026-01-23,3,P,C77,C93,C80,7,5,2
2026-01-24,0,P,C75,C83,C80,0,2,9
2026-01-24,1,P,C71,C86,C80,6,9,4
2026-01-24,2,P,C69,C83,C74,8,4,5
2026-01-24,3,P,C69,C70,C80,1,2,2
2026-01-26,0,P,C75,C86,C74,4,1,2
2026-01-26,1,P,C69,C83,C82,7,1,8
2026-01-26,2,P,C77,C70,C82,2,4,0
2026-01-26,3,P,C75,C86,C80,1,7,9
2026-01-27,0,P,C71,C79,C80,3,9,5
2026-01-27,1,P,C69,C79,C74,2,5,4
2026-01-27,2,P,C91,C70,C68,2,3,5
2026-01-27,3,P,C75,C93,C74,7,5,6
2026-01-28,0,P,C91,C83,C82,3,7,8
2026-01-28,1,P,C91,C70,C82,6,5,2
2026-01-28,2,P,C91,C86,C82,5,9,5
2026-01-28,3,P,C69,C70,C92,1,6,1
2026-01-29,0,P,C91,C93,C74,0,2,7
2026-01-29,1,P,C69,C70,C80,8,2,7
2026-01-29,2,P,C71,C83,C82,1,2,2
2026-01-29,3,P,C75,C93,C68,2,9,0
2026-01-30,0,P,C75,C86,C92,5,4,0
2026-01-30,1,P,C77,C86,C92,2,2,2
2026-01-30,2,P,C75,C86,C80,0,6,8
2026-01-30,3,P,C91,C83,C68,7,9,0
2026-01-31,0,P,C71,C70,C68,3,8,4
2026-01-31,1,P,C91,C86,C80,7,8,3
2026-01-31,2,P,C75,C93,C74,4,2,9
2026-01-31,3,P,C69,C83,C68,9,4,1
2026-02-02,0,L,C83,C80,C85,6,5,7
2026-02-02,1,L,C79,C80,C88,0,0,8
2026-02-02,2,L,C77,C90,C78,8,6,7
2026-02-02,3,L,C93,C86,C96,6,7,7
2026-02-03,0,L,C69,C70,C92,6,8,2
2026-02-03,1,L,C75,C79,C74,6,8,5
2026-02-03,2,L,C77,C93,C92,6,0,7
2026-02-03,3,L,C69,C93,C92,5,8,6
2026-02-04,0,L,C69,C83,C80,0,2,5
2026-02-04,1,L,C69,C83,C82,8,1,1
2026-02-04,2,L,C69,C79,C92,7,5,5
2026-02-04,3,L,C71,C83,C92,5,3,7
2026-02-05,0,L,C75,C86,C82,3,9,6
2026-02-05,1,L,C77,C79,C68,4,8,5
2026-02-05,2,L,C69,C70,C82,9,0,8
2026-02-05,3,L,C71,C86,C92,5,8,6
2026-02-06,0,L,C91,C83,C92,1,2,2
2026-02-06,1,L,C71,C83,C82,2,3,3
2026-02-06,2,L,C77,C79,C74,3,5,0
2026-02-06,3,L,C71,C83,C92,4,6,8
2026-02-07,0,L,C75,C86,C80,0,9,7
2026-02-07,1,L,C91,C86,C80,1,1,3
2026-02-07,2,L,C91,C70,C68,6,8,9
2026-02-07,3,L,C71,C93,C74,9,2,8
2026-02-09,0,L,C75,C74,C76,0,0,6
2026-02-09,1,L,C75,C68,C72,3,6,0
2026-02-09,2,L,C69,C74,C94,0,6,3
2026-02-09,3,L,C91,C90,C94,0,6,3
2026-02-10,0,L,C75,C68,C76,7,5,2
2026-02-10,1,L,C91,C93,C68,8,2,7
2026-02-10,2,L,C75,C93,C80,9,6,4
2026-02-10,3,L,C75,C93,C80,5,5,2
2026-02-11,0,L,C69,C70,C80,2,5,1
2026-02-11,1,L,C77,C86,C92,7,0,6
2026-02-11,2,L,C77,C93,C82,2,5,3
2026-02-11,3,L,C71,C70,C80,6,1,3
2026-02-12,0,L,C91,C70,C68,2,8,5
2026-02-12,1,L,C69,C79,C92,7,3,0
2026-02-12,2,L,C91,C70,C80,8,3,9
2026-02-12,3,L,C69,C79,C80,2,0,2
2026-02-13,0,L,C91,C83,C82,5,6,4
2026-02-13,1,L,C69,C86,C68,8,0,4
2026-02-13,2,L,C77,C86,C74,9,6,2
2026-02-13,3,L,C91,C79,C80,7,4,4
